interacting_pair,sender_cell_type,receiver_cell_type,eligible_datasets,supporting_datasets,rank_sum,ligand_deg,receptor_deg,datasets,prevalence,activity,time,cluster,activity_cluster_1,eligible_cluster_1,activity_cluster_2,eligible_cluster_2,testable_other_clusters,max_other_activity,specificity
APP_CD74,Endothelial cell venous,cDC1,7,7.0,6.999667884423779,True,True,Chen_Zhang_2020;He_Fan_2021;Kim_Lee_2020;Lambrechts_Thienpont_2018_6653;Laughney_Massague_2020;UKIM-V-2;Zuani_2024_NSCLC,1.0,0.9999525549176828,I-II,0,0.0,1,0.0,2.0,2,0.0,0.9999525549176828
APP_CD74,pDC,cDC1,7,7.0,6.991621798918991,True,True,Chen_Zhang_2020;He_Fan_2021;Kim_Lee_2020;Lambrechts_Thienpont_2018_6653;Laughney_Massague_2020;UKIM-V-2;Zuani_2024_NSCLC,1.0,0.9988031141312844,I-II,0,0.0,1,0.0,2.0,2,0.0,0.9988031141312844
APP_CD74,Endothelial cell venous,pDC,8,8.0,7.979233925115635,True,True,Chen_Zhang_2020;He_Fan_2021;Kim_Lee_2020;Lambrechts_Thienpont_2018_6653;Laughney_Massague_2020;UKIM-V-2;Zilionis_Klein_2019;Zuani_2024_NSCLC,1.0,0.9974042406394543,I-II,0,0.0,1,0.0,3.0,2,0.0,0.9974042406394543
APP_CD74,Ciliated,cDC1,7,7.0,6.976994621975897,True,True,Chen_Zhang_2020;He_Fan_2021;Kim_Lee_2020;Lambrechts_Thienpont_2018_6653;Laughney_Massague_2020;UKIM-V-2;Zuani_2024_NSCLC,1.0,0.9967135174251281,I-II,0,0.0,1,0.0,2.0,2,0.0,0.9967135174251281
APP_CD74,pDC,cDC2,8,8.0,7.972920211434546,True,True,Chen_Zhang_2020;He_Fan_2021;Kim_Lee_2020;Lambrechts_Thienpont_2018_6653;Laughney_Massague_2020;UKIM-V-2;Zilionis_Klein_2019;Zuani_2024_NSCLC,1.0,0.9966150264293182,I-II,0,0.0,2,0.0,3.0,2,0.0,0.9966150264293182
APP_CD74,Fibroblast peribronchial,cDC1,6,6.0,5.978908434817487,True,True,Chen_Zhang_2020;He_Fan_2021;Kim_Lee_2020;Lambrechts_Thienpont_2018_6653;Laughney_Massague_2020;Zuani_2024_NSCLC,1.0,0.9964847391362478,I-II,0,0.0,1,0.0,2.0,2,0.0,0.9964847391362478
APP_CD74,Ciliated,cDC2,7,7.0,6.963989106318226,True,True,Chen_Zhang_2020;He_Fan_2021;Kim_Lee_2020;Lambrechts_Thienpont_2018_6653;Laughney_Massague_2020;UKIM-V-2;Zuani_2024_NSCLC,1.0,0.9948555866168894,I-II,0,0.0,1,0.0,2.0,2,0.0,0.9948555866168894
APP_CD74,pDC,DC mature,6,6.0,5.968832966654728,True,True,Chen_Zhang_2020;He_Fan_2021;Kim_Lee_2020;Lambrechts_Thienpont_2018_6653;UKIM-V-2;Zuani_2024_NSCLC,1.0,0.9948054944424546,I-II,0,0.0,1,0.0,1.0,2,0.0,0.9948054944424546
APP_CD74,Fibroblast alveolar,cDC1,4,4.0,3.9762550417265334,True,True,Chen_Zhang_2020;He_Fan_2021;Kim_Lee_2020;Lambrechts_Thienpont_2018_6653,1.0,0.9940637604316334,I-II,0,0.0,1,0.0,1.0,2,0.0,0.9940637604316334
APP_CD74,Ciliated,DC mature,6,6.0,5.961710105772268,True,True,Chen_Zhang_2020;He_Fan_2021;Kim_Lee_2020;Lambrechts_Thienpont_2018_6653;UKIM-V-2;Zuani_2024_NSCLC,1.0,0.9936183509620448,I-II,0,0.0,1,0.0,1.0,2,0.0,0.9936183509620448
APP_CD74,pDC,pDC,8,8.0,7.9418604766752665,True,True,Chen_Zhang_2020;He_Fan_2021;Kim_Lee_2020;Lambrechts_Thienpont_2018_6653;Laughney_Massague_2020;UKIM-V-2;Zilionis_Klein_2019;Zuani_2024_NSCLC,1.0,0.9927325595844083,I-II,0,0.0,2,0.0,3.0,2,0.0,0.9927325595844083
APP_CD74,Ciliated,pDC,7,7.0,6.932073283282205,True,True,Chen_Zhang_2020;He_Fan_2021;Kim_Lee_2020;Lambrechts_Thienpont_2018_6653;Laughney_Massague_2020;UKIM-V-2;Zuani_2024_NSCLC,1.0,0.9902961833260292,I-II,0,0.0,1,0.0,2.0,2,0.0,0.9902961833260292
APP_CD74,pDC,myeloid dividing,8,8.0,7.918219278010049,True,True,Chen_Zhang_2020;He_Fan_2021;Kim_Lee_2020;Lambrechts_Thienpont_2018_6653;Laughney_Massague_2020;UKIM-V-2;Zilionis_Klein_2019;Zuani_2024_NSCLC,1.0,0.9897774097512562,I-II,0,0.0,2,0.0,2.0,2,0.0,0.9897774097512562
APP_CD74,Fibroblast peribronchial,pDC,6,6.0,5.933041987499731,True,True,Chen_Zhang_2020;He_Fan_2021;Kim_Lee_2020;Lambrechts_Thienpont_2018_6653;Laughney_Massague_2020;Zuani_2024_NSCLC,1.0,0.9888403312499552,I-II,0,0.0,2,0.0,3.0,2,0.0,0.9888403312499552
APP_CD74,Ciliated,B cell,7,7.0,6.909510177348702,True,True,Chen_Zhang_2020;He_Fan_2021;Kim_Lee_2020;Lambrechts_Thienpont_2018_6653;Laughney_Massague_2020;UKIM-V-2;Zuani_2024_NSCLC,1.0,0.987072882478386,I-II,0,0.0,1,0.0,2.0,2,0.0,0.987072882478386
APP_CD74,Fibroblast alveolar,pDC,4,4.0,3.947650839799597,True,True,Chen_Zhang_2020;He_Fan_2021;Kim_Lee_2020;Lambrechts_Thienpont_2018_6653,1.0,0.9869127099498992,I-II,0,0.0,1,0.0,1.0,2,0.0,0.9869127099498992
CCL5_ACKR1,T cell NK-like,Endothelial cell venous,7,7.0,6.907776290585281,True,True,Chen_Zhang_2020;He_Fan_2021;Kim_Lee_2020;Lambrechts_Thienpont_2018_6653;Laughney_Massague_2020;UKIM-V-2;Zuani_2024_NSCLC,1.0,0.9868251843693259,I-II,0,0.0,1,0.0,2.0,2,0.0,0.9868251843693259
APP_CD74,Ciliated,myeloid dividing,7,7.0,6.904991936061965,True,True,Chen_Zhang_2020;He_Fan_2021;Kim_Lee_2020;Lambrechts_Thienpont_2018_6653;Laughney_Massague_2020;UKIM-V-2;Zuani_2024_NSCLC,1.0,0.9864274194374235,I-II,0,0.0,1,0.0,1.0,2,0.0,0.9864274194374235
APP_CD74,pDC,Macrophage,8,8.0,7.88788320547395,True,True,Chen_Zhang_2020;He_Fan_2021;Kim_Lee_2020;Lambrechts_Thienpont_2018_6653;Laughney_Massague_2020;UKIM-V-2;Zilionis_Klein_2019;Zuani_2024_NSCLC,1.0,0.9859854006842438,I-II,0,0.0,2,0.0,3.0,2,0.0,0.9859854006842438
APP_CD74,myeloid dividing,cDC1,7,7.0,6.896603338765603,False,True,Chen_Zhang_2020;He_Fan_2021;Kim_Lee_2020;Lambrechts_Thienpont_2018_6653;Laughney_Massague_2020;UKIM-V-2;Zuani_2024_NSCLC,1.0,0.9852290483950862,I-II,0,0.0,1,0.0,1.0,2,0.0,0.9852290483950862
APP_CD74,pDC,Macrophage alveolar,7,7.0,6.896307204754325,True,True,Chen_Zhang_2020;He_Fan_2021;Kim_Lee_2020;Lambrechts_Thienpont_2018_6653;UKIM-V-2;Zilionis_Klein_2019;Zuani_2024_NSCLC,1.0,0.9851867435363321,I-II,0,0.0,2,0.0,3.0,2,0.0,0.9851867435363321
CD44_TYROBP,Mast cell,Monocyte non-classical,5,5.0,4.918138263123094,True,True,Chen_Zhang_2020;Kim_Lee_2020;Lambrechts_Thienpont_2018_6653;UKIM-V-2;Zuani_2024_NSCLC,1.0,0.9836276526246188,I-II,0,0.0,2,0.0,3.0,2,0.0,0.9836276526246188
APP_CD74,Monocyte non-classical,cDC1,5,5.0,4.891181941355121,False,True,Chen_Zhang_2020;Kim_Lee_2020;Lambrechts_Thienpont_2018_6653;UKIM-V-2;Zuani_2024_NSCLC,1.0,0.9782363882710243,I-II,0,0.0,1,0.0,2.0,2,0.0,0.9782363882710243
CCL5_ACKR1,T cell CD8 terminally exhausted,Endothelial cell venous,8,8.0,7.822408318565343,True,True,Chen_Zhang_2020;He_Fan_2021;Kim_Lee_2020;Lambrechts_Thienpont_2018_6653;Laughney_Massague_2020;UKIM-V-2;Zilionis_Klein_2019;Zuani_2024_NSCLC,1.0,0.9778010398206679,I-II,0,0.0,1,0.0,3.0,2,0.0,0.9778010398206679
CD44_TYROBP,Monocyte classical,Monocyte non-classical,5,5.0,4.885505490467165,True,True,Chen_Zhang_2020;Kim_Lee_2020;Lambrechts_Thienpont_2018_6653;UKIM-V-2;Zuani_2024_NSCLC,1.0,0.9771010980934329,I-II,0,0.0,2,0.0,3.0,2,0.0,0.9771010980934329
APP_CD74,Ciliated,Macrophage alveolar,6,6.0,5.86253984548657,True,True,Chen_Zhang_2020;He_Fan_2021;Kim_Lee_2020;Lambrechts_Thienpont_2018_6653;UKIM-V-2;Zuani_2024_NSCLC,1.0,0.9770899742477616,I-II,0,0.0,1,0.0,2.0,2,0.0,0.9770899742477616
APP_CD74,Endothelial cell venous,Monocyte non-classical,5,5.0,4.878447506181387,True,True,Chen_Zhang_2020;Kim_Lee_2020;Lambrechts_Thienpont_2018_6653;UKIM-V-2;Zuani_2024_NSCLC,1.0,0.9756895012362774,I-II,0,0.0,1,0.0,2.0,2,0.0,0.9756895012362774
CD44_TYROBP,T cell CD8 activated,Monocyte non-classical,4,4.0,3.9006483202163293,False,True,Chen_Zhang_2020;Kim_Lee_2020;UKIM-V-2;Zuani_2024_NSCLC,1.0,0.9751620800540823,I-II,0,0.0,1,0.0,2.0,2,0.0,0.9751620800540823
APP_CD74,Ciliated,Macrophage,7,7.0,6.823403386578441,True,True,Chen_Zhang_2020;He_Fan_2021;Kim_Lee_2020;Lambrechts_Thienpont_2018_6653;Laughney_Massague_2020;UKIM-V-2;Zuani_2024_NSCLC,1.0,0.9747719123683487,I-II,0,0.0,1,0.0,2.0,2,0.0,0.9747719123683487
CD44_TYROBP,Macrophage alveolar,Monocyte non-classical,5,5.0,4.860716402026732,True,True,Chen_Zhang_2020;Kim_Lee_2020;Lambrechts_Thienpont_2018_6653;UKIM-V-2;Zuani_2024_NSCLC,1.0,0.9721432804053464,I-II,0,0.0,2,0.0,3.0,2,0.0,0.9721432804053464
CCL5_ACKR1,T cell CD8 dividing,Endothelial cell venous,7,7.0,6.8046692098960495,True,True,Chen_Zhang_2020;He_Fan_2021;Kim_Lee_2020;Lambrechts_Thienpont_2018_6653;Laughney_Massague_2020;UKIM-V-2;Zuani_2024_NSCLC,1.0,0.9720956014137213,I-II,0,0.0,1,0.0,2.0,2,0.0,0.9720956014137213
CD44_TYROBP,T cell CD8 effector memory,Monocyte non-classical,5,5.0,4.859611937251899,False,True,Chen_Zhang_2020;Kim_Lee_2020;Lambrechts_Thienpont_2018_6653;UKIM-V-2;Zuani_2024_NSCLC,1.0,0.9719223874503798,I-II,0,0.0,2,0.0,3.0,2,0.0,0.9719223874503798
CD44_TYROBP,T cell regulatory,Monocyte non-classical,5,5.0,4.854528412992275,False,True,Chen_Zhang_2020;Kim_Lee_2020;Lambrechts_Thienpont_2018_6653;UKIM-V-2;Zuani_2024_NSCLC,1.0,0.970905682598455,I-II,0,0.0,2,0.0,3.0,2,0.0,0.970905682598455
CD44_TYROBP,T cell CD4,Monocyte non-classical,5,5.0,4.845725063699851,False,True,Chen_Zhang_2020;Kim_Lee_2020;Lambrechts_Thienpont_2018_6653;UKIM-V-2;Zuani_2024_NSCLC,1.0,0.9691450127399701,I-II,0,0.0,2,0.0,3.0,2,0.0,0.9691450127399701
CCL5_ACKR1,T cell CD8 naive,Endothelial cell venous,7,7.0,6.76946970750566,True,True,Chen_Zhang_2020;He_Fan_2021;Kim_Lee_2020;Lambrechts_Thienpont_2018_6653;Laughney_Massague_2020;UKIM-V-2;Zuani_2024_NSCLC,1.0,0.9670671010722371,I-II,0,0.0,1,0.0,2.0,2,0.0,0.9670671010722371
APP_CD74,Monocyte non-classical,cDC2,5,5.0,4.833544143363166,False,True,Chen_Zhang_2020;Kim_Lee_2020;Lambrechts_Thienpont_2018_6653;UKIM-V-2;Zuani_2024_NSCLC,1.0,0.9667088286726331,I-II,0,0.0,2,0.0,3.0,2,0.0,0.9667088286726331
CD44_TYROBP,T cell CD8 naive,Monocyte non-classical,5,5.0,4.832085390650837,False,True,Chen_Zhang_2020;Kim_Lee_2020;Lambrechts_Thienpont_2018_6653;UKIM-V-2;Zuani_2024_NSCLC,1.0,0.9664170781301674,I-II,0,0.0,2,0.0,3.0,2,0.0,0.9664170781301674
CD44_TYROBP,Monocyte non-classical,Monocyte non-classical,5,5.0,4.8306053766855115,True,True,Chen_Zhang_2020;Kim_Lee_2020;Lambrechts_Thienpont_2018_6653;UKIM-V-2;Zuani_2024_NSCLC,1.0,0.9661210753371023,I-II,0,0.0,2,0.0,3.0,2,0.0,0.9661210753371023
CD44_TYROBP,DC mature,Monocyte non-classical,5,5.0,4.830008336977802,True,True,Chen_Zhang_2020;Kim_Lee_2020;Lambrechts_Thienpont_2018_6653;UKIM-V-2;Zuani_2024_NSCLC,1.0,0.9660016673955605,I-II,0,0.0,1,0.0,1.0,2,0.0,0.9660016673955605
CD44_TYROBP,Macrophage,Monocyte non-classical,5,5.0,4.827612658577765,True,True,Chen_Zhang_2020;Kim_Lee_2020;Lambrechts_Thienpont_2018_6653;UKIM-V-2;Zuani_2024_NSCLC,1.0,0.965522531715553,I-II,0,0.0,2,0.0,3.0,2,0.0,0.965522531715553
CD44_TYROBP,cDC2,Monocyte non-classical,5,5.0,4.822508061065126,True,True,Chen_Zhang_2020;Kim_Lee_2020;Lambrechts_Thienpont_2018_6653;UKIM-V-2;Zuani_2024_NSCLC,1.0,0.9645016122130252,I-II,0,0.0,2,0.0,3.0,2,0.0,0.9645016122130252
CD44_TYROBP,myeloid dividing,Monocyte non-classical,5,5.0,4.821489114698128,True,True,Chen_Zhang_2020;Kim_Lee_2020;Lambrechts_Thienpont_2018_6653;UKIM-V-2;Zuani_2024_NSCLC,1.0,0.9642978229396256,I-II,0,0.0,2,0.0,1.0,2,0.0,0.9642978229396256
APP_CD74,Endothelial cell venous,T cell CD8 dividing,7,7.0,6.7476270915299725,True,False,Chen_Zhang_2020;He_Fan_2021;Kim_Lee_2020;Lambrechts_Thienpont_2018_6653;Laughney_Massague_2020;UKIM-V-2;Zuani_2024_NSCLC,1.0,0.9639467273614246,I-II,0,0.0,1,0.0,2.0,2,0.0,0.9639467273614246
APP_CD74,Macrophage,pDC,8,8.0,7.694191581591376,False,True,Chen_Zhang_2020;He_Fan_2021;Kim_Lee_2020;Lambrechts_Thienpont_2018_6653;Laughney_Massague_2020;UKIM-V-2;Zilionis_Klein_2019;Zuani_2024_NSCLC,1.0,0.961773947698922,I-II,0,0.0,2,0.0,3.0,2,0.0,0.961773947698922
APP_CD74,myeloid dividing,pDC,8,8.0,7.693314931997047,False,True,Chen_Zhang_2020;He_Fan_2021;Kim_Lee_2020;Lambrechts_Thienpont_2018_6653;Laughney_Massague_2020;UKIM-V-2;Zilionis_Klein_2019;Zuani_2024_NSCLC,1.0,0.9616643664996308,I-II,0,0.0,2,0.0,2.0,2,0.0,0.9616643664996308
APP_CD74,Monocyte non-classical,DC mature,5,5.0,4.797154861546447,False,True,Chen_Zhang_2020;Kim_Lee_2020;Lambrechts_Thienpont_2018_6653;UKIM-V-2;Zuani_2024_NSCLC,1.0,0.9594309723092895,I-II,0,0.0,1,0.0,1.0,2,0.0,0.9594309723092895
CD44_TYROBP,T cell CD4 dividing,Monocyte non-classical,5,5.0,4.792154306233962,False,True,Chen_Zhang_2020;Kim_Lee_2020;Lambrechts_Thienpont_2018_6653;UKIM-V-2;Zuani_2024_NSCLC,1.0,0.9584308612467923,I-II,0,0.0,2,0.0,2.0,2,0.0,0.9584308612467923
CCL5_ACKR1,NK cell dividing,Endothelial cell venous,3,3.0,2.8723757393982132,True,True,He_Fan_2021;UKIM-V-2;Zuani_2024_NSCLC,1.0,0.9574585797994044,I-II,0,0.0,1,0.0,1.0,2,0.0,0.9574585797994044
APP_CD74,cDC2,pDC,8,8.0,7.6559900539017205,False,True,Chen_Zhang_2020;He_Fan_2021;Kim_Lee_2020;Lambrechts_Thienpont_2018_6653;Laughney_Massague_2020;UKIM-V-2;Zilionis_Klein_2019;Zuani_2024_NSCLC,1.0,0.9569987567377151,I-II,0,0.0,2,0.0,3.0,2,0.0,0.9569987567377151
CD44_TYROBP,T cell CD8 dividing,Monocyte non-classical,5,5.0,4.784809633949699,False,True,Chen_Zhang_2020;Kim_Lee_2020;Lambrechts_Thienpont_2018_6653;UKIM-V-2;Zuani_2024_NSCLC,1.0,0.9569619267899399,I-II,0,0.0,2,0.0,3.0,2,0.0,0.9569619267899399
APP_CD74,cDC1,pDC,7,7.0,6.689531855870103,False,True,Chen_Zhang_2020;He_Fan_2021;Kim_Lee_2020;Lambrechts_Thienpont_2018_6653;Laughney_Massague_2020;UKIM-V-2;Zuani_2024_NSCLC,1.0,0.9556474079814433,I-II,0,0.0,1,0.0,2.0,2,0.0,0.9556474079814433
APP_CD74,Macrophage alveolar,pDC,7,7.0,6.677308928743688,False,True,Chen_Zhang_2020;He_Fan_2021;Kim_Lee_2020;Lambrechts_Thienpont_2018_6653;UKIM-V-2;Zilionis_Klein_2019;Zuani_2024_NSCLC,1.0,0.9539012755348126,I-II,0,0.0,2,0.0,3.0,2,0.0,0.9539012755348126
CD44_TYROBP,T cell CD8 naive,Macrophage,7,7.0,6.669540978368928,False,True,Chen_Zhang_2020;He_Fan_2021;Kim_Lee_2020;Lambrechts_Thienpont_2018_6653;Laughney_Massague_2020;UKIM-V-2;Zuani_2024_NSCLC,1.0,0.9527915683384183,I-II,0,0.0,2,0.0,3.0,2,0.0,0.9527915683384183
CD44_TYROBP,T cell CD8 terminally exhausted,Monocyte non-classical,5,5.0,4.763140548148554,False,True,Chen_Zhang_2020;Kim_Lee_2020;Lambrechts_Thienpont_2018_6653;UKIM-V-2;Zuani_2024_NSCLC,1.0,0.9526281096297108,I-II,0,0.0,2,0.0,3.0,2,0.0,0.9526281096297108
APP_CD74,Monocyte non-classical,pDC,5,5.0,4.750378012810129,False,True,Chen_Zhang_2020;Kim_Lee_2020;Lambrechts_Thienpont_2018_6653;UKIM-V-2;Zuani_2024_NSCLC,1.0,0.9500756025620258,I-II,0,0.0,2,0.0,2.0,2,0.0,0.9500756025620258
CD44_TYROBP,T cell NK-like,Monocyte non-classical,5,5.0,4.746624185736183,False,True,Chen_Zhang_2020;Kim_Lee_2020;Lambrechts_Thienpont_2018_6653;UKIM-V-2;Zuani_2024_NSCLC,1.0,0.9493248371472365,I-II,0,0.0,2,0.0,3.0,2,0.0,0.9493248371472365
CD44_TYROBP,Monocyte non-classical,Macrophage alveolar,5,5.0,4.746003035552478,True,True,Chen_Zhang_2020;Kim_Lee_2020;Lambrechts_Thienpont_2018_6653;UKIM-V-2;Zuani_2024_NSCLC,1.0,0.9492006071104957,I-II,0,0.0,2,0.0,3.0,2,0.0,0.9492006071104957
CD44_TYROBP,Monocyte non-classical,Macrophage,5,5.0,4.745068411506057,True,True,Chen_Zhang_2020;Kim_Lee_2020;Lambrechts_Thienpont_2018_6653;UKIM-V-2;Zuani_2024_NSCLC,1.0,0.9490136823012113,I-II,0,0.0,2,0.0,3.0,2,0.0,0.9490136823012113
CD44_TYROBP,T cell CD8 naive,Monocyte classical,7,7.0,6.6385110703536565,False,True,Chen_Zhang_2020;He_Fan_2021;Kim_Lee_2020;Lambrechts_Thienpont_2018_6653;Laughney_Massague_2020;UKIM-V-2;Zuani_2024_NSCLC,1.0,0.9483587243362367,I-II,0,0.0,2,0.0,3.0,2,0.0,0.9483587243362367
CD44_TYROBP,Monocyte non-classical,Monocyte classical,5,5.0,4.737009559849851,True,True,Chen_Zhang_2020;Kim_Lee_2020;Lambrechts_Thienpont_2018_6653;UKIM-V-2;Zuani_2024_NSCLC,1.0,0.9474019119699703,I-II,0,0.0,2,0.0,3.0,2,0.0,0.9474019119699703
CD44_TYROBP,T cell CD8 naive,Macrophage alveolar,6,6.0,5.666349598542852,False,True,Chen_Zhang_2020;He_Fan_2021;Kim_Lee_2020;Lambrechts_Thienpont_2018_6653;UKIM-V-2;Zuani_2024_NSCLC,1.0,0.944391599757142,I-II,0,0.0,2,0.0,3.0,2,0.0,0.944391599757142
APP_CD74,Endothelial cell venous,NK cell dividing,3,3.0,2.82617885807549,True,False,He_Fan_2021;UKIM-V-2;Zuani_2024_NSCLC,1.0,0.9420596193584966,I-II,0,0.0,1,0.0,1.0,2,0.0,0.9420596193584966
CD44_TYROBP,T cell CD8 naive,cDC2,7,7.0,6.593385653006198,False,True,Chen_Zhang_2020;He_Fan_2021;Kim_Lee_2020;Lambrechts_Thienpont_2018_6653;Laughney_Massague_2020;UKIM-V-2;Zuani_2024_NSCLC,1.0,0.9419122361437425,I-II,0,0.0,2,0.0,3.0,2,0.0,0.9419122361437425
APP_CD74,Endothelial cell venous,T cell CD8 terminally exhausted,8,8.0,7.530202291860621,True,False,Chen_Zhang_2020;He_Fan_2021;Kim_Lee_2020;Lambrechts_Thienpont_2018_6653;Laughney_Massague_2020;UKIM-V-2;Zilionis_Klein_2019;Zuani_2024_NSCLC,1.0,0.9412752864825776,I-II,0,0.0,1,0.0,3.0,2,0.0,0.9412752864825776
CD44_TYROBP,Monocyte non-classical,cDC2,5,5.0,4.703782828321838,True,True,Chen_Zhang_2020;Kim_Lee_2020;Lambrechts_Thienpont_2018_6653;UKIM-V-2;Zuani_2024_NSCLC,1.0,0.9407565656643676,I-II,0,0.0,2,0.0,3.0,2,0.0,0.9407565656643676
APP_CD74,Endothelial cell venous,Ciliated,7,7.0,6.57025959738875,True,True,Chen_Zhang_2020;He_Fan_2021;Kim_Lee_2020;Lambrechts_Thienpont_2018_6653;Laughney_Massague_2020;UKIM-V-2;Zuani_2024_NSCLC,1.0,0.9386085139126786,I-II,0,0.0,1,0.0,2.0,2,0.0,0.9386085139126786
CD44_TYROBP,Fibroblast peribronchial,Monocyte non-classical,4,4.0,3.7519458486118773,False,True,Chen_Zhang_2020;Kim_Lee_2020;Lambrechts_Thienpont_2018_6653;Zuani_2024_NSCLC,1.0,0.9379864621529693,I-II,0,0.0,2,0.0,3.0,2,0.0,0.9379864621529693
APP_CD74,cDC1,myeloid dividing,7,7.0,6.5645320199792225,False,True,Chen_Zhang_2020;He_Fan_2021;Kim_Lee_2020;Lambrechts_Thienpont_2018_6653;Laughney_Massague_2020;UKIM-V-2;Zuani_2024_NSCLC,1.0,0.9377902885684604,I-II,0,0.0,1,0.0,1.0,2,0.0,0.9377902885684604
CD44_TYROBP,B cell,Monocyte non-classical,5,5.0,4.687384129915471,False,True,Chen_Zhang_2020;Kim_Lee_2020;Lambrechts_Thienpont_2018_6653;UKIM-V-2;Zuani_2024_NSCLC,1.0,0.9374768259830942,I-II,0,0.0,2,0.0,3.0,2,0.0,0.9374768259830942
APP_CD74,Ciliated,Monocyte non-classical,5,5.0,4.674973092778441,True,True,Chen_Zhang_2020;Kim_Lee_2020;Lambrechts_Thienpont_2018_6653;UKIM-V-2;Zuani_2024_NSCLC,1.0,0.9349946185556883,I-II,0,0.0,1,0.0,2.0,2,0.0,0.9349946185556883
COL3A1_ADGRG1,Fibroblast peribronchial,NK cell dividing,2,2.0,1.8655409531395195,True,False,He_Fan_2021;Zuani_2024_NSCLC,1.0,0.9327704765697598,I-II,0,0.0,1,0.0,1.0,2,0.0,0.9327704765697598
CD44_TYROBP,NK cell dividing,Monocyte non-classical,2,2.0,1.861370657823864,False,True,UKIM-V-2;Zuani_2024_NSCLC,1.0,0.930685328911932,I-II,0,0.0,1,0.0,1.0,2,0.0,0.930685328911932
APP_CD74,Monocyte non-classical,myeloid dividing,5,5.0,4.635422547293651,False,True,Chen_Zhang_2020;Kim_Lee_2020;Lambrechts_Thienpont_2018_6653;UKIM-V-2;Zuani_2024_NSCLC,1.0,0.9270845094587303,I-II,0,0.0,2,0.0,1.0,2,0.0,0.9270845094587303
CD44_TYROBP,Monocyte non-classical,myeloid dividing,5,5.0,4.634667354429943,True,True,Chen_Zhang_2020;Kim_Lee_2020;Lambrechts_Thienpont_2018_6653;UKIM-V-2;Zuani_2024_NSCLC,1.0,0.9269334708859885,I-II,0,0.0,2,0.0,1.0,2,0.0,0.9269334708859885
CD44_TYROBP,T cell CD8 naive,myeloid dividing,7,7.0,6.479168464660173,False,True,Chen_Zhang_2020;He_Fan_2021;Kim_Lee_2020;Lambrechts_Thienpont_2018_6653;Laughney_Massague_2020;UKIM-V-2;Zuani_2024_NSCLC,1.0,0.9255954949514533,I-II,0,0.0,2,0.0,1.0,2,0.0,0.9255954949514533
CD44_TYROBP,Fibroblast alveolar,Monocyte non-classical,3,3.0,2.7670825765321694,False,True,Chen_Zhang_2020;Kim_Lee_2020;Lambrechts_Thienpont_2018_6653,1.0,0.9223608588440565,I-II,0,0.0,1,0.0,1.0,2,0.0,0.9223608588440565
CD44_TYROBP,NK cell dividing,Macrophage,3,3.0,2.7652815803054938,False,True,He_Fan_2021;UKIM-V-2;Zuani_2024_NSCLC,1.0,0.921760526768498,I-II,0,0.0,1,0.0,1.0,2,0.0,0.921760526768498
CD44_TYROBP,NK cell,Monocyte non-classical,5,5.0,4.6038441406100805,False,True,Chen_Zhang_2020;Kim_Lee_2020;Lambrechts_Thienpont_2018_6653;UKIM-V-2;Zuani_2024_NSCLC,1.0,0.9207688281220161,I-II,0,0.0,2,0.0,3.0,2,0.0,0.9207688281220161
CCL5_CCR1,T cell NK-like,myeloid dividing,7,7.0,6.430572737817537,True,True,Chen_Zhang_2020;He_Fan_2021;Kim_Lee_2020;Lambrechts_Thienpont_2018_6653;Laughney_Massague_2020;UKIM-V-2;Zuani_2024_NSCLC,1.0,0.9186532482596481,I-II,0,0.0,2,0.0,1.0,2,0.0,0.9186532482596481
APP_CD74,Fibroblast peribronchial,Monocyte non-classical,4,4.0,3.6624898744384264,True,False,Chen_Zhang_2020;Kim_Lee_2020;Lambrechts_Thienpont_2018_6653;Zuani_2024_NSCLC,1.0,0.9156224686096066,I-II,0,0.0,2,0.0,3.0,2,0.0,0.9156224686096066
APP_CD74,cDC1,Macrophage alveolar,6,6.0,5.48295881923041,False,True,Chen_Zhang_2020;He_Fan_2021;Kim_Lee_2020;Lambrechts_Thienpont_2018_6653;UKIM-V-2;Zuani_2024_NSCLC,1.0,0.913826469871735,I-II,0,0.0,1,0.0,2.0,2,0.0,0.913826469871735
APP_CD74,Monocyte non-classical,Macrophage alveolar,5,5.0,4.55910488517735,False,True,Chen_Zhang_2020;Kim_Lee_2020;Lambrechts_Thienpont_2018_6653;UKIM-V-2;Zuani_2024_NSCLC,1.0,0.9118209770354699,I-II,0,0.0,2,0.0,3.0,2,0.0,0.9118209770354699
CD44_TYROBP,cDC1,Monocyte non-classical,5,5.0,4.557905285432442,False,True,Chen_Zhang_2020;Kim_Lee_2020;Lambrechts_Thienpont_2018_6653;UKIM-V-2;Zuani_2024_NSCLC,1.0,0.9115810570864884,I-II,0,0.0,1,0.0,2.0,2,0.0,0.9115810570864884
CD44_TYROBP,Monocyte non-classical,DC mature,5,5.0,4.529256583899447,True,True,Chen_Zhang_2020;Kim_Lee_2020;Lambrechts_Thienpont_2018_6653;UKIM-V-2;Zuani_2024_NSCLC,1.0,0.9058513167798894,I-II,0,0.0,1,0.0,1.0,2,0.0,0.9058513167798894
CD44_TYROBP,NK cell dividing,Macrophage alveolar,3,3.0,2.7128045573035653,False,True,He_Fan_2021;UKIM-V-2;Zuani_2024_NSCLC,1.0,0.9042681857678551,I-II,0,0.0,1,0.0,1.0,2,0.0,0.9042681857678551
CD44_TYROBP,NK cell dividing,Monocyte classical,3,3.0,2.70718307075947,False,True,He_Fan_2021;UKIM-V-2;Zuani_2024_NSCLC,1.0,0.9023943569198233,I-II,0,0.0,1,0.0,1.0,2,0.0,0.9023943569198233
CD44_TYROBP,pDC,Monocyte non-classical,5,5.0,4.505165701219328,False,True,Chen_Zhang_2020;Kim_Lee_2020;Lambrechts_Thienpont_2018_6653;UKIM-V-2;Zuani_2024_NSCLC,1.0,0.9010331402438656,I-II,0,0.0,2,0.0,2.0,2,0.0,0.9010331402438656
CD44_TYROBP,T cell CD8 naive,DC mature,6,6.0,5.3992254838317395,False,True,Chen_Zhang_2020;He_Fan_2021;Kim_Lee_2020;Lambrechts_Thienpont_2018_6653;UKIM-V-2;Zuani_2024_NSCLC,1.0,0.8998709139719566,I-II,0,0.0,1,0.0,1.0,2,0.0,0.8998709139719566
APP_CD74,Monocyte non-classical,Macrophage,5,5.0,4.491061029647331,False,True,Chen_Zhang_2020;Kim_Lee_2020;Lambrechts_Thienpont_2018_6653;UKIM-V-2;Zuani_2024_NSCLC,1.0,0.8982122059294662,I-II,0,0.0,2,0.0,3.0,2,0.0,0.8982122059294662
CD44_TYROBP,T cell CD8 dividing,myeloid dividing,7,7.0,6.27840930181062,False,True,Chen_Zhang_2020;He_Fan_2021;Kim_Lee_2020;Lambrechts_Thienpont_2018_6653;Laughney_Massague_2020;UKIM-V-2;Zuani_2024_NSCLC,1.0,0.8969156145443743,I-II,0,0.0,2,0.0,1.0,2,0.0,0.8969156145443743
HLA-E_CD94:NKG2A,Monocyte non-classical,NK cell dividing,2,2.0,1.7855034706986603,True,False,UKIM-V-2;Zuani_2024_NSCLC,1.0,0.8927517353493302,I-II,0,0.0,1,0.0,1.0,2,0.0,0.8927517353493302
HLA-E_KLRC1,Monocyte non-classical,NK cell dividing,2,2.0,1.7855034706986603,True,True,UKIM-V-2;Zuani_2024_NSCLC,1.0,0.8927517353493302,I-II,0,0.0,1,0.0,1.0,2,0.0,0.8927517353493302
CD44_TYROBP,NK cell dividing,cDC2,3,3.0,2.6766087148496194,False,True,He_Fan_2021;UKIM-V-2;Zuani_2024_NSCLC,1.0,0.8922029049498731,I-II,0,0.0,1,0.0,1.0,2,0.0,0.8922029049498731
HLA-E_KLRC1,Endothelial cell venous,NK cell dividing,3,3.0,2.676214677093301,True,True,He_Fan_2021;UKIM-V-2;Zuani_2024_NSCLC,1.0,0.8920715590311002,I-II,0,0.0,1,0.0,1.0,2,0.0,0.8920715590311002
CCL5_CCR1,T cell CD8 terminally exhausted,myeloid dividing,8,8.0,7.125247580481344,True,True,Chen_Zhang_2020;He_Fan_2021;Kim_Lee_2020;Lambrechts_Thienpont_2018_6653;Laughney_Massague_2020;UKIM-V-2;Zilionis_Klein_2019;Zuani_2024_NSCLC,1.0,0.890655947560168,I-II,0,0.0,2,0.0,2.0,2,0.0,0.890655947560168
CD44_TYROBP,T cell NK-like,myeloid dividing,7,7.0,6.228361176671455,False,True,Chen_Zhang_2020;He_Fan_2021;Kim_Lee_2020;Lambrechts_Thienpont_2018_6653;Laughney_Massague_2020;UKIM-V-2;Zuani_2024_NSCLC,1.0,0.8897658823816365,I-II,0,0.0,2,0.0,1.0,2,0.0,0.8897658823816365
APP_CD74,Endothelial cell venous,T cell NK-like,7,7.0,6.209960897738627,True,False,Chen_Zhang_2020;He_Fan_2021;Kim_Lee_2020;Lambrechts_Thienpont_2018_6653;Laughney_Massague_2020;UKIM-V-2;Zuani_2024_NSCLC,1.0,0.8871372711055182,I-II,0,0.0,1,0.0,2.0,2,0.0,0.8871372711055182
CXCL12_CXCR4,Fibroblast alveolar,T cell CD8 naive,4,4.0,3.547381508943492,True,True,Chen_Zhang_2020;He_Fan_2021;Kim_Lee_2020;Lambrechts_Thienpont_2018_6653,1.0,0.886845377235873,I-II,0,0.0,1,0.0,1.0,2,0.0,0.886845377235873
PTPRC_MRC1,Monocyte non-classical,Macrophage alveolar,5,5.0,4.431784752574681,True,True,Chen_Zhang_2020;Kim_Lee_2020;Lambrechts_Thienpont_2018_6653;UKIM-V-2;Zuani_2024_NSCLC,1.0,0.8863569505149362,I-II,0,0.0,2,0.0,3.0,2,0.0,0.8863569505149362
CD44_TYROBP,Monocyte non-classical,NK cell,5,5.0,4.428149913260659,True,True,Chen_Zhang_2020;Kim_Lee_2020;Lambrechts_Thienpont_2018_6653;UKIM-V-2;Zuani_2024_NSCLC,1.0,0.8856299826521319,I-II,0,0.0,2,0.0,3.0,2,0.0,0.8856299826521319
HLA-E_CD94:NKG2A,Endothelial cell venous,NK cell dividing,3,3.0,2.6558920964481394,True,False,He_Fan_2021;UKIM-V-2;Zuani_2024_NSCLC,1.0,0.8852973654827131,I-II,0,0.0,1,0.0,1.0,2,0.0,0.8852973654827131
CD44_TYROBP,Monocyte classical,pDC,8,8.0,7.067560544285474,True,True,Chen_Zhang_2020;He_Fan_2021;Kim_Lee_2020;Lambrechts_Thienpont_2018_6653;Laughney_Massague_2020;UKIM-V-2;Zilionis_Klein_2019;Zuani_2024_NSCLC,1.0,0.8834450680356842,I-II,0,0.0,2,0.0,3.0,2,0.0,0.8834450680356842
ANXA1_FPR1,Mast cell,Monocyte non-classical,5,5.0,4.4107260886749,True,True,Chen_Zhang_2020;Kim_Lee_2020;Lambrechts_Thienpont_2018_6653;UKIM-V-2;Zuani_2024_NSCLC,1.0,0.88214521773498,I-II,0,0.0,2,0.0,3.0,2,0.0,0.88214521773498
CD44_TYROBP,T cell CD8 terminally exhausted,myeloid dividing,8,8.0,7.051646025979159,False,True,Chen_Zhang_2020;He_Fan_2021;Kim_Lee_2020;Lambrechts_Thienpont_2018_6653;Laughney_Massague_2020;UKIM-V-2;Zilionis_Klein_2019;Zuani_2024_NSCLC,1.0,0.8814557532473949,I-II,0,0.0,2,0.0,2.0,2,0.0,0.8814557532473949
APP_CD74,Endothelial cell venous,T cell CD8 naive,7,7.0,6.14396079958344,True,False,Chen_Zhang_2020;He_Fan_2021;Kim_Lee_2020;Lambrechts_Thienpont_2018_6653;Laughney_Massague_2020;UKIM-V-2;Zuani_2024_NSCLC,1.0,0.8777086856547772,I-II,0,0.0,1,0.0,2.0,2,0.0,0.8777086856547772
CD44_TYROBP,NK cell dividing,myeloid dividing,3,3.0,2.6324871117426105,False,True,He_Fan_2021;UKIM-V-2;Zuani_2024_NSCLC,1.0,0.8774957039142035,I-II,0,0.0,1,0.0,1.0,2,0.0,0.8774957039142035
HLA-E_KLRC1,NK cell,NK cell dividing,3,3.0,2.631785949801161,False,True,He_Fan_2021;UKIM-V-2;Zuani_2024_NSCLC,1.0,0.8772619832670537,I-II,0,0.0,1,0.0,1.0,2,0.0,0.8772619832670537
CCL5_CCR1,T cell CD8 naive,Macrophage,7,7.0,6.133989620105721,True,True,Chen_Zhang_2020;He_Fan_2021;Kim_Lee_2020;Lambrechts_Thienpont_2018_6653;Laughney_Massague_2020;UKIM-V-2;Zuani_2024_NSCLC,1.0,0.8762842314436744,I-II,0,0.0,2,0.0,3.0,2,0.0,0.8762842314436744
HLA-E_KLRC1,T cell NK-like,NK cell dividing,3,3.0,2.626944340299642,False,True,He_Fan_2021;UKIM-V-2;Zuani_2024_NSCLC,1.0,0.875648113433214,I-II,0,0.0,1,0.0,1.0,2,0.0,0.875648113433214
HLA-E_KLRC1,T cell CD8 naive,NK cell dividing,3,3.0,2.6250523105092087,False,True,He_Fan_2021;UKIM-V-2;Zuani_2024_NSCLC,1.0,0.8750174368364029,I-II,0,0.0,1,0.0,1.0,2,0.0,0.8750174368364029
HLA-E_KLRC1,T cell regulatory,NK cell dividing,3,3.0,2.6204819732110254,False,True,He_Fan_2021;UKIM-V-2;Zuani_2024_NSCLC,1.0,0.8734939910703418,I-II,0,0.0,1,0.0,1.0,2,0.0,0.8734939910703418
HLA-E_CD94:NKG2A,NK cell,NK cell dividing,3,3.0,2.615979498188258,False,False,He_Fan_2021;UKIM-V-2;Zuani_2024_NSCLC,1.0,0.8719931660627527,I-II,0,0.0,1,0.0,1.0,2,0.0,0.8719931660627527
HLA-E_CD94:NKG2A,T cell NK-like,NK cell dividing,3,3.0,2.6124282112673844,False,False,He_Fan_2021;UKIM-V-2;Zuani_2024_NSCLC,1.0,0.8708094037557949,I-II,0,0.0,1,0.0,1.0,2,0.0,0.8708094037557949
HLA-E_CD94:NKG2A,T cell CD8 naive,NK cell dividing,3,3.0,2.6121490847027573,False,False,He_Fan_2021;UKIM-V-2;Zuani_2024_NSCLC,1.0,0.8707163615675858,I-II,0,0.0,1,0.0,1.0,2,0.0,0.8707163615675858
HLA-E_CD94:NKG2A,T cell regulatory,NK cell dividing,3,3.0,2.607901328049735,False,False,He_Fan_2021;UKIM-V-2;Zuani_2024_NSCLC,1.0,0.869300442683245,I-II,0,0.0,1,0.0,1.0,2,0.0,0.869300442683245
HLA-E_CD94:NKG2A,T cell CD8 activated,NK cell dividing,2,2.0,1.7327469204058048,False,False,UKIM-V-2;Zuani_2024_NSCLC,1.0,0.8663734602029024,I-II,0,0.0,1,0.0,1.0,2,0.0,0.8663734602029024
HLA-E_KLRC1,T cell CD8 activated,NK cell dividing,2,2.0,1.7327469204058048,False,True,UKIM-V-2;Zuani_2024_NSCLC,1.0,0.8663734602029024,I-II,0,0.0,1,0.0,1.0,2,0.0,0.8663734602029024
CCL5_CCR1,T cell CD8 dividing,myeloid dividing,7,7.0,6.050641842589567,True,True,Chen_Zhang_2020;He_Fan_2021;Kim_Lee_2020;Lambrechts_Thienpont_2018_6653;Laughney_Massague_2020;UKIM-V-2;Zuani_2024_NSCLC,1.0,0.8643774060842239,I-II,0,0.0,2,0.0,1.0,2,0.0,0.8643774060842239
HLA-E_KLRC1,Endothelial cell venous,NK cell,8,8.0,6.908473627216907,True,True,Chen_Zhang_2020;He_Fan_2021;Kim_Lee_2020;Lambrechts_Thienpont_2018_6653;Laughney_Massague_2020;UKIM-V-2;Zilionis_Klein_2019;Zuani_2024_NSCLC,1.0,0.8635592034021133,I-II,0,0.0,1,0.0,3.0,2,0.0,0.8635592034021133
CD52_SIGLEC10,T cell CD8 terminally exhausted,Monocyte non-classical,5,5.0,4.316852520430173,True,True,Chen_Zhang_2020;Kim_Lee_2020;Lambrechts_Thienpont_2018_6653;UKIM-V-2;Zuani_2024_NSCLC,1.0,0.8633705040860346,I-II,0,0.0,2,0.0,3.0,2,0.0,0.8633705040860346
CD52_SIGLEC10,B cell,Monocyte non-classical,5,5.0,4.3165656274056134,True,True,Chen_Zhang_2020;Kim_Lee_2020;Lambrechts_Thienpont_2018_6653;UKIM-V-2;Zuani_2024_NSCLC,1.0,0.8633131254811227,I-II,0,0.0,2,0.0,3.0,2,0.0,0.8633131254811227
CCL5_CCR1,T cell CD8 naive,myeloid dividing,7,7.0,6.041474167157961,True,True,Chen_Zhang_2020;He_Fan_2021;Kim_Lee_2020;Lambrechts_Thienpont_2018_6653;Laughney_Massague_2020;UKIM-V-2;Zuani_2024_NSCLC,1.0,0.863067738165423,I-II,0,0.0,2,0.0,1.0,2,0.0,0.863067738165423
CCL5_CCR1,NK cell dividing,Macrophage,3,3.0,2.5834617564874223,True,True,He_Fan_2021;UKIM-V-2;Zuani_2024_NSCLC,1.0,0.8611539188291407,I-II,0,0.0,1,0.0,1.0,2,0.0,0.8611539188291407
CXCL12_CXCR4,Fibroblast alveolar,pDC,4,4.0,3.4427388044486196,True,True,Chen_Zhang_2020;He_Fan_2021;Kim_Lee_2020;Lambrechts_Thienpont_2018_6653,1.0,0.8606847011121549,I-II,0,0.0,1,0.0,1.0,2,0.0,0.8606847011121549
CD52_SIGLEC10,T cell CD8 dividing,Monocyte non-classical,5,5.0,4.29916521549999,True,True,Chen_Zhang_2020;Kim_Lee_2020;Lambrechts_Thienpont_2018_6653;UKIM-V-2;Zuani_2024_NSCLC,1.0,0.859833043099998,I-II,0,0.0,2,0.0,3.0,2,0.0,0.859833043099998
CXCL12_CXCR4,Fibroblast peribronchial,T cell CD8 naive,6,6.0,5.155923806558995,True,True,Chen_Zhang_2020;He_Fan_2021;Kim_Lee_2020;Lambrechts_Thienpont_2018_6653;Laughney_Massague_2020;Zuani_2024_NSCLC,1.0,0.8593206344264992,I-II,0,0.0,2,0.0,3.0,2,0.0,0.8593206344264992
CD44_TYROBP,Mast cell,NK cell dividing,3,3.0,2.5693124818768855,True,True,He_Fan_2021;UKIM-V-2;Zuani_2024_NSCLC,1.0,0.8564374939589618,I-II,0,0.0,1,0.0,1.0,2,0.0,0.8564374939589618
CXCL12_CXCR4,Fibroblast peribronchial,pDC,6,6.0,5.128951612627555,True,True,Chen_Zhang_2020;He_Fan_2021;Kim_Lee_2020;Lambrechts_Thienpont_2018_6653;Laughney_Massague_2020;Zuani_2024_NSCLC,1.0,0.8548252687712591,I-II,0,0.0,2,0.0,3.0,2,0.0,0.8548252687712591
APP_CD74,pDC,Monocyte classical,8,7.0,6.837858304772643,True,True,Chen_Zhang_2020;Kim_Lee_2020;Lambrechts_Thienpont_2018_6653;Laughney_Massague_2020;UKIM-V-2;Zilionis_Klein_2019;Zuani_2024_NSCLC,0.875,0.8547322880965804,I-II,0,0.0,2,0.0,3.0,2,0.0,0.8547322880965804
CD44_TYROBP,NK cell dividing,DC mature,3,3.0,2.562798552574089,False,True,He_Fan_2021;UKIM-V-2;Zuani_2024_NSCLC,1.0,0.854266184191363,I-II,0,0.0,1,0.0,1.0,2,0.0,0.854266184191363
PTPRC_MRC1,Monocyte non-classical,Macrophage,5,5.0,4.269473068361119,True,True,Chen_Zhang_2020;Kim_Lee_2020;Lambrechts_Thienpont_2018_6653;UKIM-V-2;Zuani_2024_NSCLC,1.0,0.8538946136722239,I-II,0,0.0,2,0.0,3.0,2,0.0,0.8538946136722239
CD44_TYROBP,pDC,Macrophage,8,8.0,6.829812014478727,False,True,Chen_Zhang_2020;He_Fan_2021;Kim_Lee_2020;Lambrechts_Thienpont_2018_6653;Laughney_Massague_2020;UKIM-V-2;Zilionis_Klein_2019;Zuani_2024_NSCLC,1.0,0.8537265018098409,I-II,0,0.0,2,0.0,3.0,2,0.0,0.8537265018098409
HLA-E_KLRC1,T cell CD8 terminally exhausted,NK cell dividing,3,3.0,2.559807337085918,False,True,He_Fan_2021;UKIM-V-2;Zuani_2024_NSCLC,1.0,0.8532691123619727,I-II,0,0.0,1,0.0,1.0,2,0.0,0.8532691123619727
HLA-E_KLRC1,T cell CD8 effector memory,NK cell dividing,3,3.0,2.559436210934423,False,True,He_Fan_2021;UKIM-V-2;Zuani_2024_NSCLC,1.0,0.8531454036448077,I-II,0,0.0,1,0.0,1.0,2,0.0,0.8531454036448077
CD44_TYROBP,cDC1,myeloid dividing,7,7.0,5.9629660175365045,False,True,Chen_Zhang_2020;He_Fan_2021;Kim_Lee_2020;Lambrechts_Thienpont_2018_6653;Laughney_Massague_2020;UKIM-V-2;Zuani_2024_NSCLC,1.0,0.8518522882195007,I-II,0,0.0,1,0.0,1.0,2,0.0,0.8518522882195007
HLA-E_KLRC1,B cell,NK cell dividing,3,3.0,2.5552135052739797,False,True,He_Fan_2021;UKIM-V-2;Zuani_2024_NSCLC,1.0,0.8517378350913266,I-II,0,0.0,1,0.0,1.0,2,0.0,0.8517378350913266
CD52_SIGLEC10,T cell CD8 naive,Monocyte non-classical,5,5.0,4.254580887714154,True,True,Chen_Zhang_2020;Kim_Lee_2020;Lambrechts_Thienpont_2018_6653;UKIM-V-2;Zuani_2024_NSCLC,1.0,0.8509161775428309,I-II,0,0.0,2,0.0,3.0,2,0.0,0.8509161775428309
CD44_TYROBP,Macrophage,pDC,8,8.0,6.807208557513952,True,True,Chen_Zhang_2020;He_Fan_2021;Kim_Lee_2020;Lambrechts_Thienpont_2018_6653;Laughney_Massague_2020;UKIM-V-2;Zilionis_Klein_2019;Zuani_2024_NSCLC,1.0,0.850901069689244,I-II,0,0.0,2,0.0,3.0,2,0.0,0.850901069689244
CCL5_CCR1,T cell CD8 naive,Macrophage alveolar,6,6.0,5.099305820983509,True,True,Chen_Zhang_2020;He_Fan_2021;Kim_Lee_2020;Lambrechts_Thienpont_2018_6653;UKIM-V-2;Zuani_2024_NSCLC,1.0,0.8498843034972515,I-II,0,0.0,2,0.0,3.0,2,0.0,0.8498843034972515
HLA-E_CD94:NKG2A,T cell CD8 effector memory,NK cell dividing,3,3.0,2.549113630289262,False,False,He_Fan_2021;UKIM-V-2;Zuani_2024_NSCLC,1.0,0.849704543429754,I-II,0,0.0,1,0.0,1.0,2,0.0,0.849704543429754
HLA-E_KLRC1,T cell CD8 dividing,NK cell dividing,3,3.0,2.542616582446832,False,True,He_Fan_2021;UKIM-V-2;Zuani_2024_NSCLC,1.0,0.8475388608156106,I-II,0,0.0,1,0.0,1.0,2,0.0,0.8475388608156106
HLA-E_CD94:NKG2A,T cell CD8 terminally exhausted,NK cell dividing,3,3.0,2.540452498376241,False,False,He_Fan_2021;UKIM-V-2;Zuani_2024_NSCLC,1.0,0.846817499458747,I-II,0,0.0,1,0.0,1.0,2,0.0,0.846817499458747
HLA-E_CD94:NKG2A,B cell,NK cell dividing,3,3.0,2.540052214951399,False,False,He_Fan_2021;UKIM-V-2;Zuani_2024_NSCLC,1.0,0.8466840716504663,I-II,0,0.0,1,0.0,1.0,2,0.0,0.8466840716504663
CCL5_CCR1,NK cell dividing,Monocyte classical,3,3.0,2.535639453928699,True,True,He_Fan_2021;UKIM-V-2;Zuani_2024_NSCLC,1.0,0.8452131513095663,I-II,0,0.0,1,0.0,1.0,2,0.0,0.8452131513095663
HLA-E_CD94:NKG2A,T cell CD8 dividing,NK cell dividing,3,3.0,2.5264875501887674,False,False,He_Fan_2021;UKIM-V-2;Zuani_2024_NSCLC,1.0,0.8421625167295891,I-II,0,0.0,1,0.0,1.0,2,0.0,0.8421625167295891
CCL5_CCR1,NK cell dividing,myeloid dividing,3,3.0,2.5218584071553587,True,True,He_Fan_2021;UKIM-V-2;Zuani_2024_NSCLC,1.0,0.8406194690517862,I-II,0,0.0,1,0.0,1.0,2,0.0,0.8406194690517862
ANXA1_FPR1,Ciliated,Monocyte non-classical,5,5.0,4.199910040083182,True,True,Chen_Zhang_2020;Kim_Lee_2020;Lambrechts_Thienpont_2018_6653;UKIM-V-2;Zuani_2024_NSCLC,1.0,0.8399820080166365,I-II,0,0.0,1,0.0,2.0,2,0.0,0.8399820080166365
APP_CD74,Monocyte classical,pDC,8,7.0,6.716438987447243,False,True,Chen_Zhang_2020;Kim_Lee_2020;Lambrechts_Thienpont_2018_6653;Laughney_Massague_2020;UKIM-V-2;Zilionis_Klein_2019;Zuani_2024_NSCLC,0.875,0.8395548734309054,I-II,0,0.0,2,0.0,3.0,2,0.0,0.8395548734309054
HLA-E_KLRC1,T cell CD4,NK cell dividing,3,3.0,2.5166206936092888,False,True,He_Fan_2021;UKIM-V-2;Zuani_2024_NSCLC,1.0,0.8388735645364296,I-II,0,0.0,1,0.0,1.0,2,0.0,0.8388735645364296
HLA-E_CD94:NKG2A,Monocyte non-classical,NK cell,5,5.0,4.192642369224367,True,False,Chen_Zhang_2020;Kim_Lee_2020;Lambrechts_Thienpont_2018_6653;UKIM-V-2;Zuani_2024_NSCLC,1.0,0.8385284738448734,I-II,0,0.0,2,0.0,3.0,2,0.0,0.8385284738448734
CD44_TYROBP,pDC,Monocyte classical,8,8.0,6.696670663522986,False,True,Chen_Zhang_2020;He_Fan_2021;Kim_Lee_2020;Lambrechts_Thienpont_2018_6653;Laughney_Massague_2020;UKIM-V-2;Zilionis_Klein_2019;Zuani_2024_NSCLC,1.0,0.8370838329403733,I-II,0,0.0,2,0.0,3.0,2,0.0,0.8370838329403733
PTPRC_MRC1,T cell CD8 naive,Macrophage alveolar,6,6.0,5.020278590005965,True,True,Chen_Zhang_2020;He_Fan_2021;Kim_Lee_2020;Lambrechts_Thienpont_2018_6653;UKIM-V-2;Zuani_2024_NSCLC,1.0,0.8367130983343275,I-II,0,0.0,2,0.0,3.0,2,0.0,0.8367130983343275
CD52_SIGLEC10,T cell NK-like,Monocyte non-classical,5,5.0,4.18179541184,True,True,Chen_Zhang_2020;Kim_Lee_2020;Lambrechts_Thienpont_2018_6653;UKIM-V-2;Zuani_2024_NSCLC,1.0,0.8363590823679999,I-II,0,0.0,2,0.0,3.0,2,0.0,0.8363590823679999
HLA-E_CD94:NKG2A,T cell CD8 naive,NK cell,7,7.0,5.848576353379894,False,False,Chen_Zhang_2020;He_Fan_2021;Kim_Lee_2020;Lambrechts_Thienpont_2018_6653;Laughney_Massague_2020;UKIM-V-2;Zuani_2024_NSCLC,1.0,0.8355109076256991,I-II,0,0.0,2,0.0,3.0,2,0.0,0.8355109076256991
HLA-E_KLRC1,NK cell dividing,NK cell dividing,3,3.0,2.501904749862303,False,True,He_Fan_2021;UKIM-V-2;Zuani_2024_NSCLC,1.0,0.833968249954101,I-II,0,0.0,1,0.0,1.0,2,0.0,0.833968249954101
HLA-E_CD94:NKG2A,T cell CD4,NK cell dividing,3,3.0,2.5011368226415467,False,False,He_Fan_2021;UKIM-V-2;Zuani_2024_NSCLC,1.0,0.8337122742138489,I-II,0,0.0,1,0.0,1.0,2,0.0,0.8337122742138489
CD44_TYROBP,myeloid dividing,pDC,8,8.0,6.6685617204057595,True,True,Chen_Zhang_2020;He_Fan_2021;Kim_Lee_2020;Lambrechts_Thienpont_2018_6653;Laughney_Massague_2020;UKIM-V-2;Zilionis_Klein_2019;Zuani_2024_NSCLC,1.0,0.8335702150507199,I-II,0,0.0,2,0.0,2.0,2,0.0,0.8335702150507199
CD44_TYROBP,Monocyte classical,NK cell dividing,3,3.0,2.495425243011563,True,True,He_Fan_2021;UKIM-V-2;Zuani_2024_NSCLC,1.0,0.8318084143371877,I-II,0,0.0,1,0.0,1.0,2,0.0,0.8318084143371877
CCL5_CCR1,NK cell dividing,Macrophage alveolar,3,3.0,2.4931936146044444,True,True,He_Fan_2021;UKIM-V-2;Zuani_2024_NSCLC,1.0,0.8310645382014815,I-II,0,0.0,1,0.0,1.0,2,0.0,0.8310645382014815
HLA-E_CD94:NKG2A,NK cell dividing,NK cell dividing,3,3.0,2.4883563627655287,False,False,He_Fan_2021;UKIM-V-2;Zuani_2024_NSCLC,1.0,0.829452120921843,I-II,0,0.0,1,0.0,1.0,2,0.0,0.829452120921843
CD52_SIGLEC10,T cell CD4,Monocyte non-classical,5,5.0,4.141068318849272,True,True,Chen_Zhang_2020;Kim_Lee_2020;Lambrechts_Thienpont_2018_6653;UKIM-V-2;Zuani_2024_NSCLC,1.0,0.8282136637698544,I-II,0,0.0,2,0.0,3.0,2,0.0,0.8282136637698544
CD99_PILRA,T cell CD8 dividing,Monocyte non-classical,5,5.0,4.138819103522112,True,True,Chen_Zhang_2020;Kim_Lee_2020;Lambrechts_Thienpont_2018_6653;UKIM-V-2;Zuani_2024_NSCLC,1.0,0.8277638207044223,I-II,0,0.0,2,0.0,3.0,2,0.0,0.8277638207044223
CD44_TYROBP,Macrophage,NK cell dividing,3,3.0,2.4789615894468344,True,True,He_Fan_2021;UKIM-V-2;Zuani_2024_NSCLC,1.0,0.8263205298156114,I-II,0,0.0,1,0.0,1.0,2,0.0,0.8263205298156114
CD44_TYROBP,pDC,cDC2,8,8.0,6.609214867193186,False,True,Chen_Zhang_2020;He_Fan_2021;Kim_Lee_2020;Lambrechts_Thienpont_2018_6653;Laughney_Massague_2020;UKIM-V-2;Zilionis_Klein_2019;Zuani_2024_NSCLC,1.0,0.8261518583991483,I-II,0,0.0,2,0.0,3.0,2,0.0,0.8261518583991483
CD44_TYROBP,pDC,Macrophage alveolar,7,7.0,5.773939823255198,False,True,Chen_Zhang_2020;He_Fan_2021;Kim_Lee_2020;Lambrechts_Thienpont_2018_6653;UKIM-V-2;Zilionis_Klein_2019;Zuani_2024_NSCLC,1.0,0.8248485461793139,I-II,0,0.0,2,0.0,3.0,2,0.0,0.8248485461793139
APP_CD74,Ciliated,Monocyte classical,7,6.0,5.748384578796747,True,True,Chen_Zhang_2020;Kim_Lee_2020;Lambrechts_Thienpont_2018_6653;Laughney_Massague_2020;UKIM-V-2;Zuani_2024_NSCLC,0.8571428571428571,0.8211977969709638,I-II,0,0.0,1,0.0,2.0,2,0.0,0.8211977969709638
ANXA1_FPR1,T cell CD8 activated,Monocyte non-classical,4,4.0,3.2807973675785362,True,True,Chen_Zhang_2020;Kim_Lee_2020;UKIM-V-2;Zuani_2024_NSCLC,1.0,0.8201993418946341,I-II,0,0.0,1,0.0,2.0,2,0.0,0.8201993418946341
CD44_TYROBP,Macrophage alveolar,NK cell dividing,3,3.0,2.4559531057376542,True,True,He_Fan_2021;UKIM-V-2;Zuani_2024_NSCLC,1.0,0.8186510352458848,I-II,0,0.0,1,0.0,1.0,2,0.0,0.8186510352458848
PTPRC_MRC1,NK cell dividing,Macrophage alveolar,3,3.0,2.452630679079595,True,True,He_Fan_2021;UKIM-V-2;Zuani_2024_NSCLC,1.0,0.8175435596931983,I-II,0,0.0,1,0.0,1.0,2,0.0,0.8175435596931983
PTPRC_MRC1,Monocyte non-classical,myeloid dividing,5,5.0,4.056323038428023,True,True,Chen_Zhang_2020;Kim_Lee_2020;Lambrechts_Thienpont_2018_6653;UKIM-V-2;Zuani_2024_NSCLC,1.0,0.8112646076856047,I-II,0,0.0,2,0.0,1.0,2,0.0,0.8112646076856047
CXCL12_CXCR4,Fibroblast alveolar,T cell CD8 dividing,4,4.0,3.2422832175149483,True,True,Chen_Zhang_2020;He_Fan_2021;Kim_Lee_2020;Lambrechts_Thienpont_2018_6653,1.0,0.8105708043787371,I-II,0,0.0,1,0.0,1.0,2,0.0,0.8105708043787371
CD99_PILRA,NK cell dividing,Monocyte non-classical,2,2.0,1.6207358302394055,True,True,UKIM-V-2;Zuani_2024_NSCLC,1.0,0.8103679151197027,I-II,0,0.0,1,0.0,1.0,2,0.0,0.8103679151197027
CD44_TYROBP,pDC,myeloid dividing,8,8.0,6.476856082526647,False,True,Chen_Zhang_2020;He_Fan_2021;Kim_Lee_2020;Lambrechts_Thienpont_2018_6653;Laughney_Massague_2020;UKIM-V-2;Zilionis_Klein_2019;Zuani_2024_NSCLC,1.0,0.8096070103158308,I-II,0,0.0,2,0.0,2.0,2,0.0,0.8096070103158308
HLA-E_KLRC1,Macrophage,NK cell dividing,3,3.0,2.428594827877863,True,True,He_Fan_2021;UKIM-V-2;Zuani_2024_NSCLC,1.0,0.809531609292621,I-II,0,0.0,1,0.0,1.0,2,0.0,0.809531609292621
ANXA1_FPR1,myeloid dividing,Monocyte non-classical,5,5.0,4.043993396685469,True,True,Chen_Zhang_2020;Kim_Lee_2020;Lambrechts_Thienpont_2018_6653;UKIM-V-2;Zuani_2024_NSCLC,1.0,0.8087986793370938,I-II,0,0.0,2,0.0,1.0,2,0.0,0.8087986793370938
HLA-E_KLRC1,T cell CD4 dividing,NK cell dividing,3,3.0,2.4256025772954164,False,True,He_Fan_2021;UKIM-V-2;Zuani_2024_NSCLC,1.0,0.8085341924318055,I-II,0,0.0,1,0.0,1.0,2,0.0,0.8085341924318055
ANXA1_FPR1,Ciliated,Monocyte classical,7,7.0,5.650412952788103,True,True,Chen_Zhang_2020;He_Fan_2021;Kim_Lee_2020;Lambrechts_Thienpont_2018_6653;Laughney_Massague_2020;UKIM-V-2;Zuani_2024_NSCLC,1.0,0.8072018503983004,I-II,0,0.0,1,0.0,2.0,2,0.0,0.8072018503983004
CD99_PILRA,Fibroblast peribronchial,Monocyte non-classical,4,4.0,3.228034446172171,True,True,Chen_Zhang_2020;Kim_Lee_2020;Lambrechts_Thienpont_2018_6653;Zuani_2024_NSCLC,1.0,0.8070086115430427,I-II,0,0.0,2,0.0,3.0,2,0.0,0.8070086115430427
CD52_SIGLEC10,T cell CD8 effector memory,Monocyte non-classical,5,5.0,4.034132202872276,True,True,Chen_Zhang_2020;Kim_Lee_2020;Lambrechts_Thienpont_2018_6653;UKIM-V-2;Zuani_2024_NSCLC,1.0,0.8068264405744552,I-II,0,0.0,2,0.0,3.0,2,0.0,0.8068264405744552
CD44_TYROBP,Mast cell,pDC,8,7.0,6.453778918878518,True,True,Chen_Zhang_2020;He_Fan_2021;Kim_Lee_2020;Lambrechts_Thienpont_2018_6653;Laughney_Massague_2020;UKIM-V-2;Zilionis_Klein_2019,0.875,0.8067223648598147,I-II,0,0.0,2,0.0,3.0,2,0.0,0.8067223648598147
CD52_SIGLEC10,Monocyte non-classical,Monocyte non-classical,5,5.0,4.032458533608039,True,True,Chen_Zhang_2020;Kim_Lee_2020;Lambrechts_Thienpont_2018_6653;UKIM-V-2;Zuani_2024_NSCLC,1.0,0.8064917067216077,I-II,0,0.0,2,0.0,3.0,2,0.0,0.8064917067216077
CD44_TYROBP,Fibroblast alveolar,pDC,4,4.0,3.2259488203786466,False,True,Chen_Zhang_2020;He_Fan_2021;Kim_Lee_2020;Lambrechts_Thienpont_2018_6653,1.0,0.8064872050946617,I-II,0,0.0,1,0.0,1.0,2,0.0,0.8064872050946617
HLA-E_CD94:NKG2A,Macrophage,NK cell dividing,3,3.0,2.4150464407810888,True,False,He_Fan_2021;UKIM-V-2;Zuani_2024_NSCLC,1.0,0.805015480260363,I-II,0,0.0,1,0.0,1.0,2,0.0,0.805015480260363
PTPRC_MRC1,Monocyte non-classical,cDC2,5,5.0,4.022764512016341,True,True,Chen_Zhang_2020;Kim_Lee_2020;Lambrechts_Thienpont_2018_6653;UKIM-V-2;Zuani_2024_NSCLC,1.0,0.8045529024032682,I-II,0,0.0,2,0.0,3.0,2,0.0,0.8045529024032682
PTPRC_MRC1,T cell CD8 naive,Macrophage,7,7.0,5.630617737304228,True,True,Chen_Zhang_2020;He_Fan_2021;Kim_Lee_2020;Lambrechts_Thienpont_2018_6653;Laughney_Massague_2020;UKIM-V-2;Zuani_2024_NSCLC,1.0,0.8043739624720326,I-II,0,0.0,2,0.0,3.0,2,0.0,0.8043739624720326
HLA-E_CD94:NKG2A,T cell CD4 dividing,NK cell dividing,3,3.0,2.4104412869728358,False,False,He_Fan_2021;UKIM-V-2;Zuani_2024_NSCLC,1.0,0.8034804289909453,I-II,0,0.0,1,0.0,1.0,2,0.0,0.8034804289909453
CD52_SIGLEC10,NK cell dividing,Monocyte non-classical,2,2.0,1.606217244635404,False,True,UKIM-V-2;Zuani_2024_NSCLC,1.0,0.803108622317702,I-II,0,0.0,1,0.0,1.0,2,0.0,0.803108622317702
PTPRC_MRC1,NK cell dividing,Macrophage,3,3.0,2.4083512397597286,True,True,He_Fan_2021;UKIM-V-2;Zuani_2024_NSCLC,1.0,0.8027837465865763,I-II,0,0.0,1,0.0,1.0,2,0.0,0.8027837465865763
CD52_SIGLEC10,Macrophage alveolar,Monocyte non-classical,5,5.0,4.003947678602963,True,True,Chen_Zhang_2020;Kim_Lee_2020;Lambrechts_Thienpont_2018_6653;UKIM-V-2;Zuani_2024_NSCLC,1.0,0.8007895357205926,I-II,0,0.0,2,0.0,3.0,2,0.0,0.8007895357205926
CD52_SIGLEC10,T cell regulatory,Monocyte non-classical,5,5.0,4.001328501725427,True,True,Chen_Zhang_2020;Kim_Lee_2020;Lambrechts_Thienpont_2018_6653;UKIM-V-2;Zuani_2024_NSCLC,1.0,0.8002657003450855,I-II,0,0.0,2,0.0,3.0,2,0.0,0.8002657003450855
ANXA1_FPR2,Mast cell,Monocyte non-classical,5,5.0,4.00132199394905,True,True,Chen_Zhang_2020;Kim_Lee_2020;Lambrechts_Thienpont_2018_6653;UKIM-V-2;Zuani_2024_NSCLC,1.0,0.80026439878981,I-II,0,0.0,2,0.0,3.0,2,0.0,0.80026439878981
CD44_TYROBP,Monocyte non-classical,NK cell dividing,2,2.0,1.600238075457907,True,True,UKIM-V-2;Zuani_2024_NSCLC,1.0,0.8001190377289535,I-II,0,0.0,1,0.0,1.0,2,0.0,0.8001190377289535
CD44_TYROBP,pDC,DC mature,6,6.0,4.798704146814935,False,True,Chen_Zhang_2020;He_Fan_2021;Kim_Lee_2020;Lambrechts_Thienpont_2018_6653;UKIM-V-2;Zuani_2024_NSCLC,1.0,0.7997840244691559,I-II,0,0.0,1,0.0,1.0,2,0.0,0.7997840244691559
CD52_SIGLEC10,T cell CD4 dividing,Monocyte non-classical,5,5.0,3.9874306124759764,True,True,Chen_Zhang_2020;Kim_Lee_2020;Lambrechts_Thienpont_2018_6653;UKIM-V-2;Zuani_2024_NSCLC,1.0,0.7974861224951952,I-II,0,0.0,2,0.0,2.0,2,0.0,0.7974861224951952
CCL5_CCR1,NK cell dividing,Monocyte non-classical,2,2.0,1.5885879207907663,True,False,UKIM-V-2;Zuani_2024_NSCLC,1.0,0.7942939603953831,I-II,0,0.0,1,0.0,1.0,2,0.0,0.7942939603953831
COL3A1_ADGRG1,Fibroblast peribronchial,T cell NK-like,6,5.0,4.751771239494036,True,False,Chen_Zhang_2020;Kim_Lee_2020;Lambrechts_Thienpont_2018_6653;Laughney_Massague_2020;Zuani_2024_NSCLC,0.8333333333333334,0.791961873249006,I-II,0,0.0,2,0.0,3.0,2,0.0,0.791961873249006
CD99_PILRA,T cell NK-like,Monocyte non-classical,5,5.0,3.9554844589285567,False,True,Chen_Zhang_2020;Kim_Lee_2020;Lambrechts_Thienpont_2018_6653;UKIM-V-2;Zuani_2024_NSCLC,1.0,0.7910968917857113,I-II,0,0.0,2,0.0,3.0,2,0.0,0.7910968917857113
CD44_TYROBP,myeloid dividing,NK cell dividing,3,3.0,2.3702558020292805,True,True,He_Fan_2021;UKIM-V-2;Zuani_2024_NSCLC,1.0,0.7900852673430935,I-II,0,0.0,1,0.0,1.0,2,0.0,0.7900852673430935
APP_CD74,Ciliated,Endothelial cell venous,7,6.0,5.529194624522645,True,False,Chen_Zhang_2020;Kim_Lee_2020;Lambrechts_Thienpont_2018_6653;Laughney_Massague_2020;UKIM-V-2;Zuani_2024_NSCLC,0.8571428571428571,0.7898849463603778,I-II,0,0.0,1,0.0,2.0,2,0.0,0.7898849463603778
HLA-E_CD94:NKG2C,Monocyte non-classical,NK cell dividing,2,2.0,1.5773754208931496,True,False,UKIM-V-2;Zuani_2024_NSCLC,1.0,0.7886877104465748,I-II,0,0.0,1,0.0,1.0,2,0.0,0.7886877104465748
HLA-E_KLRC2,Monocyte non-classical,NK cell dividing,2,2.0,1.5773754208931496,True,True,UKIM-V-2;Zuani_2024_NSCLC,1.0,0.7886877104465748,I-II,0,0.0,1,0.0,1.0,2,0.0,0.7886877104465748
HLA-E_KLRC1,Monocyte classical,NK cell dividing,3,3.0,2.363522006472944,False,True,He_Fan_2021;UKIM-V-2;Zuani_2024_NSCLC,1.0,0.7878406688243147,I-II,0,0.0,1,0.0,1.0,2,0.0,0.7878406688243147
HLA-E_KLRC1,Mast cell,NK cell dividing,3,3.0,2.3608119118704605,False,True,He_Fan_2021;UKIM-V-2;Zuani_2024_NSCLC,1.0,0.7869373039568202,I-II,0,0.0,1,0.0,1.0,2,0.0,0.7869373039568202
APP_CD74,Ciliated,T cell CD8 dividing,7,6.0,5.507362202653026,True,False,Chen_Zhang_2020;Kim_Lee_2020;Lambrechts_Thienpont_2018_6653;Laughney_Massague_2020;UKIM-V-2;Zuani_2024_NSCLC,0.8571428571428571,0.7867660289504322,I-II,0,0.0,1,0.0,2.0,2,0.0,0.7867660289504322
HLA-E_KLRC1,myeloid dividing,NK cell dividing,3,3.0,2.3597441414790055,True,True,He_Fan_2021;UKIM-V-2;Zuani_2024_NSCLC,1.0,0.7865813804930019,I-II,0,0.0,1,0.0,1.0,2,0.0,0.7865813804930019
ANXA1_FPR1,Monocyte classical,Monocyte non-classical,5,5.0,3.928346927847408,True,True,Chen_Zhang_2020;Kim_Lee_2020;Lambrechts_Thienpont_2018_6653;UKIM-V-2;Zuani_2024_NSCLC,1.0,0.7856693855694816,I-II,0,0.0,2,0.0,3.0,2,0.0,0.7856693855694816
HLA-E_CD94:NKG2C,NK cell,NK cell dividing,3,3.0,2.3543143937250766,False,False,He_Fan_2021;UKIM-V-2;Zuani_2024_NSCLC,1.0,0.7847714645750256,I-II,0,0.0,1,0.0,1.0,2,0.0,0.7847714645750256
HLA-E_CD94:NKG2C,T cell NK-like,NK cell dividing,3,3.0,2.3528049877226143,False,False,He_Fan_2021;UKIM-V-2;Zuani_2024_NSCLC,1.0,0.7842683292408714,I-II,0,0.0,1,0.0,1.0,2,0.0,0.7842683292408714
CD44_TYROBP,DC mature,NK cell dividing,3,3.0,2.3515200474560594,True,True,He_Fan_2021;UKIM-V-2;Zuani_2024_NSCLC,1.0,0.7838400158186865,I-II,0,0.0,1,0.0,1.0,2,0.0,0.7838400158186865
HLA-E_CD94:NKG2C,Endothelial cell venous,NK cell dividing,3,3.0,2.349594672959718,True,False,He_Fan_2021;UKIM-V-2;Zuani_2024_NSCLC,1.0,0.7831982243199059,I-II,0,0.0,1,0.0,1.0,2,0.0,0.7831982243199059
HLA-E_KLRC2,Endothelial cell venous,NK cell dividing,3,3.0,2.349594672959718,True,True,He_Fan_2021;UKIM-V-2;Zuani_2024_NSCLC,1.0,0.7831982243199059,I-II,0,0.0,1,0.0,1.0,2,0.0,0.7831982243199059
HLA-E_CD94:NKG2A,myeloid dividing,NK cell dividing,3,3.0,2.346840915672554,True,False,He_Fan_2021;UKIM-V-2;Zuani_2024_NSCLC,1.0,0.7822803052241847,I-II,0,0.0,1,0.0,1.0,2,0.0,0.7822803052241847
HLA-E_CD94:NKG2A,Mast cell,NK cell dividing,3,3.0,2.3443602989672345,False,False,He_Fan_2021;UKIM-V-2;Zuani_2024_NSCLC,1.0,0.7814534329890782,I-II,0,0.0,1,0.0,1.0,2,0.0,0.7814534329890782
HLA-E_CD94:NKG2A,Monocyte classical,NK cell dividing,3,3.0,2.343522006472944,False,False,He_Fan_2021;UKIM-V-2;Zuani_2024_NSCLC,1.0,0.781174002157648,I-II,0,0.0,1,0.0,1.0,2,0.0,0.781174002157648
COL3A1_ADGRG1,Fibroblast peribronchial,Ciliated,6,5.0,4.686186955900013,True,False,Chen_Zhang_2020;He_Fan_2021;Lambrechts_Thienpont_2018_6653;Laughney_Massague_2020;Zuani_2024_NSCLC,0.8333333333333334,0.7810311593166688,I-II,0,0.0,1,0.0,2.0,2,0.0,0.7810311593166688
CXCL12_CXCR4,Fibroblast peribronchial,T cell CD8 dividing,6,6.0,4.682305806927471,True,True,Chen_Zhang_2020;He_Fan_2021;Kim_Lee_2020;Lambrechts_Thienpont_2018_6653;Laughney_Massague_2020;Zuani_2024_NSCLC,1.0,0.7803843011545785,I-II,0,0.0,2,0.0,3.0,2,0.0,0.7803843011545785
ANXA1_FPR1,Macrophage alveolar,Monocyte non-classical,5,5.0,3.9009245399119976,True,True,Chen_Zhang_2020;Kim_Lee_2020;Lambrechts_Thienpont_2018_6653;UKIM-V-2;Zuani_2024_NSCLC,1.0,0.7801849079823995,I-II,0,0.0,2,0.0,3.0,2,0.0,0.7801849079823995
APP_CD74,Ciliated,T cell CD4 dividing,7,6.0,5.4568393025340285,True,False,Chen_Zhang_2020;Kim_Lee_2020;Lambrechts_Thienpont_2018_6653;Laughney_Massague_2020;UKIM-V-2;Zuani_2024_NSCLC,0.8571428571428571,0.7795484717905755,I-II,0,0.0,1,0.0,2.0,2,0.0,0.7795484717905755
CD52_SIGLEC10,T cell CD8 activated,Monocyte non-classical,4,4.0,3.109767528549474,False,True,Chen_Zhang_2020;Kim_Lee_2020;UKIM-V-2;Zuani_2024_NSCLC,1.0,0.7774418821373685,I-II,0,0.0,1,0.0,2.0,2,0.0,0.7774418821373685
CD99_PILRA,T cell CD8 terminally exhausted,Monocyte non-classical,5,5.0,3.8866632074422576,False,True,Chen_Zhang_2020;Kim_Lee_2020;Lambrechts_Thienpont_2018_6653;UKIM-V-2;Zuani_2024_NSCLC,1.0,0.7773326414884515,I-II,0,0.0,2,0.0,3.0,2,0.0,0.7773326414884515
HLA-E_KLRC1,pDC,NK cell dividing,3,3.0,2.328088004226134,False,True,He_Fan_2021;UKIM-V-2;Zuani_2024_NSCLC,1.0,0.7760293347420446,I-II,0,0.0,1,0.0,1.0,2,0.0,0.7760293347420446
HLA-E_CD94:NKG2C,T cell CD8 naive,NK cell dividing,3,3.0,2.318721518661333,False,False,He_Fan_2021;UKIM-V-2;Zuani_2024_NSCLC,1.0,0.772907172887111,I-II,0,0.0,1,0.0,1.0,2,0.0,0.772907172887111
PTPRC_CD22,Monocyte non-classical,B cell,5,5.0,3.863984247919653,True,True,Chen_Zhang_2020;Kim_Lee_2020;Lambrechts_Thienpont_2018_6653;UKIM-V-2;Zuani_2024_NSCLC,1.0,0.7727968495839306,I-II,0,0.0,2,0.0,3.0,2,0.0,0.7727968495839306
ANXA1_FPR1,cDC2,Monocyte non-classical,5,5.0,3.850102400861229,True,True,Chen_Zhang_2020;Kim_Lee_2020;Lambrechts_Thienpont_2018_6653;UKIM-V-2;Zuani_2024_NSCLC,1.0,0.7700204801722458,I-II,0,0.0,2,0.0,3.0,2,0.0,0.7700204801722458
HLA-E_CD94:NKG2A,pDC,NK cell dividing,3,3.0,2.3090557461616177,False,False,He_Fan_2021;UKIM-V-2;Zuani_2024_NSCLC,1.0,0.7696852487205392,I-II,0,0.0,1,0.0,1.0,2,0.0,0.7696852487205392
PTPRC_MRC1,Monocyte non-classical,Monocyte classical,5,5.0,3.842754139175867,True,True,Chen_Zhang_2020;Kim_Lee_2020;Lambrechts_Thienpont_2018_6653;UKIM-V-2;Zuani_2024_NSCLC,1.0,0.7685508278351734,I-II,0,0.0,2,0.0,3.0,2,0.0,0.7685508278351734
HLA-E_KLRC1,DC mature,NK cell dividing,3,3.0,2.304200346139451,False,True,He_Fan_2021;UKIM-V-2;Zuani_2024_NSCLC,1.0,0.7680667820464837,I-II,0,0.0,1,0.0,1.0,2,0.0,0.7680667820464837
HLA-E_CD94:NKG2C,T cell regulatory,NK cell dividing,3,3.0,2.301106361781013,False,False,He_Fan_2021;UKIM-V-2;Zuani_2024_NSCLC,1.0,0.7670354539270043,I-II,0,0.0,1,0.0,1.0,2,0.0,0.7670354539270043
APP_CD74,pDC,Monocyte non-classical,5,4.0,3.8336689956248198,True,True,Chen_Zhang_2020;Kim_Lee_2020;Lambrechts_Thienpont_2018_6653;UKIM-V-2,0.8,0.766733799124964,I-II,0,0.0,2,0.0,2.0,2,0.0,0.766733799124964
CLU_TREM2_receptor,Ciliated,Macrophage,7,7.0,5.366160816970835,True,False,Chen_Zhang_2020;He_Fan_2021;Kim_Lee_2020;Lambrechts_Thienpont_2018_6653;Laughney_Massague_2020;UKIM-V-2;Zuani_2024_NSCLC,1.0,0.766594402424405,I-II,0,0.0,1,0.0,2.0,2,0.0,0.766594402424405
APP_CD74,Ciliated,Ciliated,7,6.0,5.354871975625364,True,True,Chen_Zhang_2020;Kim_Lee_2020;Lambrechts_Thienpont_2018_6653;Laughney_Massague_2020;UKIM-V-2;Zuani_2024_NSCLC,0.8571428571428571,0.7649817108036234,I-II,0,0.0,1,0.0,2.0,2,0.0,0.7649817108036234
HLA-E_CD94:NKG2A,DC mature,NK cell dividing,3,3.0,2.292910023558806,False,False,He_Fan_2021;UKIM-V-2;Zuani_2024_NSCLC,1.0,0.7643033411862686,I-II,0,0.0,1,0.0,1.0,2,0.0,0.7643033411862686
HLA-E_KLRC1,cDC2,NK cell dividing,3,3.0,2.2917888239586466,False,True,He_Fan_2021;UKIM-V-2;Zuani_2024_NSCLC,1.0,0.7639296079862156,I-II,0,0.0,1,0.0,1.0,2,0.0,0.7639296079862156
ANXA1_FPR1,T cell CD8 effector memory,Monocyte non-classical,5,5.0,3.8034611060548156,False,True,Chen_Zhang_2020;Kim_Lee_2020;Lambrechts_Thienpont_2018_6653;UKIM-V-2;Zuani_2024_NSCLC,1.0,0.7606922212109631,I-II,0,0.0,2,0.0,3.0,2,0.0,0.7606922212109631
HLA-E_KLRC1,Macrophage alveolar,NK cell dividing,3,3.0,2.281929781479105,True,True,He_Fan_2021;UKIM-V-2;Zuani_2024_NSCLC,1.0,0.760643260493035,I-II,0,0.0,1,0.0,1.0,2,0.0,0.760643260493035
CD44_TYROBP,cDC2,NK cell dividing,3,3.0,2.281383171053022,True,True,He_Fan_2021;UKIM-V-2;Zuani_2024_NSCLC,1.0,0.760461057017674,I-II,0,0.0,1,0.0,1.0,2,0.0,0.760461057017674
ANXA1_FPR1,Ciliated,cDC2,7,7.0,5.3230832406968585,True,True,Chen_Zhang_2020;He_Fan_2021;Kim_Lee_2020;Lambrechts_Thienpont_2018_6653;Laughney_Massague_2020;UKIM-V-2;Zuani_2024_NSCLC,1.0,0.7604404629566941,I-II,0,0.0,1,0.0,2.0,2,0.0,0.7604404629566941
CD52_SIGLEC10,T cell CD8 dividing,myeloid dividing,7,7.0,5.321373207804778,True,True,Chen_Zhang_2020;He_Fan_2021;Kim_Lee_2020;Lambrechts_Thienpont_2018_6653;Laughney_Massague_2020;UKIM-V-2;Zuani_2024_NSCLC,1.0,0.7601961725435398,I-II,0,0.0,2,0.0,1.0,2,0.0,0.7601961725435398
CD99_PILRA,T cell CD4 dividing,Monocyte non-classical,5,5.0,3.8009556634882617,True,True,Chen_Zhang_2020;Kim_Lee_2020;Lambrechts_Thienpont_2018_6653;UKIM-V-2;Zuani_2024_NSCLC,1.0,0.7601911326976524,I-II,0,0.0,2,0.0,2.0,2,0.0,0.7601911326976524
APP_CD74,Ciliated,T cell CD8 terminally exhausted,7,6.0,5.321290853714198,True,False,Chen_Zhang_2020;Kim_Lee_2020;Lambrechts_Thienpont_2018_6653;Laughney_Massague_2020;UKIM-V-2;Zuani_2024_NSCLC,0.8571428571428571,0.7601844076734569,I-II,0,0.0,1,0.0,2.0,2,0.0,0.7601844076734569
HLA-E_CD94:NKG2A,cDC2,NK cell dividing,3,3.0,2.2772726949263884,False,False,He_Fan_2021;UKIM-V-2;Zuani_2024_NSCLC,1.0,0.7590908983087962,I-II,0,0.0,1,0.0,1.0,2,0.0,0.7590908983087962
ANXA1_FPR1,Macrophage,Monocyte non-classical,5,5.0,3.792612679850822,True,True,Chen_Zhang_2020;Kim_Lee_2020;Lambrechts_Thienpont_2018_6653;UKIM-V-2;Zuani_2024_NSCLC,1.0,0.7585225359701644,I-II,0,0.0,2,0.0,3.0,2,0.0,0.7585225359701644
HLA-E_KLRC1,cDC1,NK cell dividing,3,3.0,2.273589148070104,False,True,He_Fan_2021;UKIM-V-2;Zuani_2024_NSCLC,1.0,0.7578630493567013,I-II,0,0.0,1,0.0,1.0,2,0.0,0.7578630493567013
HLA-E_CD94:NKG2A,NK cell dividing,NK cell,3,3.0,2.270779887233732,False,False,He_Fan_2021;UKIM-V-2;Zuani_2024_NSCLC,1.0,0.7569266290779106,I-II,0,0.0,1,0.0,1.0,2,0.0,0.7569266290779106
ANXA1_FPR3,Ciliated,Macrophage,7,7.0,5.29629360548254,True,True,Chen_Zhang_2020;He_Fan_2021;Kim_Lee_2020;Lambrechts_Thienpont_2018_6653;Laughney_Massague_2020;UKIM-V-2;Zuani_2024_NSCLC,1.0,0.7566133722117915,I-II,0,0.0,1,0.0,2.0,2,0.0,0.7566133722117915
APP_CD74,Ciliated,T cell CD8 activated,5,5.0,3.7830588963051586,True,False,Chen_Zhang_2020;Kim_Lee_2020;Laughney_Massague_2020;UKIM-V-2;Zuani_2024_NSCLC,1.0,0.7566117792610317,I-II,0,0.0,1,0.0,2.0,2,0.0,0.7566117792610317
CD44_TYROBP,T cell CD8 naive,pDC,7,6.0,5.289629520194698,False,True,Chen_Zhang_2020;He_Fan_2021;Kim_Lee_2020;Lambrechts_Thienpont_2018_6653;Laughney_Massague_2020;UKIM-V-2,0.8571428571428571,0.7556613600278139,I-II,0,0.0,2,0.0,2.0,2,0.0,0.7556613600278139
HLA-E_CD94:NKG2A,Macrophage alveolar,NK cell dividing,3,3.0,2.2638652653500726,True,False,He_Fan_2021;UKIM-V-2;Zuani_2024_NSCLC,1.0,0.7546217551166908,I-II,0,0.0,1,0.0,1.0,2,0.0,0.7546217551166908
HLA-E_CD94:NKG2A,cDC1,NK cell dividing,3,3.0,2.2610085029088136,False,False,He_Fan_2021;UKIM-V-2;Zuani_2024_NSCLC,1.0,0.7536695009696045,I-II,0,0.0,1,0.0,1.0,2,0.0,0.7536695009696045
APP_CD74,Fibroblast peribronchial,T cell CD8 dividing,6,5.0,4.515639993445298,True,False,Chen_Zhang_2020;Kim_Lee_2020;Lambrechts_Thienpont_2018_6653;Laughney_Massague_2020;Zuani_2024_NSCLC,0.8333333333333334,0.7526066655742163,I-II,0,0.0,2,0.0,3.0,2,0.0,0.7526066655742163
CD99_PILRA,Endothelial cell venous,Monocyte non-classical,5,5.0,3.7552112928555696,False,True,Chen_Zhang_2020;Kim_Lee_2020;Lambrechts_Thienpont_2018_6653;UKIM-V-2;Zuani_2024_NSCLC,1.0,0.751042258571114,I-II,0,0.0,1,0.0,2.0,2,0.0,0.751042258571114
ANXA1_FPR1,T cell CD4,Monocyte non-classical,5,5.0,3.740531113341865,False,True,Chen_Zhang_2020;Kim_Lee_2020;Lambrechts_Thienpont_2018_6653;UKIM-V-2;Zuani_2024_NSCLC,1.0,0.748106222668373,I-II,0,0.0,2,0.0,3.0,2,0.0,0.748106222668373
APP_CD74,Monocyte non-classical,B cell,5,4.0,3.7397828427638444,False,True,Chen_Zhang_2020;Kim_Lee_2020;Lambrechts_Thienpont_2018_6653;UKIM-V-2,0.8,0.7479565685527689,I-II,0,0.0,2,0.0,3.0,2,0.0,0.7479565685527689
PTPRC_MRC1,T cell CD8 dividing,myeloid dividing,7,7.0,5.232021645881498,True,True,Chen_Zhang_2020;He_Fan_2021;Kim_Lee_2020;Lambrechts_Thienpont_2018_6653;Laughney_Massague_2020;UKIM-V-2;Zuani_2024_NSCLC,1.0,0.7474316636973569,I-II,0,0.0,2,0.0,1.0,2,0.0,0.7474316636973569
CD99_PILRA,NK cell,Monocyte non-classical,5,5.0,3.7313032696541137,False,True,Chen_Zhang_2020;Kim_Lee_2020;Lambrechts_Thienpont_2018_6653;UKIM-V-2;Zuani_2024_NSCLC,1.0,0.7462606539308227,I-II,0,0.0,2,0.0,3.0,2,0.0,0.7462606539308227
CXCL12_CXCR4,Fibroblast alveolar,Monocyte non-classical,3,3.0,2.2379316976074635,True,False,Chen_Zhang_2020;Kim_Lee_2020;Lambrechts_Thienpont_2018_6653,1.0,0.7459772325358212,I-II,0,0.0,1,0.0,1.0,2,0.0,0.7459772325358212
PTPRC_CD22,Monocyte non-classical,Mast cell,5,5.0,3.729255917844462,True,True,Chen_Zhang_2020;Kim_Lee_2020;Lambrechts_Thienpont_2018_6653;UKIM-V-2;Zuani_2024_NSCLC,1.0,0.7458511835688924,I-II,0,0.0,2,0.0,3.0,2,0.0,0.7458511835688924
ANXA1_FPR1,T cell NK-like,Monocyte non-classical,5,5.0,3.7231386318365365,False,True,Chen_Zhang_2020;Kim_Lee_2020;Lambrechts_Thienpont_2018_6653;UKIM-V-2;Zuani_2024_NSCLC,1.0,0.7446277263673073,I-II,0,0.0,2,0.0,3.0,2,0.0,0.7446277263673073
APP_CD74,pDC,B cell,8,6.0,5.956307056032225,True,True,Chen_Zhang_2020;He_Fan_2021;Kim_Lee_2020;Lambrechts_Thienpont_2018_6653;Laughney_Massague_2020;UKIM-V-2,0.75,0.7445383820040281,I-II,0,0.0,2,0.0,3.0,2,0.0,0.7445383820040281
HLA-E_CD94:NKG2C,T cell CD8 activated,NK cell dividing,2,2.0,1.4859355090091513,False,False,UKIM-V-2;Zuani_2024_NSCLC,1.0,0.7429677545045756,I-II,0,0.0,1,0.0,1.0,2,0.0,0.7429677545045756
HLA-E_CD94:NKG2C,T cell CD8 effector memory,NK cell dividing,3,3.0,2.2284755890937675,False,False,He_Fan_2021;UKIM-V-2;Zuani_2024_NSCLC,1.0,0.7428251963645892,I-II,0,0.0,1,0.0,1.0,2,0.0,0.7428251963645892
HLA-E_CD94:NKG2C,T cell CD8 terminally exhausted,NK cell dividing,3,3.0,2.2269604062159356,False,False,He_Fan_2021;UKIM-V-2;Zuani_2024_NSCLC,1.0,0.7423201354053118,I-II,0,0.0,1,0.0,1.0,2,0.0,0.7423201354053118
ANXA1_FPR1,NK cell dividing,Monocyte non-classical,2,2.0,1.483942017081056,False,True,UKIM-V-2;Zuani_2024_NSCLC,1.0,0.741971008540528,I-II,0,0.0,1,0.0,1.0,2,0.0,0.741971008540528
HLA-E_CD94:NKG2C,B cell,NK cell dividing,3,3.0,2.222147142469825,False,False,He_Fan_2021;UKIM-V-2;Zuani_2024_NSCLC,1.0,0.7407157141566083,I-II,0,0.0,1,0.0,1.0,2,0.0,0.7407157141566083
ANXA1_FPR2,Ciliated,Monocyte non-classical,5,5.0,3.70250963644882,True,True,Chen_Zhang_2020;Kim_Lee_2020;Lambrechts_Thienpont_2018_6653;UKIM-V-2;Zuani_2024_NSCLC,1.0,0.7405019272897639,I-II,0,0.0,1,0.0,2.0,2,0.0,0.7405019272897639
CD99_PILRA,T cell CD8 naive,Monocyte non-classical,5,5.0,3.7005512998856727,False,True,Chen_Zhang_2020;Kim_Lee_2020;Lambrechts_Thienpont_2018_6653;UKIM-V-2;Zuani_2024_NSCLC,1.0,0.7401102599771345,I-II,0,0.0,2,0.0,3.0,2,0.0,0.7401102599771345
ANXA1_FPR1,Monocyte non-classical,Monocyte classical,5,5.0,3.695274193724173,False,True,Chen_Zhang_2020;Kim_Lee_2020;Lambrechts_Thienpont_2018_6653;UKIM-V-2;Zuani_2024_NSCLC,1.0,0.7390548387448346,I-II,0,0.0,2,0.0,3.0,2,0.0,0.7390548387448346
APP_CD74,Ciliated,T cell regulatory,7,6.0,5.170196356957823,True,False,Chen_Zhang_2020;Kim_Lee_2020;Lambrechts_Thienpont_2018_6653;Laughney_Massague_2020;UKIM-V-2;Zuani_2024_NSCLC,0.8571428571428571,0.7385994795654033,I-II,0,0.0,1,0.0,2.0,2,0.0,0.7385994795654033
CD99_PILRA,T cell CD8 effector memory,Monocyte non-classical,5,5.0,3.6836572427363015,False,True,Chen_Zhang_2020;Kim_Lee_2020;Lambrechts_Thienpont_2018_6653;UKIM-V-2;Zuani_2024_NSCLC,1.0,0.7367314485472602,I-II,0,0.0,2,0.0,3.0,2,0.0,0.7367314485472602
ANXA1_FPR1,Monocyte non-classical,Monocyte non-classical,5,5.0,3.6752944592827785,False,True,Chen_Zhang_2020;Kim_Lee_2020;Lambrechts_Thienpont_2018_6653;UKIM-V-2;Zuani_2024_NSCLC,1.0,0.7350588918565557,I-II,0,0.0,2,0.0,3.0,2,0.0,0.7350588918565557
CCL5_CCR1,T cell CD8 naive,Monocyte classical,7,6.0,5.1409593418215715,True,True,Chen_Zhang_2020;He_Fan_2021;Kim_Lee_2020;Lambrechts_Thienpont_2018_6653;UKIM-V-2;Zuani_2024_NSCLC,0.8571428571428571,0.7344227631173673,I-II,0,0.0,2,0.0,3.0,2,0.0,0.7344227631173673
CD44_TYROBP,Fibroblast peribronchial,NK cell dividing,2,2.0,1.4679388468516306,False,True,He_Fan_2021;Zuani_2024_NSCLC,1.0,0.7339694234258153,I-II,0,0.0,1,0.0,1.0,2,0.0,0.7339694234258153
CLU_TREM2_receptor,Ciliated,myeloid dividing,7,7.0,5.134100519137595,True,False,Chen_Zhang_2020;He_Fan_2021;Kim_Lee_2020;Lambrechts_Thienpont_2018_6653;Laughney_Massague_2020;UKIM-V-2;Zuani_2024_NSCLC,1.0,0.7334429313053707,I-II,0,0.0,1,0.0,1.0,2,0.0,0.7334429313053707
CD44_TYROBP,DC mature,pDC,6,5.0,4.39919185492138,True,True,Chen_Zhang_2020;He_Fan_2021;Kim_Lee_2020;Lambrechts_Thienpont_2018_6653;UKIM-V-2,0.8333333333333334,0.7331986424868967,I-II,0,0.0,1,0.0,1.0,2,0.0,0.7331986424868967
ANXA1_FPR3,Ciliated,cDC2,7,7.0,5.126573405440317,True,True,Chen_Zhang_2020;He_Fan_2021;Kim_Lee_2020;Lambrechts_Thienpont_2018_6653;Laughney_Massague_2020;UKIM-V-2;Zuani_2024_NSCLC,1.0,0.7323676293486168,I-II,0,0.0,1,0.0,2.0,2,0.0,0.7323676293486168
APP_CD74,Fibroblast peribronchial,Ciliated,6,5.0,4.386246538960491,True,True,Chen_Zhang_2020;Kim_Lee_2020;Lambrechts_Thienpont_2018_6653;Laughney_Massague_2020;Zuani_2024_NSCLC,0.8333333333333334,0.7310410898267485,I-II,0,0.0,1,0.0,2.0,2,0.0,0.7310410898267485
ANXA1_FPR1,T cell CD8 naive,Monocyte non-classical,5,5.0,3.6536517786538107,False,True,Chen_Zhang_2020;Kim_Lee_2020;Lambrechts_Thienpont_2018_6653;UKIM-V-2;Zuani_2024_NSCLC,1.0,0.7307303557307622,I-II,0,0.0,2,0.0,3.0,2,0.0,0.7307303557307622
HLA-E_CD94:NKG2C,T cell CD8 dividing,NK cell dividing,3,3.0,2.187534113037252,False,False,He_Fan_2021;UKIM-V-2;Zuani_2024_NSCLC,1.0,0.729178037679084,I-II,0,0.0,1,0.0,1.0,2,0.0,0.729178037679084
CD52_SIGLEC10,Mast cell,Monocyte non-classical,5,5.0,3.6296435157028712,True,True,Chen_Zhang_2020;Kim_Lee_2020;Lambrechts_Thienpont_2018_6653;UKIM-V-2;Zuani_2024_NSCLC,1.0,0.7259287031405742,I-II,0,0.0,2,0.0,3.0,2,0.0,0.7259287031405742
ANXA1_FPR1,NK cell,Monocyte non-classical,5,5.0,3.6285861874752254,False,True,Chen_Zhang_2020;Kim_Lee_2020;Lambrechts_Thienpont_2018_6653;UKIM-V-2;Zuani_2024_NSCLC,1.0,0.7257172374950451,I-II,0,0.0,2,0.0,3.0,2,0.0,0.7257172374950451
PTPRC_MRC1,NK cell dividing,myeloid dividing,3,3.0,2.1744524062532276,True,True,He_Fan_2021;UKIM-V-2;Zuani_2024_NSCLC,1.0,0.7248174687510759,I-II,0,0.0,1,0.0,1.0,2,0.0,0.7248174687510759
CCL5_CCR1,T cell NK-like,Monocyte non-classical,5,4.0,3.619297804134734,True,False,Chen_Zhang_2020;Lambrechts_Thienpont_2018_6653;UKIM-V-2;Zuani_2024_NSCLC,0.8,0.7238595608269468,I-II,0,0.0,2,0.0,3.0,2,0.0,0.7238595608269468
APP_CD74,Fibroblast peribronchial,T cell CD8 terminally exhausted,6,5.0,4.337419063295078,True,False,Chen_Zhang_2020;Kim_Lee_2020;Lambrechts_Thienpont_2018_6653;Laughney_Massague_2020;Zuani_2024_NSCLC,0.8333333333333334,0.7229031772158464,I-II,0,0.0,2,0.0,4.0,2,0.0,0.7229031772158464
CD44_TYROBP,T cell CD8 dividing,pDC,7,6.0,5.058361661159879,False,True,Chen_Zhang_2020;He_Fan_2021;Kim_Lee_2020;Lambrechts_Thienpont_2018_6653;Laughney_Massague_2020;UKIM-V-2,0.8571428571428571,0.7226230944514114,I-II,0,0.0,2,0.0,2.0,2,0.0,0.7226230944514114
CD44_TYROBP,T cell NK-like,pDC,7,6.0,5.034518279875207,False,True,Chen_Zhang_2020;He_Fan_2021;Kim_Lee_2020;Lambrechts_Thienpont_2018_6653;Laughney_Massague_2020;UKIM-V-2,0.8571428571428571,0.7192168971250296,I-II,0,0.0,2,0.0,2.0,2,0.0,0.7192168971250296
CCL5_CCR1,T cell CD8 terminally exhausted,Monocyte non-classical,5,4.0,3.5869981508806834,True,False,Chen_Zhang_2020;Lambrechts_Thienpont_2018_6653;UKIM-V-2;Zuani_2024_NSCLC,0.8,0.7173996301761367,I-II,0,0.0,2,0.0,3.0,2,0.0,0.7173996301761367
PECAM1_CD38,Monocyte non-classical,NK cell dividing,2,2.0,1.4340445174584118,True,True,UKIM-V-2;Zuani_2024_NSCLC,1.0,0.7170222587292059,I-II,0,0.0,1,0.0,1.0,2,0.0,0.7170222587292059
APP_CD74,Ciliated,T cell CD8 effector memory,7,6.0,5.018273276536721,True,False,Chen_Zhang_2020;Kim_Lee_2020;Lambrechts_Thienpont_2018_6653;Laughney_Massague_2020;UKIM-V-2;Zuani_2024_NSCLC,0.8571428571428571,0.7168961823623887,I-II,0,0.0,1,0.0,2.0,2,0.0,0.7168961823623887
HLA-E_CD94:NKG2C,T cell CD4,NK cell dividing,3,3.0,2.14990379951818,False,False,He_Fan_2021;UKIM-V-2;Zuani_2024_NSCLC,1.0,0.7166345998393933,I-II,0,0.0,1,0.0,1.0,2,0.0,0.7166345998393933
ANXA1_FPR1,T cell CD8 dividing,Monocyte non-classical,5,5.0,3.574142344194576,True,True,Chen_Zhang_2020;Kim_Lee_2020;Lambrechts_Thienpont_2018_6653;UKIM-V-2;Zuani_2024_NSCLC,1.0,0.7148284688389153,I-II,0,0.0,2,0.0,3.0,2,0.0,0.7148284688389153
HLA-E_KLRC1,Fibroblast peribronchial,NK cell dividing,2,2.0,1.4294026284348864,False,True,He_Fan_2021;Zuani_2024_NSCLC,1.0,0.7147013142174432,I-II,0,0.0,1,0.0,1.0,2,0.0,0.7147013142174432
HLA-E_CD94:NKG2C,NK cell dividing,NK cell dividing,3,3.0,2.139936010112042,False,False,He_Fan_2021;UKIM-V-2;Zuani_2024_NSCLC,1.0,0.7133120033706807,I-II,0,0.0,1,0.0,1.0,2,0.0,0.7133120033706807
CD99_PILRA,Fibroblast alveolar,Monocyte non-classical,3,3.0,2.136768320875663,True,True,Chen_Zhang_2020;Kim_Lee_2020;Lambrechts_Thienpont_2018_6653,1.0,0.7122561069585543,I-II,0,0.0,1,0.0,1.0,2,0.0,0.7122561069585543
HLA-E_CD94:NKG2A,pDC,NK cell,8,8.0,5.679679165097669,False,False,Chen_Zhang_2020;He_Fan_2021;Kim_Lee_2020;Lambrechts_Thienpont_2018_6653;Laughney_Massague_2020;UKIM-V-2;Zilionis_Klein_2019;Zuani_2024_NSCLC,1.0,0.7099598956372086,I-II,0,0.0,2,0.0,3.0,2,0.0,0.7099598956372086
ANXA1_FPR1,Ciliated,myeloid dividing,7,7.0,4.96940120978974,True,True,Chen_Zhang_2020;He_Fan_2021;Kim_Lee_2020;Lambrechts_Thienpont_2018_6653;Laughney_Massague_2020;UKIM-V-2;Zuani_2024_NSCLC,1.0,0.7099144585413913,I-II,0,0.0,1,0.0,1.0,2,0.0,0.7099144585413913
CD44_TYROBP,Monocyte non-classical,pDC,5,4.0,3.533765740076326,True,True,Chen_Zhang_2020;Kim_Lee_2020;Lambrechts_Thienpont_2018_6653;UKIM-V-2,0.8,0.7067531480152651,I-II,0,0.0,2,0.0,2.0,2,0.0,0.7067531480152651
PTPRC_MRC1,NK cell dividing,cDC2,3,3.0,2.1193988826190635,True,True,He_Fan_2021;UKIM-V-2;Zuani_2024_NSCLC,1.0,0.7064662942063545,I-II,0,0.0,1,0.0,1.0,2,0.0,0.7064662942063545
CCL5_CCR1,T cell CD8 effector memory,Monocyte non-classical,5,4.0,3.5210966851516123,True,False,Chen_Zhang_2020;Lambrechts_Thienpont_2018_6653;UKIM-V-2;Zuani_2024_NSCLC,0.8,0.7042193370303225,I-II,0,0.0,2,0.0,3.0,2,0.0,0.7042193370303225
PTPRC_MRC1,T cell NK-like,myeloid dividing,7,6.0,4.929086789321339,True,True,Chen_Zhang_2020;Kim_Lee_2020;Lambrechts_Thienpont_2018_6653;Laughney_Massague_2020;UKIM-V-2;Zuani_2024_NSCLC,0.8571428571428571,0.7041552556173342,I-II,0,0.0,2,0.0,1.0,2,0.0,0.7041552556173342
HLA-E_CD94:NKG2A,Fibroblast peribronchial,NK cell dividing,2,2.0,1.4039187574671446,False,False,He_Fan_2021;Zuani_2024_NSCLC,1.0,0.7019593787335723,I-II,0,0.0,1,0.0,1.0,2,0.0,0.7019593787335723
APP_CD74,Ciliated,T cell NK-like,7,6.0,4.909966064968102,True,False,Chen_Zhang_2020;Kim_Lee_2020;Lambrechts_Thienpont_2018_6653;Laughney_Massague_2020;UKIM-V-2;Zuani_2024_NSCLC,0.8571428571428571,0.7014237235668717,I-II,0,0.0,1,0.0,2.0,2,0.0,0.7014237235668717
ANXA1_FPR3,Ciliated,myeloid dividing,7,7.0,4.88354617366643,True,True,Chen_Zhang_2020;He_Fan_2021;Kim_Lee_2020;Lambrechts_Thienpont_2018_6653;Laughney_Massague_2020;UKIM-V-2;Zuani_2024_NSCLC,1.0,0.6976494533809185,I-II,0,0.0,1,0.0,1.0,2,0.0,0.6976494533809185
THY1_ADGRE2,Fibroblast peribronchial,Monocyte non-classical,4,4.0,2.7867843997725212,True,True,Chen_Zhang_2020;Kim_Lee_2020;Lambrechts_Thienpont_2018_6653;Zuani_2024_NSCLC,1.0,0.6966960999431303,I-II,0,0.0,2,0.0,3.0,2,0.0,0.6966960999431303
CLU_TREM2_receptor,Ciliated,Macrophage alveolar,6,6.0,4.173575508288364,True,False,Chen_Zhang_2020;He_Fan_2021;Kim_Lee_2020;Lambrechts_Thienpont_2018_6653;UKIM-V-2;Zuani_2024_NSCLC,1.0,0.6955959180480606,I-II,0,0.0,1,0.0,2.0,2,0.0,0.6955959180480606
APP_CD74,Ciliated,T cell CD8 naive,7,6.0,4.857964452085027,True,False,Chen_Zhang_2020;Kim_Lee_2020;Lambrechts_Thienpont_2018_6653;Laughney_Massague_2020;UKIM-V-2;Zuani_2024_NSCLC,0.8571428571428571,0.6939949217264324,I-II,0,0.0,1,0.0,2.0,2,0.0,0.6939949217264324
CD44_TYROBP,myeloid dividing,cDC1,7,7.0,4.855181710765495,True,True,Chen_Zhang_2020;He_Fan_2021;Kim_Lee_2020;Lambrechts_Thienpont_2018_6653;Laughney_Massague_2020;UKIM-V-2;Zuani_2024_NSCLC,1.0,0.6935973872522136,I-II,0,0.0,1,0.0,1.0,2,0.0,0.6935973872522136
ANXA1_FPR2,myeloid dividing,Monocyte non-classical,5,5.0,3.462695047316425,True,True,Chen_Zhang_2020;Kim_Lee_2020;Lambrechts_Thienpont_2018_6653;UKIM-V-2;Zuani_2024_NSCLC,1.0,0.6925390094632851,I-II,0,0.0,2,0.0,1.0,2,0.0,0.6925390094632851
CXCL12_CXCR4,Fibroblast peribronchial,T cell NK-like,6,5.0,4.146852491452412,True,True,Chen_Zhang_2020;Kim_Lee_2020;Lambrechts_Thienpont_2018_6653;Laughney_Massague_2020;Zuani_2024_NSCLC,0.8333333333333334,0.6911420819087354,I-II,0,0.0,2,0.0,3.0,2,0.0,0.6911420819087354
CD52_SIGLEC10,T cell CD8 terminally exhausted,myeloid dividing,8,7.0,5.52855655511536,True,True,He_Fan_2021;Kim_Lee_2020;Lambrechts_Thienpont_2018_6653;Laughney_Massague_2020;UKIM-V-2;Zilionis_Klein_2019;Zuani_2024_NSCLC,0.875,0.69106956938942,I-II,0,0.0,2,0.0,2.0,2,0.0,0.69106956938942
ANXA1_FPR1,T cell CD8 terminally exhausted,Monocyte non-classical,5,5.0,3.448933446211645,False,True,Chen_Zhang_2020;Kim_Lee_2020;Lambrechts_Thienpont_2018_6653;UKIM-V-2;Zuani_2024_NSCLC,1.0,0.689786689242329,I-II,0,0.0,2,0.0,3.0,2,0.0,0.689786689242329
APP_CD74,Fibroblast alveolar,T cell CD8 activated,2,2.0,1.3715557914420176,True,False,Chen_Zhang_2020;Kim_Lee_2020,1.0,0.6857778957210088,I-II,0,0.0,1,0.0,1.0,2,0.0,0.6857778957210088
CD99_PILRA,pDC,Monocyte non-classical,5,5.0,3.427780376026119,False,True,Chen_Zhang_2020;Kim_Lee_2020;Lambrechts_Thienpont_2018_6653;UKIM-V-2;Zuani_2024_NSCLC,1.0,0.6855560752052238,I-II,0,0.0,2,0.0,2.0,2,0.0,0.6855560752052238
CD99_PILRA,T cell CD4,Monocyte non-classical,5,5.0,3.4232911776329487,False,True,Chen_Zhang_2020;Kim_Lee_2020;Lambrechts_Thienpont_2018_6653;UKIM-V-2;Zuani_2024_NSCLC,1.0,0.6846582355265898,I-II,0,0.0,2,0.0,3.0,2,0.0,0.6846582355265898
PTPRC_CD22,NK cell dividing,B cell,3,3.0,2.053777900096807,True,True,He_Fan_2021;UKIM-V-2;Zuani_2024_NSCLC,1.0,0.6845926333656024,I-II,0,0.0,1,0.0,1.0,2,0.0,0.6845926333656024
PECAM1_CD38,Endothelial cell venous,Ciliated,7,7.0,4.790154025048257,True,True,Chen_Zhang_2020;He_Fan_2021;Kim_Lee_2020;Lambrechts_Thienpont_2018_6653;Laughney_Massague_2020;UKIM-V-2;Zuani_2024_NSCLC,1.0,0.6843077178640368,I-II,0,0.0,1,0.0,2.0,2,0.0,0.6843077178640368
CD44_TYROBP,Fibroblast peribronchial,pDC,6,5.0,4.105225379980801,False,True,Chen_Zhang_2020;He_Fan_2021;Kim_Lee_2020;Lambrechts_Thienpont_2018_6653;Laughney_Massague_2020,0.8333333333333334,0.6842042299968002,I-II,0,0.0,2,0.0,3.0,2,0.0,0.6842042299968002
ANXA1_FPR1,Ciliated,Macrophage,7,7.0,4.788882218400305,True,True,Chen_Zhang_2020;He_Fan_2021;Kim_Lee_2020;Lambrechts_Thienpont_2018_6653;Laughney_Massague_2020;UKIM-V-2;Zuani_2024_NSCLC,1.0,0.6841260312000436,I-II,0,0.0,1,0.0,2.0,2,0.0,0.6841260312000436
THY1_integrin_aXb2_complex,Fibroblast peribronchial,Monocyte non-classical,4,4.0,2.7325460639168835,True,False,Chen_Zhang_2020;Kim_Lee_2020;Lambrechts_Thienpont_2018_6653;Zuani_2024_NSCLC,1.0,0.6831365159792209,I-II,0,0.0,2,0.0,3.0,2,0.0,0.6831365159792209
HLA-E_CD94:NKG2C,T cell CD4 dividing,NK cell dividing,3,3.0,2.0490657282097087,False,False,He_Fan_2021;UKIM-V-2;Zuani_2024_NSCLC,1.0,0.6830219094032363,I-II,0,0.0,1,0.0,1.0,2,0.0,0.6830219094032363
CD99_PILRA,T cell CD8 activated,Monocyte non-classical,4,4.0,2.7317587504460983,False,True,Chen_Zhang_2020;Kim_Lee_2020;UKIM-V-2;Zuani_2024_NSCLC,1.0,0.6829396876115246,I-II,0,0.0,1,0.0,2.0,2,0.0,0.6829396876115246
CXCL12_CXCR4,Fibroblast peribronchial,T cell CD8 terminally exhausted,6,5.0,4.09176675242524,True,True,Chen_Zhang_2020;Kim_Lee_2020;Lambrechts_Thienpont_2018_6653;Laughney_Massague_2020;Zuani_2024_NSCLC,0.8333333333333334,0.6819611254042067,I-II,0,0.0,2,0.0,4.0,2,0.0,0.6819611254042067
ANXA1_FPR3,Ciliated,Monocyte classical,7,7.0,4.764031147761323,True,False,Chen_Zhang_2020;He_Fan_2021;Kim_Lee_2020;Lambrechts_Thienpont_2018_6653;Laughney_Massague_2020;UKIM-V-2;Zuani_2024_NSCLC,1.0,0.6805758782516176,I-II,0,0.0,1,0.0,2.0,2,0.0,0.6805758782516176
CCL5_CCR1,T cell CD8 dividing,Monocyte non-classical,5,4.0,3.4003832718393587,True,False,Chen_Zhang_2020;Lambrechts_Thienpont_2018_6653;UKIM-V-2;Zuani_2024_NSCLC,0.8,0.6800766543678718,I-II,0,0.0,2,0.0,3.0,2,0.0,0.6800766543678718
HLA-E_KLRC1,Monocyte non-classical,NK cell,5,4.0,3.3980944968839415,True,True,Chen_Zhang_2020;Lambrechts_Thienpont_2018_6653;UKIM-V-2;Zuani_2024_NSCLC,0.8,0.6796188993767883,I-II,0,0.0,2,0.0,3.0,2,0.0,0.6796188993767883
APP_CD74,pDC,T cell CD8 dividing,7,5.0,4.753226117706677,True,False,Chen_Zhang_2020;Kim_Lee_2020;Lambrechts_Thienpont_2018_6653;Laughney_Massague_2020;UKIM-V-2,0.7142857142857143,0.6790323025295253,I-II,0,0.0,2,0.0,2.0,2,0.0,0.6790323025295253
CD44_TYROBP,cDC1,pDC,7,6.0,4.752704594033943,False,True,Chen_Zhang_2020;He_Fan_2021;Kim_Lee_2020;Lambrechts_Thienpont_2018_6653;Laughney_Massague_2020;UKIM-V-2,0.8571428571428571,0.6789577991477062,I-II,0,0.0,1,0.0,2.0,2,0.0,0.6789577991477062
HLA-E_CD94:NKG2C,Macrophage,NK cell dividing,3,3.0,2.0361636678436694,True,False,He_Fan_2021;UKIM-V-2;Zuani_2024_NSCLC,1.0,0.6787212226145565,I-II,0,0.0,1,0.0,1.0,2,0.0,0.6787212226145565
HLA-E_KLRC2,Macrophage,NK cell dividing,3,3.0,2.0361636678436694,True,True,He_Fan_2021;UKIM-V-2;Zuani_2024_NSCLC,1.0,0.6787212226145565,I-II,0,0.0,1,0.0,1.0,2,0.0,0.6787212226145565
APP_FPR2,Endothelial cell venous,Monocyte non-classical,5,5.0,3.3877723252195713,True,True,Chen_Zhang_2020;Kim_Lee_2020;Lambrechts_Thienpont_2018_6653;UKIM-V-2;Zuani_2024_NSCLC,1.0,0.6775544650439143,I-II,0,0.0,1,0.0,2.0,2,0.0,0.6775544650439143
PECAM1_CD38,Endothelial cell venous,NK cell dividing,3,3.0,2.0314241899506573,True,True,He_Fan_2021;UKIM-V-2;Zuani_2024_NSCLC,1.0,0.6771413966502191,I-II,0,0.0,1,0.0,1.0,2,0.0,0.6771413966502191
HLA-E_CD94:NKG2C,Endothelial cell venous,T cell CD8 dividing,7,6.0,4.728662779985987,True,False,Chen_Zhang_2020;He_Fan_2021;Kim_Lee_2020;Lambrechts_Thienpont_2018_6653;UKIM-V-2;Zuani_2024_NSCLC,0.8571428571428571,0.6755232542837124,I-II,0,0.0,1,0.0,2.0,2,0.0,0.6755232542837124
CD34_SELL,Endothelial cell venous,pDC,8,8.0,5.391012207741806,True,True,Chen_Zhang_2020;He_Fan_2021;Kim_Lee_2020;Lambrechts_Thienpont_2018_6653;Laughney_Massague_2020;UKIM-V-2;Zilionis_Klein_2019;Zuani_2024_NSCLC,1.0,0.6738765259677257,I-II,0,0.0,1,0.0,3.0,2,0.0,0.6738765259677257
CCL5_CCR1,T cell CD8 naive,Monocyte non-classical,5,4.0,3.366691173458696,True,False,Chen_Zhang_2020;Lambrechts_Thienpont_2018_6653;UKIM-V-2;Zuani_2024_NSCLC,0.8,0.6733382346917393,I-II,0,0.0,2,0.0,3.0,2,0.0,0.6733382346917393
PTPRC_MRC1,T cell CD8 terminally exhausted,myeloid dividing,8,7.0,5.380896085062838,True,True,Chen_Zhang_2020;Kim_Lee_2020;Lambrechts_Thienpont_2018_6653;Laughney_Massague_2020;UKIM-V-2;Zilionis_Klein_2019;Zuani_2024_NSCLC,0.875,0.6726120106328547,I-II,0,0.0,2,0.0,2.0,2,0.0,0.6726120106328547
CD24_SELP,Ciliated,Endothelial cell venous,7,7.0,4.700062986832659,True,True,Chen_Zhang_2020;He_Fan_2021;Kim_Lee_2020;Lambrechts_Thienpont_2018_6653;Laughney_Massague_2020;UKIM-V-2;Zuani_2024_NSCLC,1.0,0.6714375695475228,I-II,0,0.0,1,0.0,2.0,2,0.0,0.6714375695475228
CD99_PILRA,myeloid dividing,Monocyte non-classical,5,5.0,3.3565782309013823,True,True,Chen_Zhang_2020;Kim_Lee_2020;Lambrechts_Thienpont_2018_6653;UKIM-V-2;Zuani_2024_NSCLC,1.0,0.6713156461802765,I-II,0,0.0,2,0.0,1.0,2,0.0,0.6713156461802765
CXCL14_CXCR4,Fibroblast peribronchial,pDC,6,5.0,4.019016082725633,True,True,He_Fan_2021;Kim_Lee_2020;Lambrechts_Thienpont_2018_6653;Laughney_Massague_2020;Zuani_2024_NSCLC,0.8333333333333334,0.6698360137876055,I-II,0,0.0,2,0.0,3.0,2,0.0,0.6698360137876055
HLA-E_KLRC1,Ciliated,NK cell dividing,3,3.0,2.0019540653670527,False,True,He_Fan_2021;UKIM-V-2;Zuani_2024_NSCLC,1.0,0.6673180217890176,I-II,0,0.0,1,0.0,1.0,2,0.0,0.6673180217890176
PTPRC_MRC1,NK cell dividing,Monocyte classical,3,3.0,2.0018093712153933,True,False,He_Fan_2021;UKIM-V-2;Zuani_2024_NSCLC,1.0,0.6672697904051311,I-II,0,0.0,1,0.0,1.0,2,0.0,0.6672697904051311
CXCL12_CXCR4,Fibroblast alveolar,T cell CD8 terminally exhausted,4,3.0,2.665017977416799,True,True,Chen_Zhang_2020;Kim_Lee_2020;Lambrechts_Thienpont_2018_6653,0.75,0.6662544943541997,I-II,0,0.0,1,0.0,1.0,2,0.0,0.6662544943541997
CD44_TYROBP,T cell CD8 effector memory,pDC,8,6.0,5.308470222390901,False,True,Chen_Zhang_2020;He_Fan_2021;Kim_Lee_2020;Lambrechts_Thienpont_2018_6653;Laughney_Massague_2020;UKIM-V-2,0.75,0.6635587777988626,I-II,0,0.0,2,0.0,3.0,2,0.0,0.6635587777988626
ANXA1_FPR1,Ciliated,Macrophage alveolar,6,6.0,3.980707804210989,True,True,Chen_Zhang_2020;He_Fan_2021;Kim_Lee_2020;Lambrechts_Thienpont_2018_6653;UKIM-V-2;Zuani_2024_NSCLC,1.0,0.6634513007018316,I-II,0,0.0,1,0.0,2.0,2,0.0,0.6634513007018316
CXCL12_CXCR4,Fibroblast alveolar,T cell NK-like,4,3.0,2.6523748115841155,True,True,Chen_Zhang_2020;Kim_Lee_2020;Lambrechts_Thienpont_2018_6653,0.75,0.6630937028960289,I-II,0,0.0,1,0.0,1.0,2,0.0,0.6630937028960289
APP_CD74,Ciliated,T cell CD4,7,6.0,4.637028670578922,True,False,Chen_Zhang_2020;Kim_Lee_2020;Lambrechts_Thienpont_2018_6653;Laughney_Massague_2020;UKIM-V-2;Zuani_2024_NSCLC,0.8571428571428571,0.6624326672255603,I-II,0,0.0,1,0.0,2.0,2,0.0,0.6624326672255603
ANXA1_FPR3,Ciliated,Macrophage alveolar,6,6.0,3.973945985159981,True,True,Chen_Zhang_2020;He_Fan_2021;Kim_Lee_2020;Lambrechts_Thienpont_2018_6653;UKIM-V-2;Zuani_2024_NSCLC,1.0,0.6623243308599969,I-II,0,0.0,1,0.0,2.0,2,0.0,0.6623243308599969
CD44_TYROBP,T cell regulatory,pDC,8,6.0,5.29795907640767,False,True,Chen_Zhang_2020;He_Fan_2021;Kim_Lee_2020;Lambrechts_Thienpont_2018_6653;Laughney_Massague_2020;UKIM-V-2,0.75,0.6622448845509588,I-II,0,0.0,2,0.0,3.0,2,0.0,0.6622448845509588
APP_CD74,Ciliated,NK cell,7,6.0,4.630054780763025,True,False,Chen_Zhang_2020;Kim_Lee_2020;Lambrechts_Thienpont_2018_6653;Laughney_Massague_2020;UKIM-V-2;Zuani_2024_NSCLC,0.8571428571428571,0.6614363972518608,I-II,0,0.0,1,0.0,2.0,2,0.0,0.6614363972518608
PTPRC_CD22,T cell NK-like,Mast cell,7,6.0,4.627310541399709,True,True,Chen_Zhang_2020;Kim_Lee_2020;Lambrechts_Thienpont_2018_6653;Laughney_Massague_2020;UKIM-V-2;Zuani_2024_NSCLC,0.8571428571428571,0.6610443630571012,I-II,0,0.0,2,0.0,3.0,2,0.0,0.6610443630571012
ANXA1_FPR1,Monocyte non-classical,cDC2,5,5.0,3.300299042169351,False,True,Chen_Zhang_2020;Kim_Lee_2020;Lambrechts_Thienpont_2018_6653;UKIM-V-2;Zuani_2024_NSCLC,1.0,0.6600598084338702,I-II,0,0.0,2,0.0,3.0,2,0.0,0.6600598084338702
ANXA1_FPR2,Macrophage alveolar,Monocyte non-classical,5,5.0,3.298311763957536,True,True,Chen_Zhang_2020;Kim_Lee_2020;Lambrechts_Thienpont_2018_6653;UKIM-V-2;Zuani_2024_NSCLC,1.0,0.6596623527915072,I-II,0,0.0,2,0.0,3.0,2,0.0,0.6596623527915072
FTL_SCARA5,Monocyte non-classical,Fibroblast alveolar,3,2.0,1.9775638152130133,True,False,Chen_Zhang_2020;Kim_Lee_2020,0.6666666666666666,0.6591879384043378,I-II,0,0.0,1,0.0,1.0,2,0.0,0.6591879384043378
APP_CD74,pDC,Ciliated,7,5.0,4.613280517344915,True,True,Chen_Zhang_2020;Kim_Lee_2020;Lambrechts_Thienpont_2018_6653;Laughney_Massague_2020;UKIM-V-2,0.7142857142857143,0.6590400739064164,I-II,0,0.0,1,0.0,2.0,2,0.0,0.6590400739064164
CD52_SIGLEC10,myeloid dividing,Monocyte non-classical,5,5.0,3.2940447802064603,True,True,Chen_Zhang_2020;Kim_Lee_2020;Lambrechts_Thienpont_2018_6653;UKIM-V-2;Zuani_2024_NSCLC,1.0,0.6588089560412921,I-II,0,0.0,2,0.0,1.0,2,0.0,0.6588089560412921
CD44_TYROBP,cDC2,pDC,8,6.0,5.269842146789131,True,True,Chen_Zhang_2020;He_Fan_2021;Kim_Lee_2020;Lambrechts_Thienpont_2018_6653;Laughney_Massague_2020;UKIM-V-2,0.75,0.6587302683486413,I-II,0,0.0,2,0.0,3.0,2,0.0,0.6587302683486413
APP_CD74,Fibroblast peribronchial,T cell NK-like,6,5.0,3.9493047616717556,True,False,Chen_Zhang_2020;Kim_Lee_2020;Lambrechts_Thienpont_2018_6653;Laughney_Massague_2020;Zuani_2024_NSCLC,0.8333333333333334,0.6582174602786259,I-II,0,0.0,2,0.0,3.0,2,0.0,0.6582174602786259
HLA-E_CD94:NKG2A,Ciliated,NK cell dividing,3,3.0,1.9735669685928592,False,False,He_Fan_2021;UKIM-V-2;Zuani_2024_NSCLC,1.0,0.6578556561976198,I-II,0,0.0,1,0.0,1.0,2,0.0,0.6578556561976198
CD44_TYROBP,T cell CD4,pDC,8,6.0,5.260868156130871,False,True,Chen_Zhang_2020;He_Fan_2021;Kim_Lee_2020;Lambrechts_Thienpont_2018_6653;Laughney_Massague_2020;UKIM-V-2,0.75,0.6576085195163589,I-II,0,0.0,2,0.0,3.0,2,0.0,0.6576085195163589
FTH1_SCARA5,Monocyte non-classical,Fibroblast alveolar,3,2.0,1.9694215182628234,True,False,Chen_Zhang_2020;Kim_Lee_2020,0.6666666666666666,0.6564738394209412,I-II,0,0.0,1,0.0,1.0,2,0.0,0.6564738394209412
APP_TNFRSF21,Endothelial cell venous,pDC,8,8.0,5.232780330695306,True,True,Chen_Zhang_2020;He_Fan_2021;Kim_Lee_2020;Lambrechts_Thienpont_2018_6653;Laughney_Massague_2020;UKIM-V-2;Zilionis_Klein_2019;Zuani_2024_NSCLC,1.0,0.6540975413369132,I-II,0,0.0,1,0.0,3.0,2,0.0,0.6540975413369132
HLA-E_CD94:NKG2C,myeloid dividing,NK cell dividing,3,3.0,1.96002891671175,True,False,He_Fan_2021;UKIM-V-2;Zuani_2024_NSCLC,1.0,0.65334297223725,I-II,0,0.0,1,0.0,1.0,2,0.0,0.65334297223725
CD99_PILRA,T cell regulatory,Monocyte non-classical,5,5.0,3.263604058927069,False,True,Chen_Zhang_2020;Kim_Lee_2020;Lambrechts_Thienpont_2018_6653;UKIM-V-2;Zuani_2024_NSCLC,1.0,0.6527208117854137,I-II,0,0.0,2,0.0,3.0,2,0.0,0.6527208117854137
ANXA1_FPR1,Fibroblast peribronchial,Monocyte non-classical,4,4.0,2.609627493660278,True,True,Chen_Zhang_2020;Kim_Lee_2020;Lambrechts_Thienpont_2018_6653;Zuani_2024_NSCLC,1.0,0.6524068734150695,I-II,0,0.0,2,0.0,3.0,2,0.0,0.6524068734150695
APP_CD74,Fibroblast peribronchial,T cell CD8 naive,6,5.0,3.9095431286826385,True,False,Chen_Zhang_2020;Kim_Lee_2020;Lambrechts_Thienpont_2018_6653;Laughney_Massague_2020;Zuani_2024_NSCLC,0.8333333333333334,0.6515905214471064,I-II,0,0.0,2,0.0,3.0,2,0.0,0.6515905214471064
CD52_SIGLEC10,Monocyte classical,Monocyte non-classical,5,5.0,3.252267807366831,True,True,Chen_Zhang_2020;Kim_Lee_2020;Lambrechts_Thienpont_2018_6653;UKIM-V-2;Zuani_2024_NSCLC,1.0,0.6504535614733662,I-II,0,0.0,2,0.0,3.0,2,0.0,0.6504535614733662
ANXA1_FPR1,Endothelial cell venous,Monocyte non-classical,5,5.0,3.2484315756749194,False,True,Chen_Zhang_2020;Kim_Lee_2020;Lambrechts_Thienpont_2018_6653;UKIM-V-2;Zuani_2024_NSCLC,1.0,0.6496863151349839,I-II,0,0.0,1,0.0,2.0,2,0.0,0.6496863151349839
CCL5_CCR1,NK cell,Monocyte non-classical,5,4.0,3.2448689235030557,True,False,Chen_Zhang_2020;Lambrechts_Thienpont_2018_6653;UKIM-V-2;Zuani_2024_NSCLC,0.8,0.6489737847006112,I-II,0,0.0,2,0.0,3.0,2,0.0,0.6489737847006112
CD44_TYROBP,T cell CD8 naive,NK cell,7,5.0,4.542785568039033,False,True,Chen_Zhang_2020;Kim_Lee_2020;Lambrechts_Thienpont_2018_6653;Laughney_Massague_2020;Zuani_2024_NSCLC,0.7142857142857143,0.648969366862719,I-II,0,0.0,2,0.0,3.0,2,0.0,0.648969366862719
ANXA1_FPR1,Fibroblast alveolar,Monocyte non-classical,3,3.0,1.9444567470837968,False,True,Chen_Zhang_2020;Kim_Lee_2020;Lambrechts_Thienpont_2018_6653,1.0,0.6481522490279322,I-II,0,0.0,1,0.0,1.0,2,0.0,0.6481522490279322
ANXA1_FPR3,Monocyte non-classical,Macrophage,5,5.0,3.2359504785301803,False,True,Chen_Zhang_2020;Kim_Lee_2020;Lambrechts_Thienpont_2018_6653;UKIM-V-2;Zuani_2024_NSCLC,1.0,0.647190095706036,I-II,0,0.0,2,0.0,3.0,2,0.0,0.647190095706036
CD44_TYROBP,T cell CD4 dividing,pDC,8,6.0,5.1725602075667005,False,True,Chen_Zhang_2020;He_Fan_2021;Kim_Lee_2020;Lambrechts_Thienpont_2018_6653;Laughney_Massague_2020;UKIM-V-2,0.75,0.6465700259458376,I-II,0,0.0,2,0.0,3.0,2,0.0,0.6465700259458376
HLA-E_CD94:NKG2C,Monocyte classical,NK cell dividing,3,3.0,1.924238653812273,False,False,He_Fan_2021;UKIM-V-2;Zuani_2024_NSCLC,1.0,0.6414128846040911,I-II,0,0.0,1,0.0,1.0,2,0.0,0.6414128846040911
HLA-E_CD94:NKG2C,Mast cell,NK cell dividing,3,3.0,1.9214978860964242,False,False,He_Fan_2021;UKIM-V-2;Zuani_2024_NSCLC,1.0,0.6404992953654748,I-II,0,0.0,1,0.0,1.0,2,0.0,0.6404992953654748
APP_CD74,DC mature,pDC,6,4.0,3.8429678945875767,False,True,Kim_Lee_2020;Lambrechts_Thienpont_2018_6653;UKIM-V-2;Zuani_2024_NSCLC,0.6666666666666666,0.6404946490979294,I-II,0,0.0,1,0.0,1.0,2,0.0,0.6404946490979294
ANXA1_FPR1,T cell CD8 naive,cDC2,7,7.0,4.474834770226498,False,True,Chen_Zhang_2020;He_Fan_2021;Kim_Lee_2020;Lambrechts_Thienpont_2018_6653;Laughney_Massague_2020;UKIM-V-2;Zuani_2024_NSCLC,1.0,0.6392621100323569,I-II,0,0.0,2,0.0,3.0,2,0.0,0.6392621100323569
CD99_PILRA,Mast cell,Monocyte non-classical,5,5.0,3.1942068940682384,False,True,Chen_Zhang_2020;Kim_Lee_2020;Lambrechts_Thienpont_2018_6653;UKIM-V-2;Zuani_2024_NSCLC,1.0,0.6388413788136477,I-II,0,0.0,2,0.0,3.0,2,0.0,0.6388413788136477
THBS2_CD36,Fibroblast peribronchial,pDC,6,6.0,3.831353859348858,True,True,Chen_Zhang_2020;He_Fan_2021;Kim_Lee_2020;Lambrechts_Thienpont_2018_6653;Laughney_Massague_2020;Zuani_2024_NSCLC,1.0,0.638558976558143,I-II,0,0.0,2,0.0,3.0,2,0.0,0.638558976558143
ANXA1_FPR1,T cell CD8 naive,Monocyte classical,7,6.0,4.459774184353393,False,True,Chen_Zhang_2020;Kim_Lee_2020;Lambrechts_Thienpont_2018_6653;Laughney_Massague_2020;UKIM-V-2;Zuani_2024_NSCLC,0.8571428571428571,0.6371105977647705,I-II,0,0.0,2,0.0,3.0,2,0.0,0.6371105977647705
HLA-E_CD94:NKG2C,pDC,NK cell dividing,3,3.0,1.910220003645414,False,False,He_Fan_2021;UKIM-V-2;Zuani_2024_NSCLC,1.0,0.636740001215138,I-II,0,0.0,1,0.0,1.0,2,0.0,0.636740001215138
CD99_PILRA,Macrophage,Monocyte non-classical,5,5.0,3.182710673034751,True,True,Chen_Zhang_2020;Kim_Lee_2020;Lambrechts_Thienpont_2018_6653;UKIM-V-2;Zuani_2024_NSCLC,1.0,0.6365421346069502,I-II,0,0.0,2,0.0,3.0,2,0.0,0.6365421346069502
TNF_TNFRSF1B,T cell CD8 activated,Monocyte non-classical,4,4.0,2.545915111277358,False,True,Chen_Zhang_2020;Kim_Lee_2020;UKIM-V-2;Zuani_2024_NSCLC,1.0,0.6364787778193395,I-II,0,0.0,1,0.0,2.0,2,0.0,0.6364787778193395
ANXA1_FPR2,cDC2,Monocyte non-classical,5,5.0,3.173840033229831,True,True,Chen_Zhang_2020;Kim_Lee_2020;Lambrechts_Thienpont_2018_6653;UKIM-V-2;Zuani_2024_NSCLC,1.0,0.6347680066459662,I-II,0,0.0,2,0.0,3.0,2,0.0,0.6347680066459662
PECAM1_CD38,Endothelial cell venous,cDC1,7,7.0,4.432396417913787,True,False,Chen_Zhang_2020;He_Fan_2021;Kim_Lee_2020;Lambrechts_Thienpont_2018_6653;Laughney_Massague_2020;UKIM-V-2;Zuani_2024_NSCLC,1.0,0.6331994882733981,I-II,0,0.0,1,0.0,2.0,2,0.0,0.6331994882733981
PODXL_SELL,Endothelial cell venous,pDC,8,8.0,5.063037486456111,True,True,Chen_Zhang_2020;He_Fan_2021;Kim_Lee_2020;Lambrechts_Thienpont_2018_6653;Laughney_Massague_2020;UKIM-V-2;Zilionis_Klein_2019;Zuani_2024_NSCLC,1.0,0.6328796858070139,I-II,0,0.0,1,0.0,3.0,2,0.0,0.6328796858070139
APP_TREM2_receptor,pDC,Macrophage,8,8.0,5.0544868585081275,True,False,Chen_Zhang_2020;He_Fan_2021;Kim_Lee_2020;Lambrechts_Thienpont_2018_6653;Laughney_Massague_2020;UKIM-V-2;Zilionis_Klein_2019;Zuani_2024_NSCLC,1.0,0.6318108573135159,I-II,0,0.0,2,0.0,3.0,2,0.0,0.6318108573135159
CD44_TYROBP,T cell CD8 terminally exhausted,pDC,8,6.0,5.052127852560863,False,True,Chen_Zhang_2020;He_Fan_2021;Kim_Lee_2020;Lambrechts_Thienpont_2018_6653;Laughney_Massague_2020;UKIM-V-2,0.75,0.6315159815701079,I-II,0,0.0,2,0.0,3.0,2,0.0,0.6315159815701079
CD52_SIGLEC10,cDC2,Monocyte non-classical,5,5.0,3.1492612264370745,True,True,Chen_Zhang_2020;Kim_Lee_2020;Lambrechts_Thienpont_2018_6653;UKIM-V-2;Zuani_2024_NSCLC,1.0,0.6298522452874149,I-II,0,0.0,2,0.0,3.0,2,0.0,0.6298522452874149
CD44_TYROBP,Macrophage alveolar,pDC,7,5.0,4.4026134863916715,True,True,Chen_Zhang_2020;He_Fan_2021;Kim_Lee_2020;Lambrechts_Thienpont_2018_6653;UKIM-V-2,0.7142857142857143,0.6289447837702388,I-II,0,0.0,2,0.0,3.0,2,0.0,0.6289447837702388
CD86_CTLA4,Monocyte non-classical,T cell regulatory,5,5.0,3.1421406447984883,True,True,Chen_Zhang_2020;Kim_Lee_2020;Lambrechts_Thienpont_2018_6653;UKIM-V-2;Zuani_2024_NSCLC,1.0,0.6284281289596977,I-II,0,0.0,2,0.0,3.0,2,0.0,0.6284281289596977
ANXA1_FPR2,NK cell dividing,Monocyte non-classical,2,2.0,1.2565351596185956,False,True,UKIM-V-2;Zuani_2024_NSCLC,1.0,0.6282675798092978,I-II,0,0.0,1,0.0,1.0,2,0.0,0.6282675798092978
HLA-E_CD94:NKG2C,Monocyte non-classical,T cell CD8 dividing,5,4.0,3.139070855439917,True,False,Chen_Zhang_2020;Lambrechts_Thienpont_2018_6653;UKIM-V-2;Zuani_2024_NSCLC,0.8,0.6278141710879834,I-II,0,0.0,2,0.0,3.0,2,0.0,0.6278141710879834
HLA-E_KLRC2,Monocyte non-classical,T cell CD8 dividing,5,4.0,3.139070855439917,True,True,Chen_Zhang_2020;Lambrechts_Thienpont_2018_6653;UKIM-V-2;Zuani_2024_NSCLC,0.8,0.6278141710879834,I-II,0,0.0,2,0.0,3.0,2,0.0,0.6278141710879834
CD99_PILRA,Ciliated,Monocyte non-classical,5,5.0,3.130175004222237,False,True,Chen_Zhang_2020;Kim_Lee_2020;Lambrechts_Thienpont_2018_6653;UKIM-V-2;Zuani_2024_NSCLC,1.0,0.6260350008444474,I-II,0,0.0,1,0.0,2.0,2,0.0,0.6260350008444474
PTPRC_CD22,T cell CD8 dividing,Mast cell,7,6.0,4.381110700127259,True,True,Chen_Zhang_2020;Kim_Lee_2020;Lambrechts_Thienpont_2018_6653;Laughney_Massague_2020;UKIM-V-2;Zuani_2024_NSCLC,0.8571428571428571,0.625872957161037,I-II,0,0.0,2,0.0,3.0,2,0.0,0.625872957161037
HLA-E_CD94:NKG2C,DC mature,NK cell dividing,3,3.0,1.8748994343694807,False,False,He_Fan_2021;UKIM-V-2;Zuani_2024_NSCLC,1.0,0.6249664781231602,I-II,0,0.0,1,0.0,1.0,2,0.0,0.6249664781231602
ANXA1_FPR3,T cell CD8 naive,Macrophage,7,7.0,4.368054904809446,False,True,Chen_Zhang_2020;He_Fan_2021;Kim_Lee_2020;Lambrechts_Thienpont_2018_6653;Laughney_Massague_2020;UKIM-V-2;Zuani_2024_NSCLC,1.0,0.6240078435442066,I-II,0,0.0,2,0.0,3.0,2,0.0,0.6240078435442066
CD44_TYROBP,B cell,pDC,8,6.0,4.978848286504202,False,True,Chen_Zhang_2020;He_Fan_2021;Kim_Lee_2020;Lambrechts_Thienpont_2018_6653;Laughney_Massague_2020;UKIM-V-2,0.75,0.6223560358130252,I-II,0,0.0,2,0.0,3.0,2,0.0,0.6223560358130252
APP_CD74,pDC,T cell CD8 naive,7,5.0,4.351622166459412,True,False,Chen_Zhang_2020;Kim_Lee_2020;Lambrechts_Thienpont_2018_6653;Laughney_Massague_2020;UKIM-V-2,0.7142857142857143,0.6216603094942018,I-II,0,0.0,2,0.0,2.0,2,0.0,0.6216603094942018
APP_CD74,pDC,T cell NK-like,7,5.0,4.348948130147049,True,False,Chen_Zhang_2020;Kim_Lee_2020;Lambrechts_Thienpont_2018_6653;Laughney_Massague_2020;UKIM-V-2,0.7142857142857143,0.6212783043067213,I-II,0,0.0,2,0.0,2.0,2,0.0,0.6212783043067213
ANXA1_FPR2,Macrophage,Monocyte non-classical,5,5.0,3.088394994105407,True,True,Chen_Zhang_2020;Kim_Lee_2020;Lambrechts_Thienpont_2018_6653;UKIM-V-2;Zuani_2024_NSCLC,1.0,0.6176789988210813,I-II,0,0.0,2,0.0,3.0,2,0.0,0.6176789988210813
CD52_SIGLEC10,cDC1,Monocyte non-classical,5,5.0,3.083791354587296,False,True,Chen_Zhang_2020;Kim_Lee_2020;Lambrechts_Thienpont_2018_6653;UKIM-V-2;Zuani_2024_NSCLC,1.0,0.6167582709174593,I-II,0,0.0,1,0.0,2.0,2,0.0,0.6167582709174593
HLA-E_CD94:NKG2C,cDC2,NK cell dividing,3,3.0,1.8490701662692053,False,False,He_Fan_2021;UKIM-V-2;Zuani_2024_NSCLC,1.0,0.6163567220897351,I-II,0,0.0,1,0.0,1.0,2,0.0,0.6163567220897351
CD52_SIGLEC10,Monocyte non-classical,cDC2,5,4.0,3.0793078237644775,True,True,Kim_Lee_2020;Lambrechts_Thienpont_2018_6653;UKIM-V-2;Zuani_2024_NSCLC,0.8,0.6158615647528956,I-II,0,0.0,2,0.0,3.0,2,0.0,0.6158615647528956
APP_CD74,Fibroblast alveolar,Ciliated,4,3.0,2.4580743930073794,True,True,Chen_Zhang_2020;Kim_Lee_2020;Lambrechts_Thienpont_2018_6653,0.75,0.6145185982518448,I-II,0,0.0,1,0.0,1.0,2,0.0,0.6145185982518448
ANXA1_FPR1,cDC1,Monocyte non-classical,5,5.0,3.0570488052625646,True,True,Chen_Zhang_2020;Kim_Lee_2020;Lambrechts_Thienpont_2018_6653;UKIM-V-2;Zuani_2024_NSCLC,1.0,0.6114097610525129,I-II,0,0.0,1,0.0,2.0,2,0.0,0.6114097610525129
CXCL14_CXCR4,Fibroblast alveolar,T cell CD8 naive,4,3.0,2.440751749276902,False,True,Chen_Zhang_2020;He_Fan_2021;Kim_Lee_2020,0.75,0.6101879373192255,I-II,0,0.0,1,0.0,1.0,2,0.0,0.6101879373192255
CD44_TYROBP,NK cell,pDC,8,6.0,4.868960767328204,False,True,Chen_Zhang_2020;He_Fan_2021;Kim_Lee_2020;Lambrechts_Thienpont_2018_6653;Laughney_Massague_2020;UKIM-V-2,0.75,0.6086200959160255,I-II,0,0.0,2,0.0,3.0,2,0.0,0.6086200959160255
PTPRC_MRC1,pDC,Macrophage alveolar,7,7.0,4.259661322620957,False,True,Chen_Zhang_2020;He_Fan_2021;Kim_Lee_2020;Lambrechts_Thienpont_2018_6653;UKIM-V-2;Zilionis_Klein_2019;Zuani_2024_NSCLC,1.0,0.6085230460887081,I-II,0,0.0,2,0.0,3.0,2,0.0,0.6085230460887081
APP_CD74,Ciliated,Mast cell,7,6.0,4.251513050357877,True,False,Chen_Zhang_2020;Kim_Lee_2020;Lambrechts_Thienpont_2018_6653;Laughney_Massague_2020;UKIM-V-2;Zuani_2024_NSCLC,0.8571428571428571,0.6073590071939824,I-II,0,0.0,1,0.0,2.0,2,0.0,0.6073590071939824
HLA-E_CD94:NKG2C,cDC1,NK cell dividing,3,3.0,1.8201855770414053,False,False,He_Fan_2021;UKIM-V-2;Zuani_2024_NSCLC,1.0,0.6067285256804684,I-II,0,0.0,1,0.0,1.0,2,0.0,0.6067285256804684
TNF_TNFRSF1B,NK cell dividing,Monocyte non-classical,2,2.0,1.2107569426649238,False,True,UKIM-V-2;Zuani_2024_NSCLC,1.0,0.6053784713324619,I-II,0,0.0,1,0.0,1.0,2,0.0,0.6053784713324619
CD44_TYROBP,T cell CD8 activated,pDC,6,4.0,3.630114845135999,False,True,Chen_Zhang_2020;Kim_Lee_2020;Laughney_Massague_2020;UKIM-V-2,0.6666666666666666,0.6050191408559998,I-II,0,0.0,1,0.0,3.0,2,0.0,0.6050191408559998
APP_CD74,Ciliated,NK cell dividing,3,2.0,1.8138464241682473,True,False,UKIM-V-2;Zuani_2024_NSCLC,0.6666666666666666,0.6046154747227491,I-II,0,0.0,1,0.0,1.0,2,0.0,0.6046154747227491
APP_TREM2_receptor,Ciliated,Macrophage,7,7.0,4.230444004450138,True,False,Chen_Zhang_2020;He_Fan_2021;Kim_Lee_2020;Lambrechts_Thienpont_2018_6653;Laughney_Massague_2020;UKIM-V-2;Zuani_2024_NSCLC,1.0,0.6043491434928769,I-II,0,0.0,1,0.0,2.0,2,0.0,0.6043491434928769
HLA-E_CD94:NKG2C,Macrophage alveolar,NK cell dividing,3,3.0,1.8110910139008243,True,False,He_Fan_2021;UKIM-V-2;Zuani_2024_NSCLC,1.0,0.6036970046336081,I-II,0,0.0,1,0.0,1.0,2,0.0,0.6036970046336081
HLA-E_KLRC2,Macrophage alveolar,NK cell dividing,3,3.0,1.8110910139008243,True,True,He_Fan_2021;UKIM-V-2;Zuani_2024_NSCLC,1.0,0.6036970046336081,I-II,0,0.0,1,0.0,1.0,2,0.0,0.6036970046336081
PTPRC_MRC1,T cell CD8 terminally exhausted,cDC2,8,6.0,4.827365295356618,True,True,Chen_Zhang_2020;Kim_Lee_2020;Lambrechts_Thienpont_2018_6653;Laughney_Massague_2020;UKIM-V-2;Zuani_2024_NSCLC,0.75,0.6034206619195772,I-II,0,0.0,2,0.0,4.0,2,0.0,0.6034206619195772
CD99_PILRA,Macrophage alveolar,Monocyte non-classical,5,5.0,2.9989528433354766,True,True,Chen_Zhang_2020;Kim_Lee_2020;Lambrechts_Thienpont_2018_6653;UKIM-V-2;Zuani_2024_NSCLC,1.0,0.5997905686670953,I-II,0,0.0,2,0.0,3.0,2,0.0,0.5997905686670953
APP_CD74,pDC,Endothelial cell venous,8,5.0,4.790833289652531,True,False,Chen_Zhang_2020;Kim_Lee_2020;Lambrechts_Thienpont_2018_6653;Laughney_Massague_2020;UKIM-V-2,0.625,0.5988541612065664,I-II,0,0.0,1,0.0,3.0,2,0.0,0.5988541612065664
CD52_SIGLEC10,Monocyte non-classical,myeloid dividing,5,4.0,2.991522429803501,True,True,Kim_Lee_2020;Lambrechts_Thienpont_2018_6653;UKIM-V-2;Zuani_2024_NSCLC,0.8,0.5983044859607002,I-II,0,0.0,2,0.0,1.0,2,0.0,0.5983044859607002
CCL5_CCR1,T cell CD8 naive,cDC2,7,5.0,4.184680072161744,True,False,Chen_Zhang_2020;Kim_Lee_2020;Lambrechts_Thienpont_2018_6653;UKIM-V-2;Zuani_2024_NSCLC,0.7142857142857143,0.5978114388802492,I-II,0,0.0,2,0.0,3.0,2,0.0,0.5978114388802492
CD52_SIGLEC10,NK cell,Monocyte non-classical,5,5.0,2.984157187266397,False,True,Chen_Zhang_2020;Kim_Lee_2020;Lambrechts_Thienpont_2018_6653;UKIM-V-2;Zuani_2024_NSCLC,1.0,0.5968314374532794,I-II,0,0.0,2,0.0,3.0,2,0.0,0.5968314374532794
CD99_PILRA,NK cell dividing,Macrophage,3,3.0,1.7893924477221717,True,True,He_Fan_2021;UKIM-V-2;Zuani_2024_NSCLC,1.0,0.5964641492407239,I-II,0,0.0,1,0.0,1.0,2,0.0,0.5964641492407239
RARRES2_CMKLR1,Fibroblast alveolar,pDC,4,3.0,2.381546920754068,True,False,Chen_Zhang_2020;Kim_Lee_2020;Lambrechts_Thienpont_2018_6653,0.75,0.595386730188517,I-II,0,0.0,1,0.0,1.0,2,0.0,0.595386730188517
APP_CD74,pDC,T cell CD4 dividing,8,5.0,4.747551039399919,True,False,Chen_Zhang_2020;Kim_Lee_2020;Lambrechts_Thienpont_2018_6653;Laughney_Massague_2020;UKIM-V-2,0.625,0.5934438799249899,I-II,0,0.0,2,0.0,3.0,2,0.0,0.5934438799249899
LAIR1_LILRB4,myeloid dividing,pDC,8,8.0,4.733103662393619,True,True,Chen_Zhang_2020;He_Fan_2021;Kim_Lee_2020;Lambrechts_Thienpont_2018_6653;Laughney_Massague_2020;UKIM-V-2;Zilionis_Klein_2019;Zuani_2024_NSCLC,1.0,0.5916379577992024,I-II,0,0.0,2,0.0,2.0,2,0.0,0.5916379577992024
TNF_TNFRSF1B,T cell NK-like,Monocyte non-classical,5,5.0,2.9406959528532886,False,True,Chen_Zhang_2020;Kim_Lee_2020;Lambrechts_Thienpont_2018_6653;UKIM-V-2;Zuani_2024_NSCLC,1.0,0.5881391905706577,I-II,0,0.0,2,0.0,3.0,2,0.0,0.5881391905706577
APP_CD74,Fibroblast alveolar,Monocyte non-classical,3,2.0,1.7644055131185654,True,False,Chen_Zhang_2020;Kim_Lee_2020,0.6666666666666666,0.5881351710395218,I-II,0,0.0,1,0.0,1.0,2,0.0,0.5881351710395218
CD44_TYROBP,Macrophage alveolar,cDC1,6,5.0,3.525749724419507,True,True,Chen_Zhang_2020;He_Fan_2021;Kim_Lee_2020;Lambrechts_Thienpont_2018_6653;UKIM-V-2,0.8333333333333334,0.5876249540699178,I-II,0,0.0,1,0.0,2.0,2,0.0,0.5876249540699178
TNF_TNFRSF1B,cDC1,Monocyte non-classical,5,5.0,2.934695063114254,False,True,Chen_Zhang_2020;Kim_Lee_2020;Lambrechts_Thienpont_2018_6653;UKIM-V-2;Zuani_2024_NSCLC,1.0,0.5869390126228508,I-II,0,0.0,1,0.0,2.0,2,0.0,0.5869390126228508
CCL5_CCR1,T cell NK-like,Macrophage alveolar,6,6.0,5.470669748361222,True,True,Chen_Zhang_2020;He_Fan_2021;Kim_Lee_2020;Lambrechts_Thienpont_2018_6653;UKIM-V-2;Zuani_2024_NSCLC,1.0,0.9117782913935369,I-II,0,0.0,2,0.3254605573925366,3.0,2,0.3254605573925366,0.5863177340010004
LCK_CD8_receptor,T cell CD4 dividing,T cell CD8 naive,7,7.0,4.10323358460023,True,False,Chen_Zhang_2020;He_Fan_2021;Kim_Lee_2020;Lambrechts_Thienpont_2018_6653;Laughney_Massague_2020;UKIM-V-2;Zuani_2024_NSCLC,1.0,0.5861762263714614,I-II,0,0.0,2,0.0,2.0,2,0.0,0.5861762263714614
PTPRC_MRC1,T cell CD8 naive,cDC2,7,5.0,4.08246102313767,True,True,Chen_Zhang_2020;Lambrechts_Thienpont_2018_6653;Laughney_Massague_2020;UKIM-V-2;Zuani_2024_NSCLC,0.7142857142857143,0.5832087175910957,I-II,0,0.0,2,0.0,3.0,2,0.0,0.5832087175910957
LAIR1_LILRB4,Macrophage,pDC,8,8.0,4.6653450387249675,True,True,Chen_Zhang_2020;He_Fan_2021;Kim_Lee_2020;Lambrechts_Thienpont_2018_6653;Laughney_Massague_2020;UKIM-V-2;Zilionis_Klein_2019;Zuani_2024_NSCLC,1.0,0.5831681298406209,I-II,0,0.0,2,0.0,3.0,2,0.0,0.5831681298406209
CXCL14_CXCR4,Fibroblast alveolar,pDC,4,3.0,2.3293254317644956,False,True,Chen_Zhang_2020;He_Fan_2021;Kim_Lee_2020,0.75,0.5823313579411239,I-II,0,0.0,1,0.0,1.0,2,0.0,0.5823313579411239
CD52_SIGLEC10,Macrophage,Monocyte non-classical,5,5.0,2.909382351546481,False,True,Chen_Zhang_2020;Kim_Lee_2020;Lambrechts_Thienpont_2018_6653;UKIM-V-2;Zuani_2024_NSCLC,1.0,0.5818764703092962,I-II,0,0.0,2,0.0,3.0,2,0.0,0.5818764703092962
THBS2_CD36,Fibroblast peribronchial,Monocyte non-classical,4,4.0,2.3261032576524574,True,False,Chen_Zhang_2020;Kim_Lee_2020;Lambrechts_Thienpont_2018_6653;Zuani_2024_NSCLC,1.0,0.5815258144131144,I-II,0,0.0,2,0.0,3.0,2,0.0,0.5815258144131144
ANXA1_FPR1,Monocyte non-classical,myeloid dividing,5,5.0,2.902988434297012,False,True,Chen_Zhang_2020;Kim_Lee_2020;Lambrechts_Thienpont_2018_6653;UKIM-V-2;Zuani_2024_NSCLC,1.0,0.5805976868594024,I-II,0,0.0,2,0.0,1.0,2,0.0,0.5805976868594024
CD44_TYROBP,Mast cell,cDC1,7,5.0,4.063004216686354,True,True,He_Fan_2021;Kim_Lee_2020;Lambrechts_Thienpont_2018_6653;Laughney_Massague_2020;UKIM-V-2,0.7142857142857143,0.5804291738123363,I-II,0,0.0,1,0.0,2.0,2,0.0,0.5804291738123363
ANXA1_FPR3,Monocyte non-classical,myeloid dividing,5,5.0,2.894342583509247,False,True,Chen_Zhang_2020;Kim_Lee_2020;Lambrechts_Thienpont_2018_6653;UKIM-V-2;Zuani_2024_NSCLC,1.0,0.5788685167018495,I-II,0,0.0,2,0.0,1.0,2,0.0,0.5788685167018495
LCK_CD8_receptor,T cell CD8 dividing,T cell CD8 naive,7,7.0,4.050457509206137,True,False,Chen_Zhang_2020;He_Fan_2021;Kim_Lee_2020;Lambrechts_Thienpont_2018_6653;Laughney_Massague_2020;UKIM-V-2;Zuani_2024_NSCLC,1.0,0.5786367870294481,I-II,0,0.0,2,0.0,3.0,2,0.0,0.5786367870294481
PTPRC_CD22,T cell CD8 terminally exhausted,B cell,8,6.0,4.626582448578643,True,True,Chen_Zhang_2020;Kim_Lee_2020;Lambrechts_Thienpont_2018_6653;Laughney_Massague_2020;UKIM-V-2;Zuani_2024_NSCLC,0.75,0.5783228060723303,I-II,0,0.0,2,0.0,4.0,2,0.0,0.5783228060723303
CD86_CTLA4,Monocyte non-classical,T cell CD4 dividing,5,5.0,2.891585044609063,True,True,Chen_Zhang_2020;Kim_Lee_2020;Lambrechts_Thienpont_2018_6653;UKIM-V-2;Zuani_2024_NSCLC,1.0,0.5783170089218126,I-II,0,0.0,2,0.0,2.0,2,0.0,0.5783170089218126
CD99_PILRA,B cell,Monocyte non-classical,5,5.0,2.8897901595229714,False,True,Chen_Zhang_2020;Kim_Lee_2020;Lambrechts_Thienpont_2018_6653;UKIM-V-2;Zuani_2024_NSCLC,1.0,0.5779580319045943,I-II,0,0.0,2,0.0,3.0,2,0.0,0.5779580319045943
APP_FPR2,pDC,Monocyte non-classical,5,5.0,2.889198221157469,True,True,Chen_Zhang_2020;Kim_Lee_2020;Lambrechts_Thienpont_2018_6653;UKIM-V-2;Zuani_2024_NSCLC,1.0,0.5778396442314938,I-II,0,0.0,2,0.0,2.0,2,0.0,0.5778396442314938
CD99_PILRA,cDC2,Monocyte non-classical,5,5.0,2.8849285131362414,False,True,Chen_Zhang_2020;Kim_Lee_2020;Lambrechts_Thienpont_2018_6653;UKIM-V-2;Zuani_2024_NSCLC,1.0,0.5769857026272482,I-II,0,0.0,2,0.0,3.0,2,0.0,0.5769857026272482
APP_CD74,pDC,T cell CD8 terminally exhausted,8,5.0,4.615504561215282,True,False,Chen_Zhang_2020;Kim_Lee_2020;Lambrechts_Thienpont_2018_6653;Laughney_Massague_2020;UKIM-V-2,0.625,0.5769380701519102,I-II,0,0.0,2,0.0,3.0,2,0.0,0.5769380701519102
CD44_TYROBP,pDC,pDC,8,6.0,4.614024325709069,False,True,Chen_Zhang_2020;He_Fan_2021;Kim_Lee_2020;Lambrechts_Thienpont_2018_6653;Laughney_Massague_2020;UKIM-V-2,0.75,0.5767530407136336,I-II,0,0.0,2,0.0,3.0,2,0.0,0.5767530407136336
ANXA1_FPR1,T cell CD4 dividing,Monocyte non-classical,5,5.0,2.881308245610521,False,True,Chen_Zhang_2020;Kim_Lee_2020;Lambrechts_Thienpont_2018_6653;UKIM-V-2;Zuani_2024_NSCLC,1.0,0.5762616491221042,I-II,0,0.0,2,0.0,2.0,2,0.0,0.5762616491221042
PTPRC_CD22,NK cell dividing,Mast cell,3,2.0,1.7236970692614708,True,True,UKIM-V-2;Zuani_2024_NSCLC,0.6666666666666666,0.5745656897538236,I-II,0,0.0,1,0.0,1.0,2,0.0,0.5745656897538236
HLA-E_KLRC2,Endothelial cell venous,T cell CD8 dividing,7,5.0,4.020638088627963,True,True,Chen_Zhang_2020;He_Fan_2021;Kim_Lee_2020;Lambrechts_Thienpont_2018_6653;UKIM-V-2,0.7142857142857143,0.5743768698039947,I-II,0,0.0,1,0.0,2.0,2,0.0,0.5743768698039947
APP_CD74,pDC,T cell regulatory,8,5.0,4.592222192190379,True,False,Chen_Zhang_2020;Kim_Lee_2020;Lambrechts_Thienpont_2018_6653;Laughney_Massague_2020;UKIM-V-2,0.625,0.5740277740237973,I-II,0,0.0,2,0.0,3.0,2,0.0,0.5740277740237973
HLA-E_CD94:NKG2A,Ciliated,NK cell,7,7.0,4.012733620777875,False,False,Chen_Zhang_2020;He_Fan_2021;Kim_Lee_2020;Lambrechts_Thienpont_2018_6653;Laughney_Massague_2020;UKIM-V-2;Zuani_2024_NSCLC,1.0,0.573247660111125,I-II,0,0.0,1,0.0,2.0,2,0.0,0.573247660111125
CD52_SIGLEC10,T cell CD8 naive,cDC1,7,5.0,4.003236568677958,True,True,Chen_Zhang_2020;He_Fan_2021;Lambrechts_Thienpont_2018_6653;Laughney_Massague_2020;UKIM-V-2,0.7142857142857143,0.5718909383825654,I-II,0,0.0,1,0.0,2.0,2,0.0,0.5718909383825654
CD99_PILRA,Monocyte classical,Monocyte non-classical,5,5.0,2.84914072851173,False,True,Chen_Zhang_2020;Kim_Lee_2020;Lambrechts_Thienpont_2018_6653;UKIM-V-2;Zuani_2024_NSCLC,1.0,0.569828145702346,I-II,0,0.0,2,0.0,3.0,2,0.0,0.569828145702346
TNF_TNFRSF1B,myeloid dividing,Monocyte non-classical,5,5.0,2.844016723142204,False,True,Chen_Zhang_2020;Kim_Lee_2020;Lambrechts_Thienpont_2018_6653;UKIM-V-2;Zuani_2024_NSCLC,1.0,0.5688033446284408,I-II,0,0.0,2,0.0,1.0,2,0.0,0.5688033446284408
ANXA1_FPR1,T cell CD8 naive,myeloid dividing,7,7.0,3.974630837919827,False,True,Chen_Zhang_2020;He_Fan_2021;Kim_Lee_2020;Lambrechts_Thienpont_2018_6653;Laughney_Massague_2020;UKIM-V-2;Zuani_2024_NSCLC,1.0,0.5678044054171182,I-II,0,0.0,2,0.0,1.0,2,0.0,0.5678044054171182
PTPRC_MRC1,T cell CD8 naive,myeloid dividing,7,5.0,3.965581488784176,True,True,Chen_Zhang_2020;Kim_Lee_2020;Lambrechts_Thienpont_2018_6653;UKIM-V-2;Zuani_2024_NSCLC,0.7142857142857143,0.5665116412548823,I-II,0,0.0,2,0.0,1.0,2,0.0,0.5665116412548823
APP_TREM2_receptor,pDC,myeloid dividing,8,8.0,4.532008317477599,True,False,Chen_Zhang_2020;He_Fan_2021;Kim_Lee_2020;Lambrechts_Thienpont_2018_6653;Laughney_Massague_2020;UKIM-V-2;Zilionis_Klein_2019;Zuani_2024_NSCLC,1.0,0.5665010396846999,I-II,0,0.0,2,0.0,2.0,2,0.0,0.5665010396846999
ANXA1_FPR2,T cell CD8 activated,Monocyte non-classical,4,3.0,2.265761054529311,True,True,Kim_Lee_2020;UKIM-V-2;Zuani_2024_NSCLC,0.75,0.5664402636323278,I-II,0,0.0,1,0.0,2.0,2,0.0,0.5664402636323278
TNF_TNFRSF1B,Macrophage alveolar,Monocyte non-classical,5,5.0,2.811656372369499,True,True,Chen_Zhang_2020;Kim_Lee_2020;Lambrechts_Thienpont_2018_6653;UKIM-V-2;Zuani_2024_NSCLC,1.0,0.5623312744738997,I-II,0,0.0,2,0.0,3.0,2,0.0,0.5623312744738997
TNFSF13B_TNFRSF13C,Monocyte non-classical,B cell,5,5.0,2.811228135509493,True,True,Chen_Zhang_2020;Kim_Lee_2020;Lambrechts_Thienpont_2018_6653;UKIM-V-2;Zuani_2024_NSCLC,1.0,0.5622456271018985,I-II,0,0.0,2,0.0,3.0,2,0.0,0.5622456271018985
APP_CD74,Ciliated,Fibroblast peribronchial,6,5.0,3.370031412381982,True,False,Chen_Zhang_2020;Kim_Lee_2020;Lambrechts_Thienpont_2018_6653;Laughney_Massague_2020;Zuani_2024_NSCLC,0.8333333333333334,0.5616719020636637,I-II,0,0.0,1,0.0,2.0,2,0.0,0.5616719020636637
PTPRC_MRC1,pDC,Macrophage,8,8.0,4.482405741435917,False,True,Chen_Zhang_2020;He_Fan_2021;Kim_Lee_2020;Lambrechts_Thienpont_2018_6653;Laughney_Massague_2020;UKIM-V-2;Zilionis_Klein_2019;Zuani_2024_NSCLC,1.0,0.5603007176794896,I-II,0,0.0,2,0.0,3.0,2,0.0,0.5603007176794896
APP_CD74,pDC,Fibroblast alveolar,4,3.0,2.2350431044177395,True,False,Chen_Zhang_2020;Kim_Lee_2020;Lambrechts_Thienpont_2018_6653,0.75,0.5587607761044349,I-II,0,0.0,1,0.0,1.0,2,0.0,0.5587607761044349
APP_TREM2_receptor,Ciliated,myeloid dividing,7,7.0,3.9091181045167835,True,False,Chen_Zhang_2020;He_Fan_2021;Kim_Lee_2020;Lambrechts_Thienpont_2018_6653;Laughney_Massague_2020;UKIM-V-2;Zuani_2024_NSCLC,1.0,0.5584454435023977,I-II,0,0.0,1,0.0,1.0,2,0.0,0.5584454435023977
HLA-E_CD94:NKG2C,T cell CD8 naive,NK cell,7,5.0,3.896515522037041,False,False,Chen_Zhang_2020;He_Fan_2021;Kim_Lee_2020;Laughney_Massague_2020;Zuani_2024_NSCLC,0.7142857142857143,0.5566450745767202,I-II,0,0.0,2,0.0,3.0,2,0.0,0.5566450745767202
ANXA1_FPR1,T cell NK-like,myeloid dividing,7,7.0,3.895218249147251,False,True,Chen_Zhang_2020;He_Fan_2021;Kim_Lee_2020;Lambrechts_Thienpont_2018_6653;Laughney_Massague_2020;UKIM-V-2;Zuani_2024_NSCLC,1.0,0.5564597498781787,I-II,0,0.0,2,0.0,1.0,2,0.0,0.5564597498781787
PTPRC_CD22,T cell CD8 terminally exhausted,Mast cell,8,6.0,4.4504104624512175,True,True,Chen_Zhang_2020;Kim_Lee_2020;Lambrechts_Thienpont_2018_6653;Laughney_Massague_2020;UKIM-V-2;Zuani_2024_NSCLC,0.75,0.5563013078064022,I-II,0,0.0,2,0.0,4.0,2,0.0,0.5563013078064022
CD52_SIGLEC10,T cell CD8 naive,myeloid dividing,7,5.0,3.891333495780255,True,True,Chen_Zhang_2020;He_Fan_2021;Lambrechts_Thienpont_2018_6653;Laughney_Massague_2020;Zuani_2024_NSCLC,0.7142857142857143,0.555904785111465,I-II,0,0.0,2,0.0,1.0,2,0.0,0.555904785111465
APP_CD74,pDC,T cell CD8 effector memory,8,5.0,4.44308579595557,True,False,Chen_Zhang_2020;Kim_Lee_2020;Lambrechts_Thienpont_2018_6653;Laughney_Massague_2020;UKIM-V-2,0.625,0.5553857244944462,I-II,0,0.0,2,0.0,3.0,2,0.0,0.5553857244944462
CLU_TREM2_receptor,Ciliated,cDC2,7,6.0,3.884093304259722,True,False,Chen_Zhang_2020;He_Fan_2021;Kim_Lee_2020;Lambrechts_Thienpont_2018_6653;Laughney_Massague_2020;UKIM-V-2,0.8571428571428571,0.5548704720371032,I-II,0,0.0,1,0.0,2.0,2,0.0,0.5548704720371032
CCL5_CCR1,T cell CD8 dividing,Macrophage alveolar,6,6.0,5.169094667386366,True,True,Chen_Zhang_2020;He_Fan_2021;Kim_Lee_2020;Lambrechts_Thienpont_2018_6653;UKIM-V-2;Zuani_2024_NSCLC,1.0,0.8615157778977277,I-II,0,0.0,2,0.3069595339316643,3.0,2,0.3069595339316643,0.5545562439660634
APP_CD74,pDC,T cell CD8 activated,6,4.0,3.3270694177077744,True,False,Chen_Zhang_2020;Kim_Lee_2020;Laughney_Massague_2020;UKIM-V-2,0.6666666666666666,0.5545115696179624,I-II,0,0.0,1,0.0,3.0,2,0.0,0.5545115696179624
LCK_CD8_receptor,T cell CD8 naive,T cell CD8 terminally exhausted,7,7.0,3.8695058065310324,True,False,Chen_Zhang_2020;He_Fan_2021;Kim_Lee_2020;Lambrechts_Thienpont_2018_6653;Laughney_Massague_2020;UKIM-V-2;Zuani_2024_NSCLC,1.0,0.5527865437901475,I-II,0,0.0,2,0.0,3.0,2,0.0,0.5527865437901475
CD52_SIGLEC10,T cell CD8 naive,cDC2,7,5.0,3.8692460912429825,True,True,Chen_Zhang_2020;Lambrechts_Thienpont_2018_6653;Laughney_Massague_2020;UKIM-V-2;Zuani_2024_NSCLC,0.7142857142857143,0.5527494416061404,I-II,0,0.0,2,0.0,3.0,2,0.0,0.5527494416061404
PLAU_PLAUR,Fibroblast peribronchial,Monocyte non-classical,4,4.0,2.208565780251875,True,True,Chen_Zhang_2020;Kim_Lee_2020;Lambrechts_Thienpont_2018_6653;Zuani_2024_NSCLC,1.0,0.5521414450629688,I-II,0,0.0,2,0.0,3.0,2,0.0,0.5521414450629688
LCK_CD8_receptor,T cell CD8 naive,T cell CD8 dividing,7,7.0,3.834005805291959,True,False,Chen_Zhang_2020;He_Fan_2021;Kim_Lee_2020;Lambrechts_Thienpont_2018_6653;Laughney_Massague_2020;UKIM-V-2;Zuani_2024_NSCLC,1.0,0.5477151150417084,I-II,0,0.0,2,0.0,3.0,2,0.0,0.5477151150417084
APP_CD74,Monocyte non-classical,Monocyte classical,5,3.0,2.734099123760676,False,True,Lambrechts_Thienpont_2018_6653;UKIM-V-2;Zuani_2024_NSCLC,0.6,0.5468198247521352,I-II,0,0.0,2,0.0,3.0,2,0.0,0.5468198247521352
CD99_PILRA,T cell CD8 naive,Macrophage,7,7.0,3.8253482456169374,False,True,Chen_Zhang_2020;He_Fan_2021;Kim_Lee_2020;Lambrechts_Thienpont_2018_6653;Laughney_Massague_2020;UKIM-V-2;Zuani_2024_NSCLC,1.0,0.5464783208024196,I-II,0,0.0,2,0.0,3.0,2,0.0,0.5464783208024196
PECAM1_CD38,Endothelial cell venous,pDC,8,7.0,4.367849470944383,True,False,Chen_Zhang_2020;He_Fan_2021;Kim_Lee_2020;Lambrechts_Thienpont_2018_6653;UKIM-V-2;Zilionis_Klein_2019;Zuani_2024_NSCLC,0.875,0.5459811838680478,I-II,0,0.0,1,0.0,3.0,2,0.0,0.5459811838680478
RARRES2_CCRL2,Fibroblast alveolar,Monocyte non-classical,3,2.0,1.624827372771469,True,True,Chen_Zhang_2020;Kim_Lee_2020,0.6666666666666666,0.5416091242571563,I-II,0,0.0,1,0.0,1.0,2,0.0,0.5416091242571563
LCK_CD8_receptor,T cell regulatory,T cell CD8 naive,7,7.0,3.7851768946300477,True,False,Chen_Zhang_2020;He_Fan_2021;Kim_Lee_2020;Lambrechts_Thienpont_2018_6653;Laughney_Massague_2020;UKIM-V-2;Zuani_2024_NSCLC,1.0,0.5407395563757211,I-II,0,0.0,2,0.0,3.0,2,0.0,0.5407395563757211
CTSG_FPR1,Mast cell,Monocyte non-classical,5,5.0,2.700958233877842,True,True,Chen_Zhang_2020;Kim_Lee_2020;Lambrechts_Thienpont_2018_6653;UKIM-V-2;Zuani_2024_NSCLC,1.0,0.5401916467755684,I-II,0,0.0,2,0.0,3.0,2,0.0,0.5401916467755684
ANXA1_FPR3,NK cell dividing,Macrophage,3,3.0,1.6170410850646566,False,True,He_Fan_2021;UKIM-V-2;Zuani_2024_NSCLC,1.0,0.5390136950215522,I-II,0,0.0,1,0.0,1.0,2,0.0,0.5390136950215522
PECAM1_CD38,Monocyte non-classical,Ciliated,5,5.0,2.695054295910122,True,True,Chen_Zhang_2020;Kim_Lee_2020;Lambrechts_Thienpont_2018_6653;UKIM-V-2;Zuani_2024_NSCLC,1.0,0.5390108591820244,I-II,0,0.0,1,0.0,2.0,2,0.0,0.5390108591820244
ANXA1_FPR3,Monocyte non-classical,cDC2,5,4.0,2.692544606494234,False,True,Kim_Lee_2020;Lambrechts_Thienpont_2018_6653;UKIM-V-2;Zuani_2024_NSCLC,0.8,0.5385089212988469,I-II,0,0.0,2,0.0,3.0,2,0.0,0.5385089212988469
COL3A1_ADGRG1,Fibroblast alveolar,T cell NK-like,4,3.0,2.149279561500633,True,False,Chen_Zhang_2020;Kim_Lee_2020;Lambrechts_Thienpont_2018_6653,0.75,0.5373198903751583,I-II,0,0.0,1,0.0,1.0,2,0.0,0.5373198903751583
CXCL14_CXCR4,Fibroblast peribronchial,T cell CD8 naive,6,4.0,3.211960076206248,True,True,He_Fan_2021;Kim_Lee_2020;Lambrechts_Thienpont_2018_6653;Zuani_2024_NSCLC,0.6666666666666666,0.535326679367708,I-II,0,0.0,2,0.0,3.0,2,0.0,0.535326679367708
CD52_SIGLEC10,pDC,Monocyte non-classical,5,5.0,2.6712939367387896,False,True,Chen_Zhang_2020;Kim_Lee_2020;Lambrechts_Thienpont_2018_6653;UKIM-V-2;Zuani_2024_NSCLC,1.0,0.5342587873477579,I-II,0,0.0,2,0.0,2.0,2,0.0,0.5342587873477579
CXCL14_CXCR4,Fibroblast alveolar,T cell CD8 dividing,4,3.0,2.1271367237995116,False,True,Chen_Zhang_2020;He_Fan_2021;Kim_Lee_2020,0.75,0.5317841809498779,I-II,0,0.0,1,0.0,1.0,2,0.0,0.5317841809498779
LCK_CD8_receptor,T cell CD8 terminally exhausted,T cell CD8 naive,7,7.0,3.7170362591087898,True,False,Chen_Zhang_2020;He_Fan_2021;Kim_Lee_2020;Lambrechts_Thienpont_2018_6653;Laughney_Massague_2020;UKIM-V-2;Zuani_2024_NSCLC,1.0,0.5310051798726843,I-II,0,0.0,2,0.0,3.0,2,0.0,0.5310051798726843
CD44_TYROBP,T cell CD8 naive,NK cell dividing,3,2.0,1.5925939200849597,False,True,He_Fan_2021;Zuani_2024_NSCLC,0.6666666666666666,0.5308646400283199,I-II,0,0.0,1,0.0,1.0,2,0.0,0.5308646400283199
HLA-E_KLRC2,T cell CD8 naive,NK cell dividing,3,2.0,1.5857104296650295,False,True,He_Fan_2021;Zuani_2024_NSCLC,0.6666666666666666,0.5285701432216765,I-II,0,0.0,1,0.0,1.0,2,0.0,0.5285701432216765
CD44_TYROBP,T cell CD8 effector memory,NK cell dividing,3,2.0,1.5844528518961016,False,True,He_Fan_2021;Zuani_2024_NSCLC,0.6666666666666666,0.5281509506320339,I-II,0,0.0,1,0.0,1.0,2,0.0,0.5281509506320339
HLA-E_KLRC2,T cell regulatory,NK cell dividing,3,2.0,1.583449267666711,False,True,He_Fan_2021;Zuani_2024_NSCLC,0.6666666666666666,0.5278164225555703,I-II,0,0.0,1,0.0,1.0,2,0.0,0.5278164225555703
APP_CD74,pDC,T cell CD4,8,5.0,4.220308583722427,True,False,Chen_Zhang_2020;Kim_Lee_2020;Lambrechts_Thienpont_2018_6653;Laughney_Massague_2020;UKIM-V-2,0.625,0.5275385729653034,I-II,0,0.0,2,0.0,3.0,2,0.0,0.5275385729653034
HLA-E_KLRC2,NK cell,NK cell dividing,3,2.0,1.581354484711713,False,True,He_Fan_2021;Zuani_2024_NSCLC,0.6666666666666666,0.527118161570571,I-II,0,0.0,1,0.0,1.0,2,0.0,0.527118161570571
PTPRC_MRC1,NK cell dividing,pDC,3,2.0,1.5798455902800936,True,False,UKIM-V-2;Zuani_2024_NSCLC,0.6666666666666666,0.5266151967600312,I-II,0,0.0,1,0.0,1.0,2,0.0,0.5266151967600312
COL3A1_ADGRG1,Fibroblast alveolar,Ciliated,4,3.0,2.1030189271121826,True,False,Chen_Zhang_2020;He_Fan_2021;Lambrechts_Thienpont_2018_6653,0.75,0.5257547317780457,I-II,0,0.0,1,0.0,1.0,2,0.0,0.5257547317780457
APP_CD74,pDC,NK cell,8,5.0,4.2036600544403315,True,False,Chen_Zhang_2020;Kim_Lee_2020;Lambrechts_Thienpont_2018_6653;Laughney_Massague_2020;UKIM-V-2,0.625,0.5254575068050414,I-II,0,0.0,2,0.0,3.0,2,0.0,0.5254575068050414
CD44_TYROBP,myeloid dividing,T cell NK-like,7,7.0,3.670283711774825,True,False,Chen_Zhang_2020;He_Fan_2021;Kim_Lee_2020;Lambrechts_Thienpont_2018_6653;Laughney_Massague_2020;UKIM-V-2;Zuani_2024_NSCLC,1.0,0.5243262445392607,I-II,0,0.0,2,0.0,1.0,2,0.0,0.5243262445392607
CCL5_CCR1,NK cell dividing,cDC2,3,2.0,1.572935688033783,True,False,UKIM-V-2;Zuani_2024_NSCLC,0.6666666666666666,0.524311896011261,I-II,0,0.0,1,0.0,1.0,2,0.0,0.524311896011261
ANXA1_FPR3,T cell NK-like,myeloid dividing,7,6.0,3.669547427593219,False,True,Chen_Zhang_2020;Kim_Lee_2020;Lambrechts_Thienpont_2018_6653;Laughney_Massague_2020;UKIM-V-2;Zuani_2024_NSCLC,0.8571428571428571,0.5242210610847456,I-II,0,0.0,2,0.0,1.0,2,0.0,0.5242210610847456
CD44_TYROBP,NK cell dividing,pDC,3,2.0,1.5707617379181302,False,True,He_Fan_2021;UKIM-V-2,0.6666666666666666,0.5235872459727101,I-II,0,0.0,1,0.0,1.0,2,0.0,0.5235872459727101
HLA-E_KLRC2,T cell NK-like,NK cell dividing,3,2.0,1.569324748882694,False,True,He_Fan_2021;Zuani_2024_NSCLC,0.6666666666666666,0.5231082496275646,I-II,0,0.0,1,0.0,1.0,2,0.0,0.5231082496275646
TNF_TNFRSF1B,Monocyte non-classical,Monocyte non-classical,5,4.0,2.614902803881192,True,True,Chen_Zhang_2020;Kim_Lee_2020;UKIM-V-2;Zuani_2024_NSCLC,0.8,0.5229805607762384,I-II,0,0.0,2,0.0,3.0,2,0.0,0.5229805607762384
HLA-E_CD94:NKG2C,Fibroblast peribronchial,NK cell dividing,2,2.0,1.0444201070843844,False,False,He_Fan_2021;Zuani_2024_NSCLC,1.0,0.5222100535421922,I-II,0,0.0,1,0.0,1.0,2,0.0,0.5222100535421922
HLA-E_KLRC2,Fibroblast peribronchial,NK cell dividing,2,2.0,1.0444201070843844,False,True,He_Fan_2021;Zuani_2024_NSCLC,1.0,0.5222100535421922,I-II,0,0.0,1,0.0,1.0,2,0.0,0.5222100535421922
CD44_TYROBP,cDC2,cDC1,7,5.0,3.6502413520739703,True,True,He_Fan_2021;Kim_Lee_2020;Lambrechts_Thienpont_2018_6653;Laughney_Massague_2020;UKIM-V-2,0.7142857142857143,0.5214630502962815,I-II,0,0.0,1,0.0,2.0,2,0.0,0.5214630502962815
CD44_TYROBP,T cell regulatory,NK cell dividing,3,2.0,1.5615372361608921,False,True,He_Fan_2021;Zuani_2024_NSCLC,0.6666666666666666,0.5205124120536307,I-II,0,0.0,1,0.0,1.0,2,0.0,0.5205124120536307
HLA-E_KLRK1,Monocyte non-classical,T cell NK-like,5,3.0,2.5961261450284274,True,True,Chen_Zhang_2020;Lambrechts_Thienpont_2018_6653;Zuani_2024_NSCLC,0.6,0.5192252290056855,I-II,0,0.0,2,0.0,3.0,2,0.0,0.5192252290056855
CD44_TYROBP,NK cell dividing,NK cell dividing,3,2.0,1.5574538696402496,False,True,He_Fan_2021;Zuani_2024_NSCLC,0.6666666666666666,0.5191512898800832,I-II,0,0.0,1,0.0,1.0,2,0.0,0.5191512898800832
APP_TREM2_receptor,pDC,Macrophage alveolar,7,7.0,3.625417116745589,True,False,Chen_Zhang_2020;He_Fan_2021;Kim_Lee_2020;Lambrechts_Thienpont_2018_6653;UKIM-V-2;Zilionis_Klein_2019;Zuani_2024_NSCLC,1.0,0.5179167309636555,I-II,0,0.0,2,0.0,3.0,2,0.0,0.5179167309636555
HLA-E_KLRK1,Monocyte non-classical,NK cell,5,3.0,2.5895284281758615,True,True,Chen_Zhang_2020;Lambrechts_Thienpont_2018_6653;Zuani_2024_NSCLC,0.6,0.5179056856351723,I-II,0,0.0,2,0.0,3.0,2,0.0,0.5179056856351723
RARRES2_CMKLR1,Fibroblast peribronchial,pDC,6,4.0,3.103960865979894,True,False,Chen_Zhang_2020;Kim_Lee_2020;Lambrechts_Thienpont_2018_6653;Laughney_Massague_2020,0.6666666666666666,0.517326810996649,I-II,0,0.0,2,0.0,3.0,2,0.0,0.517326810996649
CD44_TYROBP,T cell CD4 dividing,NK cell dividing,3,2.0,1.5506880835435197,False,True,He_Fan_2021;Zuani_2024_NSCLC,0.6666666666666666,0.51689602784784,I-II,0,0.0,1,0.0,1.0,2,0.0,0.51689602784784
LCK_CD8_receptor,T cell CD8 naive,T cell NK-like,7,7.0,3.617161972377503,True,False,Chen_Zhang_2020;He_Fan_2021;Kim_Lee_2020;Lambrechts_Thienpont_2018_6653;Laughney_Massague_2020;UKIM-V-2;Zuani_2024_NSCLC,1.0,0.5167374246253575,I-II,0,0.0,2,0.0,3.0,2,0.0,0.5167374246253575
CD44_TYROBP,T cell CD4,NK cell dividing,3,2.0,1.546473295278552,False,True,He_Fan_2021;Zuani_2024_NSCLC,0.6666666666666666,0.515491098426184,I-II,0,0.0,1,0.0,1.0,2,0.0,0.515491098426184
PTPRC_MRC1,NK cell dividing,DC mature,3,2.0,1.5440710669283,True,False,UKIM-V-2;Zuani_2024_NSCLC,0.6666666666666666,0.5146903556427667,I-II,0,0.0,1,0.0,1.0,2,0.0,0.5146903556427667
XCL2_XCR1,NK cell dividing,cDC1,3,3.0,1.5411572542727143,True,True,He_Fan_2021;UKIM-V-2;Zuani_2024_NSCLC,1.0,0.5137190847575714,I-II,0,0.0,1,0.0,1.0,2,0.0,0.5137190847575714
HLA-E_KLRC2,T cell CD8 terminally exhausted,NK cell dividing,3,2.0,1.5387318022921368,False,True,He_Fan_2021;Zuani_2024_NSCLC,0.6666666666666666,0.5129106007640456,I-II,0,0.0,1,0.0,1.0,2,0.0,0.5129106007640456
PTPRC_CD22,NK cell dividing,myeloid dividing,3,2.0,1.537982630320376,True,False,UKIM-V-2;Zuani_2024_NSCLC,0.6666666666666666,0.5126608767734587,I-II,0,0.0,1,0.0,1.0,2,0.0,0.5126608767734587
CSF1_CSF1R,Mast cell,Monocyte non-classical,5,5.0,2.562849555970246,True,True,Chen_Zhang_2020;Kim_Lee_2020;Lambrechts_Thienpont_2018_6653;UKIM-V-2;Zuani_2024_NSCLC,1.0,0.5125699111940493,I-II,0,0.0,2,0.0,3.0,2,0.0,0.5125699111940493
HLA-E_KLRC2,T cell CD8 dividing,NK cell dividing,3,2.0,1.533283331120846,False,True,He_Fan_2021;Zuani_2024_NSCLC,0.6666666666666666,0.5110944437069487,I-II,0,0.0,1,0.0,1.0,2,0.0,0.5110944437069487
PTPRC_CD22,NK cell dividing,Macrophage,3,2.0,1.5330333013117161,True,False,UKIM-V-2;Zuani_2024_NSCLC,0.6666666666666666,0.5110111004372387,I-II,0,0.0,1,0.0,1.0,2,0.0,0.5110111004372387
ANXA1_FPR1,NK cell dividing,cDC2,3,3.0,1.531060103371281,False,True,He_Fan_2021;UKIM-V-2;Zuani_2024_NSCLC,1.0,0.510353367790427,I-II,0,0.0,1,0.0,1.0,2,0.0,0.510353367790427
PECAM1_CD38,Monocyte non-classical,NK cell,5,5.0,2.5517222932579444,True,False,Chen_Zhang_2020;Kim_Lee_2020;Lambrechts_Thienpont_2018_6653;UKIM-V-2;Zuani_2024_NSCLC,1.0,0.5103444586515888,I-II,0,0.0,2,0.0,3.0,2,0.0,0.5103444586515888
CD44_TYROBP,T cell CD8 terminally exhausted,NK cell dividing,3,2.0,1.5303287756095403,False,True,He_Fan_2021;Zuani_2024_NSCLC,0.6666666666666666,0.5101095918698467,I-II,0,0.0,1,0.0,1.0,2,0.0,0.5101095918698467
ANXA1_FPR1,NK cell dividing,Monocyte classical,3,2.0,1.527339459954062,False,True,UKIM-V-2;Zuani_2024_NSCLC,0.6666666666666666,0.5091131533180207,I-II,0,0.0,1,0.0,1.0,2,0.0,0.5091131533180207
HLA-E_KLRC2,B cell,NK cell dividing,3,2.0,1.525104208150803,False,True,He_Fan_2021;Zuani_2024_NSCLC,0.6666666666666666,0.508368069383601,I-II,0,0.0,1,0.0,1.0,2,0.0,0.508368069383601
CD44_TYROBP,T cell CD8 dividing,NK cell dividing,3,2.0,1.5238882251427053,False,True,He_Fan_2021;Zuani_2024_NSCLC,0.6666666666666666,0.507962741714235,I-II,0,0.0,1,0.0,1.0,2,0.0,0.507962741714235
CCL19_CCR7,DC mature,T cell CD8 naive,6,6.0,3.0462352574222535,True,False,Chen_Zhang_2020;He_Fan_2021;Kim_Lee_2020;Lambrechts_Thienpont_2018_6653;UKIM-V-2;Zuani_2024_NSCLC,1.0,0.5077058762370422,I-II,0,0.0,1,0.0,1.0,2,0.0,0.5077058762370422
CD44_TYROBP,B cell,NK cell dividing,3,2.0,1.5168503031107572,False,True,He_Fan_2021;Zuani_2024_NSCLC,0.6666666666666666,0.5056167677035858,I-II,0,0.0,1,0.0,1.0,2,0.0,0.5056167677035858
CD44_TYROBP,T cell NK-like,NK cell dividing,3,2.0,1.516512677552104,False,True,He_Fan_2021;Zuani_2024_NSCLC,0.6666666666666666,0.5055042258507013,I-II,0,0.0,1,0.0,1.0,2,0.0,0.5055042258507013
CD44_TYROBP,pDC,NK cell,8,5.0,4.0376170454813245,False,True,Chen_Zhang_2020;Kim_Lee_2020;Lambrechts_Thienpont_2018_6653;Laughney_Massague_2020;Zuani_2024_NSCLC,0.625,0.5047021306851656,I-II,0,0.0,2,0.0,3.0,2,0.0,0.5047021306851656
CD44_TYROBP,Monocyte non-classical,Mast cell,5,3.0,2.5218503235093594,True,True,Chen_Zhang_2020;Lambrechts_Thienpont_2018_6653;UKIM-V-2,0.6,0.5043700647018718,I-II,0,0.0,2,0.0,3.0,2,0.0,0.5043700647018718
PLAU_PLAUR,myeloid dividing,Monocyte non-classical,5,5.0,2.52076377786803,True,True,Chen_Zhang_2020;Kim_Lee_2020;Lambrechts_Thienpont_2018_6653;UKIM-V-2;Zuani_2024_NSCLC,1.0,0.5041527555736061,I-II,0,0.0,2,0.0,1.0,2,0.0,0.5041527555736061
ANXA1_FPR3,T cell CD8 naive,myeloid dividing,7,6.0,3.527788702958294,False,True,Chen_Zhang_2020;Kim_Lee_2020;Lambrechts_Thienpont_2018_6653;Laughney_Massague_2020;UKIM-V-2;Zuani_2024_NSCLC,0.8571428571428571,0.5039698147083277,I-II,0,0.0,2,0.0,1.0,2,0.0,0.5039698147083277
APP_FPR2,Ciliated,Monocyte non-classical,5,5.0,2.5135009063358167,True,True,Chen_Zhang_2020;Kim_Lee_2020;Lambrechts_Thienpont_2018_6653;UKIM-V-2;Zuani_2024_NSCLC,1.0,0.5027001812671633,I-II,0,0.0,1,0.0,2.0,2,0.0,0.5027001812671633
CXCL14_CXCR4,Fibroblast peribronchial,T cell CD8 dividing,6,4.0,3.0148800567335043,True,True,He_Fan_2021;Kim_Lee_2020;Lambrechts_Thienpont_2018_6653;Laughney_Massague_2020,0.6666666666666666,0.502480009455584,I-II,0,0.0,2,0.0,3.0,2,0.0,0.502480009455584
ANXA1_FPR2,Ciliated,Monocyte classical,7,5.0,3.5166739510960485,True,True,Kim_Lee_2020;Lambrechts_Thienpont_2018_6653;Laughney_Massague_2020;UKIM-V-2;Zuani_2024_NSCLC,0.7142857142857143,0.5023819930137212,I-II,0,0.0,1,0.0,2.0,2,0.0,0.5023819930137212
CXCL16_CXCR6,Monocyte non-classical,T cell CD8 terminally exhausted,5,5.0,2.5067059179432283,True,True,Chen_Zhang_2020;Kim_Lee_2020;Lambrechts_Thienpont_2018_6653;UKIM-V-2;Zuani_2024_NSCLC,1.0,0.5013411835886457,I-II,0,0.0,2,0.0,3.0,2,0.0,0.5013411835886457
CD44_TYROBP,NK cell,NK cell dividing,3,2.0,1.503398822956768,False,True,He_Fan_2021;Zuani_2024_NSCLC,0.6666666666666666,0.5011329409855894,I-II,0,0.0,1,0.0,1.0,2,0.0,0.5011329409855894
APP_TREM2_receptor,Ciliated,Macrophage alveolar,6,6.0,3.006300184726242,True,False,Chen_Zhang_2020;He_Fan_2021;Kim_Lee_2020;Lambrechts_Thienpont_2018_6653;UKIM-V-2;Zuani_2024_NSCLC,1.0,0.5010500307877069,I-II,0,0.0,1,0.0,2.0,2,0.0,0.5010500307877069
CD44_TYROBP,Ciliated,Monocyte non-classical,5,3.0,2.5044149466706926,False,True,Kim_Lee_2020;UKIM-V-2;Zuani_2024_NSCLC,0.6,0.5008829893341386,I-II,0,0.0,1,0.0,2.0,2,0.0,0.5008829893341386
HLA-E_KLRC2,T cell CD8 effector memory,NK cell dividing,3,2.0,1.498876498960131,False,True,He_Fan_2021;Zuani_2024_NSCLC,0.6666666666666666,0.49962549965337705,I-II,0,0.0,1,0.0,1.0,2,0.0,0.49962549965337705
HLA-E_KLRC2,NK cell dividing,NK cell dividing,3,2.0,1.487675560865525,False,True,He_Fan_2021;Zuani_2024_NSCLC,0.6666666666666666,0.4958918536218417,I-II,0,0.0,1,0.0,1.0,2,0.0,0.4958918536218417
THY1_integrin_aXb2_complex,Fibroblast peribronchial,cDC1,6,5.0,2.9634630138431053,True,False,Chen_Zhang_2020;Kim_Lee_2020;Lambrechts_Thienpont_2018_6653;Laughney_Massague_2020;Zuani_2024_NSCLC,0.8333333333333334,0.4939105023071842,I-II,0,0.0,1,0.0,2.0,2,0.0,0.4939105023071842
TNF_TNFRSF1B,T cell CD4 dividing,Monocyte non-classical,5,4.0,2.4692525387334707,False,True,Chen_Zhang_2020;Lambrechts_Thienpont_2018_6653;UKIM-V-2;Zuani_2024_NSCLC,0.8,0.49385050774669415,I-II,0,0.0,2,0.0,2.0,2,0.0,0.49385050774669415
TNF_TNFRSF1B,T cell CD8 effector memory,Monocyte non-classical,5,4.0,2.4622391933483656,False,True,Chen_Zhang_2020;Lambrechts_Thienpont_2018_6653;UKIM-V-2;Zuani_2024_NSCLC,0.8,0.4924478386696731,I-II,0,0.0,2,0.0,3.0,2,0.0,0.4924478386696731
CD52_SIGLEC10,Monocyte non-classical,cDC1,5,3.0,2.45846779759113,True,True,Kim_Lee_2020;Lambrechts_Thienpont_2018_6653;UKIM-V-2,0.6,0.491693559518226,I-II,0,0.0,1,0.0,2.0,2,0.0,0.491693559518226
PTPRC_MRC1,T cell NK-like,cDC2,7,6.0,4.967884033569835,True,True,Chen_Zhang_2020;Kim_Lee_2020;Lambrechts_Thienpont_2018_6653;Laughney_Massague_2020;UKIM-V-2;Zuani_2024_NSCLC,0.8571428571428571,0.709697719081405,I-II,0,0.0,2,0.21944035346097202,3.0,2,0.21944035346097202,0.490257365620433
CD44_TYROBP,cDC1,Macrophage alveolar,6,6.0,5.249867610909477,False,True,Chen_Zhang_2020;He_Fan_2021;Kim_Lee_2020;Lambrechts_Thienpont_2018_6653;UKIM-V-2;Zuani_2024_NSCLC,1.0,0.8749779351515795,I-II,0,0.0,1,0.3851251840942563,2.0,2,0.3851251840942563,0.48985275105732323
CXCL8_ACKR1,Monocyte non-classical,Endothelial cell venous,5,4.0,2.449102236273468,False,True,Chen_Zhang_2020;Kim_Lee_2020;UKIM-V-2;Zuani_2024_NSCLC,0.8,0.48982044725469354,I-II,0,0.0,1,0.0,2.0,2,0.0,0.48982044725469354
APP_CD74,pDC,Fibroblast peribronchial,6,4.0,2.936689395658403,True,False,Chen_Zhang_2020;Kim_Lee_2020;Lambrechts_Thienpont_2018_6653;Laughney_Massague_2020,0.6666666666666666,0.4894482326097338,I-II,0,0.0,2,0.0,3.0,2,0.0,0.4894482326097338
HLA-E_CD94:NKG2C,Monocyte non-classical,NK cell,5,3.0,2.4388094288523727,True,False,Chen_Zhang_2020;Kim_Lee_2020;Zuani_2024_NSCLC,0.6,0.4877618857704745,I-II,0,0.0,2,0.0,3.0,2,0.0,0.4877618857704745
CD99_PILRA,cDC1,Monocyte non-classical,5,5.0,2.4363403415031843,False,True,Chen_Zhang_2020;Kim_Lee_2020;Lambrechts_Thienpont_2018_6653;UKIM-V-2;Zuani_2024_NSCLC,1.0,0.48726806830063685,I-II,0,0.0,1,0.0,2.0,2,0.0,0.48726806830063685
PECAM1_CD38,Monocyte non-classical,T cell CD4 dividing,5,5.0,2.4351590388837523,True,False,Chen_Zhang_2020;Kim_Lee_2020;Lambrechts_Thienpont_2018_6653;UKIM-V-2;Zuani_2024_NSCLC,1.0,0.4870318077767505,I-II,0,0.0,2,0.0,2.0,2,0.0,0.4870318077767505
APP_CD74,Ciliated,Fibroblast alveolar,4,3.0,1.9439784378230516,True,False,Chen_Zhang_2020;Kim_Lee_2020;Lambrechts_Thienpont_2018_6653,0.75,0.4859946094557629,I-II,0,0.0,1,0.0,1.0,2,0.0,0.4859946094557629
LCK_CD8_receptor,T cell CD8 activated,T cell CD8 dividing,5,5.0,2.42739588908373,False,False,Chen_Zhang_2020;Kim_Lee_2020;Laughney_Massague_2020;UKIM-V-2;Zuani_2024_NSCLC,1.0,0.485479177816746,I-II,0,0.0,1,0.0,2.0,2,0.0,0.485479177816746
CD44_TYROBP,DC mature,cDC1,6,4.0,2.9011450008680386,True,True,He_Fan_2021;Kim_Lee_2020;Lambrechts_Thienpont_2018_6653;UKIM-V-2,0.6666666666666666,0.48352416681133975,I-II,0,0.0,1,0.0,1.0,2,0.0,0.48352416681133975
APP_TNFRSF21,Ciliated,pDC,7,6.0,3.3838715407762887,True,True,Chen_Zhang_2020;Kim_Lee_2020;Lambrechts_Thienpont_2018_6653;Laughney_Massague_2020;UKIM-V-2;Zuani_2024_NSCLC,0.8571428571428571,0.4834102201108984,I-II,0,0.0,1,0.0,2.0,2,0.0,0.4834102201108984
COL3A1_ADGRG1,Fibroblast peribronchial,T cell CD8 terminally exhausted,6,3.0,2.8852682872801476,True,False,Chen_Zhang_2020;Laughney_Massague_2020;Zuani_2024_NSCLC,0.5,0.4808780478800246,I-II,0,0.0,2,0.0,4.0,2,0.0,0.4808780478800246
CXCL12_CXCR4,Fibroblast peribronchial,Monocyte non-classical,4,3.0,1.9212768976855559,True,False,Chen_Zhang_2020;Kim_Lee_2020;Zuani_2024_NSCLC,0.75,0.48031922442138897,I-II,0,0.0,2,0.0,3.0,2,0.0,0.48031922442138897
APP_CD74,Macrophage alveolar,cDC1,6,6.0,5.875897237264974,False,True,Chen_Zhang_2020;He_Fan_2021;Kim_Lee_2020;Lambrechts_Thienpont_2018_6653;UKIM-V-2;Zuani_2024_NSCLC,1.0,0.979316206210829,I-II,0,0.0,1,0.4997638167217761,2.0,2,0.4997638167217761,0.47955238948905293
HLA-E_KLRC2,T cell CD4 dividing,NK cell dividing,3,2.0,1.4374649320766406,False,True,He_Fan_2021;Zuani_2024_NSCLC,0.6666666666666666,0.4791549773588802,I-II,0,0.0,1,0.0,1.0,2,0.0,0.4791549773588802
CXCL12_CXCR4,Fibroblast alveolar,cDC1,4,3.0,1.9149948905560277,True,False,Chen_Zhang_2020;Kim_Lee_2020;Lambrechts_Thienpont_2018_6653,0.75,0.4787487226390069,I-II,0,0.0,1,0.0,1.0,2,0.0,0.4787487226390069
HLA-E_CD94:NKG2E,T cell regulatory,NK cell dividing,3,2.0,1.4347776450285412,False,False,He_Fan_2021;Zuani_2024_NSCLC,0.6666666666666666,0.47825921500951374,I-II,0,0.0,1,0.0,1.0,2,0.0,0.47825921500951374
HLA-E_KLRC2,T cell CD4,NK cell dividing,3,2.0,1.4340948714544892,False,True,He_Fan_2021;Zuani_2024_NSCLC,0.6666666666666666,0.47803162381816305,I-II,0,0.0,1,0.0,1.0,2,0.0,0.47803162381816305
ANXA1_FPR3,T cell CD8 naive,cDC2,7,5.0,3.341646896446113,False,True,Kim_Lee_2020;Lambrechts_Thienpont_2018_6653;Laughney_Massague_2020;UKIM-V-2;Zuani_2024_NSCLC,0.7142857142857143,0.4773781280637304,I-II,0,0.0,2,0.0,3.0,2,0.0,0.4773781280637304
LCK_CD8_receptor,T cell NK-like,T cell CD8 naive,7,6.0,3.3410206734272703,True,False,Chen_Zhang_2020;Kim_Lee_2020;Lambrechts_Thienpont_2018_6653;Laughney_Massague_2020;UKIM-V-2;Zuani_2024_NSCLC,0.8571428571428571,0.4772886676324672,I-II,0,0.0,2,0.0,3.0,2,0.0,0.4772886676324672
HLA-E_CD94:NKG2E,T cell CD8 naive,NK cell dividing,3,2.0,1.428423381565556,False,False,He_Fan_2021;Zuani_2024_NSCLC,0.6666666666666666,0.4761411271885187,I-II,0,0.0,1,0.0,1.0,2,0.0,0.4761411271885187
APP_CD74,pDC,Mast cell,8,5.0,3.808314316163111,True,False,Chen_Zhang_2020;Kim_Lee_2020;Lambrechts_Thienpont_2018_6653;Laughney_Massague_2020;UKIM-V-2,0.625,0.4760392895203889,I-II,0,0.0,2,0.0,3.0,2,0.0,0.4760392895203889
ANXA1_FPR1,T cell CD8 dividing,myeloid dividing,7,7.0,3.3282078144576044,True,True,Chen_Zhang_2020;He_Fan_2021;Kim_Lee_2020;Lambrechts_Thienpont_2018_6653;Laughney_Massague_2020;UKIM-V-2;Zuani_2024_NSCLC,1.0,0.4754582592082292,I-II,0,0.0,2,0.0,1.0,2,0.0,0.4754582592082292
HLA-E_CD94:NKG2E,Monocyte non-classical,NK cell,5,3.0,2.373229633537601,True,False,Chen_Zhang_2020;Lambrechts_Thienpont_2018_6653;Zuani_2024_NSCLC,0.6,0.47464592670752015,I-II,0,0.0,2,0.0,3.0,2,0.0,0.47464592670752015
HLA-E_CD94:NKG2C,Ciliated,NK cell dividing,3,3.0,1.4230426673610745,False,False,He_Fan_2021;UKIM-V-2;Zuani_2024_NSCLC,1.0,0.47434755578702487,I-II,0,0.0,1,0.0,1.0,2,0.0,0.47434755578702487
TNF_TNFRSF1B,T cell CD8 dividing,Monocyte non-classical,5,4.0,2.3688814072770095,False,True,Chen_Zhang_2020;Lambrechts_Thienpont_2018_6653;UKIM-V-2;Zuani_2024_NSCLC,0.8,0.4737762814554019,I-II,0,0.0,2,0.0,3.0,2,0.0,0.4737762814554019
TNF_TNFRSF1B,Monocyte classical,Monocyte non-classical,5,4.0,2.3678388819851484,False,True,Chen_Zhang_2020;Kim_Lee_2020;UKIM-V-2;Zuani_2024_NSCLC,0.8,0.4735677763970297,I-II,0,0.0,2,0.0,3.0,2,0.0,0.4735677763970297
CD52_SIGLEC10,NK cell dividing,cDC1,3,2.0,1.420406688251534,True,True,He_Fan_2021;UKIM-V-2,0.6666666666666666,0.4734688960838447,I-II,0,0.0,1,0.0,1.0,2,0.0,0.4734688960838447
FTH1_SCARA5,cDC1,Fibroblast alveolar,4,2.0,1.891147518937654,True,False,Chen_Zhang_2020;Kim_Lee_2020,0.5,0.4727868797344135,I-II,0,0.0,1,0.0,1.0,2,0.0,0.4727868797344135
PECAM1_CD38,Endothelial cell venous,T cell CD8 dividing,7,5.0,3.3074606890992237,True,True,Chen_Zhang_2020;He_Fan_2021;Kim_Lee_2020;Laughney_Massague_2020;Zuani_2024_NSCLC,0.7142857142857143,0.472494384157032,I-II,0,0.0,1,0.0,2.0,2,0.0,0.472494384157032
HLA-E_CD94:NKG2E,NK cell,NK cell dividing,3,2.0,1.4170348245497588,False,False,He_Fan_2021;Zuani_2024_NSCLC,0.6666666666666666,0.4723449415165863,I-II,0,0.0,1,0.0,1.0,2,0.0,0.4723449415165863
PTPRC_CD22,T cell NK-like,B cell,7,6.0,4.777565618215939,True,True,Chen_Zhang_2020;Kim_Lee_2020;Lambrechts_Thienpont_2018_6653;Laughney_Massague_2020;UKIM-V-2;Zuani_2024_NSCLC,0.8571428571428571,0.6825093740308484,I-II,0,0.0,2,0.2110947471772214,3.0,2,0.2110947471772214,0.471414626853627
ANXA1_FPR2,T cell CD8 dividing,Monocyte non-classical,5,4.0,2.3546925502716274,True,True,Chen_Zhang_2020;Lambrechts_Thienpont_2018_6653;UKIM-V-2;Zuani_2024_NSCLC,0.8,0.47093851005432547,I-II,0,0.0,2,0.0,3.0,2,0.0,0.47093851005432547
COL3A1_ADGRG1,Fibroblast peribronchial,T cell CD8 dividing,6,3.0,2.82261213222121,True,False,Chen_Zhang_2020;Lambrechts_Thienpont_2018_6653;Laughney_Massague_2020,0.5,0.47043535537020165,I-II,0,0.0,2,0.0,3.0,2,0.0,0.47043535537020165
LAIR1_LILRB4,Macrophage alveolar,pDC,7,6.0,3.285916961584413,True,True,Chen_Zhang_2020;He_Fan_2021;Kim_Lee_2020;Lambrechts_Thienpont_2018_6653;UKIM-V-2;Zilionis_Klein_2019,0.8571428571428571,0.46941670879777325,I-II,0,0.0,2,0.0,3.0,2,0.0,0.46941670879777325
CD44_TYROBP,myeloid dividing,T cell CD8 dividing,7,7.0,3.276877778894848,True,False,Chen_Zhang_2020;He_Fan_2021;Kim_Lee_2020;Lambrechts_Thienpont_2018_6653;Laughney_Massague_2020;UKIM-V-2;Zuani_2024_NSCLC,1.0,0.4681253969849783,I-II,0,0.0,2,0.0,1.0,2,0.0,0.4681253969849783
TNF_TNFRSF1B,Macrophage,Monocyte non-classical,5,4.0,2.33947858968448,False,True,Chen_Zhang_2020;Kim_Lee_2020;UKIM-V-2;Zuani_2024_NSCLC,0.8,0.467895717936896,I-II,0,0.0,2,0.0,3.0,2,0.0,0.467895717936896
HLA-E_KLRC2,myeloid dividing,NK cell dividing,3,2.0,1.4024514359042435,True,True,He_Fan_2021;Zuani_2024_NSCLC,0.6666666666666666,0.46748381196808114,I-II,0,0.0,1,0.0,1.0,2,0.0,0.46748381196808114
HLA-E_CD94:NKG2E,T cell NK-like,NK cell dividing,3,2.0,1.3967980884109916,False,False,He_Fan_2021;Zuani_2024_NSCLC,0.6666666666666666,0.4655993628036639,I-II,0,0.0,1,0.0,1.0,2,0.0,0.4655993628036639
HLA-E_CD94:NKG2A,Monocyte non-classical,T cell CD8 effector memory,5,3.0,2.318699057159173,True,False,Chen_Zhang_2020;Lambrechts_Thienpont_2018_6653;Zuani_2024_NSCLC,0.6,0.4637398114318346,I-II,0,0.0,2,0.0,3.0,2,0.0,0.4637398114318346
HLA-E_KLRC1,Monocyte non-classical,T cell CD8 effector memory,5,3.0,2.318699057159173,True,False,Chen_Zhang_2020;Lambrechts_Thienpont_2018_6653;Zuani_2024_NSCLC,0.6,0.4637398114318346,I-II,0,0.0,2,0.0,3.0,2,0.0,0.4637398114318346
CD44_TYROBP,cDC1,NK cell dividing,3,2.0,1.3884463914332492,False,True,He_Fan_2021;Zuani_2024_NSCLC,0.6666666666666666,0.46281546381108307,I-II,0,0.0,1,0.0,1.0,2,0.0,0.46281546381108307
HLA-E_CD94:NKG2C,T cell CD8 activated,T cell NK-like,5,3.0,2.311000371083879,False,False,Chen_Zhang_2020;Laughney_Massague_2020;Zuani_2024_NSCLC,0.6,0.46220007421677584,I-II,0,0.0,1,0.0,2.0,2,0.0,0.46220007421677584
CD52_SIGLEC10,NK cell dividing,cDC2,3,2.0,1.3825188882687383,False,True,UKIM-V-2;Zuani_2024_NSCLC,0.6666666666666666,0.46083962942291273,I-II,0,0.0,1,0.0,1.0,2,0.0,0.46083962942291273
CCL5_CCR1,T cell CD8 terminally exhausted,Macrophage alveolar,7,7.0,6.1594811952329,True,True,Chen_Zhang_2020;He_Fan_2021;Kim_Lee_2020;Lambrechts_Thienpont_2018_6653;UKIM-V-2;Zilionis_Klein_2019;Zuani_2024_NSCLC,1.0,0.8799258850332714,I-II,0,0.0,2,0.41919691706080375,4.0,2,0.41919691706080375,0.46072896797246765
HLA-E_KLRC2,pDC,NK cell dividing,3,2.0,1.3819288464091333,False,True,He_Fan_2021;Zuani_2024_NSCLC,0.6666666666666666,0.4606429488030444,I-II,0,0.0,1,0.0,1.0,2,0.0,0.4606429488030444
LCK_CD8_receptor,T cell CD8 activated,T cell CD8 terminally exhausted,6,6.0,2.7613890553859504,False,False,Chen_Zhang_2020;Kim_Lee_2020;Laughney_Massague_2020;UKIM-V-2;Zilionis_Klein_2019;Zuani_2024_NSCLC,1.0,0.4602315092309917,I-II,0,0.0,1,0.0,3.0,2,0.0,0.4602315092309917
LCK_CD8_receptor,T cell CD8 activated,T cell NK-like,5,5.0,2.301072439235102,False,False,Chen_Zhang_2020;Kim_Lee_2020;Laughney_Massague_2020;UKIM-V-2;Zuani_2024_NSCLC,1.0,0.4602144878470204,I-II,0,0.0,1,0.0,2.0,2,0.0,0.4602144878470204
HLA-E_CD94:NKG2E,Endothelial cell venous,NK cell dividing,3,2.0,1.37243860347803,True,False,He_Fan_2021;Zuani_2024_NSCLC,0.6666666666666666,0.4574795344926767,I-II,0,0.0,1,0.0,1.0,2,0.0,0.4574795344926767
HLA-E_CD94:NKG2E,Monocyte non-classical,T cell NK-like,5,3.0,2.2820843509591238,True,False,Chen_Zhang_2020;Lambrechts_Thienpont_2018_6653;Zuani_2024_NSCLC,0.6,0.45641687019182475,I-II,0,0.0,2,0.0,3.0,2,0.0,0.45641687019182475
CD99_PILRA,DC mature,Monocyte non-classical,5,5.0,2.281946020414175,False,True,Chen_Zhang_2020;Kim_Lee_2020;Lambrechts_Thienpont_2018_6653;UKIM-V-2;Zuani_2024_NSCLC,1.0,0.45638920408283495,I-II,0,0.0,1,0.0,1.0,2,0.0,0.45638920408283495
CD99_PILRA,T cell CD8 naive,Macrophage alveolar,6,5.0,2.7368644237851703,False,True,Chen_Zhang_2020;He_Fan_2021;Kim_Lee_2020;Lambrechts_Thienpont_2018_6653;UKIM-V-2,0.8333333333333334,0.4561440706308617,I-II,0,0.0,2,0.0,3.0,2,0.0,0.4561440706308617
HLA-E_CD94:NKG2E,T cell CD8 dividing,NK cell dividing,3,2.0,1.3627248993318288,False,False,He_Fan_2021;Zuani_2024_NSCLC,0.6666666666666666,0.4542416331106096,I-II,0,0.0,1,0.0,1.0,2,0.0,0.4542416331106096
CD44_TYROBP,pDC,NK cell dividing,3,2.0,1.3612841276162664,False,True,He_Fan_2021;Zuani_2024_NSCLC,0.6666666666666666,0.4537613758720888,I-II,0,0.0,1,0.0,1.0,2,0.0,0.4537613758720888
ANXA1_FPR1,Monocyte non-classical,Macrophage alveolar,5,4.0,2.2640544194317944,False,True,Chen_Zhang_2020;Kim_Lee_2020;Lambrechts_Thienpont_2018_6653;UKIM-V-2,0.8,0.4528108838863589,I-II,0,0.0,2,0.0,3.0,2,0.0,0.4528108838863589
LCK_CD8_receptor,T cell CD8 naive,T cell CD8 effector memory,7,6.0,3.16916095954174,True,False,Chen_Zhang_2020;Kim_Lee_2020;Lambrechts_Thienpont_2018_6653;Laughney_Massague_2020;UKIM-V-2;Zuani_2024_NSCLC,0.8571428571428571,0.4527372799345343,I-II,0,0.0,2,0.0,3.0,2,0.0,0.4527372799345343
HLA-E_CD94:NKG2E,T cell CD8 terminally exhausted,NK cell dividing,3,2.0,1.3572835081198282,False,False,He_Fan_2021;Zuani_2024_NSCLC,0.6666666666666666,0.45242783603994274,I-II,0,0.0,1,0.0,1.0,2,0.0,0.45242783603994274
PECAM1_CD38,Monocyte non-classical,cDC1,5,5.0,2.260035766860017,True,False,Chen_Zhang_2020;Kim_Lee_2020;Lambrechts_Thienpont_2018_6653;UKIM-V-2;Zuani_2024_NSCLC,1.0,0.4520071533720034,I-II,0,0.0,1,0.0,2.0,2,0.0,0.4520071533720034
APP_TNFRSF21,Endothelial cell venous,Ciliated,7,5.0,3.1614951430255407,True,False,Kim_Lee_2020;Lambrechts_Thienpont_2018_6653;Laughney_Massague_2020;UKIM-V-2;Zuani_2024_NSCLC,0.7142857142857143,0.45164216328936296,I-II,0,0.0,1,0.0,2.0,2,0.0,0.45164216328936296
PECAM1_CD38,Monocyte non-classical,pDC,5,5.0,2.2577589607877098,True,False,Chen_Zhang_2020;Kim_Lee_2020;Lambrechts_Thienpont_2018_6653;UKIM-V-2;Zuani_2024_NSCLC,1.0,0.45155179215754193,I-II,0,0.0,2,0.0,2.0,2,0.0,0.45155179215754193
PTPRC_MRC1,cDC1,myeloid dividing,7,5.0,3.1605872350148556,True,True,Kim_Lee_2020;Lambrechts_Thienpont_2018_6653;Laughney_Massague_2020;UKIM-V-2;Zuani_2024_NSCLC,0.7142857142857143,0.45151246214497937,I-II,0,0.0,1,0.0,1.0,2,0.0,0.45151246214497937
CXCL9_CXCR3,DC mature,pDC,6,6.0,2.708863434102897,True,True,Chen_Zhang_2020;He_Fan_2021;Kim_Lee_2020;Lambrechts_Thienpont_2018_6653;UKIM-V-2;Zuani_2024_NSCLC,1.0,0.45147723901714953,I-II,0,0.0,1,0.0,1.0,2,0.0,0.45147723901714953
NECTIN2_TIGIT,Endothelial cell venous,T cell CD8 terminally exhausted,8,8.0,3.600269167394387,True,True,Chen_Zhang_2020;He_Fan_2021;Kim_Lee_2020;Lambrechts_Thienpont_2018_6653;Laughney_Massague_2020;UKIM-V-2;Zilionis_Klein_2019;Zuani_2024_NSCLC,1.0,0.4500336459242984,I-II,0,0.0,1,0.0,3.0,2,0.0,0.4500336459242984
TNF_TNFRSF1B,T cell CD8 naive,Monocyte non-classical,5,4.0,2.2471214491316793,False,True,Chen_Zhang_2020;Kim_Lee_2020;Lambrechts_Thienpont_2018_6653;Zuani_2024_NSCLC,0.8,0.44942428982633587,I-II,0,0.0,2,0.0,3.0,2,0.0,0.44942428982633587
HLA-E_KLRK1,Endothelial cell venous,T cell CD8 terminally exhausted,8,4.0,3.5922163259439017,True,True,Chen_Zhang_2020;He_Fan_2021;Lambrechts_Thienpont_2018_6653;Zilionis_Klein_2019,0.5,0.4490270407429877,I-II,0,0.0,1,0.0,3.0,2,0.0,0.4490270407429877
HLA-E_CD94:NKG2E,Monocyte non-classical,T cell CD8 dividing,5,3.0,2.243579425126165,True,False,Chen_Zhang_2020;Lambrechts_Thienpont_2018_6653;Zuani_2024_NSCLC,0.6,0.44871588502523296,I-II,0,0.0,2,0.0,3.0,2,0.0,0.44871588502523296
Histamine_byHDC_HRH2,Mast cell,Monocyte non-classical,5,5.0,2.241887921454321,False,True,Chen_Zhang_2020;Kim_Lee_2020;Lambrechts_Thienpont_2018_6653;UKIM-V-2;Zuani_2024_NSCLC,1.0,0.4483775842908642,I-II,0,0.0,2,0.0,3.0,2,0.0,0.4483775842908642
HLA-E_CD94:NKG2A,Endothelial cell venous,T cell CD8 dividing,7,4.0,3.136161041204005,True,False,Chen_Zhang_2020;He_Fan_2021;Kim_Lee_2020;Zuani_2024_NSCLC,0.5714285714285714,0.44802300588628646,I-II,0,0.0,1,0.0,2.0,2,0.0,0.44802300588628646
ANXA1_FPR1,NK cell dividing,myeloid dividing,3,3.0,1.3383425728739649,False,True,He_Fan_2021;UKIM-V-2;Zuani_2024_NSCLC,1.0,0.44611419095798827,I-II,0,0.0,1,0.0,1.0,2,0.0,0.44611419095798827
PTPRC_MRC1,T cell CD8 naive,Monocyte classical,7,4.0,3.1179804333602106,True,True,Chen_Zhang_2020;Lambrechts_Thienpont_2018_6653;Laughney_Massague_2020;Zuani_2024_NSCLC,0.5714285714285714,0.4454257761943158,I-II,0,0.0,2,0.0,3.0,2,0.0,0.4454257761943158
NECTIN2_TIGIT,Ciliated,T cell regulatory,7,6.0,3.1116301522034244,False,True,Chen_Zhang_2020;Kim_Lee_2020;Lambrechts_Thienpont_2018_6653;Laughney_Massague_2020;UKIM-V-2;Zuani_2024_NSCLC,0.8571428571428571,0.4445185931719178,I-II,0,0.0,1,0.0,2.0,2,0.0,0.4445185931719178
HLA-E_CD94:NKG2E,B cell,NK cell dividing,3,2.0,1.3297743262976238,False,False,He_Fan_2021;Zuani_2024_NSCLC,0.6666666666666666,0.4432581087658746,I-II,0,0.0,1,0.0,1.0,2,0.0,0.4432581087658746
APP_TNFRSF21,pDC,pDC,8,5.0,3.5363281900487022,True,True,Chen_Zhang_2020;Kim_Lee_2020;Lambrechts_Thienpont_2018_6653;Laughney_Massague_2020;UKIM-V-2,0.625,0.4420410237560878,I-II,0,0.0,2,0.0,3.0,2,0.0,0.4420410237560878
HLA-E_KLRC2,DC mature,NK cell dividing,3,2.0,1.324430284525864,False,True,He_Fan_2021;Zuani_2024_NSCLC,0.6666666666666666,0.4414767615086213,I-II,0,0.0,1,0.0,1.0,2,0.0,0.4414767615086213
HLA-E_KLRC2,cDC2,NK cell dividing,3,2.0,1.323053674941369,False,True,He_Fan_2021;Zuani_2024_NSCLC,0.6666666666666666,0.441017891647123,I-II,0,0.0,1,0.0,1.0,2,0.0,0.441017891647123
TNF_TNFRSF1B,cDC2,Monocyte non-classical,5,4.0,2.2005774265913844,False,True,Kim_Lee_2020;Lambrechts_Thienpont_2018_6653;UKIM-V-2;Zuani_2024_NSCLC,0.8,0.4401154853182769,I-II,0,0.0,2,0.0,3.0,2,0.0,0.4401154853182769
HLA-E_KLRC2,Monocyte classical,NK cell dividing,3,2.0,1.3190353555467058,False,True,He_Fan_2021;Zuani_2024_NSCLC,0.6666666666666666,0.4396784518489019,I-II,0,0.0,1,0.0,1.0,2,0.0,0.4396784518489019
LAIR1_LILRB4,cDC2,pDC,8,7.0,3.5171412650267944,True,True,Chen_Zhang_2020;He_Fan_2021;Kim_Lee_2020;Lambrechts_Thienpont_2018_6653;Laughney_Massague_2020;UKIM-V-2;Zuani_2024_NSCLC,0.875,0.4396426581283493,I-II,0,0.0,2,0.0,3.0,2,0.0,0.4396426581283493
HLA-E_CD94:NKG2C,NK cell dividing,NK cell,3,2.0,1.3157732643037303,False,False,He_Fan_2021;Zuani_2024_NSCLC,0.6666666666666666,0.4385910881012434,I-II,0,0.0,1,0.0,1.0,2,0.0,0.4385910881012434
ANXA1_FPR2,Monocyte classical,Monocyte non-classical,5,3.0,2.1873466610133767,True,True,Lambrechts_Thienpont_2018_6653;UKIM-V-2;Zuani_2024_NSCLC,0.6,0.43746933220267537,I-II,0,0.0,2,0.0,3.0,2,0.0,0.43746933220267537
ANXA1_FPR2,Ciliated,Macrophage alveolar,6,4.0,2.6240992729708155,True,True,Kim_Lee_2020;Lambrechts_Thienpont_2018_6653;UKIM-V-2;Zuani_2024_NSCLC,0.6666666666666666,0.43734987882846926,I-II,0,0.0,1,0.0,2.0,2,0.0,0.43734987882846926
APP_CD74,Fibroblast alveolar,Endothelial cell venous,4,2.0,1.7486330043387013,True,False,Chen_Zhang_2020;Kim_Lee_2020,0.5,0.4371582510846753,I-II,0,0.0,1,0.0,1.0,2,0.0,0.4371582510846753
LCK_CD8_receptor,T cell CD8 effector memory,T cell CD8 naive,7,6.0,3.059265603986525,True,False,Chen_Zhang_2020;Kim_Lee_2020;Lambrechts_Thienpont_2018_6653;Laughney_Massague_2020;UKIM-V-2;Zuani_2024_NSCLC,0.8571428571428571,0.4370379434266464,I-II,0,0.0,2,0.0,3.0,2,0.0,0.4370379434266464
LCK_CD8_receptor,T cell CD8 naive,T cell CD8 naive,7,6.0,3.051313149170203,True,False,Chen_Zhang_2020;Kim_Lee_2020;Lambrechts_Thienpont_2018_6653;Laughney_Massague_2020;UKIM-V-2;Zuani_2024_NSCLC,0.8571428571428571,0.43590187845288614,I-II,0,0.0,2,0.0,3.0,2,0.0,0.43590187845288614
LAIR1_LILRB4,pDC,pDC,8,6.0,3.4867319308952034,True,True,Chen_Zhang_2020;He_Fan_2021;Kim_Lee_2020;Lambrechts_Thienpont_2018_6653;Laughney_Massague_2020;UKIM-V-2,0.75,0.4358414913619004,I-II,0,0.0,2,0.0,3.0,2,0.0,0.4358414913619004
APP_CD74,Fibroblast alveolar,T cell CD4 dividing,4,2.0,1.7429860458460822,True,False,Chen_Zhang_2020;Kim_Lee_2020,0.5,0.43574651146152055,I-II,0,0.0,1,0.0,1.0,2,0.0,0.43574651146152055
HLA-E_CD94:NKG2E,NK cell dividing,NK cell,3,2.0,1.3050913757245897,False,False,He_Fan_2021;Zuani_2024_NSCLC,0.6666666666666666,0.4350304585748632,I-II,0,0.0,1,0.0,1.0,2,0.0,0.4350304585748632
ANXA1_FPR1,T cell regulatory,Monocyte non-classical,5,5.0,2.1706139132744915,False,True,Chen_Zhang_2020;Kim_Lee_2020;Lambrechts_Thienpont_2018_6653;UKIM-V-2;Zuani_2024_NSCLC,1.0,0.4341227826548983,I-II,0,0.0,2,0.0,3.0,2,0.0,0.4341227826548983
CD52_SIGLEC10,NK cell dividing,myeloid dividing,3,2.0,1.301039869020753,True,True,He_Fan_2021;Zuani_2024_NSCLC,0.6666666666666666,0.43367995634025097,I-II,0,0.0,1,0.0,1.0,2,0.0,0.43367995634025097
HLA-E_CD94:NKG2E,NK cell dividing,NK cell dividing,3,2.0,1.2992959865480773,False,False,He_Fan_2021;Zuani_2024_NSCLC,0.6666666666666666,0.43309866218269244,I-II,0,0.0,1,0.0,1.0,2,0.0,0.43309866218269244
PLAU_PLAUR,Macrophage,Monocyte non-classical,5,4.0,2.16495882828189,True,True,Chen_Zhang_2020;Kim_Lee_2020;UKIM-V-2;Zuani_2024_NSCLC,0.8,0.43299176565637804,I-II,0,0.0,2,0.0,3.0,2,0.0,0.43299176565637804
TGM2_ADGRG1,Fibroblast alveolar,T cell NK-like,4,3.0,1.7300257509985304,True,False,Chen_Zhang_2020;Kim_Lee_2020;Lambrechts_Thienpont_2018_6653,0.75,0.4325064377496326,I-II,0,0.0,1,0.0,1.0,2,0.0,0.4325064377496326
CD99_PILRA,pDC,Macrophage,8,7.0,3.457723799247039,False,True,Chen_Zhang_2020;He_Fan_2021;Kim_Lee_2020;Lambrechts_Thienpont_2018_6653;Laughney_Massague_2020;UKIM-V-2;Zuani_2024_NSCLC,0.875,0.43221547490587986,I-II,0,0.0,2,0.0,3.0,2,0.0,0.43221547490587986
CD52_SIGLEC10,T cell NK-like,myeloid dividing,7,4.0,3.0245930767654183,True,True,Chen_Zhang_2020;Laughney_Massague_2020;UKIM-V-2;Zuani_2024_NSCLC,0.5714285714285714,0.4320847252522026,I-II,0,0.0,2,0.0,1.0,2,0.0,0.4320847252522026
CCL5_CCR1,T cell CD8 activated,Macrophage alveolar,5,3.0,2.1540377693847574,True,True,Chen_Zhang_2020;Kim_Lee_2020;UKIM-V-2,0.6,0.43080755387695147,I-II,0,0.0,1,0.0,3.0,2,0.0,0.43080755387695147
HLA-E_CD94:NKG2E,T cell CD8 effector memory,NK cell dividing,3,2.0,1.2897141466436568,False,False,He_Fan_2021;Zuani_2024_NSCLC,0.6666666666666666,0.4299047155478856,I-II,0,0.0,1,0.0,1.0,2,0.0,0.4299047155478856
ANXA1_FPR3,NK cell dividing,cDC2,3,2.0,1.2886923908291026,False,True,UKIM-V-2;Zuani_2024_NSCLC,0.6666666666666666,0.42956413027636753,I-II,0,0.0,1,0.0,1.0,2,0.0,0.42956413027636753
HLA-E_KLRC2,Mast cell,NK cell dividing,3,2.0,1.286013097924687,False,True,He_Fan_2021;Zuani_2024_NSCLC,0.6666666666666666,0.42867103264156237,I-II,0,0.0,1,0.0,1.0,2,0.0,0.42867103264156237
PTPRC_MRC1,T cell CD8 dividing,Monocyte classical,7,7.0,5.064853545056978,True,True,Chen_Zhang_2020;He_Fan_2021;Kim_Lee_2020;Lambrechts_Thienpont_2018_6653;Laughney_Massague_2020;UKIM-V-2;Zuani_2024_NSCLC,1.0,0.723550506436711,I-II,0,0.0,2,0.29507164226106125,3.0,2,0.29507164226106125,0.4284788641756498
HLA-E_CD94:NKG2C,myeloid dividing,T cell CD8 dividing,7,5.0,2.9962311542042075,True,False,Chen_Zhang_2020;He_Fan_2021;Kim_Lee_2020;Lambrechts_Thienpont_2018_6653;Zuani_2024_NSCLC,0.7142857142857143,0.4280330220291725,I-II,0,0.0,2,0.0,1.0,2,0.0,0.4280330220291725
CD44_TYROBP,Macrophage alveolar,T cell NK-like,6,5.0,2.567955210147275,True,False,Chen_Zhang_2020;He_Fan_2021;Kim_Lee_2020;Lambrechts_Thienpont_2018_6653;UKIM-V-2,0.8333333333333334,0.4279925350245459,I-II,0,0.0,2,0.0,3.0,2,0.0,0.4279925350245459
CD86_CTLA4,Monocyte non-classical,T cell CD8 terminally exhausted,5,4.0,2.137933713853603,True,True,Chen_Zhang_2020;Kim_Lee_2020;UKIM-V-2;Zuani_2024_NSCLC,0.8,0.4275867427707206,I-II,0,0.0,2,0.0,3.0,2,0.0,0.4275867427707206
HLA-E_KLRC2,cDC1,NK cell dividing,3,2.0,1.2822270896942343,False,True,He_Fan_2021;Zuani_2024_NSCLC,0.6666666666666666,0.4274090298980781,I-II,0,0.0,1,0.0,1.0,2,0.0,0.4274090298980781
HLA-E_CD94:NKG2E,T cell CD8 naive,NK cell,7,4.0,2.991108981711671,False,False,Chen_Zhang_2020;He_Fan_2021;Lambrechts_Thienpont_2018_6653;Zuani_2024_NSCLC,0.5714285714285714,0.4273012831016673,I-II,0,0.0,2,0.0,3.0,2,0.0,0.4273012831016673
CXCL12_CXCR4,Endothelial cell venous,pDC,8,4.0,3.4153620358677332,False,True,Chen_Zhang_2020;Laughney_Massague_2020;UKIM-V-2;Zuani_2024_NSCLC,0.5,0.42692025448346665,I-II,0,0.0,1,0.0,3.0,2,0.0,0.42692025448346665
CXCL16_CXCR6,myeloid dividing,T cell CD8 terminally exhausted,8,8.0,3.4003397056694626,True,True,Chen_Zhang_2020;He_Fan_2021;Kim_Lee_2020;Lambrechts_Thienpont_2018_6653;Laughney_Massague_2020;UKIM-V-2;Zilionis_Klein_2019;Zuani_2024_NSCLC,1.0,0.42504246320868283,I-II,0,0.0,2,0.0,2.0,2,0.0,0.42504246320868283
CLU_TREM2_receptor,Ciliated,Monocyte classical,7,5.0,2.9744906768229424,True,False,Chen_Zhang_2020;He_Fan_2021;Kim_Lee_2020;Lambrechts_Thienpont_2018_6653;Laughney_Massague_2020,0.7142857142857143,0.42492723954613465,I-II,0,0.0,1,0.0,2.0,2,0.0,0.42492723954613465
LAIR1_LILRB4,Monocyte non-classical,pDC,5,4.0,2.1244407157017076,False,True,Chen_Zhang_2020;Kim_Lee_2020;Lambrechts_Thienpont_2018_6653;UKIM-V-2,0.8,0.4248881431403415,I-II,0,0.0,2,0.0,2.0,2,0.0,0.4248881431403415
CXCL14_CXCR4,Fibroblast peribronchial,T cell CD8 terminally exhausted,6,3.0,2.5457009868479474,True,True,Kim_Lee_2020;Lambrechts_Thienpont_2018_6653;Laughney_Massague_2020,0.5,0.42428349780799124,I-II,0,0.0,2,0.0,4.0,2,0.0,0.42428349780799124
CXCL8_ACKR1,cDC1,Endothelial cell venous,7,5.0,2.964087063519021,False,True,Chen_Zhang_2020;Kim_Lee_2020;Lambrechts_Thienpont_2018_6653;Laughney_Massague_2020;Zuani_2024_NSCLC,0.7142857142857143,0.42344100907414584,I-II,0,0.0,1,0.0,2.0,2,0.0,0.42344100907414584
APP_FPR2,Fibroblast peribronchial,Monocyte non-classical,4,4.0,1.6932439340141001,True,True,Chen_Zhang_2020;Kim_Lee_2020;Lambrechts_Thienpont_2018_6653;Zuani_2024_NSCLC,1.0,0.42331098350352503,I-II,0,0.0,2,0.0,3.0,2,0.0,0.42331098350352503
LCK_CD8_receptor,NK cell dividing,T cell CD8 terminally exhausted,3,3.0,1.2670590418806542,True,False,He_Fan_2021;UKIM-V-2;Zuani_2024_NSCLC,1.0,0.42235301396021807,I-II,0,0.0,1,0.0,1.0,2,0.0,0.42235301396021807
APP_TNFRSF21,Fibroblast peribronchial,pDC,6,5.0,2.5338856974785173,True,True,Chen_Zhang_2020;Kim_Lee_2020;Lambrechts_Thienpont_2018_6653;Laughney_Massague_2020;Zuani_2024_NSCLC,0.8333333333333334,0.4223142829130862,I-II,0,0.0,2,0.0,3.0,2,0.0,0.4223142829130862
CD44_TYROBP,Monocyte non-classical,cDC1,5,3.0,2.106194899105134,True,True,Chen_Zhang_2020;Kim_Lee_2020;UKIM-V-2,0.6,0.42123897982102676,I-II,0,0.0,1,0.0,2.0,2,0.0,0.42123897982102676
APP_CD74,Fibroblast alveolar,T cell CD8 dividing,4,2.0,1.682530245924518,True,False,Chen_Zhang_2020;Kim_Lee_2020,0.5,0.4206325614811295,I-II,0,0.0,1,0.0,1.0,2,0.0,0.4206325614811295
ANXA1_FPR3,T cell CD8 dividing,myeloid dividing,7,6.0,2.9431159772993096,True,True,Chen_Zhang_2020;Kim_Lee_2020;Lambrechts_Thienpont_2018_6653;Laughney_Massague_2020;UKIM-V-2;Zuani_2024_NSCLC,0.8571428571428571,0.4204451396141871,I-II,0,0.0,2,0.0,1.0,2,0.0,0.4204451396141871
LCK_CD8_receptor,NK cell dividing,T cell CD8 dividing,3,3.0,1.2582881795316228,True,False,He_Fan_2021;UKIM-V-2;Zuani_2024_NSCLC,1.0,0.41942939317720757,I-II,0,0.0,1,0.0,1.0,2,0.0,0.41942939317720757
LTA_TNFRSF1B,T cell CD4 dividing,Monocyte non-classical,5,4.0,2.0943286747181364,False,True,Kim_Lee_2020;Lambrechts_Thienpont_2018_6653;UKIM-V-2;Zuani_2024_NSCLC,0.8,0.4188657349436273,I-II,0,0.0,2,0.0,2.0,2,0.0,0.4188657349436273
ANXA1_FPR1,DC mature,Monocyte non-classical,5,5.0,2.0925298845984535,False,True,Chen_Zhang_2020;Kim_Lee_2020;Lambrechts_Thienpont_2018_6653;UKIM-V-2;Zuani_2024_NSCLC,1.0,0.4185059769196907,I-II,0,0.0,1,0.0,1.0,2,0.0,0.4185059769196907
APP_TREM2_receptor,pDC,cDC2,8,6.0,3.343742684737165,True,False,Chen_Zhang_2020;He_Fan_2021;Kim_Lee_2020;Lambrechts_Thienpont_2018_6653;Laughney_Massague_2020;UKIM-V-2,0.75,0.4179678355921456,I-II,0,0.0,2,0.0,3.0,2,0.0,0.4179678355921456
HLA-E_CD94:NKG2A,Endothelial cell venous,T cell CD8 terminally exhausted,8,4.0,3.3409470805766377,True,False,Chen_Zhang_2020;Kim_Lee_2020;Zilionis_Klein_2019;Zuani_2024_NSCLC,0.5,0.4176183850720797,I-II,0,0.0,1,0.0,3.0,2,0.0,0.4176183850720797
LCK_CD8_receptor,T cell CD8 activated,T cell CD8 naive,5,5.0,2.0825201521567784,False,False,Chen_Zhang_2020;Kim_Lee_2020;Laughney_Massague_2020;UKIM-V-2;Zuani_2024_NSCLC,1.0,0.4165040304313557,I-II,0,0.0,1,0.0,2.0,2,0.0,0.4165040304313557
HLA-E_KLRK1,Fibroblast alveolar,T cell CD8 dividing,4,3.0,1.6655588330760287,False,True,Chen_Zhang_2020;He_Fan_2021;Lambrechts_Thienpont_2018_6653,0.75,0.4163897082690072,I-II,0,0.0,1,0.0,1.0,2,0.0,0.4163897082690072
CD34_SELL,Endothelial cell venous,cDC1,7,7.0,2.9107357589607674,True,True,Chen_Zhang_2020;He_Fan_2021;Kim_Lee_2020;Lambrechts_Thienpont_2018_6653;Laughney_Massague_2020;UKIM-V-2;Zuani_2024_NSCLC,1.0,0.4158193941372525,I-II,0,0.0,1,0.0,2.0,2,0.0,0.4158193941372525
LCK_CD8_receptor,T cell CD4,T cell CD8 naive,7,6.0,2.906845212802572,True,False,Chen_Zhang_2020;Kim_Lee_2020;Lambrechts_Thienpont_2018_6653;Laughney_Massague_2020;UKIM-V-2;Zuani_2024_NSCLC,0.8571428571428571,0.4152636018289389,I-II,0,0.0,2,0.0,3.0,2,0.0,0.4152636018289389
CD99_PILRA,T cell CD8 dividing,myeloid dividing,7,5.0,2.898023401250202,True,True,Chen_Zhang_2020;He_Fan_2021;Kim_Lee_2020;Lambrechts_Thienpont_2018_6653;UKIM-V-2,0.7142857142857143,0.41400334303574315,I-II,0,0.0,2,0.0,1.0,2,0.0,0.41400334303574315
CCL3_CCR1,T cell CD8 dividing,myeloid dividing,7,7.0,2.896917258783153,True,True,Chen_Zhang_2020;He_Fan_2021;Kim_Lee_2020;Lambrechts_Thienpont_2018_6653;Laughney_Massague_2020;UKIM-V-2;Zuani_2024_NSCLC,1.0,0.41384532268330754,I-II,0,0.0,2,0.0,1.0,2,0.0,0.41384532268330754
CD44_TYROBP,T cell NK-like,Macrophage alveolar,6,6.0,5.503192206991103,False,True,Chen_Zhang_2020;He_Fan_2021;Kim_Lee_2020;Lambrechts_Thienpont_2018_6653;UKIM-V-2;Zuani_2024_NSCLC,1.0,0.9171987011651838,I-II,0,0.0,2,0.5037457264816148,3.0,2,0.5037457264816148,0.413452974683569
HLA-E_CD94:NKG2E,Endothelial cell venous,T cell CD8 dividing,7,4.0,2.8853333063920013,True,False,Chen_Zhang_2020;He_Fan_2021;Lambrechts_Thienpont_2018_6653;Zuani_2024_NSCLC,0.5714285714285714,0.41219047234171446,I-II,0,0.0,1,0.0,2.0,2,0.0,0.41219047234171446
HLA-E_CD94:NKG2C,pDC,NK cell,8,5.0,3.2966437002003954,False,False,Chen_Zhang_2020;He_Fan_2021;Kim_Lee_2020;Laughney_Massague_2020;Zuani_2024_NSCLC,0.625,0.41208046252504943,I-II,0,0.0,2,0.0,3.0,2,0.0,0.41208046252504943
THY1_ADGRE2,Fibroblast alveolar,Monocyte non-classical,3,3.0,1.2358377472483113,True,True,Chen_Zhang_2020;Kim_Lee_2020;Lambrechts_Thienpont_2018_6653,1.0,0.4119459157494371,I-II,0,0.0,1,0.0,1.0,2,0.0,0.4119459157494371
APP_CD74,Fibroblast alveolar,T cell regulatory,4,2.0,1.6439823152872093,True,False,Chen_Zhang_2020;Kim_Lee_2020,0.5,0.4109955788218023,I-II,0,0.0,1,0.0,1.0,2,0.0,0.4109955788218023
CD34_SELL,Endothelial cell venous,NK cell dividing,3,3.0,1.226884515952134,True,False,He_Fan_2021;UKIM-V-2;Zuani_2024_NSCLC,1.0,0.408961505317378,I-II,0,0.0,1,0.0,1.0,2,0.0,0.408961505317378
HLA-E_CD94:NKG2E,T cell CD4 dividing,NK cell dividing,3,2.0,1.2266387893269615,False,False,He_Fan_2021;Zuani_2024_NSCLC,0.6666666666666666,0.40887959644232047,I-II,0,0.0,1,0.0,1.0,2,0.0,0.40887959644232047
HLA-E_CD94:NKG2A,Endothelial cell venous,T cell CD8 effector memory,8,4.0,3.270736411175768,True,False,Chen_Zhang_2020;Kim_Lee_2020;Lambrechts_Thienpont_2018_6653;Laughney_Massague_2020,0.5,0.408842051396971,I-II,0,0.0,1,0.0,3.0,2,0.0,0.408842051396971
HLA-E_KLRC1,Endothelial cell venous,T cell CD8 effector memory,8,4.0,3.270736411175768,True,False,Chen_Zhang_2020;Kim_Lee_2020;Lambrechts_Thienpont_2018_6653;Laughney_Massague_2020,0.5,0.408842051396971,I-II,0,0.0,1,0.0,3.0,2,0.0,0.408842051396971
CXCL16_CXCR6,Monocyte non-classical,T cell CD8 dividing,5,5.0,2.0390526289755453,True,True,Chen_Zhang_2020;Kim_Lee_2020;Lambrechts_Thienpont_2018_6653;UKIM-V-2;Zuani_2024_NSCLC,1.0,0.40781052579510907,I-II,0,0.0,2,0.0,3.0,2,0.0,0.40781052579510907
ANXA1_FPR1,T cell NK-like,Macrophage alveolar,6,4.0,2.4451784006622477,False,True,Chen_Zhang_2020;Kim_Lee_2020;Lambrechts_Thienpont_2018_6653;UKIM-V-2,0.6666666666666666,0.40752973344370796,I-II,0,0.0,2,0.0,3.0,2,0.0,0.40752973344370796
CD99_PILRA,NK cell dividing,Macrophage alveolar,3,2.0,1.2209436194704064,True,True,He_Fan_2021;UKIM-V-2,0.6666666666666666,0.40698120649013547,I-II,0,0.0,1,0.0,1.0,2,0.0,0.40698120649013547
HLA-E_CD94:NKG2E,T cell CD4,NK cell dividing,3,2.0,1.219275189167662,False,False,He_Fan_2021;Zuani_2024_NSCLC,0.6666666666666666,0.4064250630558874,I-II,0,0.0,1,0.0,1.0,2,0.0,0.4064250630558874
CD44_TYROBP,Ciliated,Macrophage alveolar,6,3.0,2.4350779139970333,False,True,Kim_Lee_2020;UKIM-V-2;Zuani_2024_NSCLC,0.5,0.4058463189995056,I-II,0,0.0,1,0.0,2.0,2,0.0,0.4058463189995056
TNFSF13B_TNFRSF13B,Monocyte non-classical,B cell,5,5.0,2.027753568241305,True,True,Chen_Zhang_2020;Kim_Lee_2020;Lambrechts_Thienpont_2018_6653;UKIM-V-2;Zuani_2024_NSCLC,1.0,0.40555071364826095,I-II,0,0.0,2,0.0,3.0,2,0.0,0.40555071364826095
CD99_PILRA,NK cell dividing,Monocyte classical,3,2.0,1.2154604822658608,True,True,He_Fan_2021;UKIM-V-2,0.6666666666666666,0.4051534940886203,I-II,0,0.0,1,0.0,1.0,2,0.0,0.4051534940886203
ANXA1_FPR2,Monocyte non-classical,Monocyte non-classical,5,3.0,2.0208064062967126,False,True,Lambrechts_Thienpont_2018_6653;UKIM-V-2;Zuani_2024_NSCLC,0.6,0.40416128125934253,I-II,0,0.0,2,0.0,3.0,2,0.0,0.40416128125934253
ANXA1_FPR1,T cell CD8 terminally exhausted,myeloid dividing,8,7.0,3.229418300650759,False,True,Chen_Zhang_2020;He_Fan_2021;Kim_Lee_2020;Lambrechts_Thienpont_2018_6653;Laughney_Massague_2020;UKIM-V-2;Zuani_2024_NSCLC,0.875,0.40367728758134486,I-II,0,0.0,2,0.0,2.0,2,0.0,0.40367728758134486
HLA-E_KLRK1,myeloid dividing,T cell NK-like,7,4.0,2.82267149650163,True,True,Chen_Zhang_2020;He_Fan_2021;Lambrechts_Thienpont_2018_6653;Zuani_2024_NSCLC,0.5714285714285714,0.4032387852145186,I-II,0,0.0,2,0.0,1.0,2,0.0,0.4032387852145186
CXCL12_CXCR4,Fibroblast peribronchial,cDC1,6,4.0,2.4167824769671675,True,False,Chen_Zhang_2020;Kim_Lee_2020;Laughney_Massague_2020;Zuani_2024_NSCLC,0.6666666666666666,0.4027970794945279,I-II,0,0.0,1,0.0,2.0,2,0.0,0.4027970794945279
LAIR1_LILRB4,Monocyte classical,pDC,8,6.0,3.22026869074689,False,True,Chen_Zhang_2020;He_Fan_2021;Kim_Lee_2020;Lambrechts_Thienpont_2018_6653;Laughney_Massague_2020;UKIM-V-2,0.75,0.4025335863433612,I-II,0,0.0,2,0.0,3.0,2,0.0,0.4025335863433612
NECTIN2_TIGIT,Fibroblast peribronchial,T cell CD8 terminally exhausted,6,6.0,2.410819763757345,True,True,Chen_Zhang_2020;He_Fan_2021;Kim_Lee_2020;Lambrechts_Thienpont_2018_6653;Laughney_Massague_2020;Zuani_2024_NSCLC,1.0,0.4018032939595575,I-II,0,0.0,2,0.0,4.0,2,0.0,0.4018032939595575
ANXA1_FPR1,cDC1,myeloid dividing,7,7.0,2.8026880019058047,True,True,Chen_Zhang_2020;He_Fan_2021;Kim_Lee_2020;Lambrechts_Thienpont_2018_6653;Laughney_Massague_2020;UKIM-V-2;Zuani_2024_NSCLC,1.0,0.4003840002722578,I-II,0,0.0,1,0.0,1.0,2,0.0,0.4003840002722578
ANXA1_FPR2,T cell CD8 effector memory,Monocyte non-classical,5,3.0,1.987372671136781,False,True,Lambrechts_Thienpont_2018_6653;UKIM-V-2;Zuani_2024_NSCLC,0.6,0.3974745342273562,I-II,0,0.0,2,0.0,3.0,2,0.0,0.3974745342273562
APP_CD74,Fibroblast alveolar,T cell CD8 effector memory,4,2.0,1.5888257903644085,True,False,Chen_Zhang_2020;Kim_Lee_2020,0.5,0.39720644759110213,I-II,0,0.0,1,0.0,1.0,2,0.0,0.39720644759110213
SEMA3C_NRP2,Ciliated,DC mature,6,6.0,2.3817997687066743,True,True,Chen_Zhang_2020;He_Fan_2021;Kim_Lee_2020;Lambrechts_Thienpont_2018_6653;UKIM-V-2;Zuani_2024_NSCLC,1.0,0.39696662811777905,I-II,0,0.0,1,0.0,1.0,2,0.0,0.39696662811777905
CD99_PILRA,Ciliated,Macrophage,7,7.0,2.778420100430343,False,True,Chen_Zhang_2020;He_Fan_2021;Kim_Lee_2020;Lambrechts_Thienpont_2018_6653;Laughney_Massague_2020;UKIM-V-2;Zuani_2024_NSCLC,1.0,0.3969171572043347,I-II,0,0.0,1,0.0,2.0,2,0.0,0.3969171572043347
RARRES2_CCRL2,Fibroblast peribronchial,Monocyte non-classical,4,2.0,1.5872759544789672,True,True,Chen_Zhang_2020;Kim_Lee_2020,0.5,0.3968189886197418,I-II,0,0.0,2,0.0,3.0,2,0.0,0.3968189886197418
ANXA1_FPR1,T cell CD8 naive,Macrophage alveolar,6,4.0,2.3798009143355277,False,True,Chen_Zhang_2020;Kim_Lee_2020;Lambrechts_Thienpont_2018_6653;UKIM-V-2,0.6666666666666666,0.39663348572258794,I-II,0,0.0,2,0.0,3.0,2,0.0,0.39663348572258794
CD99_PILRA,T cell NK-like,Macrophage alveolar,6,5.0,2.9795211332946896,False,True,Chen_Zhang_2020;He_Fan_2021;Kim_Lee_2020;Lambrechts_Thienpont_2018_6653;UKIM-V-2,0.8333333333333334,0.4965868555491149,I-II,0,0.0,2,0.10052316890881913,3.0,2,0.10052316890881913,0.3960636866402958
APP_CD74,Fibroblast alveolar,T cell CD8 terminally exhausted,4,2.0,1.582726202947349,True,False,Chen_Zhang_2020;Kim_Lee_2020,0.5,0.39568155073683725,I-II,0,0.0,1,0.0,1.0,2,0.0,0.39568155073683725
CD44_TYROBP,Macrophage alveolar,T cell CD8 dividing,6,5.0,2.3705583142414506,True,False,Chen_Zhang_2020;He_Fan_2021;Kim_Lee_2020;Lambrechts_Thienpont_2018_6653;UKIM-V-2,0.8333333333333334,0.3950930523735751,I-II,0,0.0,2,0.0,3.0,2,0.0,0.3950930523735751
ANXA1_FPR1,T cell CD8 dividing,Macrophage alveolar,6,4.0,2.3666636466644673,True,True,Chen_Zhang_2020;Kim_Lee_2020;Lambrechts_Thienpont_2018_6653;UKIM-V-2,0.6666666666666666,0.39444394111074454,I-II,0,0.0,2,0.0,3.0,2,0.0,0.39444394111074454
HLA-E_CD94:NKG2E,Macrophage,NK cell dividing,3,2.0,1.1817881322182398,True,False,He_Fan_2021;Zuani_2024_NSCLC,0.6666666666666666,0.3939293774060799,I-II,0,0.0,1,0.0,1.0,2,0.0,0.3939293774060799
CD52_SIGLEC10,DC mature,Monocyte non-classical,5,5.0,1.9577325690020144,False,True,Chen_Zhang_2020;Kim_Lee_2020;Lambrechts_Thienpont_2018_6653;UKIM-V-2;Zuani_2024_NSCLC,1.0,0.3915465138004029,I-II,0,0.0,1,0.0,1.0,2,0.0,0.3915465138004029
ANXA1_FPR1,NK cell dividing,Macrophage,3,2.0,1.1729233630264602,False,True,UKIM-V-2;Zuani_2024_NSCLC,0.6666666666666666,0.3909744543421534,I-II,0,0.0,1,0.0,1.0,2,0.0,0.3909744543421534
ANXA1_FPR2,Fibroblast peribronchial,Monocyte non-classical,4,3.0,1.5631215278361346,True,True,Kim_Lee_2020;Lambrechts_Thienpont_2018_6653;Zuani_2024_NSCLC,0.75,0.39078038195903364,I-II,0,0.0,2,0.0,3.0,2,0.0,0.39078038195903364
HLA-E_CD94:NKG2E,myeloid dividing,NK cell dividing,3,2.0,1.1685570157971592,True,False,He_Fan_2021;Zuani_2024_NSCLC,0.6666666666666666,0.38951900526571975,I-II,0,0.0,1,0.0,1.0,2,0.0,0.38951900526571975
CD44_TYROBP,T cell CD8 dividing,Macrophage alveolar,6,6.0,5.562826659440583,False,True,Chen_Zhang_2020;He_Fan_2021;Kim_Lee_2020;Lambrechts_Thienpont_2018_6653;UKIM-V-2;Zuani_2024_NSCLC,1.0,0.9271377765734305,I-II,0,0.0,2,0.5382057496846457,3.0,2,0.5382057496846457,0.3889320268887848
ANXA1_FPR2,T cell CD4,Monocyte non-classical,5,3.0,1.9443320263496346,False,True,Lambrechts_Thienpont_2018_6653;UKIM-V-2;Zuani_2024_NSCLC,0.6,0.38886640526992694,I-II,0,0.0,2,0.0,3.0,2,0.0,0.38886640526992694
HLA-E_CD94:NKG2E,pDC,NK cell dividing,3,2.0,1.1650692508518077,False,False,He_Fan_2021;Zuani_2024_NSCLC,0.6666666666666666,0.3883564169506026,I-II,0,0.0,1,0.0,1.0,2,0.0,0.3883564169506026
APP_CD74,Fibroblast alveolar,T cell CD8 naive,4,2.0,1.548926708010345,True,False,Chen_Zhang_2020;Kim_Lee_2020,0.5,0.38723167700258626,I-II,0,0.0,1,0.0,1.0,2,0.0,0.38723167700258626
PLAU_PLAUR,cDC2,Monocyte non-classical,5,4.0,1.9332064716292359,False,True,Chen_Zhang_2020;Kim_Lee_2020;UKIM-V-2;Zuani_2024_NSCLC,0.8,0.38664129432584715,I-II,0,0.0,2,0.0,3.0,2,0.0,0.38664129432584715
HLA-E_CD94:NKG2A,T cell CD8 activated,T cell CD8 terminally exhausted,6,3.0,2.316551103106072,False,False,Chen_Zhang_2020;Zilionis_Klein_2019;Zuani_2024_NSCLC,0.5,0.3860918505176787,I-II,0,0.0,1,0.0,3.0,2,0.0,0.3860918505176787
CXCL16_CXCR6,Macrophage alveolar,T cell CD8 dividing,6,6.0,2.911458186146137,True,True,Chen_Zhang_2020;He_Fan_2021;Kim_Lee_2020;Lambrechts_Thienpont_2018_6653;UKIM-V-2;Zuani_2024_NSCLC,1.0,0.4852430310243561,I-II,0,0.0,2,0.09940209267563527,3.0,2,0.09940209267563527,0.38584093834872085
PTPRC_MRC1,T cell NK-like,Monocyte classical,7,6.0,4.842814478076484,True,True,Chen_Zhang_2020;Kim_Lee_2020;Lambrechts_Thienpont_2018_6653;Laughney_Massague_2020;UKIM-V-2;Zuani_2024_NSCLC,0.8571428571428571,0.691830639725212,I-II,0,0.0,2,0.30640843961580855,3.0,2,0.30640843961580855,0.3854222001094034
HLA-E_CD94:NKG2E,Fibroblast peribronchial,NK cell dividing,2,2.0,0.7687331297845037,False,False,He_Fan_2021;Zuani_2024_NSCLC,1.0,0.38436656489225185,I-II,0,0.0,1,0.0,1.0,2,0.0,0.38436656489225185
APP_TNFRSF21,Fibroblast alveolar,pDC,4,3.0,1.531854983838008,True,True,Chen_Zhang_2020;Kim_Lee_2020;Lambrechts_Thienpont_2018_6653,0.75,0.382963745959502,I-II,0,0.0,1,0.0,1.0,2,0.0,0.382963745959502
NECTIN2_TIGIT,myeloid dividing,T cell CD8 terminally exhausted,8,8.0,3.0614786116034702,True,True,Chen_Zhang_2020;He_Fan_2021;Kim_Lee_2020;Lambrechts_Thienpont_2018_6653;Laughney_Massague_2020;UKIM-V-2;Zilionis_Klein_2019;Zuani_2024_NSCLC,1.0,0.3826848264504338,I-II,0,0.0,2,0.0,2.0,2,0.0,0.3826848264504338
AREG_EGFR,pDC,Fibroblast peribronchial,6,4.0,2.283736670616896,True,False,Kim_Lee_2020;Lambrechts_Thienpont_2018_6653;Laughney_Massague_2020;Zuani_2024_NSCLC,0.6666666666666666,0.38062277843614933,I-II,0,0.0,2,0.0,3.0,2,0.0,0.38062277843614933
ANXA1_FPR3,NK cell dividing,myeloid dividing,3,2.0,1.137412228201411,False,True,UKIM-V-2;Zuani_2024_NSCLC,0.6666666666666666,0.3791374094004703,I-II,0,0.0,1,0.0,1.0,2,0.0,0.3791374094004703
LCK_CD8_receptor,NK cell,T cell CD8 naive,7,6.0,2.640538230589102,False,False,Chen_Zhang_2020;Kim_Lee_2020;Lambrechts_Thienpont_2018_6653;Laughney_Massague_2020;UKIM-V-2;Zuani_2024_NSCLC,0.8571428571428571,0.37721974722701457,I-II,0,0.0,2,0.0,3.0,2,0.0,0.37721974722701457
ANXA1_FPR2,T cell NK-like,Monocyte non-classical,5,3.0,1.8824493307874701,False,True,Lambrechts_Thienpont_2018_6653;UKIM-V-2;Zuani_2024_NSCLC,0.6,0.376489866157494,I-II,0,0.0,2,0.0,3.0,2,0.0,0.376489866157494
ANXA1_FPR2,T cell CD8 naive,Monocyte non-classical,5,3.0,1.8820217006924742,False,True,Lambrechts_Thienpont_2018_6653;UKIM-V-2;Zuani_2024_NSCLC,0.6,0.37640434013849483,I-II,0,0.0,2,0.0,3.0,2,0.0,0.37640434013849483
APOE_TREM2_receptor,T cell CD8 dividing,myeloid dividing,7,6.0,2.633325024501191,False,False,Chen_Zhang_2020;He_Fan_2021;Kim_Lee_2020;Lambrechts_Thienpont_2018_6653;Laughney_Massague_2020;Zuani_2024_NSCLC,0.8571428571428571,0.3761892892144559,I-II,0,0.0,2,0.0,1.0,2,0.0,0.3761892892144559
APP_TREM2_receptor,Ciliated,cDC2,7,6.0,2.630356384675781,True,False,Chen_Zhang_2020;He_Fan_2021;Kim_Lee_2020;Lambrechts_Thienpont_2018_6653;Laughney_Massague_2020;UKIM-V-2,0.8571428571428571,0.37576519781082585,I-II,0,0.0,1,0.0,2.0,2,0.0,0.37576519781082585
ANXA1_FPR3,T cell CD8 terminally exhausted,myeloid dividing,8,6.0,3.005515977538815,False,True,Chen_Zhang_2020;Kim_Lee_2020;Lambrechts_Thienpont_2018_6653;Laughney_Massague_2020;UKIM-V-2;Zuani_2024_NSCLC,0.75,0.3756894971923519,I-II,0,0.0,2,0.0,2.0,2,0.0,0.3756894971923519
APP_CD74,Fibroblast alveolar,T cell NK-like,4,2.0,1.5001106867902796,True,False,Chen_Zhang_2020;Kim_Lee_2020,0.5,0.3750276716975699,I-II,0,0.0,1,0.0,1.0,2,0.0,0.3750276716975699
ANXA1_FPR2,NK cell,Monocyte non-classical,5,3.0,1.8645703680004901,False,True,Lambrechts_Thienpont_2018_6653;UKIM-V-2;Zuani_2024_NSCLC,0.6,0.37291407360009804,I-II,0,0.0,2,0.0,3.0,2,0.0,0.37291407360009804
NECTIN2_TIGIT,Endothelial cell venous,T cell CD8 dividing,7,7.0,2.593200267982499,True,True,Chen_Zhang_2020;He_Fan_2021;Kim_Lee_2020;Lambrechts_Thienpont_2018_6653;Laughney_Massague_2020;UKIM-V-2;Zuani_2024_NSCLC,1.0,0.370457181140357,I-II,0,0.0,1,0.0,2.0,2,0.0,0.370457181140357
TNF_TNFRSF1B,B cell,Monocyte non-classical,5,3.0,1.8455817987719771,False,True,Chen_Zhang_2020;Lambrechts_Thienpont_2018_6653;Zuani_2024_NSCLC,0.6,0.36911635975439544,I-II,0,0.0,2,0.0,3.0,2,0.0,0.36911635975439544
PECAM1_CD38,Monocyte non-classical,myeloid dividing,5,4.0,1.8455539734015207,True,False,Chen_Zhang_2020;Kim_Lee_2020;UKIM-V-2;Zuani_2024_NSCLC,0.8,0.36911079468030417,I-II,0,0.0,2,0.0,1.0,2,0.0,0.36911079468030417
CD320_JAML,Endothelial cell venous,pDC,8,6.0,2.9498928272581564,True,True,Chen_Zhang_2020;He_Fan_2021;Kim_Lee_2020;Lambrechts_Thienpont_2018_6653;Laughney_Massague_2020;UKIM-V-2,0.75,0.36873660340726955,I-II,0,0.0,1,0.0,3.0,2,0.0,0.36873660340726955
HLA-E_KLRC1,myeloid dividing,T cell CD8 dividing,7,4.0,2.569267296752438,True,True,Chen_Zhang_2020;He_Fan_2021;Kim_Lee_2020;Zuani_2024_NSCLC,0.5714285714285714,0.3670381852503483,I-II,0,0.0,2,0.0,1.0,2,0.0,0.3670381852503483
CD99_PILRA,pDC,Macrophage alveolar,7,5.0,2.5591191975590064,False,True,Chen_Zhang_2020;He_Fan_2021;Kim_Lee_2020;Lambrechts_Thienpont_2018_6653;UKIM-V-2,0.7142857142857143,0.36558845679414376,I-II,0,0.0,2,0.0,3.0,2,0.0,0.36558845679414376
APP_CD74,Fibroblast alveolar,Fibroblast alveolar,4,2.0,1.460503972137623,True,False,Chen_Zhang_2020;Kim_Lee_2020,0.5,0.36512599303440574,I-II,0,0.0,1,0.0,1.0,2,0.0,0.36512599303440574
LCK_CD8_receptor,NK cell dividing,T cell CD8 effector memory,3,3.0,1.0949618452574192,True,False,He_Fan_2021;UKIM-V-2;Zuani_2024_NSCLC,1.0,0.3649872817524731,I-II,0,0.0,1,0.0,1.0,2,0.0,0.3649872817524731
APOE_TREM2_receptor,pDC,Macrophage,8,6.0,2.908348625067345,False,False,Chen_Zhang_2020;He_Fan_2021;Kim_Lee_2020;Lambrechts_Thienpont_2018_6653;Laughney_Massague_2020;Zuani_2024_NSCLC,0.75,0.36354357813341814,I-II,0,0.0,2,0.0,3.0,2,0.0,0.36354357813341814
HLA-E_KLRK1,DC mature,T cell CD8 dividing,6,3.0,2.1807521993159193,False,True,Chen_Zhang_2020;He_Fan_2021;Lambrechts_Thienpont_2018_6653,0.5,0.36345869988598656,I-II,0,0.0,1,0.0,1.0,2,0.0,0.36345869988598656
TGM2_ADGRG1,Endothelial cell venous,T cell NK-like,7,5.0,2.543499240100983,True,True,Chen_Zhang_2020;Kim_Lee_2020;Lambrechts_Thienpont_2018_6653;Laughney_Massague_2020;UKIM-V-2,0.7142857142857143,0.3633570343001404,I-II,0,0.0,1,0.0,2.0,2,0.0,0.3633570343001404
CD44_TYROBP,Ciliated,DC mature,6,3.0,2.18008437613283,False,True,Kim_Lee_2020;UKIM-V-2;Zuani_2024_NSCLC,0.5,0.36334739602213834,I-II,0,0.0,1,0.0,1.0,2,0.0,0.36334739602213834
CCL3_CCR1,NK cell dividing,Macrophage,3,2.0,1.088714171718932,True,True,He_Fan_2021;UKIM-V-2,0.6666666666666666,0.3629047239063106,I-II,0,0.0,1,0.0,1.0,2,0.0,0.3629047239063106
ANXA1_FPR3,cDC1,myeloid dividing,7,6.0,2.5376442455440213,True,True,Chen_Zhang_2020;Kim_Lee_2020;Lambrechts_Thienpont_2018_6653;Laughney_Massague_2020;UKIM-V-2;Zuani_2024_NSCLC,0.8571428571428571,0.36252060650628876,I-II,0,0.0,1,0.0,1.0,2,0.0,0.36252060650628876
HLA-E_CD94:NKG2A,myeloid dividing,T cell CD8 dividing,7,4.0,2.535690169092864,True,False,Chen_Zhang_2020;He_Fan_2021;Kim_Lee_2020;Zuani_2024_NSCLC,0.5714285714285714,0.362241452727552,I-II,0,0.0,2,0.0,1.0,2,0.0,0.362241452727552
ICAM1_integrin_aXb2_complex,Monocyte classical,Monocyte non-classical,5,5.0,1.8098782989063247,True,False,Chen_Zhang_2020;Kim_Lee_2020;Lambrechts_Thienpont_2018_6653;UKIM-V-2;Zuani_2024_NSCLC,1.0,0.36197565978126495,I-II,0,0.0,2,0.0,3.0,2,0.0,0.36197565978126495
HLA-E_KLRK1,myeloid dividing,T cell CD8 terminally exhausted,8,4.0,2.8930102688824912,True,True,Chen_Zhang_2020;He_Fan_2021;Lambrechts_Thienpont_2018_6653;Zilionis_Klein_2019,0.5,0.3616262836103114,I-II,0,0.0,2,0.0,2.0,2,0.0,0.3616262836103114
HLA-E_CD94:NKG2E,Monocyte classical,NK cell dividing,3,2.0,1.0841205363069162,False,False,He_Fan_2021;Zuani_2024_NSCLC,0.6666666666666666,0.3613735121023054,I-II,0,0.0,1,0.0,1.0,2,0.0,0.3613735121023054
CCL5_CCR1,T cell CD8 activated,myeloid dividing,6,3.0,2.16582472563383,True,True,Chen_Zhang_2020;Kim_Lee_2020;UKIM-V-2,0.5,0.36097078760563833,I-II,0,0.0,1,0.0,2.0,2,0.0,0.36097078760563833
CD44_TYROBP,Monocyte classical,Ciliated,7,4.0,2.5254282903259364,True,False,Kim_Lee_2020;Lambrechts_Thienpont_2018_6653;Laughney_Massague_2020;Zuani_2024_NSCLC,0.5714285714285714,0.36077547004656235,I-II,0,0.0,1,0.0,2.0,2,0.0,0.36077547004656235
HLA-E_CD94:NKG2E,cDC2,NK cell dividing,3,2.0,1.0821965573697951,False,False,He_Fan_2021;Zuani_2024_NSCLC,0.6666666666666666,0.3607321857899317,I-II,0,0.0,1,0.0,1.0,2,0.0,0.3607321857899317
HLA-E_CD94:NKG2E,DC mature,NK cell dividing,3,2.0,1.081586353378468,False,False,He_Fan_2021;Zuani_2024_NSCLC,0.6666666666666666,0.3605287844594893,I-II,0,0.0,1,0.0,1.0,2,0.0,0.3605287844594893
atRetinoicAcid_byALDH1A1_RAreceptor_RXRB,Ciliated,Fibroblast peribronchial,6,4.0,2.1608626178341965,False,False,Kim_Lee_2020;Lambrechts_Thienpont_2018_6653;Laughney_Massague_2020;Zuani_2024_NSCLC,0.6666666666666666,0.3601437696390328,I-II,0,0.0,1,0.0,2.0,2,0.0,0.3601437696390328
CCL5_CCR1,T cell CD8 activated,Monocyte classical,6,3.0,2.158466546539647,True,True,Chen_Zhang_2020;Kim_Lee_2020;UKIM-V-2,0.5,0.35974442442327453,I-II,0,0.0,1,0.0,3.0,2,0.0,0.35974442442327453
PLAU_PLAUR,Macrophage alveolar,Monocyte non-classical,5,4.0,1.7964003018574695,True,True,Chen_Zhang_2020;Kim_Lee_2020;UKIM-V-2;Zuani_2024_NSCLC,0.8,0.3592800603714939,I-II,0,0.0,2,0.0,3.0,2,0.0,0.3592800603714939
APOE_TREM2_receptor,T cell CD8 naive,Macrophage,7,6.0,2.5123630730051567,False,False,Chen_Zhang_2020;He_Fan_2021;Kim_Lee_2020;Lambrechts_Thienpont_2018_6653;Laughney_Massague_2020;Zuani_2024_NSCLC,0.8571428571428571,0.3589090104293081,I-II,0,0.0,2,0.0,3.0,2,0.0,0.3589090104293081
COL4A1_ADGRG6,Endothelial cell venous,cDC1,7,5.0,2.508835332926861,True,False,Kim_Lee_2020;Lambrechts_Thienpont_2018_6653;Laughney_Massague_2020;UKIM-V-2;Zuani_2024_NSCLC,0.7142857142857143,0.3584050475609802,I-II,0,0.0,1,0.0,2.0,2,0.0,0.3584050475609802
CD99_PILRA,NK cell dividing,cDC2,3,2.0,1.07220275711521,True,False,He_Fan_2021;UKIM-V-2,0.6666666666666666,0.3574009190384033,I-II,0,0.0,1,0.0,1.0,2,0.0,0.3574009190384033
PLAU_PLAUR,Fibroblast peribronchial,cDC1,6,5.0,2.1438190641474213,True,True,He_Fan_2021;Kim_Lee_2020;Lambrechts_Thienpont_2018_6653;Laughney_Massague_2020;Zuani_2024_NSCLC,0.8333333333333334,0.35730317735790357,I-II,0,0.0,1,0.0,2.0,2,0.0,0.35730317735790357
APOE_TREM2_receptor,Fibroblast peribronchial,myeloid dividing,6,6.0,3.6846972972711853,True,False,Chen_Zhang_2020;He_Fan_2021;Kim_Lee_2020;Lambrechts_Thienpont_2018_6653;Laughney_Massague_2020;Zuani_2024_NSCLC,1.0,0.6141162162118642,I-II,0,0.25803696689113353,2,0.0,2.0,2,0.25803696689113353,0.35607924932073065
APP_FPR2,Fibroblast alveolar,Monocyte non-classical,3,3.0,1.0680040498185104,True,True,Chen_Zhang_2020;Kim_Lee_2020;Lambrechts_Thienpont_2018_6653,1.0,0.35600134993950344,I-II,0,0.0,1,0.0,1.0,2,0.0,0.35600134993950344
CD44_TYROBP,myeloid dividing,Ciliated,7,6.0,2.4914413487660316,True,False,Chen_Zhang_2020;He_Fan_2021;Kim_Lee_2020;Lambrechts_Thienpont_2018_6653;Laughney_Massague_2020;Zuani_2024_NSCLC,0.8571428571428571,0.35592019268086167,I-II,0,0.0,1,0.0,1.0,2,0.0,0.35592019268086167
THBS1_CD36,Monocyte classical,pDC,8,6.0,2.846620456428081,True,True,Kim_Lee_2020;Lambrechts_Thienpont_2018_6653;Laughney_Massague_2020;UKIM-V-2;Zilionis_Klein_2019;Zuani_2024_NSCLC,0.75,0.3558275570535101,I-II,0,0.0,2,0.0,3.0,2,0.0,0.3558275570535101
APOE_TREM2_receptor,Ciliated,Macrophage,7,6.0,2.486635382013785,False,False,Chen_Zhang_2020;He_Fan_2021;Kim_Lee_2020;Lambrechts_Thienpont_2018_6653;Laughney_Massague_2020;Zuani_2024_NSCLC,0.8571428571428571,0.35523362600196934,I-II,0,0.0,1,0.0,2.0,2,0.0,0.35523362600196934
CD86_CTLA4,myeloid dividing,T cell CD8 terminally exhausted,8,7.0,2.8369836748554986,True,True,Chen_Zhang_2020;Kim_Lee_2020;Lambrechts_Thienpont_2018_6653;Laughney_Massague_2020;UKIM-V-2;Zilionis_Klein_2019;Zuani_2024_NSCLC,0.875,0.35462295935693733,I-II,0,0.0,2,0.0,2.0,2,0.0,0.35462295935693733
CD86_CTLA4,Monocyte non-classical,T cell CD8 dividing,5,4.0,1.766582078497708,True,True,Chen_Zhang_2020;Kim_Lee_2020;UKIM-V-2;Zuani_2024_NSCLC,0.8,0.3533164156995416,I-II,0,0.0,2,0.0,3.0,2,0.0,0.3533164156995416
LAIR1_LILRB4,Mast cell,pDC,8,5.0,2.821938615440922,False,True,Chen_Zhang_2020;Kim_Lee_2020;Lambrechts_Thienpont_2018_6653;Laughney_Massague_2020;UKIM-V-2,0.625,0.35274232693011526,I-II,0,0.0,2,0.0,3.0,2,0.0,0.35274232693011526
APOE_TREM2_receptor,NK cell dividing,Macrophage,3,2.0,1.0552015575910438,False,False,He_Fan_2021;Zuani_2024_NSCLC,0.6666666666666666,0.35173385253034795,I-II,0,0.0,1,0.0,1.0,2,0.0,0.35173385253034795
LAIR1_LILRB4,pDC,Macrophage,8,8.0,2.813441767171663,True,True,Chen_Zhang_2020;He_Fan_2021;Kim_Lee_2020;Lambrechts_Thienpont_2018_6653;Laughney_Massague_2020;UKIM-V-2;Zilionis_Klein_2019;Zuani_2024_NSCLC,1.0,0.3516802208964579,I-II,0,0.0,2,0.0,3.0,2,0.0,0.3516802208964579
APP_CD74,Fibroblast alveolar,T cell CD4,4,2.0,1.4066103807316435,True,False,Chen_Zhang_2020;Kim_Lee_2020,0.5,0.35165259518291087,I-II,0,0.0,1,0.0,1.0,2,0.0,0.35165259518291087
COL3A1_ADGRG1,Fibroblast alveolar,T cell CD8 dividing,4,2.0,1.405501745427475,True,False,Chen_Zhang_2020;Lambrechts_Thienpont_2018_6653,0.5,0.35137543635686874,I-II,0,0.0,1,0.0,1.0,2,0.0,0.35137543635686874
CD44_TYROBP,Macrophage,cDC1,7,7.0,5.002064054921968,True,True,Chen_Zhang_2020;He_Fan_2021;Kim_Lee_2020;Lambrechts_Thienpont_2018_6653;Laughney_Massague_2020;UKIM-V-2;Zuani_2024_NSCLC,1.0,0.7145805792745669,I-II,0,0.0,1,0.3634860651865848,2.0,2,0.3634860651865848,0.3510945140879821
LCK_CD8_receptor,NK cell dividing,T cell NK-like,3,3.0,1.0491588020198568,True,False,He_Fan_2021;UKIM-V-2;Zuani_2024_NSCLC,1.0,0.3497196006732856,I-II,0,0.0,1,0.0,1.0,2,0.0,0.3497196006732856
ADM_RAMP3,Monocyte non-classical,Endothelial cell venous,5,5.0,1.7477323969129057,False,True,Chen_Zhang_2020;Kim_Lee_2020;Lambrechts_Thienpont_2018_6653;UKIM-V-2;Zuani_2024_NSCLC,1.0,0.34954647938258115,I-II,0,0.0,1,0.0,2.0,2,0.0,0.34954647938258115
TGM2_ADGRG1,Fibroblast alveolar,Ciliated,4,3.0,1.3966348394629948,True,False,Chen_Zhang_2020;He_Fan_2021;Lambrechts_Thienpont_2018_6653,0.75,0.3491587098657487,I-II,0,0.0,1,0.0,1.0,2,0.0,0.3491587098657487
HLA-E_CD94:NKG2E,Mast cell,NK cell dividing,3,2.0,1.0455042258507015,False,False,He_Fan_2021;Zuani_2024_NSCLC,0.6666666666666666,0.3485014086169005,I-II,0,0.0,1,0.0,1.0,2,0.0,0.3485014086169005
TNF_TNFRSF1B,T cell CD4,Monocyte non-classical,5,3.0,1.7423135926269635,False,True,Lambrechts_Thienpont_2018_6653;UKIM-V-2;Zuani_2024_NSCLC,0.6,0.3484627185253927,I-II,0,0.0,2,0.0,3.0,2,0.0,0.3484627185253927
CD44_TYROBP,Macrophage,Ciliated,7,5.0,2.4360087672517388,True,False,Chen_Zhang_2020;Kim_Lee_2020;Lambrechts_Thienpont_2018_6653;Laughney_Massague_2020;Zuani_2024_NSCLC,0.7142857142857143,0.3480012524645341,I-II,0,0.0,1,0.0,2.0,2,0.0,0.3480012524645341
LipoxinA4_byALOX5_FPR2,Mast cell,Monocyte non-classical,5,5.0,1.736938144436531,False,True,Chen_Zhang_2020;Kim_Lee_2020;Lambrechts_Thienpont_2018_6653;UKIM-V-2;Zuani_2024_NSCLC,1.0,0.34738762888730623,I-II,0,0.0,2,0.0,3.0,2,0.0,0.34738762888730623
APP_CD74,Fibroblast alveolar,NK cell,4,2.0,1.3875097603114819,True,False,Chen_Zhang_2020;Kim_Lee_2020,0.5,0.34687744007787047,I-II,0,0.0,1,0.0,1.0,2,0.0,0.34687744007787047
HLA-E_CD94:NKG2E,cDC1,NK cell dividing,3,2.0,1.0386897650338511,False,False,He_Fan_2021;Zuani_2024_NSCLC,0.6666666666666666,0.34622992167795036,I-II,0,0.0,1,0.0,1.0,2,0.0,0.34622992167795036
THY1_integrin_aXb2_complex,Fibroblast alveolar,Monocyte non-classical,3,3.0,1.038562065138668,True,False,Chen_Zhang_2020;Kim_Lee_2020;Lambrechts_Thienpont_2018_6653,1.0,0.34618735504622267,I-II,0,0.0,1,0.0,1.0,2,0.0,0.34618735504622267
HLA-E_KLRC2,myeloid dividing,T cell CD8 dividing,7,4.0,2.420010629461597,True,True,He_Fan_2021;Kim_Lee_2020;Lambrechts_Thienpont_2018_6653;Zuani_2024_NSCLC,0.5714285714285714,0.3457158042087996,I-II,0,0.0,2,0.0,1.0,2,0.0,0.3457158042087996
APP_CD74,Monocyte classical,cDC1,7,6.0,5.900410393444163,False,True,Chen_Zhang_2020;Kim_Lee_2020;Lambrechts_Thienpont_2018_6653;Laughney_Massague_2020;UKIM-V-2;Zuani_2024_NSCLC,0.8571428571428571,0.8429157704920234,I-II,0,0.0,1,0.4995276334435522,2.0,2,0.4995276334435522,0.34338813704847115
PTPRC_MRC1,T cell CD8 terminally exhausted,Macrophage alveolar,7,7.0,5.734165778938105,True,True,Chen_Zhang_2020;He_Fan_2021;Kim_Lee_2020;Lambrechts_Thienpont_2018_6653;UKIM-V-2;Zilionis_Klein_2019;Zuani_2024_NSCLC,1.0,0.8191665398483007,I-II,0,0.0,2,0.4763088343646683,4.0,2,0.4763088343646683,0.34285770548363237
HLA-E_KLRK1,Fibroblast alveolar,T cell NK-like,4,2.0,1.3712547833272593,False,True,Chen_Zhang_2020;Lambrechts_Thienpont_2018_6653,0.5,0.3428136958318148,I-II,0,0.0,1,0.0,1.0,2,0.0,0.3428136958318148
APOE_TREM2_receptor,Monocyte non-classical,Macrophage,5,4.0,1.712437499107033,False,False,Chen_Zhang_2020;Kim_Lee_2020;Lambrechts_Thienpont_2018_6653;Zuani_2024_NSCLC,0.8,0.3424874998214066,I-II,0,0.0,2,0.0,3.0,2,0.0,0.3424874998214066
GAS6_AXL,pDC,cDC2,8,7.0,2.731396477665883,True,True,Chen_Zhang_2020;He_Fan_2021;Kim_Lee_2020;Laughney_Massague_2020;UKIM-V-2;Zilionis_Klein_2019;Zuani_2024_NSCLC,0.875,0.3414245597082354,I-II,0,0.0,2,0.0,3.0,2,0.0,0.3414245597082354
PLAU_PLAUR,Monocyte classical,Monocyte non-classical,5,4.0,1.706930376000063,False,True,Chen_Zhang_2020;Kim_Lee_2020;UKIM-V-2;Zuani_2024_NSCLC,0.8,0.3413860752000126,I-II,0,0.0,2,0.0,3.0,2,0.0,0.3413860752000126
CSF1_CSF1R,Fibroblast peribronchial,Monocyte non-classical,4,4.0,1.3639652956100545,False,True,Chen_Zhang_2020;Kim_Lee_2020;Lambrechts_Thienpont_2018_6653;Zuani_2024_NSCLC,1.0,0.34099132390251363,I-II,0,0.0,2,0.0,3.0,2,0.0,0.34099132390251363
ANXA1_FPR1,Monocyte non-classical,Macrophage,5,3.0,1.6986882206318459,False,True,Chen_Zhang_2020;UKIM-V-2;Zuani_2024_NSCLC,0.6,0.3397376441263692,I-II,0,0.0,2,0.0,3.0,2,0.0,0.3397376441263692
HLA-E_CD94:NKG2A,myeloid dividing,T cell CD8 terminally exhausted,8,4.0,2.714222415260521,True,False,Chen_Zhang_2020;Kim_Lee_2020;Zilionis_Klein_2019;Zuani_2024_NSCLC,0.5,0.3392778019075651,I-II,0,0.0,2,0.0,2.0,2,0.0,0.3392778019075651
APP_TNFRSF21,pDC,Ciliated,7,4.0,2.36909949473336,True,False,Kim_Lee_2020;Lambrechts_Thienpont_2018_6653;Laughney_Massague_2020;UKIM-V-2,0.5714285714285714,0.33844278496190855,I-II,0,0.0,1,0.0,2.0,2,0.0,0.33844278496190855
CCL3_CCR1,NK cell dividing,myeloid dividing,3,2.0,1.0150401276747962,True,True,He_Fan_2021;UKIM-V-2,0.6666666666666666,0.3383467092249321,I-II,0,0.0,1,0.0,1.0,2,0.0,0.3383467092249321
HLA-E_KLRK1,Fibroblast alveolar,T cell CD8 terminally exhausted,4,2.0,1.351774992644872,False,True,Chen_Zhang_2020;Lambrechts_Thienpont_2018_6653,0.5,0.337943748161218,I-II,0,0.0,1,0.0,1.0,2,0.0,0.337943748161218
HLA-E_KLRC2,Ciliated,NK cell dividing,3,2.0,1.0126076375060844,False,True,He_Fan_2021;Zuani_2024_NSCLC,0.6666666666666666,0.3375358791686948,I-II,0,0.0,1,0.0,1.0,2,0.0,0.3375358791686948
ANXA1_FPR2,Endothelial cell venous,Monocyte non-classical,5,3.0,1.683254570730701,False,True,Lambrechts_Thienpont_2018_6653;UKIM-V-2;Zuani_2024_NSCLC,0.6,0.3366509141461402,I-II,0,0.0,1,0.0,2.0,2,0.0,0.3366509141461402
TGM2_ADGRG1,Endothelial cell venous,Endothelial cell venous,8,6.0,2.6929414967366907,True,True,Chen_Zhang_2020;Kim_Lee_2020;Lambrechts_Thienpont_2018_6653;Laughney_Massague_2020;UKIM-V-2;Zilionis_Klein_2019,0.75,0.33661768709208634,I-II,0,0.0,1,0.0,3.0,2,0.0,0.33661768709208634
CCL5_CCR1,T cell CD8 activated,cDC2,6,3.0,2.0127079864340374,True,False,Chen_Zhang_2020;Kim_Lee_2020;UKIM-V-2,0.5,0.33545133107233954,I-II,0,0.0,1,0.0,3.0,2,0.0,0.33545133107233954
CCL3_CCR1,NK cell dividing,Monocyte classical,3,2.0,1.0056701550991956,True,True,He_Fan_2021;UKIM-V-2,0.6666666666666666,0.3352233850330652,I-II,0,0.0,1,0.0,1.0,2,0.0,0.3352233850330652
APP_TNFRSF21,pDC,Macrophage,8,5.0,2.674674248043342,True,False,Chen_Zhang_2020;Kim_Lee_2020;Lambrechts_Thienpont_2018_6653;Laughney_Massague_2020;UKIM-V-2,0.625,0.33433428100541773,I-II,0,0.0,2,0.0,3.0,2,0.0,0.33433428100541773
PODXL_SELL,Endothelial cell venous,NK cell dividing,3,3.0,1.0024832643926826,True,False,He_Fan_2021;UKIM-V-2;Zuani_2024_NSCLC,1.0,0.33416108813089423,I-II,0,0.0,1,0.0,1.0,2,0.0,0.33416108813089423
CD44_TYROBP,myeloid dividing,T cell CD8 terminally exhausted,8,6.0,2.6676960651135855,True,False,Chen_Zhang_2020;He_Fan_2021;Kim_Lee_2020;Laughney_Massague_2020;UKIM-V-2;Zuani_2024_NSCLC,0.75,0.3334620081391982,I-II,0,0.0,2,0.0,2.0,2,0.0,0.3334620081391982
PODXL_SELL,Endothelial cell venous,cDC1,7,7.0,2.324974824273434,True,True,Chen_Zhang_2020;He_Fan_2021;Kim_Lee_2020;Lambrechts_Thienpont_2018_6653;Laughney_Massague_2020;UKIM-V-2;Zuani_2024_NSCLC,1.0,0.3321392606104906,I-II,0,0.0,1,0.0,2.0,2,0.0,0.3321392606104906
TNF_TNFRSF1B,Monocyte non-classical,Monocyte classical,5,4.0,1.6604550071842912,True,True,Chen_Zhang_2020;Kim_Lee_2020;UKIM-V-2;Zuani_2024_NSCLC,0.8,0.3320910014368582,I-II,0,0.0,2,0.0,3.0,2,0.0,0.3320910014368582
APOE_TREM2_receptor,T cell CD8 dividing,Macrophage alveolar,6,5.0,1.9913774534976572,False,False,Chen_Zhang_2020;He_Fan_2021;Kim_Lee_2020;Lambrechts_Thienpont_2018_6653;Zuani_2024_NSCLC,0.8333333333333334,0.3318962422496095,I-II,0,0.0,2,0.0,3.0,2,0.0,0.3318962422496095
CD44_TYROBP,cDC2,T cell NK-like,7,4.0,2.3180062209817978,True,False,Kim_Lee_2020;Lambrechts_Thienpont_2018_6653;Laughney_Massague_2020;UKIM-V-2,0.5714285714285714,0.33114374585454254,I-II,0,0.0,2,0.0,3.0,2,0.0,0.33114374585454254
CD44_TYROBP,Fibroblast peribronchial,cDC1,6,3.0,1.985785088058861,False,True,He_Fan_2021;Kim_Lee_2020;Laughney_Massague_2020,0.5,0.3309641813431435,I-II,0,0.0,1,0.0,2.0,2,0.0,0.3309641813431435
APOE_TREM2_receptor,T cell CD8 terminally exhausted,myeloid dividing,8,6.0,2.6450644995790435,False,False,Chen_Zhang_2020;He_Fan_2021;Kim_Lee_2020;Lambrechts_Thienpont_2018_6653;Laughney_Massague_2020;Zuani_2024_NSCLC,0.75,0.33063306244738044,I-II,0,0.0,2,0.0,2.0,2,0.0,0.33063306244738044
CD99_PILRA,NK cell dividing,myeloid dividing,3,2.0,0.9867715336568006,True,False,He_Fan_2021;UKIM-V-2,0.6666666666666666,0.32892384455226686,I-II,0,0.0,1,0.0,1.0,2,0.0,0.32892384455226686
APOE_TREM2_receptor,Fibroblast peribronchial,cDC2,6,5.0,2.644683586291935,True,False,Chen_Zhang_2020;He_Fan_2021;Kim_Lee_2020;Lambrechts_Thienpont_2018_6653;Laughney_Massague_2020,0.8333333333333334,0.4407805977153225,I-II,0,0.11235620089786756,2,0.0,4.0,2,0.11235620089786756,0.32842439681745494
CD52_SIGLEC10,myeloid dividing,cDC1,7,4.0,2.2922913305394585,True,True,Kim_Lee_2020;Lambrechts_Thienpont_2018_6653;Laughney_Massague_2020;UKIM-V-2,0.5714285714285714,0.3274701900770655,I-II,0,0.0,1,0.0,1.0,2,0.0,0.3274701900770655
CD99_PILRA,T cell CD8 terminally exhausted,Macrophage alveolar,7,5.0,2.9736221771707747,False,True,Chen_Zhang_2020;He_Fan_2021;Kim_Lee_2020;Lambrechts_Thienpont_2018_6653;UKIM-V-2,0.7142857142857143,0.42480316816725355,I-II,0,0.0,2,0.09809417040358745,4.0,2,0.09809417040358745,0.32670899776366613
CXCL16_CXCR6,Macrophage alveolar,T cell CD8 terminally exhausted,7,7.0,3.8485651125960056,True,True,Chen_Zhang_2020;He_Fan_2021;Kim_Lee_2020;Lambrechts_Thienpont_2018_6653;UKIM-V-2;Zilionis_Klein_2019;Zuani_2024_NSCLC,1.0,0.5497950160851437,I-II,0,0.0,2,0.22369018561616621,4.0,2,0.22369018561616621,0.3261048304689775
ANXA1_FPR1,T cell CD8 naive,Macrophage,7,4.0,2.282134476085727,False,True,Chen_Zhang_2020;Laughney_Massague_2020;UKIM-V-2;Zuani_2024_NSCLC,0.5714285714285714,0.32601921086938956,I-II,0,0.0,2,0.0,3.0,2,0.0,0.32601921086938956
HLA-E_CD94:NKG2C,Ciliated,NK cell,7,5.0,2.281401291187202,False,False,Chen_Zhang_2020;He_Fan_2021;Kim_Lee_2020;Laughney_Massague_2020;Zuani_2024_NSCLC,0.7142857142857143,0.3259144701696003,I-II,0,0.0,1,0.0,2.0,2,0.0,0.3259144701696003
APP_FPR2,Ciliated,Monocyte classical,7,5.0,2.278599543161172,True,True,Kim_Lee_2020;Lambrechts_Thienpont_2018_6653;Laughney_Massague_2020;UKIM-V-2;Zuani_2024_NSCLC,0.7142857142857143,0.325514220451596,I-II,0,0.0,1,0.0,2.0,2,0.0,0.325514220451596
CD52_SIGLEC10,T cell CD8 activated,cDC2,6,3.0,1.9514497631533216,False,True,Laughney_Massague_2020;UKIM-V-2;Zuani_2024_NSCLC,0.5,0.3252416271922203,I-II,0,0.0,1,0.0,3.0,2,0.0,0.3252416271922203
SAA1_FPR2,Ciliated,Monocyte non-classical,5,3.0,1.6210861059706252,True,True,Lambrechts_Thienpont_2018_6653;UKIM-V-2;Zuani_2024_NSCLC,0.6,0.32421722119412505,I-II,0,0.0,1,0.0,2.0,2,0.0,0.32421722119412505
HLA-E_CD94:NKG2E,Macrophage alveolar,NK cell dividing,3,2.0,0.9722434621000929,False,False,He_Fan_2021;Zuani_2024_NSCLC,0.6666666666666666,0.3240811540333643,I-II,0,0.0,1,0.0,1.0,2,0.0,0.3240811540333643
APOE_TREM2_receptor,cDC1,myeloid dividing,7,6.0,2.2676154976715197,False,False,Chen_Zhang_2020;He_Fan_2021;Kim_Lee_2020;Lambrechts_Thienpont_2018_6653;Laughney_Massague_2020;Zuani_2024_NSCLC,0.8571428571428571,0.3239450710959314,I-II,0,0.0,1,0.0,1.0,2,0.0,0.3239450710959314
ANXA1_FPR2,T cell CD8 terminally exhausted,Monocyte non-classical,5,3.0,1.6155307320686965,False,True,Lambrechts_Thienpont_2018_6653;UKIM-V-2;Zuani_2024_NSCLC,0.6,0.3231061464137393,I-II,0,0.0,2,0.0,3.0,2,0.0,0.3231061464137393
CXCL16_CXCR6,myeloid dividing,T cell CD8 dividing,7,7.0,2.2603928049046873,True,True,Chen_Zhang_2020;He_Fan_2021;Kim_Lee_2020;Lambrechts_Thienpont_2018_6653;Laughney_Massague_2020;UKIM-V-2;Zuani_2024_NSCLC,1.0,0.32291325784352676,I-II,0,0.0,2,0.0,1.0,2,0.0,0.32291325784352676
GAS6_AXL,pDC,myeloid dividing,8,8.0,2.580619187117613,True,True,Chen_Zhang_2020;He_Fan_2021;Kim_Lee_2020;Lambrechts_Thienpont_2018_6653;Laughney_Massague_2020;UKIM-V-2;Zilionis_Klein_2019;Zuani_2024_NSCLC,1.0,0.3225773983897016,I-II,0,0.0,2,0.0,2.0,2,0.0,0.3225773983897016
APP_TNFRSF21,Ciliated,Macrophage,7,6.0,2.252973431873154,True,False,Chen_Zhang_2020;Kim_Lee_2020;Lambrechts_Thienpont_2018_6653;Laughney_Massague_2020;UKIM-V-2;Zuani_2024_NSCLC,0.8571428571428571,0.3218533474104506,I-II,0,0.0,1,0.0,2.0,2,0.0,0.3218533474104506
CCL3_CCR1,NK cell dividing,Macrophage alveolar,3,2.0,0.9640723857393123,True,True,He_Fan_2021;UKIM-V-2,0.6666666666666666,0.3213574619131041,I-II,0,0.0,1,0.0,1.0,2,0.0,0.3213574619131041
CD34_SELL,Endothelial cell venous,T cell CD8 naive,7,5.0,2.244745944411731,True,False,Chen_Zhang_2020;Kim_Lee_2020;Lambrechts_Thienpont_2018_6653;UKIM-V-2;Zuani_2024_NSCLC,0.7142857142857143,0.3206779920588187,I-II,0,0.0,1,0.0,2.0,2,0.0,0.3206779920588187
PECAM1_CD38,Macrophage alveolar,NK cell dividing,3,2.0,0.960948428815087,True,True,UKIM-V-2;Zuani_2024_NSCLC,0.6666666666666666,0.32031614293836236,I-II,0,0.0,1,0.0,1.0,2,0.0,0.32031614293836236
WNT5B_SFRP2,Ciliated,Fibroblast peribronchial,6,3.0,1.9193059496005067,False,True,Lambrechts_Thienpont_2018_6653;Laughney_Massague_2020;Zuani_2024_NSCLC,0.5,0.3198843249334178,I-II,0,0.0,1,0.0,2.0,2,0.0,0.3198843249334178
NECTIN2_TIGIT,Ciliated,T cell CD8 terminally exhausted,7,6.0,2.22754839663804,False,True,Chen_Zhang_2020;Kim_Lee_2020;Lambrechts_Thienpont_2018_6653;Laughney_Massague_2020;UKIM-V-2;Zuani_2024_NSCLC,0.8571428571428571,0.31822119951972,I-II,0,0.0,1,0.0,2.0,2,0.0,0.31822119951972
CD44_TYROBP,Fibroblast alveolar,cDC1,4,2.0,1.2695446551132463,False,True,He_Fan_2021;Kim_Lee_2020,0.5,0.3173861637783116,I-II,0,0.0,1,0.0,1.0,2,0.0,0.3173861637783116
CCL5_CCR1,T cell CD8 activated,Monocyte non-classical,4,2.0,1.2673379298179446,True,False,Chen_Zhang_2020;UKIM-V-2,0.5,0.31683448245448614,I-II,0,0.0,1,0.0,2.0,2,0.0,0.31683448245448614
APOE_TREM2_receptor,T cell NK-like,myeloid dividing,7,6.0,2.214648117593707,False,False,Chen_Zhang_2020;He_Fan_2021;Kim_Lee_2020;Lambrechts_Thienpont_2018_6653;Laughney_Massague_2020;Zuani_2024_NSCLC,0.8571428571428571,0.3163783025133867,I-II,0,0.0,2,0.0,1.0,2,0.0,0.3163783025133867
ANXA1_FPR1,T cell CD8 terminally exhausted,Macrophage alveolar,7,4.0,2.214457235882347,False,True,Chen_Zhang_2020;Kim_Lee_2020;Lambrechts_Thienpont_2018_6653;UKIM-V-2,0.5714285714285714,0.31635103369747813,I-II,0,0.0,2,0.0,4.0,2,0.0,0.31635103369747813
LCK_CD8_receptor,NK cell dividing,T cell CD8 naive,3,3.0,0.9488861683536363,True,False,He_Fan_2021;UKIM-V-2;Zuani_2024_NSCLC,1.0,0.3162953894512121,I-II,0,0.0,1,0.0,1.0,2,0.0,0.3162953894512121
COL4A2_ADGRG6,Endothelial cell venous,cDC1,7,5.0,2.2121279809855166,True,False,Kim_Lee_2020;Lambrechts_Thienpont_2018_6653;Laughney_Massague_2020;UKIM-V-2;Zuani_2024_NSCLC,0.7142857142857143,0.31601828299793094,I-II,0,0.0,1,0.0,2.0,2,0.0,0.31601828299793094
CD99_PILRA,Ciliated,Macrophage alveolar,6,5.0,1.8958643023206618,False,True,Chen_Zhang_2020;He_Fan_2021;Kim_Lee_2020;Lambrechts_Thienpont_2018_6653;UKIM-V-2,0.8333333333333334,0.3159773837201103,I-II,0,0.0,1,0.0,2.0,2,0.0,0.3159773837201103
PTPRC_MRC1,pDC,myeloid dividing,8,5.0,2.5245104667939784,False,True,Kim_Lee_2020;Lambrechts_Thienpont_2018_6653;UKIM-V-2;Zilionis_Klein_2019;Zuani_2024_NSCLC,0.625,0.3155638083492473,I-II,0,0.0,2,0.0,2.0,2,0.0,0.3155638083492473
AREG_EGFR,NK cell dividing,Ciliated,3,2.0,0.9392476402096344,True,False,UKIM-V-2;Zuani_2024_NSCLC,0.6666666666666666,0.3130825467365448,I-II,0,0.0,1,0.0,1.0,2,0.0,0.3130825467365448
CD44_TYROBP,Macrophage,T cell CD8 activated,6,4.0,1.8769241226094235,True,False,Chen_Zhang_2020;Kim_Lee_2020;UKIM-V-2;Zuani_2024_NSCLC,0.6666666666666666,0.31282068710157057,I-II,0,0.0,1,0.0,3.0,2,0.0,0.31282068710157057
LAIR1_LILRB4,myeloid dividing,Monocyte non-classical,5,5.0,1.5519158808667808,True,True,Chen_Zhang_2020;Kim_Lee_2020;Lambrechts_Thienpont_2018_6653;UKIM-V-2;Zuani_2024_NSCLC,1.0,0.31038317617335615,I-II,0,0.0,2,0.0,1.0,2,0.0,0.31038317617335615
APOE_TREM2_receptor,Monocyte non-classical,myeloid dividing,5,4.0,1.5488794229213516,False,False,Chen_Zhang_2020;Kim_Lee_2020;Lambrechts_Thienpont_2018_6653;Zuani_2024_NSCLC,0.8,0.3097758845842703,I-II,0,0.0,2,0.0,1.0,2,0.0,0.3097758845842703
CXCL2_DPP4,Monocyte classical,cDC1,7,4.0,2.1539734589373274,True,True,Chen_Zhang_2020;Kim_Lee_2020;Laughney_Massague_2020;UKIM-V-2,0.5714285714285714,0.3077104941339039,I-II,0,0.0,1,0.0,2.0,2,0.0,0.3077104941339039
APP_FPR2,pDC,Monocyte classical,8,4.0,2.459972598920475,True,True,Kim_Lee_2020;Lambrechts_Thienpont_2018_6653;Laughney_Massague_2020;UKIM-V-2,0.5,0.3074965748650594,I-II,0,0.0,2,0.0,3.0,2,0.0,0.3074965748650594
APOE_TREM2_receptor,pDC,myeloid dividing,8,6.0,2.459916550147673,False,False,Chen_Zhang_2020;He_Fan_2021;Kim_Lee_2020;Lambrechts_Thienpont_2018_6653;Laughney_Massague_2020;Zuani_2024_NSCLC,0.75,0.3074895687684591,I-II,0,0.0,2,0.0,2.0,2,0.0,0.3074895687684591
TNFSF13B_TNFRSF13C,pDC,B cell,8,6.0,2.4547575731383695,False,True,Chen_Zhang_2020;Kim_Lee_2020;Lambrechts_Thienpont_2018_6653;Laughney_Massague_2020;UKIM-V-2;Zuani_2024_NSCLC,0.75,0.3068446966422962,I-II,0,0.0,2,0.0,3.0,2,0.0,0.3068446966422962
ANXA1_FPR1,pDC,Monocyte non-classical,5,4.0,1.534145210659313,False,True,Chen_Zhang_2020;Kim_Lee_2020;UKIM-V-2;Zuani_2024_NSCLC,0.8,0.3068290421318626,I-II,0,0.0,2,0.0,2.0,2,0.0,0.3068290421318626
CD320_JAML,Fibroblast peribronchial,pDC,6,5.0,1.839874122409741,False,True,Chen_Zhang_2020;He_Fan_2021;Kim_Lee_2020;Lambrechts_Thienpont_2018_6653;Laughney_Massague_2020,0.8333333333333334,0.30664568706829015,I-II,0,0.0,2,0.0,3.0,2,0.0,0.30664568706829015
HBEGF_ERBB2,Monocyte classical,Ciliated,7,5.0,2.131725931132901,True,True,Chen_Zhang_2020;Kim_Lee_2020;Lambrechts_Thienpont_2018_6653;Laughney_Massague_2020;UKIM-V-2,0.7142857142857143,0.3045322758761287,I-II,0,0.0,1,0.0,2.0,2,0.0,0.3045322758761287
APP_TNFRSF21,Ciliated,Ciliated,7,5.0,2.12729450651151,True,False,Kim_Lee_2020;Lambrechts_Thienpont_2018_6653;Laughney_Massague_2020;UKIM-V-2;Zuani_2024_NSCLC,0.7142857142857143,0.30389921521593,I-II,0,0.0,1,0.0,2.0,2,0.0,0.30389921521593
ANXA1_FPR2,cDC1,Monocyte non-classical,5,3.0,1.5182146553387823,True,True,Lambrechts_Thienpont_2018_6653;UKIM-V-2;Zuani_2024_NSCLC,0.6,0.30364293106775647,I-II,0,0.0,1,0.0,2.0,2,0.0,0.30364293106775647
CD86_CTLA4,myeloid dividing,T cell CD8 dividing,7,6.0,2.1254958268607966,True,True,Chen_Zhang_2020;Kim_Lee_2020;Lambrechts_Thienpont_2018_6653;Laughney_Massague_2020;UKIM-V-2;Zuani_2024_NSCLC,0.8571428571428571,0.3036422609801138,I-II,0,0.0,2,0.0,1.0,2,0.0,0.3036422609801138
CD44_TYROBP,cDC2,T cell CD8 dividing,7,4.0,2.124151708160651,True,False,Kim_Lee_2020;Lambrechts_Thienpont_2018_6653;Laughney_Massague_2020;UKIM-V-2,0.5714285714285714,0.3034502440229501,I-II,0,0.0,2,0.0,3.0,2,0.0,0.3034502440229501
HLA-E_CD94:NKG2E,myeloid dividing,T cell CD8 dividing,7,4.0,2.121695487801096,True,False,Chen_Zhang_2020;He_Fan_2021;Lambrechts_Thienpont_2018_6653;Zuani_2024_NSCLC,0.5714285714285714,0.30309935540015653,I-II,0,0.0,2,0.0,1.0,2,0.0,0.30309935540015653
PECAM1_CD38,Monocyte non-classical,T cell CD8 dividing,5,3.0,1.5145071666272494,True,True,Chen_Zhang_2020;Kim_Lee_2020;Zuani_2024_NSCLC,0.6,0.3029014333254499,I-II,0,0.0,2,0.0,3.0,2,0.0,0.3029014333254499
CXCL16_CXCR6,Monocyte non-classical,T cell regulatory,5,4.0,1.5141678580555609,True,False,Chen_Zhang_2020;Kim_Lee_2020;UKIM-V-2;Zuani_2024_NSCLC,0.8,0.3028335716111122,I-II,0,0.0,2,0.0,3.0,2,0.0,0.3028335716111122
CD44_TYROBP,myeloid dividing,Fibroblast alveolar,4,3.0,1.2060363049537877,True,False,Chen_Zhang_2020;He_Fan_2021;Kim_Lee_2020,0.75,0.3015090762384469,I-II,0,0.0,1,,,1,0.0,0.3015090762384469
CD44_TYROBP,myeloid dividing,T cell CD8 activated,6,4.0,1.8051011359889577,True,False,Chen_Zhang_2020;Kim_Lee_2020;UKIM-V-2;Zuani_2024_NSCLC,0.6666666666666666,0.30085018933149293,I-II,0,0.0,1,0.0,2.0,2,0.0,0.30085018933149293
CCL3_CCR1,T cell CD8 terminally exhausted,myeloid dividing,8,6.0,2.404237294288591,True,True,He_Fan_2021;Kim_Lee_2020;Lambrechts_Thienpont_2018_6653;Laughney_Massague_2020;UKIM-V-2;Zuani_2024_NSCLC,0.75,0.3005296617860739,I-II,0,0.0,2,0.0,2.0,2,0.0,0.3005296617860739
HLA-E_CD94:NKG2E,pDC,NK cell,8,4.0,2.4003088741288967,False,False,Chen_Zhang_2020;He_Fan_2021;Lambrechts_Thienpont_2018_6653;Zuani_2024_NSCLC,0.5,0.3000386092661121,I-II,0,0.0,2,0.0,3.0,2,0.0,0.3000386092661121
ANXA1_FPR1,cDC1,Macrophage alveolar,6,4.0,1.7938763933716724,True,True,Chen_Zhang_2020;Kim_Lee_2020;Lambrechts_Thienpont_2018_6653;UKIM-V-2,0.6666666666666666,0.29897939889527875,I-II,0,0.0,1,0.0,2.0,2,0.0,0.29897939889527875
APOE_TREM2_receptor,T cell CD8 naive,myeloid dividing,7,6.0,2.0804759597059346,False,False,Chen_Zhang_2020;He_Fan_2021;Kim_Lee_2020;Lambrechts_Thienpont_2018_6653;Laughney_Massague_2020;Zuani_2024_NSCLC,0.8571428571428571,0.29721085138656206,I-II,0,0.0,2,0.0,1.0,2,0.0,0.29721085138656206
CD44_TYROBP,Macrophage alveolar,Fibroblast alveolar,4,3.0,1.1869826235683072,True,False,Chen_Zhang_2020;He_Fan_2021;Kim_Lee_2020,0.75,0.2967456558920768,I-II,0,0.0,1,0.0,1.0,2,0.0,0.2967456558920768
NECTIN2_TIGIT,Ciliated,T cell CD4 dividing,7,6.0,2.0693905968260546,False,True,Chen_Zhang_2020;Kim_Lee_2020;Lambrechts_Thienpont_2018_6653;Laughney_Massague_2020;UKIM-V-2;Zuani_2024_NSCLC,0.8571428571428571,0.2956272281180078,I-II,0,0.0,1,0.0,2.0,2,0.0,0.2956272281180078
APP_TREM2_receptor,pDC,Monocyte classical,8,6.0,2.360969405631748,True,False,Chen_Zhang_2020;He_Fan_2021;Kim_Lee_2020;Lambrechts_Thienpont_2018_6653;Laughney_Massague_2020;Zilionis_Klein_2019,0.75,0.2951211757039685,I-II,0,0.0,2,0.0,3.0,2,0.0,0.2951211757039685
HLA-E_KLRC2,Macrophage alveolar,T cell CD8 dividing,6,3.0,1.7706963863761866,True,True,Chen_Zhang_2020;Lambrechts_Thienpont_2018_6653;UKIM-V-2,0.5,0.2951160643960311,I-II,0,0.0,2,0.0,3.0,2,0.0,0.2951160643960311
CD44_TYROBP,Macrophage alveolar,T cell CD8 activated,5,3.0,1.4656371187130137,True,False,Chen_Zhang_2020;Kim_Lee_2020;UKIM-V-2,0.6,0.29312742374260276,I-II,0,0.0,1,0.0,3.0,2,0.0,0.29312742374260276
APOE_TREM2_receptor,T cell CD8 terminally exhausted,Macrophage alveolar,7,5.0,2.046025400397303,False,False,Chen_Zhang_2020;He_Fan_2021;Kim_Lee_2020;Lambrechts_Thienpont_2018_6653;Zuani_2024_NSCLC,0.7142857142857143,0.29228934291390046,I-II,0,0.0,2,0.0,4.0,2,0.0,0.29228934291390046
Histamine_byHDC_HRH2,Mast cell,cDC1,7,4.0,2.041581342087088,False,False,Lambrechts_Thienpont_2018_6653;Laughney_Massague_2020;UKIM-V-2;Zuani_2024_NSCLC,0.5714285714285714,0.2916544774410125,I-II,0,0.0,1,0.0,2.0,2,0.0,0.2916544774410125
CXCL16_CXCR6,Monocyte non-classical,T cell CD8 effector memory,5,4.0,1.454719513480147,True,False,Chen_Zhang_2020;Kim_Lee_2020;UKIM-V-2;Zuani_2024_NSCLC,0.8,0.2909439026960294,I-II,0,0.0,2,0.0,3.0,2,0.0,0.2909439026960294
CD320_JAML,T cell CD8 dividing,pDC,7,5.0,2.035305183829727,False,True,Chen_Zhang_2020;He_Fan_2021;Kim_Lee_2020;Lambrechts_Thienpont_2018_6653;Laughney_Massague_2020,0.7142857142857143,0.29075788340424674,I-II,0,0.0,2,0.0,2.0,2,0.0,0.29075788340424674
CD70_CD27,T cell CD8 terminally exhausted,T cell regulatory,8,5.0,2.3226382482512062,False,True,He_Fan_2021;Kim_Lee_2020;Lambrechts_Thienpont_2018_6653;Laughney_Massague_2020;Zuani_2024_NSCLC,0.625,0.2903297810314008,I-II,0,0.0,2,0.0,4.0,2,0.0,0.2903297810314008
CD44_TYROBP,Monocyte classical,T cell CD8 activated,6,3.0,1.741600318289559,True,False,Kim_Lee_2020;UKIM-V-2;Zuani_2024_NSCLC,0.5,0.2902667197149265,I-II,0,0.0,1,0.0,3.0,2,0.0,0.2902667197149265
LAIR1_LILRB4,Monocyte non-classical,Macrophage,5,5.0,1.4488282523465208,False,True,Chen_Zhang_2020;Kim_Lee_2020;Lambrechts_Thienpont_2018_6653;UKIM-V-2;Zuani_2024_NSCLC,1.0,0.28976565046930414,I-II,0,0.0,2,0.0,3.0,2,0.0,0.28976565046930414
CD320_JAML,T cell CD4 dividing,pDC,8,5.0,2.3169800663258684,False,True,Chen_Zhang_2020;He_Fan_2021;Kim_Lee_2020;Lambrechts_Thienpont_2018_6653;Laughney_Massague_2020,0.625,0.28962250829073355,I-II,0,0.0,2,0.0,3.0,2,0.0,0.28962250829073355
CCL5_CCR1,T cell CD8 dividing,Macrophage,7,7.0,6.136591398888076,True,True,Chen_Zhang_2020;He_Fan_2021;Kim_Lee_2020;Lambrechts_Thienpont_2018_6653;Laughney_Massague_2020;UKIM-V-2;Zuani_2024_NSCLC,1.0,0.8766559141268679,I-II,0,0.0,2,0.5872040375398074,3.0,2,0.5872040375398074,0.2894518765870605
ANXA1_FPR3,T cell CD8 dividing,Macrophage alveolar,6,3.0,1.7350485306865742,True,True,Chen_Zhang_2020;Lambrechts_Thienpont_2018_6653;UKIM-V-2,0.5,0.289174755114429,I-II,0,0.0,2,0.0,3.0,2,0.0,0.289174755114429
CXCL16_CXCR6,Monocyte non-classical,T cell CD4 dividing,5,4.0,1.4453307709942833,True,False,Chen_Zhang_2020;Kim_Lee_2020;UKIM-V-2;Zuani_2024_NSCLC,0.8,0.2890661541988567,I-II,0,0.0,2,0.0,2.0,2,0.0,0.2890661541988567
CCL5_CCR1,T cell NK-like,Macrophage,7,7.0,6.497785332192427,True,True,Chen_Zhang_2020;He_Fan_2021;Kim_Lee_2020;Lambrechts_Thienpont_2018_6653;Laughney_Massague_2020;UKIM-V-2;Zuani_2024_NSCLC,1.0,0.928255047456061,I-II,0,0.0,2,0.6393607723343928,3.0,2,0.6393607723343928,0.2888942751216682
CSF1_CSF1R,T cell CD8 terminally exhausted,Monocyte non-classical,5,3.0,1.4422866739717968,False,True,Chen_Zhang_2020;UKIM-V-2;Zuani_2024_NSCLC,0.6,0.28845733479435937,I-II,0,0.0,2,0.0,3.0,2,0.0,0.28845733479435937
APP_TNFRSF21,pDC,Fibroblast peribronchial,6,3.0,1.7267966707707512,True,True,Kim_Lee_2020;Lambrechts_Thienpont_2018_6653;Laughney_Massague_2020,0.5,0.2877994451284585,I-II,0,0.0,2,0.0,3.0,2,0.0,0.2877994451284585
CCL19_CCR7,DC mature,pDC,6,3.0,1.726143775419072,True,False,Chen_Zhang_2020;Kim_Lee_2020;Zuani_2024_NSCLC,0.5,0.287690629236512,I-II,0,0.0,1,0.0,1.0,2,0.0,0.287690629236512
APOE_TREM2_receptor,T cell CD8 dividing,Macrophage,7,6.0,3.090555151425503,False,False,Chen_Zhang_2020;He_Fan_2021;Kim_Lee_2020;Lambrechts_Thienpont_2018_6653;Laughney_Massague_2020;Zuani_2024_NSCLC,0.8571428571428571,0.44150787877507186,I-II,0,0.0,2,0.15430640843961582,3.0,2,0.15430640843961582,0.28720147033545607
CD44_TYROBP,T cell CD8 terminally exhausted,Macrophage alveolar,7,7.0,6.27859580317785,False,True,Chen_Zhang_2020;He_Fan_2021;Kim_Lee_2020;Lambrechts_Thienpont_2018_6653;UKIM-V-2;Zilionis_Klein_2019;Zuani_2024_NSCLC,1.0,0.8969422575968357,I-II,0,0.0,2,0.6100930101823758,4.0,2,0.6100930101823758,0.28684924741445983
PECAM1_CD38,Monocyte classical,NK cell dividing,3,2.0,0.8604114329264131,True,True,UKIM-V-2;Zuani_2024_NSCLC,0.6666666666666666,0.28680381097547103,I-II,0,0.0,1,0.0,1.0,2,0.0,0.28680381097547103
APOE_TREM2_receptor,Fibroblast peribronchial,Macrophage alveolar,5,5.0,2.9398849374600857,True,False,Chen_Zhang_2020;He_Fan_2021;Kim_Lee_2020;Lambrechts_Thienpont_2018_6653;Zuani_2024_NSCLC,1.0,0.5879769874920171,I-II,0,0.3012012485970819,2,0.0,4.0,2,0.3012012485970819,0.2867757388949352
ICAM1_integrin_aXb2_complex,Macrophage,Monocyte non-classical,5,5.0,1.4336506337902155,True,False,Chen_Zhang_2020;Kim_Lee_2020;Lambrechts_Thienpont_2018_6653;UKIM-V-2;Zuani_2024_NSCLC,1.0,0.2867301267580431,I-II,0,0.0,2,0.0,3.0,2,0.0,0.2867301267580431
PECAM1_CD38,Monocyte non-classical,cDC2,5,3.0,1.4247819716980659,True,False,Chen_Zhang_2020;UKIM-V-2;Zuani_2024_NSCLC,0.6,0.2849563943396132,I-II,0,0.0,2,0.0,3.0,2,0.0,0.2849563943396132
CCL5_ACKR1,T cell regulatory,Endothelial cell venous,8,4.0,2.278716377048659,False,True,Chen_Zhang_2020;Kim_Lee_2020;Laughney_Massague_2020;Zuani_2024_NSCLC,0.5,0.2848395471310824,I-II,0,0.0,1,0.0,3.0,2,0.0,0.2848395471310824
AREG_EGFR,pDC,Fibroblast alveolar,4,2.0,1.1392885329147735,True,False,Chen_Zhang_2020;Kim_Lee_2020,0.5,0.2848221332286934,I-II,0,0.0,1,0.0,1.0,2,0.0,0.2848221332286934
HLA-E_CD94:NKG2E,DC mature,T cell NK-like,6,3.0,1.7087770578757824,False,False,Chen_Zhang_2020;Lambrechts_Thienpont_2018_6653;Zuani_2024_NSCLC,0.5,0.2847961763126304,I-II,0,0.0,1,0.0,1.0,2,0.0,0.2847961763126304
APOE_TREM2_receptor,NK cell dividing,myeloid dividing,3,2.0,0.8538196380370813,False,False,He_Fan_2021;Zuani_2024_NSCLC,0.6666666666666666,0.2846065460123604,I-II,0,0.0,1,0.0,1.0,2,0.0,0.2846065460123604
APOE_TREM2_receptor,T cell NK-like,Macrophage alveolar,6,5.0,1.7060019150308565,False,False,Chen_Zhang_2020;He_Fan_2021;Kim_Lee_2020;Lambrechts_Thienpont_2018_6653;Zuani_2024_NSCLC,0.8333333333333334,0.28433365250514275,I-II,0,0.0,2,0.0,3.0,2,0.0,0.28433365250514275
CCL3_CCR1,T cell CD8 terminally exhausted,Macrophage,8,7.0,3.1762872539224887,True,True,Chen_Zhang_2020;He_Fan_2021;Kim_Lee_2020;Lambrechts_Thienpont_2018_6653;Laughney_Massague_2020;UKIM-V-2;Zuani_2024_NSCLC,0.875,0.3970359067403111,I-II,0,0.0,2,0.11377025036818851,4.0,2,0.11377025036818851,0.2832656563721226
CXCL16_CXCR6,cDC1,T cell CD8 activated,5,3.0,1.4041303920706671,True,False,Kim_Lee_2020;Laughney_Massague_2020;UKIM-V-2,0.6,0.28082607841413343,I-II,0,0.0,1,0.0,2.0,2,0.0,0.28082607841413343
APP_TNFRSF21,pDC,myeloid dividing,8,4.0,2.2312070772893984,True,False,Kim_Lee_2020;Lambrechts_Thienpont_2018_6653;Laughney_Massague_2020;UKIM-V-2,0.5,0.2789008846611748,I-II,0,0.0,2,0.0,2.0,2,0.0,0.2789008846611748
APOE_TREM2_receptor,Ciliated,myeloid dividing,7,6.0,1.9520548776873516,False,False,Chen_Zhang_2020;He_Fan_2021;Kim_Lee_2020;Lambrechts_Thienpont_2018_6653;Laughney_Massague_2020;Zuani_2024_NSCLC,0.8571428571428571,0.2788649825267645,I-II,0,0.0,1,0.0,1.0,2,0.0,0.2788649825267645
PTPRC_MRC1,T cell NK-like,Macrophage,7,7.0,5.778687969725891,True,True,Chen_Zhang_2020;He_Fan_2021;Kim_Lee_2020;Lambrechts_Thienpont_2018_6653;Laughney_Massague_2020;UKIM-V-2;Zuani_2024_NSCLC,1.0,0.8255268528179844,I-II,0,0.0,2,0.5473003103427406,3.0,2,0.5473003103427406,0.2782265424752438
ICAM1_integrin_aXb2_complex,cDC2,Monocyte non-classical,5,5.0,1.390434583364659,True,False,Chen_Zhang_2020;Kim_Lee_2020;Lambrechts_Thienpont_2018_6653;UKIM-V-2;Zuani_2024_NSCLC,1.0,0.2780869166729318,I-II,0,0.0,2,0.0,3.0,2,0.0,0.2780869166729318
CD44_TYROBP,Macrophage,T cell NK-like,7,6.0,3.538555631678979,True,False,Chen_Zhang_2020;Kim_Lee_2020;Lambrechts_Thienpont_2018_6653;Laughney_Massague_2020;UKIM-V-2;Zuani_2024_NSCLC,0.8571428571428571,0.5055079473827113,I-II,0,0.0,2,0.22783813572665723,3.0,2,0.22783813572665723,0.2776698116560541
CD44_TYROBP,Monocyte classical,cDC1,7,6.0,4.638314574805381,True,True,He_Fan_2021;Kim_Lee_2020;Lambrechts_Thienpont_2018_6653;Laughney_Massague_2020;UKIM-V-2;Zuani_2024_NSCLC,0.8571428571428571,0.6626163678293402,I-II,0,0.0,1,0.38521492678318375,2.0,2,0.38521492678318375,0.27740144104615644
CRTAM_CADM1,T cell CD8 effector memory,cDC1,7,6.0,2.3732504994347745,True,True,Chen_Zhang_2020;Kim_Lee_2020;Lambrechts_Thienpont_2018_6653;Laughney_Massague_2020;UKIM-V-2;Zuani_2024_NSCLC,0.8571428571428571,0.3390357856335392,I-II,0,0.0,1,0.061855670103092786,2.0,2,0.061855670103092786,0.2771801155304464
LAIR1_LILRB4,NK cell dividing,pDC,3,2.0,0.8314678015537436,False,True,He_Fan_2021;UKIM-V-2,0.6666666666666666,0.27715593385124787,I-II,0,0.0,1,0.0,1.0,2,0.0,0.27715593385124787
PLAU_PLAUR,Fibroblast peribronchial,pDC,6,5.0,1.6584307497977737,True,False,He_Fan_2021;Kim_Lee_2020;Lambrechts_Thienpont_2018_6653;Laughney_Massague_2020;Zuani_2024_NSCLC,0.8333333333333334,0.2764051249662956,I-II,0,0.0,2,0.0,3.0,2,0.0,0.2764051249662956
CD99_PILRA,T cell NK-like,Macrophage,7,7.0,4.250061232940831,False,True,Chen_Zhang_2020;He_Fan_2021;Kim_Lee_2020;Lambrechts_Thienpont_2018_6653;Laughney_Massague_2020;UKIM-V-2;Zuani_2024_NSCLC,1.0,0.607151604705833,I-II,0,0.0,2,0.33116942144256617,3.0,2,0.33116942144256617,0.2759821832632668
APOE_TREM2_receptor,Fibroblast peribronchial,Macrophage,6,6.0,3.9568362766117815,True,False,Chen_Zhang_2020;He_Fan_2021;Kim_Lee_2020;Lambrechts_Thienpont_2018_6653;Laughney_Massague_2020;Zuani_2024_NSCLC,1.0,0.6594727127686303,I-II,0,0.38405232884399554,2,0.0,4.0,2,0.38405232884399554,0.27542038392463475
PTPRC_MRC1,T cell CD8 dividing,Macrophage alveolar,6,6.0,5.094748587780644,True,True,Chen_Zhang_2020;He_Fan_2021;Kim_Lee_2020;Lambrechts_Thienpont_2018_6653;UKIM-V-2;Zuani_2024_NSCLC,1.0,0.8491247646301073,I-II,0,0.0,2,0.573992818164045,3.0,2,0.573992818164045,0.2751319464660623
APP_FPR2,Ciliated,Macrophage alveolar,6,4.0,1.6474060114447886,True,True,Kim_Lee_2020;Lambrechts_Thienpont_2018_6653;UKIM-V-2;Zuani_2024_NSCLC,0.6666666666666666,0.27456766857413145,I-II,0,0.0,1,0.0,2.0,2,0.0,0.27456766857413145
TNFSF10_TNFRSF11B,Monocyte non-classical,DC mature,5,4.0,1.3721743343291664,True,True,Chen_Zhang_2020;Lambrechts_Thienpont_2018_6653;UKIM-V-2;Zuani_2024_NSCLC,0.8,0.2744348668658333,I-II,0,0.0,1,0.0,1.0,2,0.0,0.2744348668658333
HLA-E_CD94:NKG2E,Macrophage alveolar,T cell NK-like,6,3.0,1.6462156066166198,True,False,Chen_Zhang_2020;Lambrechts_Thienpont_2018_6653;Zuani_2024_NSCLC,0.5,0.27436926776943665,I-II,0,0.0,2,0.0,3.0,2,0.0,0.27436926776943665
HLA-E_CD94:NKG2C,Fibroblast peribronchial,T cell NK-like,6,3.0,1.6461056381912726,True,False,Chen_Zhang_2020;Laughney_Massague_2020;Zuani_2024_NSCLC,0.5,0.27435093969854546,I-II,0,0.0,2,0.0,3.0,2,0.0,0.27435093969854546
HLA-E_KLRK1,Fibroblast peribronchial,T cell CD8 dividing,6,3.0,1.6382548015970113,False,True,Chen_Zhang_2020;He_Fan_2021;Lambrechts_Thienpont_2018_6653,0.5,0.27304246693283524,I-II,0,0.0,2,0.0,3.0,2,0.0,0.27304246693283524
GAS6_AXL,pDC,Fibroblast peribronchial,6,4.0,1.6359123639599213,True,True,Chen_Zhang_2020;Kim_Lee_2020;Lambrechts_Thienpont_2018_6653;Laughney_Massague_2020,0.6666666666666666,0.2726520606599869,I-II,0,0.0,2,0.0,3.0,2,0.0,0.2726520606599869
ICAM1_integrin_aXb2_complex,DC mature,Monocyte non-classical,5,5.0,1.3616412467595829,False,False,Chen_Zhang_2020;Kim_Lee_2020;Lambrechts_Thienpont_2018_6653;UKIM-V-2;Zuani_2024_NSCLC,1.0,0.2723282493519166,I-II,0,0.0,1,0.0,1.0,2,0.0,0.2723282493519166
AREG_EGFR,pDC,Ciliated,7,4.0,1.905364843560613,True,False,Kim_Lee_2020;Lambrechts_Thienpont_2018_6653;UKIM-V-2;Zuani_2024_NSCLC,0.5714285714285714,0.2721949776515161,I-II,0,0.0,1,0.0,2.0,2,0.0,0.2721949776515161
PVR_CD96,Endothelial cell venous,T cell CD8 dividing,7,5.0,1.9027635411656618,False,True,Chen_Zhang_2020;Kim_Lee_2020;Lambrechts_Thienpont_2018_6653;Laughney_Massague_2020;UKIM-V-2,0.7142857142857143,0.271823363023666,I-II,0,0.0,1,0.0,2.0,2,0.0,0.271823363023666
CD44_TYROBP,DC mature,T cell NK-like,6,3.0,1.6285943608866025,True,False,Kim_Lee_2020;Lambrechts_Thienpont_2018_6653;UKIM-V-2,0.5,0.27143239348110043,I-II,0,0.0,1,0.0,1.0,2,0.0,0.27143239348110043
CD34_SELL,Endothelial cell venous,Monocyte non-classical,5,3.0,1.3566534167214177,True,False,Lambrechts_Thienpont_2018_6653;UKIM-V-2;Zuani_2024_NSCLC,0.6,0.27133068334428356,I-II,0,0.0,1,0.0,2.0,2,0.0,0.27133068334428356
XCL2_XCR1,T cell CD8 effector memory,cDC1,7,7.0,2.1209333289382353,False,True,Chen_Zhang_2020;He_Fan_2021;Kim_Lee_2020;Lambrechts_Thienpont_2018_6653;Laughney_Massague_2020;UKIM-V-2;Zuani_2024_NSCLC,1.0,0.30299047556260505,I-II,0,0.0,1,0.03166421207658321,2.0,2,0.03166421207658321,0.27132626348602185
XCL1_XCR1,NK cell dividing,cDC1,3,2.0,0.8126889265659683,True,True,UKIM-V-2;Zuani_2024_NSCLC,0.6666666666666666,0.27089630885532273,I-II,0,0.0,1,0.0,1.0,2,0.0,0.27089630885532273
APP_TNFRSF21,Ciliated,myeloid dividing,7,5.0,1.8827345896466074,True,False,Kim_Lee_2020;Lambrechts_Thienpont_2018_6653;Laughney_Massague_2020;UKIM-V-2;Zuani_2024_NSCLC,0.7142857142857143,0.26896208423522966,I-II,0,0.0,1,0.0,1.0,2,0.0,0.26896208423522966
APP_TNFRSF21,Ciliated,Fibroblast peribronchial,6,4.0,1.6077169737356778,True,True,Kim_Lee_2020;Lambrechts_Thienpont_2018_6653;Laughney_Massague_2020;Zuani_2024_NSCLC,0.6666666666666666,0.2679528289559463,I-II,0,0.0,1,0.0,2.0,2,0.0,0.2679528289559463
CD52_SIGLEC10,Endothelial cell venous,Monocyte non-classical,5,4.0,1.3395433770832557,False,True,Chen_Zhang_2020;Kim_Lee_2020;UKIM-V-2;Zuani_2024_NSCLC,0.8,0.26790867541665114,I-II,0,0.0,1,0.0,2.0,2,0.0,0.26790867541665114
APOE_TREM2_receptor,Monocyte non-classical,Macrophage alveolar,5,4.0,1.3346637956396306,False,False,Chen_Zhang_2020;Kim_Lee_2020;Lambrechts_Thienpont_2018_6653;Zuani_2024_NSCLC,0.8,0.26693275912792613,I-II,0,0.0,2,0.0,3.0,2,0.0,0.26693275912792613
CCL19_CCRL2,DC mature,Monocyte non-classical,5,3.0,1.3334341135803949,True,True,Chen_Zhang_2020;Kim_Lee_2020;UKIM-V-2,0.6,0.26668682271607896,I-II,0,0.0,1,0.0,1.0,2,0.0,0.26668682271607896
SAA1_FPR2,Ciliated,Monocyte classical,7,4.0,1.8648279250618036,True,True,Lambrechts_Thienpont_2018_6653;Laughney_Massague_2020;UKIM-V-2;Zuani_2024_NSCLC,0.5714285714285714,0.2664039892945434,I-II,0,0.0,1,0.0,2.0,2,0.0,0.2664039892945434
APP_CD74,Fibroblast alveolar,Fibroblast peribronchial,4,2.0,1.0650415453620414,True,False,Chen_Zhang_2020;Kim_Lee_2020,0.5,0.26626038634051036,I-II,0,0.0,1,0.0,1.0,2,0.0,0.26626038634051036
EREG_ERBB4,Monocyte classical,Ciliated,7,5.0,1.8637084373595263,True,True,Chen_Zhang_2020;Lambrechts_Thienpont_2018_6653;Laughney_Massague_2020;UKIM-V-2;Zuani_2024_NSCLC,0.7142857142857143,0.2662440624799323,I-II,0,0.0,1,0.0,2.0,2,0.0,0.2662440624799323
THBS1_CD36,Monocyte classical,Monocyte non-classical,5,3.0,1.3277448890788137,True,False,Kim_Lee_2020;UKIM-V-2;Zuani_2024_NSCLC,0.6,0.26554897781576275,I-II,0,0.0,2,0.0,3.0,2,0.0,0.26554897781576275
PECAM1_CD38,Macrophage,NK cell dividing,3,2.0,0.7958347130710992,True,True,UKIM-V-2;Zuani_2024_NSCLC,0.6666666666666666,0.2652782376903664,I-II,0,0.0,1,0.0,1.0,2,0.0,0.2652782376903664
CXCL12_CXCR4,Fibroblast peribronchial,Endothelial cell venous,6,4.0,1.5882780149598774,True,False,Chen_Zhang_2020;Kim_Lee_2020;Laughney_Massague_2020;Zuani_2024_NSCLC,0.6666666666666666,0.2647130024933129,I-II,0,0.0,1,0.0,3.0,2,0.0,0.2647130024933129
PTPRC_MRC1,T cell NK-like,Macrophage alveolar,6,6.0,5.081122872860982,True,True,Chen_Zhang_2020;He_Fan_2021;Kim_Lee_2020;Lambrechts_Thienpont_2018_6653;UKIM-V-2;Zuani_2024_NSCLC,1.0,0.8468538121434971,I-II,0,0.0,2,0.5847259576057101,3.0,2,0.5847259576057101,0.262127854537787
APOE_TREM2_receptor,T cell CD8 terminally exhausted,Macrophage,8,6.0,3.116311227411905,False,False,Chen_Zhang_2020;He_Fan_2021;Kim_Lee_2020;Lambrechts_Thienpont_2018_6653;Laughney_Massague_2020;Zuani_2024_NSCLC,0.75,0.3895389034264881,I-II,0,0.0,2,0.12801133679735474,4.0,2,0.12801133679735474,0.26152756662913335
LAIR1_LILRB4,Macrophage,Monocyte non-classical,5,5.0,1.3074176741304024,True,True,Chen_Zhang_2020;Kim_Lee_2020;Lambrechts_Thienpont_2018_6653;UKIM-V-2;Zuani_2024_NSCLC,1.0,0.2614835348260805,I-II,0,0.0,2,0.0,3.0,2,0.0,0.2614835348260805
APOE_TREM2_receptor,cDC1,Macrophage alveolar,6,5.0,1.5718656140136231,False,False,Chen_Zhang_2020;He_Fan_2021;Kim_Lee_2020;Lambrechts_Thienpont_2018_6653;Zuani_2024_NSCLC,0.8333333333333334,0.26197760233560385,I-II,0,0.0,1,0.0014727540500736377,2.0,2,0.0014727540500736377,0.2605048482855302
ANXA1_FPR1,pDC,Monocyte classical,8,5.0,2.082826568049206,False,True,Chen_Zhang_2020;Kim_Lee_2020;Laughney_Massague_2020;UKIM-V-2;Zuani_2024_NSCLC,0.625,0.2603533210061508,I-II,0,0.0,2,0.0,3.0,2,0.0,0.2603533210061508
APP_TNFRSF21,Fibroblast peribronchial,Ciliated,6,4.0,1.5607226136949814,True,False,Kim_Lee_2020;Lambrechts_Thienpont_2018_6653;Laughney_Massague_2020;Zuani_2024_NSCLC,0.6666666666666666,0.26012043561583026,I-II,0,0.0,1,0.0,2.0,2,0.0,0.26012043561583026
CD320_JAML,Endothelial cell venous,Monocyte non-classical,5,3.0,1.3000634065034773,True,True,Chen_Zhang_2020;Kim_Lee_2020;Lambrechts_Thienpont_2018_6653,0.6,0.26001268130069544,I-II,0,0.0,1,0.0,2.0,2,0.0,0.26001268130069544
TNF_TNFRSF1B,Monocyte non-classical,T cell CD4 dividing,5,3.0,1.2984205352496465,True,True,Chen_Zhang_2020;Kim_Lee_2020;UKIM-V-2,0.6,0.2596841070499293,I-II,0,0.0,2,0.0,2.0,2,0.0,0.2596841070499293
Histamine_byHDC_HRH2,Mast cell,pDC,8,5.0,2.0751814684504106,False,False,Chen_Zhang_2020;Kim_Lee_2020;Lambrechts_Thienpont_2018_6653;Laughney_Massague_2020;UKIM-V-2,0.625,0.25939768355630133,I-II,0,0.0,2,0.0,3.0,2,0.0,0.25939768355630133
NECTIN2_TIGIT,Fibroblast peribronchial,T cell CD8 dividing,6,5.0,1.5435830344443895,True,True,Chen_Zhang_2020;He_Fan_2021;Lambrechts_Thienpont_2018_6653;Laughney_Massague_2020;Zuani_2024_NSCLC,0.8333333333333334,0.2572638390740649,I-II,0,0.0,2,0.0,3.0,2,0.0,0.2572638390740649
APP_CD74,Fibroblast alveolar,Mast cell,4,2.0,1.0269616459506632,True,False,Chen_Zhang_2020;Kim_Lee_2020,0.5,0.2567404114876658,I-II,0,0.0,1,0.0,1.0,2,0.0,0.2567404114876658
APOE_TREM2_receptor,pDC,Macrophage alveolar,7,5.0,1.795323603164849,False,False,Chen_Zhang_2020;He_Fan_2021;Kim_Lee_2020;Lambrechts_Thienpont_2018_6653;Zuani_2024_NSCLC,0.7142857142857143,0.2564748004521213,I-II,0,0.0,2,0.0,3.0,2,0.0,0.2564748004521213
PLAU_PLAUR,Fibroblast alveolar,Monocyte classical,4,2.0,1.024655589500393,False,True,Kim_Lee_2020;Lambrechts_Thienpont_2018_6653,0.5,0.25616389737509826,I-II,0,0.0,1,0.0,1.0,2,0.0,0.25616389737509826
CD44_TYROBP,DC mature,T cell CD8 activated,4,2.0,1.0162020792624276,True,False,Kim_Lee_2020;UKIM-V-2,0.5,0.2540505198156069,I-II,0,0.0,1,0.0,1.0,2,0.0,0.2540505198156069
HBEGF_ERBB2,cDC2,Ciliated,7,5.0,1.775576079342641,True,True,Chen_Zhang_2020;Kim_Lee_2020;Lambrechts_Thienpont_2018_6653;Laughney_Massague_2020;UKIM-V-2,0.7142857142857143,0.2536537256203773,I-II,0,0.0,1,0.0,2.0,2,0.0,0.2536537256203773
TGM2_ADGRG1,Endothelial cell venous,Ciliated,7,4.0,1.772956236058999,True,False,Chen_Zhang_2020;Lambrechts_Thienpont_2018_6653;Laughney_Massague_2020;UKIM-V-2,0.5714285714285714,0.2532794622941427,I-II,0,0.0,1,0.0,2.0,2,0.0,0.2532794622941427
CD44_TYROBP,DC mature,Endothelial cell venous,6,3.0,1.5171704109244886,True,False,Kim_Lee_2020;Lambrechts_Thienpont_2018_6653;UKIM-V-2,0.5,0.25286173515408145,I-II,0,0.0,1,0.0,1.0,2,0.0,0.25286173515408145
ICAM1_integrin_aXb2_complex,Endothelial cell venous,Monocyte non-classical,5,5.0,1.2637592553886614,False,False,Chen_Zhang_2020;Kim_Lee_2020;Lambrechts_Thienpont_2018_6653;UKIM-V-2;Zuani_2024_NSCLC,1.0,0.2527518510777323,I-II,0,0.0,1,0.0,2.0,2,0.0,0.2527518510777323
CD44_TYROBP,Macrophage alveolar,T cell CD8 terminally exhausted,7,4.0,1.760743661723008,True,False,Chen_Zhang_2020;He_Fan_2021;Kim_Lee_2020;UKIM-V-2,0.5714285714285714,0.25153480881757256,I-II,0,0.0,2,0.0,4.0,2,0.0,0.25153480881757256
ANXA1_FPR2,T cell CD4 dividing,Monocyte non-classical,5,3.0,1.2575848432830776,False,True,Lambrechts_Thienpont_2018_6653;UKIM-V-2;Zuani_2024_NSCLC,0.6,0.25151696865661555,I-II,0,0.0,2,0.0,2.0,2,0.0,0.25151696865661555
ANXA1_FPR3,T cell CD8 dividing,Macrophage,7,7.0,3.8462590082292865,True,True,Chen_Zhang_2020;He_Fan_2021;Kim_Lee_2020;Lambrechts_Thienpont_2018_6653;Laughney_Massague_2020;UKIM-V-2;Zuani_2024_NSCLC,1.0,0.5494655726041838,I-II,0,0.0,2,0.29863375452104884,3.0,2,0.29863375452104884,0.250831818083135
LCK_CD8_receptor,T cell CD8 dividing,T cell CD8 activated,5,3.0,1.2531574810745592,True,False,Chen_Zhang_2020;Kim_Lee_2020;Zuani_2024_NSCLC,0.6,0.2506314962149118,I-II,0,0.0,1,0.0,2.0,2,0.0,0.2506314962149118
CXCL12_DPP4,Fibroblast alveolar,cDC1,4,3.0,1.0014327663646818,True,False,Chen_Zhang_2020;Kim_Lee_2020;Lambrechts_Thienpont_2018_6653,0.75,0.25035819159117045,I-II,0,0.0,1,0.0,1.0,2,0.0,0.25035819159117045
TGM2_ADGRG1,Fibroblast alveolar,T cell CD8 dividing,4,2.0,0.9996281782058956,True,False,Chen_Zhang_2020;Lambrechts_Thienpont_2018_6653,0.5,0.2499070445514739,I-II,0,0.0,1,0.0,1.0,2,0.0,0.2499070445514739
NECTIN2_TIGIT,myeloid dividing,T cell CD8 dividing,7,6.0,1.7485946970269117,True,True,Chen_Zhang_2020;He_Fan_2021;Lambrechts_Thienpont_2018_6653;Laughney_Massague_2020;UKIM-V-2;Zuani_2024_NSCLC,0.8571428571428571,0.24979924243241597,I-II,0,0.0,2,0.0,1.0,2,0.0,0.24979924243241597
LAIR1_LILRB4,pDC,myeloid dividing,8,8.0,1.9966383648425605,True,True,Chen_Zhang_2020;He_Fan_2021;Kim_Lee_2020;Lambrechts_Thienpont_2018_6653;Laughney_Massague_2020;UKIM-V-2;Zilionis_Klein_2019;Zuani_2024_NSCLC,1.0,0.24957979560532007,I-II,0,0.0,2,0.0,2.0,2,0.0,0.24957979560532007
HBEGF_ERBB4,Monocyte classical,Ciliated,7,5.0,1.7440989312794706,True,True,Chen_Zhang_2020;Lambrechts_Thienpont_2018_6653;Laughney_Massague_2020;UKIM-V-2;Zuani_2024_NSCLC,0.7142857142857143,0.2491569901827815,I-II,0,0.0,1,0.0,2.0,2,0.0,0.2491569901827815
TGM2_ADGRG1,Endothelial cell venous,T cell CD8 dividing,7,4.0,1.7407313165266607,True,False,Chen_Zhang_2020;Lambrechts_Thienpont_2018_6653;Laughney_Massague_2020;UKIM-V-2,0.5714285714285714,0.24867590236095152,I-II,0,0.0,1,0.0,2.0,2,0.0,0.24867590236095152
PECAM1_CD38,myeloid dividing,NK cell dividing,3,2.0,0.745385903389884,True,True,UKIM-V-2;Zuani_2024_NSCLC,0.6666666666666666,0.248461967796628,I-II,0,0.0,1,0.0,1.0,2,0.0,0.248461967796628
CD44_TYROBP,Macrophage alveolar,Ciliated,6,4.0,1.489191952517547,True,False,Chen_Zhang_2020;He_Fan_2021;Kim_Lee_2020;Lambrechts_Thienpont_2018_6653,0.6666666666666666,0.2481986587529245,I-II,0,0.0,1,0.0,2.0,2,0.0,0.2481986587529245
PODXL_SELL,Endothelial cell venous,T cell CD8 naive,7,5.0,1.737357523793058,True,False,Chen_Zhang_2020;Kim_Lee_2020;Lambrechts_Thienpont_2018_6653;UKIM-V-2;Zuani_2024_NSCLC,0.7142857142857143,0.24819393197043688,I-II,0,0.0,1,0.0,2.0,2,0.0,0.24819393197043688
CD44_TYROBP,DC mature,T cell CD8 dividing,6,3.0,1.4838772844994184,True,False,Kim_Lee_2020;Lambrechts_Thienpont_2018_6653;UKIM-V-2,0.5,0.24731288074990307,I-II,0,0.0,1,0.0,1.0,2,0.0,0.24731288074990307
LAIR1_LILRB4,NK cell,pDC,8,4.0,1.9712218483652348,False,True,Chen_Zhang_2020;Kim_Lee_2020;Lambrechts_Thienpont_2018_6653;UKIM-V-2,0.5,0.24640273104565436,I-II,0,0.0,2,0.0,3.0,2,0.0,0.24640273104565436
CCL22_DPP4,DC mature,pDC,6,3.0,1.4775421723488837,True,True,Chen_Zhang_2020;Kim_Lee_2020;UKIM-V-2,0.5,0.24625702872481395,I-II,0,0.0,1,0.0,1.0,2,0.0,0.24625702872481395
CD320_JAML,pDC,pDC,8,5.0,1.9695693751219698,False,True,Chen_Zhang_2020;He_Fan_2021;Kim_Lee_2020;Lambrechts_Thienpont_2018_6653;Laughney_Massague_2020,0.625,0.24619617189024623,I-II,0,0.0,2,0.0,3.0,2,0.0,0.24619617189024623
CXCL16_CXCR6,Mast cell,T cell CD8 terminally exhausted,8,5.0,1.9653135344211434,True,True,Chen_Zhang_2020;Kim_Lee_2020;Lambrechts_Thienpont_2018_6653;UKIM-V-2;Zilionis_Klein_2019,0.625,0.24566419180264293,I-II,0,0.0,2,0.0,4.0,2,0.0,0.24566419180264293
PLAU_PLAUR,Fibroblast alveolar,cDC2,4,2.0,0.9820087257051189,False,True,Kim_Lee_2020;Lambrechts_Thienpont_2018_6653,0.5,0.24550218142627972,I-II,0,0.0,1,0.0,1.0,2,0.0,0.24550218142627972
PECAM1_CD38,Macrophage alveolar,Ciliated,6,4.0,1.4659928897459449,True,True,Chen_Zhang_2020;Kim_Lee_2020;Lambrechts_Thienpont_2018_6653;UKIM-V-2,0.6666666666666666,0.2443321482909908,I-II,0,0.0,1,0.0,2.0,2,0.0,0.2443321482909908
HLA-E_CD94:NKG2E,Ciliated,NK cell dividing,3,2.0,0.7327226868445507,False,False,He_Fan_2021;Zuani_2024_NSCLC,0.6666666666666666,0.2442408956148502,I-II,0,0.0,1,0.0,1.0,2,0.0,0.2442408956148502
CRTAM_CADM1,NK cell dividing,cDC1,3,2.0,0.7319218859757407,False,True,UKIM-V-2;Zuani_2024_NSCLC,0.6666666666666666,0.24397396199191357,I-II,0,0.0,1,0.0,1.0,2,0.0,0.24397396199191357
CD44_TYROBP,Fibroblast peribronchial,NK cell,6,5.0,4.1926814873711775,False,True,Chen_Zhang_2020;Kim_Lee_2020;Lambrechts_Thienpont_2018_6653;Laughney_Massague_2020;Zuani_2024_NSCLC,0.8333333333333334,0.6987802478951962,I-II,0,0.45505050505050504,2,0.0,4.0,2,0.45505050505050504,0.24372974284469118
CD320_JAML,T cell regulatory,pDC,8,5.0,1.9433712388503128,False,True,Chen_Zhang_2020;He_Fan_2021;Kim_Lee_2020;Lambrechts_Thienpont_2018_6653;Laughney_Massague_2020,0.625,0.2429214048562891,I-II,0,0.0,2,0.0,3.0,2,0.0,0.2429214048562891
CD52_SIGLEC10,Ciliated,Monocyte non-classical,5,5.0,1.206043985850893,False,True,Chen_Zhang_2020;Kim_Lee_2020;Lambrechts_Thienpont_2018_6653;UKIM-V-2;Zuani_2024_NSCLC,1.0,0.24120879717017857,I-II,0,0.0,1,0.0,2.0,2,0.0,0.24120879717017857
ICAM1_integrin_aXb2_complex,myeloid dividing,Monocyte non-classical,5,5.0,1.203280892642293,True,False,Chen_Zhang_2020;Kim_Lee_2020;Lambrechts_Thienpont_2018_6653;UKIM-V-2;Zuani_2024_NSCLC,1.0,0.2406561785284586,I-II,0,0.0,2,0.0,1.0,2,0.0,0.2406561785284586
CXCL2_DPP4,Macrophage,cDC1,7,4.0,1.681775486207612,True,True,Chen_Zhang_2020;Kim_Lee_2020;Laughney_Massague_2020;UKIM-V-2,0.5714285714285714,0.2402536408868017,I-II,0,0.0,1,0.0,2.0,2,0.0,0.2402536408868017
HLA-E_CD94:NKG2E,Ciliated,NK cell,7,4.0,1.6799298068094748,False,False,Chen_Zhang_2020;He_Fan_2021;Lambrechts_Thienpont_2018_6653;Zuani_2024_NSCLC,0.5714285714285714,0.23998997240135353,I-II,0,0.0,1,0.0,2.0,2,0.0,0.23998997240135353
CD44_TYROBP,cDC1,NK cell,7,5.0,4.070331823448266,False,True,Chen_Zhang_2020;Kim_Lee_2020;Lambrechts_Thienpont_2018_6653;Laughney_Massague_2020;Zuani_2024_NSCLC,0.7142857142857143,0.5814759747783238,I-II,0,0.0,1,0.34241531664212077,2.0,2,0.34241531664212077,0.23906065813620303
CD44_TYROBP,Monocyte non-classical,T cell CD8 activated,4,2.0,0.9561935116684752,True,False,Chen_Zhang_2020;UKIM-V-2,0.5,0.2390483779171188,I-II,0,0.0,1,0.0,2.0,2,0.0,0.2390483779171188
ANXA1_FPR3,T cell NK-like,Macrophage,7,7.0,4.356761853634147,False,True,Chen_Zhang_2020;He_Fan_2021;Kim_Lee_2020;Lambrechts_Thienpont_2018_6653;Laughney_Massague_2020;UKIM-V-2;Zuani_2024_NSCLC,1.0,0.6223945505191638,I-II,0,0.0,2,0.3836867502456329,3.0,2,0.3836867502456329,0.2387078002735309
APP_TREM2_receptor,Ciliated,Monocyte classical,7,5.0,1.6608669186254947,True,False,Chen_Zhang_2020;He_Fan_2021;Kim_Lee_2020;Lambrechts_Thienpont_2018_6653;Laughney_Massague_2020,0.7142857142857143,0.23726670266078495,I-II,0,0.0,1,0.0,2.0,2,0.0,0.23726670266078495
VEGFA_NRP2,Monocyte classical,Ciliated,7,6.0,1.6556402389984881,True,True,Chen_Zhang_2020;Kim_Lee_2020;Lambrechts_Thienpont_2018_6653;Laughney_Massague_2020;UKIM-V-2;Zuani_2024_NSCLC,0.8571428571428571,0.23652003414264117,I-II,0,0.0,1,0.0,2.0,2,0.0,0.23652003414264117
CCL3_CCR1,T cell CD8 terminally exhausted,Macrophage alveolar,7,5.0,1.6544460346211616,True,True,He_Fan_2021;Kim_Lee_2020;Lambrechts_Thienpont_2018_6653;UKIM-V-2;Zuani_2024_NSCLC,0.7142857142857143,0.2363494335173088,I-II,0,0.0,2,0.0,4.0,2,0.0,0.2363494335173088
APOE_TREM2_receptor,NK cell dividing,Macrophage alveolar,3,2.0,0.7085402008938448,False,False,He_Fan_2021;Zuani_2024_NSCLC,0.6666666666666666,0.23618006696461494,I-II,0,0.0,1,0.0,1.0,2,0.0,0.23618006696461494
APOE_TREM2_receptor,T cell CD8 naive,Macrophage alveolar,6,5.0,1.4161867925310063,False,False,Chen_Zhang_2020;He_Fan_2021;Kim_Lee_2020;Lambrechts_Thienpont_2018_6653;Zuani_2024_NSCLC,0.8333333333333334,0.23603113208850104,I-II,0,0.0,2,0.0,3.0,2,0.0,0.23603113208850104
ProstaglandinE2_byPTGES2_PTGER4,cDC1,T cell CD8 activated,5,3.0,1.1793977979163839,False,True,Kim_Lee_2020;Laughney_Massague_2020;UKIM-V-2,0.6,0.23587955958327678,I-II,0,0.0,1,0.0,2.0,2,0.0,0.23587955958327678
HBEGF_ERBB2,Monocyte non-classical,Ciliated,5,3.0,1.179392131178961,True,True,Chen_Zhang_2020;Kim_Lee_2020;UKIM-V-2,0.6,0.2358784262357922,I-II,0,0.0,1,0.0,2.0,2,0.0,0.2358784262357922
PLAU_PLAUR,myeloid dividing,cDC1,7,4.0,1.6508433712954966,True,True,Kim_Lee_2020;Lambrechts_Thienpont_2018_6653;Laughney_Massague_2020;UKIM-V-2,0.5714285714285714,0.2358347673279281,I-II,0,0.0,1,0.0,1.0,2,0.0,0.2358347673279281
CCL5_CCR1,T cell CD8 terminally exhausted,Macrophage,8,8.0,7.237091559323447,True,True,Chen_Zhang_2020;He_Fan_2021;Kim_Lee_2020;Lambrechts_Thienpont_2018_6653;Laughney_Massague_2020;UKIM-V-2;Zilionis_Klein_2019;Zuani_2024_NSCLC,1.0,0.9046364449154308,I-II,0,0.0,2,0.6690133346575319,4.0,2,0.6690133346575319,0.23562311025789895
CCL3_CCR1,T cell CD8 dividing,Macrophage alveolar,6,6.0,2.0982012083156296,True,True,Chen_Zhang_2020;He_Fan_2021;Kim_Lee_2020;Lambrechts_Thienpont_2018_6653;UKIM-V-2;Zuani_2024_NSCLC,1.0,0.34970020138593827,I-II,0,0.0,2,0.11478507321681625,3.0,2,0.11478507321681625,0.23491512816912202
CSF1_CSF1R,Fibroblast alveolar,Monocyte non-classical,3,2.0,0.7042505273218058,False,True,Chen_Zhang_2020;Kim_Lee_2020,0.6666666666666666,0.23475017577393528,I-II,0,0.0,1,0.0,1.0,2,0.0,0.23475017577393528
CD44_TYROBP,Macrophage,T cell CD8 dividing,7,6.0,3.107277422996275,True,False,Chen_Zhang_2020;Kim_Lee_2020;Lambrechts_Thienpont_2018_6653;Laughney_Massague_2020;UKIM-V-2;Zuani_2024_NSCLC,0.8571428571428571,0.4438967747137536,I-II,0,0.0,2,0.20957329554400883,3.0,2,0.20957329554400883,0.23432347916974477
TGM2_ADGRG1,Endothelial cell venous,T cell CD8 terminally exhausted,8,4.0,1.8730931466935157,True,False,Chen_Zhang_2020;Laughney_Massague_2020;UKIM-V-2;Zilionis_Klein_2019,0.5,0.23413664333668946,I-II,0,0.0,1,0.0,3.0,2,0.0,0.23413664333668946
CD44_TYROBP,Monocyte classical,T cell NK-like,7,5.0,3.3474051242869365,True,False,Kim_Lee_2020;Lambrechts_Thienpont_2018_6653;Laughney_Massague_2020;UKIM-V-2;Zuani_2024_NSCLC,0.7142857142857143,0.47820073204099095,I-II,0,0.0,2,0.2442922374429224,3.0,2,0.2442922374429224,0.23390849459806856
TNF_TNFRSF1B,cDC1,Monocyte classical,7,4.0,1.6371676287284829,True,True,Chen_Zhang_2020;Laughney_Massague_2020;UKIM-V-2;Zuani_2024_NSCLC,0.5714285714285714,0.2338810898183547,I-II,0,0.0,1,0.0,2.0,2,0.0,0.2338810898183547
APOE_TREM2_receptor,Ciliated,Macrophage alveolar,6,5.0,1.39745046621924,False,False,Chen_Zhang_2020;He_Fan_2021;Kim_Lee_2020;Lambrechts_Thienpont_2018_6653;Zuani_2024_NSCLC,0.8333333333333334,0.23290841103654,I-II,0,0.0,1,0.0,2.0,2,0.0,0.23290841103654
TNF_TNFRSF1B,NK cell dividing,Monocyte classical,3,2.0,0.6984871053511204,False,True,UKIM-V-2;Zuani_2024_NSCLC,0.6666666666666666,0.23282903511704012,I-II,0,0.0,1,0.0,1.0,2,0.0,0.23282903511704012
ANXA1_FPR3,T cell CD8 dividing,cDC2,7,6.0,3.3346179076509435,True,True,Chen_Zhang_2020;Kim_Lee_2020;Lambrechts_Thienpont_2018_6653;Laughney_Massague_2020;UKIM-V-2;Zuani_2024_NSCLC,0.8571428571428571,0.47637398680727766,I-II,0,0.0,2,0.24475521232262196,3.0,2,0.24475521232262196,0.2316187744846557
XCL1_XCR1,T cell CD8 effector memory,cDC1,7,7.0,1.61494207563868,False,True,Chen_Zhang_2020;He_Fan_2021;Kim_Lee_2020;Lambrechts_Thienpont_2018_6653;Laughney_Massague_2020;UKIM-V-2;Zuani_2024_NSCLC,1.0,0.23070601080552572,I-II,0,0.0,1,0.0,2.0,2,0.0,0.23070601080552572
CD99_PILRA,T cell CD8 dividing,Macrophage alveolar,6,5.0,3.4002403409291153,True,True,Chen_Zhang_2020;He_Fan_2021;Kim_Lee_2020;Lambrechts_Thienpont_2018_6653;UKIM-V-2,0.8333333333333334,0.5667067234881858,I-II,0,0.0,2,0.33681218239703786,3.0,2,0.33681218239703786,0.22989454109114799
ANXA1_FPR1,T cell CD8 dividing,Macrophage,7,5.0,2.5766349168122957,True,True,Chen_Zhang_2020;Lambrechts_Thienpont_2018_6653;Laughney_Massague_2020;UKIM-V-2;Zuani_2024_NSCLC,0.7142857142857143,0.3680907024017565,I-II,0,0.0,2,0.13895449535506219,3.0,2,0.13895449535506219,0.22913620704669432
PVR_CD96,Endothelial cell venous,T cell CD8 terminally exhausted,8,5.0,1.8236137502780987,False,True,Chen_Zhang_2020;Kim_Lee_2020;Lambrechts_Thienpont_2018_6653;Laughney_Massague_2020;UKIM-V-2,0.625,0.22795171878476234,I-II,0,0.0,1,0.0,3.0,2,0.0,0.22795171878476234
CXCL9_CXCR3,Macrophage,pDC,8,5.0,1.8129495705104637,True,True,He_Fan_2021;Kim_Lee_2020;Laughney_Massague_2020;UKIM-V-2;Zuani_2024_NSCLC,0.625,0.22661869631380796,I-II,0,0.0,2,0.0,3.0,2,0.0,0.22661869631380796
PTPRC_MRC1,T cell CD8 terminally exhausted,Macrophage,8,8.0,6.419043586214295,True,True,Chen_Zhang_2020;He_Fan_2021;Kim_Lee_2020;Lambrechts_Thienpont_2018_6653;Laughney_Massague_2020;UKIM-V-2;Zilionis_Klein_2019;Zuani_2024_NSCLC,1.0,0.8023804482767869,I-II,0,0.0,2,0.5764331903458988,4.0,2,0.5764331903458988,0.2259472579308881
CD34_SELL,Fibroblast alveolar,pDC,4,2.0,0.9018305331691598,False,True,Chen_Zhang_2020;Kim_Lee_2020,0.5,0.22545763329228996,I-II,0,0.0,1,0.0,1.0,2,0.0,0.22545763329228996
APOE_TREM2_receptor,T cell NK-like,Macrophage,7,6.0,2.7488072569789535,False,False,Chen_Zhang_2020;He_Fan_2021;Kim_Lee_2020;Lambrechts_Thienpont_2018_6653;Laughney_Massague_2020;Zuani_2024_NSCLC,0.8571428571428571,0.39268675099699335,I-II,0,0.0,2,0.1672964887419304,3.0,2,0.1672964887419304,0.22539026225506295
ICAM1_integrin_aXb2_complex,Monocyte non-classical,Monocyte non-classical,5,4.0,1.1227875186793408,False,False,Chen_Zhang_2020;Kim_Lee_2020;UKIM-V-2;Zuani_2024_NSCLC,0.8,0.22455750373586816,I-II,0,0.0,2,0.0,3.0,2,0.0,0.22455750373586816
CD320_JAML,pDC,cDC2,8,5.0,1.7948622204760265,False,True,Chen_Zhang_2020;He_Fan_2021;Kim_Lee_2020;Lambrechts_Thienpont_2018_6653;Laughney_Massague_2020,0.625,0.2243577775595033,I-II,0,0.0,2,0.0,3.0,2,0.0,0.2243577775595033
APP_TREM2_receptor,cDC1,myeloid dividing,7,7.0,1.5528273436452609,False,False,Chen_Zhang_2020;He_Fan_2021;Kim_Lee_2020;Lambrechts_Thienpont_2018_6653;Laughney_Massague_2020;UKIM-V-2;Zuani_2024_NSCLC,1.0,0.2218324776636087,I-II,0,0.0,1,0.0,1.0,2,0.0,0.2218324776636087
PTPRC_MRC1,T cell CD8 dividing,Macrophage,7,7.0,5.728420561526054,True,True,Chen_Zhang_2020;He_Fan_2021;Kim_Lee_2020;Lambrechts_Thienpont_2018_6653;Laughney_Massague_2020;UKIM-V-2;Zuani_2024_NSCLC,1.0,0.818345794503722,I-II,0,0.0,2,0.5979749846806689,3.0,2,0.5979749846806689,0.22037080982305313
CCL5_ACKR1,Fibroblast alveolar,Endothelial cell venous,4,2.0,0.8814171839778966,False,True,Chen_Zhang_2020;Kim_Lee_2020,0.5,0.22035429599447415,I-II,0,0.0,1,0.0,1.0,2,0.0,0.22035429599447415
HBEGF_ERBB2,myeloid dividing,Ciliated,7,5.0,1.5423768057044986,True,True,Chen_Zhang_2020;Kim_Lee_2020;Lambrechts_Thienpont_2018_6653;Laughney_Massague_2020;UKIM-V-2,0.7142857142857143,0.22033954367207123,I-II,0,0.0,1,0.0,1.0,2,0.0,0.22033954367207123
CD44_TYROBP,myeloid dividing,T cell CD8 naive,7,4.0,1.5352783633533948,True,False,Chen_Zhang_2020;He_Fan_2021;Kim_Lee_2020;Zuani_2024_NSCLC,0.5714285714285714,0.2193254804790564,I-II,0,0.0,2,0.0,1.0,2,0.0,0.2193254804790564
APOE_TREM2_receptor,Fibroblast peribronchial,Monocyte classical,6,5.0,2.210062765557649,True,False,Chen_Zhang_2020;He_Fan_2021;Kim_Lee_2020;Lambrechts_Thienpont_2018_6653;Laughney_Massague_2020,0.8333333333333334,0.36834379425960817,I-II,0,0.14908810325476993,2,0.0,4.0,2,0.14908810325476993,0.21925569100483824
CD99_PILRA,T cell CD8 dividing,Monocyte classical,7,6.0,3.9985038867310476,True,True,Chen_Zhang_2020;He_Fan_2021;Kim_Lee_2020;Lambrechts_Thienpont_2018_6653;Laughney_Massague_2020;UKIM-V-2,0.8571428571428571,0.5712148409615783,I-II,0,0.0,2,0.352912538754887,3.0,2,0.352912538754887,0.21830230220669128
APP_TNFRSF21,Ciliated,cDC2,7,4.0,1.5250357505761305,True,False,Lambrechts_Thienpont_2018_6653;Laughney_Massague_2020;UKIM-V-2;Zuani_2024_NSCLC,0.5714285714285714,0.21786225008230437,I-II,0,0.0,1,0.0,2.0,2,0.0,0.21786225008230437
LAIR1_LILRB4,Macrophage alveolar,Monocyte non-classical,5,4.0,1.0863918996014112,True,True,Chen_Zhang_2020;Kim_Lee_2020;Lambrechts_Thienpont_2018_6653;UKIM-V-2,0.8,0.21727837992028226,I-II,0,0.0,2,0.0,3.0,2,0.0,0.21727837992028226
CD320_JAML,Fibroblast alveolar,pDC,4,3.0,0.8674737760190443,False,True,Chen_Zhang_2020;He_Fan_2021;Kim_Lee_2020,0.75,0.21686844400476107,I-II,0,0.0,1,0.0,1.0,2,0.0,0.21686844400476107
APOE_TREM2_receptor,cDC2,myeloid dividing,8,6.0,2.6777314061017874,False,False,Chen_Zhang_2020;He_Fan_2021;Kim_Lee_2020;Lambrechts_Thienpont_2018_6653;Laughney_Massague_2020;Zuani_2024_NSCLC,0.75,0.3347164257627234,I-II,0,0.11787317620650954,2,0.0,2.0,2,0.11787317620650954,0.21684324955621387
HLA-E_CD94:NKG2C,Fibroblast alveolar,T cell CD8 dividing,4,2.0,0.8646085311103704,False,False,Chen_Zhang_2020;Lambrechts_Thienpont_2018_6653,0.5,0.2161521327775926,I-II,0,0.0,1,0.0,1.0,2,0.0,0.2161521327775926
CD52_SIGLEC10,Fibroblast peribronchial,Monocyte non-classical,4,4.0,0.8619892838072276,False,True,Chen_Zhang_2020;Kim_Lee_2020;Lambrechts_Thienpont_2018_6653;Zuani_2024_NSCLC,1.0,0.2154973209518069,I-II,0,0.0,2,0.0,3.0,2,0.0,0.2154973209518069
HLA-E_CD94:NKG2C,Fibroblast peribronchial,T cell CD8 dividing,6,3.0,1.2926300613927015,False,False,Chen_Zhang_2020;Lambrechts_Thienpont_2018_6653;Zuani_2024_NSCLC,0.5,0.21543834356545025,I-II,0,0.0,2,0.0,3.0,2,0.0,0.21543834356545025
TNF_TNFRSF1B,cDC1,T cell CD4 dividing,7,6.0,1.8669228871183674,True,True,Chen_Zhang_2020;He_Fan_2021;Kim_Lee_2020;Lambrechts_Thienpont_2018_6653;Laughney_Massague_2020;UKIM-V-2,0.8571428571428571,0.2667032695883382,I-II,0,0.0,1,0.05154639175257732,2.0,2,0.05154639175257732,0.21515687783576087
CD44_TYROBP,Monocyte classical,T cell CD8 dividing,7,5.0,3.0794502161086195,True,False,Kim_Lee_2020;Lambrechts_Thienpont_2018_6653;Laughney_Massague_2020;UKIM-V-2;Zuani_2024_NSCLC,0.7142857142857143,0.4399214594440885,I-II,0,0.0,2,0.22492520862856244,3.0,2,0.22492520862856244,0.21499625081552606
CD320_JAML,NK cell dividing,cDC2,3,2.0,0.6444625868401257,False,True,He_Fan_2021;Zuani_2024_NSCLC,0.6666666666666666,0.2148208622800419,I-II,0,0.0,1,0.0,1.0,2,0.0,0.2148208622800419
AREG_EGFR,cDC2,Ciliated,7,4.0,1.4945380060561149,True,False,Kim_Lee_2020;Lambrechts_Thienpont_2018_6653;UKIM-V-2;Zuani_2024_NSCLC,0.5714285714285714,0.21350542943658785,I-II,0,0.0,1,0.0,2.0,2,0.0,0.21350542943658785
PECAM1_CD38,pDC,NK cell dividing,3,2.0,0.6374378727973438,False,True,UKIM-V-2;Zuani_2024_NSCLC,0.6666666666666666,0.2124792909324479,I-II,0,0.0,1,0.0,1.0,2,0.0,0.2124792909324479
CADM1_CADM1,Fibroblast peribronchial,cDC1,6,5.0,1.2727354852242523,True,True,He_Fan_2021;Kim_Lee_2020;Lambrechts_Thienpont_2018_6653;Laughney_Massague_2020;Zuani_2024_NSCLC,0.8333333333333334,0.2121225808707087,I-II,0,0.0,1,0.0,2.0,2,0.0,0.2121225808707087
CADM1_CADM1,cDC1,Fibroblast peribronchial,6,5.0,1.2727354852242523,True,True,He_Fan_2021;Kim_Lee_2020;Lambrechts_Thienpont_2018_6653;Laughney_Massague_2020;Zuani_2024_NSCLC,0.8333333333333334,0.2121225808707087,I-II,0,0.0,1,0.0,2.0,2,0.0,0.2121225808707087
CXCL12_CXCR4,Fibroblast peribronchial,cDC2,6,5.0,3.5660278149896336,True,True,Chen_Zhang_2020;Kim_Lee_2020;Lambrechts_Thienpont_2018_6653;Laughney_Massague_2020;Zuani_2024_NSCLC,0.8333333333333334,0.594337969164939,I-II,0,0.38295454545454544,2,0.0,4.0,2,0.38295454545454544,0.21138342371039354
APP_TREM2_receptor,Monocyte non-classical,Macrophage,5,5.0,1.0510873249497124,False,False,Chen_Zhang_2020;Kim_Lee_2020;Lambrechts_Thienpont_2018_6653;UKIM-V-2;Zuani_2024_NSCLC,1.0,0.21021746498994248,I-II,0,0.0,2,0.0,3.0,2,0.0,0.21021746498994248
PVR_TIGIT,Endothelial cell venous,T cell CD8 terminally exhausted,8,5.0,1.6740831244462473,False,True,Chen_Zhang_2020;Kim_Lee_2020;Lambrechts_Thienpont_2018_6653;Laughney_Massague_2020;UKIM-V-2,0.625,0.2092603905557809,I-II,0,0.0,1,0.0,3.0,2,0.0,0.2092603905557809
CCL15_CCR1,Ciliated,Macrophage,7,7.0,1.4589879174223184,True,True,Chen_Zhang_2020;He_Fan_2021;Kim_Lee_2020;Lambrechts_Thienpont_2018_6653;Laughney_Massague_2020;UKIM-V-2;Zuani_2024_NSCLC,1.0,0.20842684534604547,I-II,0,0.0,1,0.0,2.0,2,0.0,0.20842684534604547
CD44_TYROBP,Macrophage,Fibroblast alveolar,4,2.0,0.8331018203643379,True,False,Chen_Zhang_2020;Kim_Lee_2020,0.5,0.20827545509108447,I-II,0,0.0,1,0.0,1.0,2,0.0,0.20827545509108447
ANXA1_FPR3,T cell CD8 terminally exhausted,Macrophage,8,7.0,3.7694616291724286,False,True,Chen_Zhang_2020;He_Fan_2021;Kim_Lee_2020;Lambrechts_Thienpont_2018_6653;Laughney_Massague_2020;UKIM-V-2;Zuani_2024_NSCLC,0.875,0.47118270364655357,I-II,0,0.0,2,0.2629219862428535,4.0,2,0.2629219862428535,0.20826071740370006
CRTAM_CADM1,T cell CD8 naive,cDC1,7,4.0,1.4554413579748,False,True,Lambrechts_Thienpont_2018_6653;Laughney_Massague_2020;UKIM-V-2;Zuani_2024_NSCLC,0.5714285714285714,0.2079201939964,I-II,0,0.0,1,0.0,2.0,2,0.0,0.2079201939964
CD320_JAML,T cell CD4 dividing,Monocyte non-classical,5,3.0,1.0352180637345207,False,True,Chen_Zhang_2020;Kim_Lee_2020;Lambrechts_Thienpont_2018_6653,0.6,0.20704361274690414,I-II,0,0.0,2,0.0,2.0,2,0.0,0.20704361274690414
CD52_SIGLEC10,Macrophage alveolar,cDC1,6,5.0,3.6547588671510782,True,True,Chen_Zhang_2020;Kim_Lee_2020;Lambrechts_Thienpont_2018_6653;UKIM-V-2;Zuani_2024_NSCLC,0.8333333333333334,0.609126477858513,I-II,0,0.0,1,0.4022016873016878,2.0,2,0.4022016873016878,0.20692479055682522
TNF_TNFRSF1B,Monocyte non-classical,T cell CD8 dividing,5,3.0,1.0344725693888368,True,True,Chen_Zhang_2020;Kim_Lee_2020;UKIM-V-2,0.6,0.20689451387776736,I-II,0,0.0,2,0.0,3.0,2,0.0,0.20689451387776736
JAG1_NOTCH4,Ciliated,Endothelial cell venous,7,6.0,1.4453092957792153,True,True,Chen_Zhang_2020;Kim_Lee_2020;Lambrechts_Thienpont_2018_6653;Laughney_Massague_2020;UKIM-V-2;Zuani_2024_NSCLC,0.8571428571428571,0.2064727565398879,I-II,0,0.0,1,0.0,2.0,2,0.0,0.2064727565398879
CD320_JAML,Fibroblast peribronchial,Monocyte non-classical,4,3.0,0.8208224502360375,False,True,Chen_Zhang_2020;Kim_Lee_2020;Lambrechts_Thienpont_2018_6653,0.75,0.20520561255900938,I-II,0,0.0,2,0.0,3.0,2,0.0,0.20520561255900938
APP_TNFRSF21,Monocyte non-classical,pDC,5,4.0,1.0255139884624425,False,True,Chen_Zhang_2020;Kim_Lee_2020;Lambrechts_Thienpont_2018_6653;UKIM-V-2,0.8,0.2051027976924885,I-II,0,0.0,2,0.0,2.0,2,0.0,0.2051027976924885
PVR_CD96,Macrophage alveolar,T cell CD8 dividing,6,3.0,1.2266998562305387,False,True,Kim_Lee_2020;Lambrechts_Thienpont_2018_6653;UKIM-V-2,0.5,0.2044499760384231,I-II,0,0.0,2,0.0,3.0,2,0.0,0.2044499760384231
GAS6_AXL,pDC,cDC1,7,4.0,1.4297508310346516,True,True,Chen_Zhang_2020;Kim_Lee_2020;Laughney_Massague_2020;UKIM-V-2,0.5714285714285714,0.20425011871923596,I-II,0,0.0,1,0.0,2.0,2,0.0,0.20425011871923596
ICAM1_integrin_aXb2_complex,Fibroblast alveolar,Monocyte non-classical,3,3.0,0.6116692825137849,False,False,Chen_Zhang_2020;Kim_Lee_2020;Lambrechts_Thienpont_2018_6653,1.0,0.2038897608379283,I-II,0,0.0,1,0.0,1.0,2,0.0,0.2038897608379283
LAIR1_LILRB4,pDC,cDC2,8,5.0,1.6274543667270265,True,True,Chen_Zhang_2020;Kim_Lee_2020;Lambrechts_Thienpont_2018_6653;Laughney_Massague_2020;UKIM-V-2,0.625,0.2034317958408783,I-II,0,0.0,2,0.0,3.0,2,0.0,0.2034317958408783
CD70_CD27,T cell CD8 terminally exhausted,T cell CD8 terminally exhausted,8,4.0,1.6256203122591382,False,True,He_Fan_2021;Kim_Lee_2020;Laughney_Massague_2020;Zuani_2024_NSCLC,0.5,0.20320253903239227,I-II,0,0.0,2,0.0,4.0,2,0.0,0.20320253903239227
ICAM1_integrin_aXb2_complex,cDC1,Monocyte non-classical,5,5.0,1.0099821595723137,False,False,Chen_Zhang_2020;Kim_Lee_2020;Lambrechts_Thienpont_2018_6653;UKIM-V-2;Zuani_2024_NSCLC,1.0,0.20199643191446276,I-II,0,0.0,1,0.0,2.0,2,0.0,0.20199643191446276
THBS1_CD36,Fibroblast peribronchial,pDC,6,4.0,1.2094491314074678,True,True,Chen_Zhang_2020;He_Fan_2021;Lambrechts_Thienpont_2018_6653;Laughney_Massague_2020,0.6666666666666666,0.20157485523457797,I-II,0,0.0,2,0.0,3.0,2,0.0,0.20157485523457797
ANXA1_FPR1,T cell NK-like,Macrophage,7,4.0,2.560165293152532,False,True,Chen_Zhang_2020;Laughney_Massague_2020;UKIM-V-2;Zuani_2024_NSCLC,0.5714285714285714,0.36573789902179027,I-II,0,0.0,2,0.16430483388442765,3.0,2,0.16430483388442765,0.20143306513736262
SAA1_FPR2,Ciliated,Macrophage alveolar,6,3.0,1.2055909273344454,True,True,Lambrechts_Thienpont_2018_6653;UKIM-V-2;Zuani_2024_NSCLC,0.5,0.20093182122240758,I-II,0,0.0,1,0.0,2.0,2,0.0,0.20093182122240758
CD226_NECTIN2,cDC1,Endothelial cell venous,7,5.0,1.4053460641817739,True,True,Kim_Lee_2020;Lambrechts_Thienpont_2018_6653;Laughney_Massague_2020;UKIM-V-2;Zuani_2024_NSCLC,0.7142857142857143,0.20076372345453913,I-II,0,0.0,1,0.0,2.0,2,0.0,0.20076372345453913
CD99_PILRA,T cell CD8 dividing,cDC2,7,6.0,3.7334993027448706,True,True,Chen_Zhang_2020;He_Fan_2021;Kim_Lee_2020;Lambrechts_Thienpont_2018_6653;Laughney_Massague_2020;UKIM-V-2,0.8571428571428571,0.5333570432492672,I-II,0,0.0,2,0.33331144489798226,3.0,2,0.33331144489798226,0.200045598351285
