stage,cluster,contrast,cell_type,gene,dataset_support,mean_auc,min_auc,max_auc,eligible_datasets,support_fraction,rank
I-II,0,normal-vs-normal,B cell,MS4A1,11,0.8811334000288614,0.7356274274524799,0.9623907997773876,11,1.0,1
I-II,0,normal-vs-normal,B cell,CD79A,11,0.8632472883965838,0.7535559187651045,0.9425216077776266,11,1.0,2
I-II,0,normal-vs-normal,B cell,CD37,11,0.7815158070118653,0.7007133870686943,0.8759601805933775,11,1.0,3
I-II,0,normal-vs-normal,B cell,IGKC,11,0.7226232295072778,0.6525835747491355,0.803221312664347,11,1.0,4
I-II,0,normal-vs-normal,B cell,BANK1,10,0.800435674778098,0.6660712702721976,0.9234935339472132,11,0.9090909090909091,5
I-II,0,normal-vs-normal,B cell,CXCR4,10,0.7455088178189099,0.69253562144244,0.8154849243562429,11,0.9090909090909091,6
I-II,0,normal-vs-normal,B cell,HLA-DRA,10,0.7425174804220711,0.6805049091764285,0.8041754263799822,11,0.9090909090909091,7
I-II,0,normal-vs-normal,B cell,IGHM,10,0.7327751912854639,0.6638788319201419,0.8738731817686589,11,0.9090909090909091,8
I-II,0,normal-vs-normal,B cell,LTB,9,0.7437393098750115,0.6927049757317353,0.8044556386547835,11,0.8181818181818182,9
I-II,0,normal-vs-normal,B cell,VPREB3,9,0.73782316241393,0.6615998288924866,0.8296275347049094,11,0.8181818181818182,10
I-II,0,normal-vs-normal,B cell dividing,MS4A1,5,0.9883071262427074,0.9657683684297014,0.9993111101857272,5,1.0,1
I-II,0,normal-vs-normal,B cell dividing,HMGN2,5,0.9678606011756437,0.9375579801283168,0.9832471304414613,5,1.0,2
I-II,0,normal-vs-normal,B cell dividing,CD79A,5,0.9666339436711512,0.9004342381588262,0.9968958491350326,5,1.0,3
I-II,0,normal-vs-normal,B cell dividing,HMGB2,5,0.959603101319072,0.9364045824747568,0.9765418541746448,5,1.0,4
I-II,0,normal-vs-normal,B cell dividing,CD22,5,0.9425460709235951,0.816484835482568,0.9962993643065831,5,1.0,5
I-II,0,normal-vs-normal,B cell dividing,CD79B,5,0.9417132800350319,0.8462918738219894,0.9977052820821997,5,1.0,6
I-II,0,normal-vs-normal,B cell dividing,STMN1,5,0.9396606258750027,0.922382371600677,0.9484912774713337,5,1.0,7
I-II,0,normal-vs-normal,B cell dividing,LIMD2,5,0.9340434188999256,0.8424244301548538,0.9848470909445751,5,1.0,8
I-II,0,normal-vs-normal,B cell dividing,CORO1A,5,0.9330419962154295,0.8700988003884859,0.9861101000587398,5,1.0,9
I-II,0,normal-vs-normal,B cell dividing,PTTG1,5,0.9262041166771124,0.8727688419242391,0.9850812116265482,5,1.0,10
I-II,0,normal-vs-normal,DC mature,LAMP3,9,0.9233647621732894,0.8046244285491855,0.9981425735169683,9,1.0,1
I-II,0,normal-vs-normal,DC mature,BIRC3,9,0.9182079863580209,0.7789649912931007,0.9961403618416732,9,1.0,2
I-II,0,normal-vs-normal,DC mature,MARCKSL1,9,0.9150861194140596,0.8265178203034107,0.9790405360759734,9,1.0,3
I-II,0,normal-vs-normal,DC mature,CCR7,9,0.9139608598146166,0.80602987356382,0.9863457341712913,9,1.0,4
I-II,0,normal-vs-normal,DC mature,FSCN1,9,0.9038675764213918,0.7673759563249466,0.9861398389285608,9,1.0,5
I-II,0,normal-vs-normal,DC mature,TXN,9,0.9024187631815016,0.8314022959156205,0.9518325563835729,9,1.0,6
I-II,0,normal-vs-normal,DC mature,BASP1,9,0.8802481137552366,0.7888714974927049,0.9529838075453888,9,1.0,7
I-II,0,normal-vs-normal,DC mature,CSF2RA,9,0.8787703506695111,0.7222966832019319,0.9473078945061612,9,1.0,8
I-II,0,normal-vs-normal,DC mature,HLA-DPB1,9,0.8773217197296632,0.7892647741301718,0.9161464545161677,9,1.0,9
I-II,0,normal-vs-normal,DC mature,LSP1,9,0.8728190114360479,0.7661828780195533,0.9469710990408184,9,1.0,10
I-II,0,normal-vs-normal,Endothelial cell arterial,IFI27,9,0.9631232599907771,0.9470927002782155,0.9761728393169682,9,1.0,1
I-II,0,normal-vs-normal,Endothelial cell arterial,RAMP2,9,0.9510566448564229,0.9106571773633841,0.9851421741792751,9,1.0,2
I-II,0,normal-vs-normal,Endothelial cell arterial,EPAS1,9,0.9426743551616118,0.8054660970859264,0.9954661026529946,9,1.0,3
I-II,0,normal-vs-normal,Endothelial cell arterial,CLDN5,9,0.936481011563301,0.7511054289075857,0.9987949364119618,9,1.0,4
I-II,0,normal-vs-normal,Endothelial cell arterial,CLEC14A,9,0.9327730574102655,0.8499390904791966,0.993394026181561,9,1.0,5
I-II,0,normal-vs-normal,Endothelial cell arterial,AQP1,9,0.9288066698868168,0.8645371022539929,0.970754569425633,9,1.0,6
I-II,0,normal-vs-normal,Endothelial cell arterial,RNASE1,9,0.927410780304811,0.8960770874883922,0.9752412583744373,9,1.0,7
I-II,0,normal-vs-normal,Endothelial cell arterial,TM4SF1,9,0.9220626311480564,0.81271712406375,0.978748230909887,9,1.0,8
I-II,0,normal-vs-normal,Endothelial cell arterial,PTPRB,9,0.9139055952405679,0.837528549336522,0.9888271069056271,9,1.0,9
I-II,0,normal-vs-normal,Endothelial cell arterial,IFITM3,9,0.8953759626032503,0.838918853202096,0.9361473607163383,9,1.0,10
I-II,0,normal-vs-normal,Endothelial cell capillary,RAMP2,8,0.897184012608762,0.6827890760468196,0.9737654338866887,8,1.0,1
I-II,0,normal-vs-normal,Endothelial cell capillary,IFI27,8,0.8944932276983212,0.7587922037995732,0.951571315550607,8,1.0,2
I-II,0,normal-vs-normal,Endothelial cell capillary,EPAS1,8,0.8910657675338618,0.6902358911537336,0.9528311082817693,8,1.0,3
I-II,0,normal-vs-normal,Endothelial cell capillary,TNFSF10,8,0.8852017043527309,0.7536146112658277,0.9869522164755684,8,1.0,4
I-II,0,normal-vs-normal,Endothelial cell capillary,RNASE1,8,0.8816453085503747,0.8003720034538089,0.9454120717488128,8,1.0,5
I-II,0,normal-vs-normal,Endothelial cell capillary,PECAM1,8,0.8443727707917289,0.716558480026301,0.9439252674286885,8,1.0,6
I-II,0,normal-vs-normal,Endothelial cell capillary,TM4SF1,8,0.8329078068041679,0.6864331512849028,0.9540884087643375,8,1.0,7
I-II,0,normal-vs-normal,Endothelial cell capillary,CLEC14A,8,0.8312627869013903,0.691581806997904,0.9510222847363209,8,1.0,8
I-II,0,normal-vs-normal,Endothelial cell capillary,CAV1,8,0.8294507445438519,0.7089226923118103,0.9341666660460097,8,1.0,9
I-II,0,normal-vs-normal,Endothelial cell capillary,SPARCL1,8,0.8091145124072852,0.6572247013974442,0.9448088335818826,8,1.0,10
I-II,0,normal-vs-normal,Endothelial cell lymphatic,CCL21,8,0.98803211471598,0.9433670083341467,1.000000000684085,8,1.0,1
I-II,0,normal-vs-normal,Endothelial cell lymphatic,TFF3,8,0.9509365197705246,0.8202370290099077,1.0000000001439528,8,1.0,2
I-II,0,normal-vs-normal,Endothelial cell lymphatic,TFPI,8,0.942791753362018,0.8604587418463145,0.9888018000367664,8,1.0,3
I-II,0,normal-vs-normal,Endothelial cell lymphatic,GNG11,8,0.9413464359169145,0.8010480166276351,0.9943261296853648,8,1.0,4
I-II,0,normal-vs-normal,Endothelial cell lymphatic,MMRN1,8,0.9394863622700756,0.819567304708701,0.999530909795231,8,1.0,5
I-II,0,normal-vs-normal,Endothelial cell lymphatic,RAMP2,8,0.9156104638149971,0.8568514197416525,0.9818512380907446,8,1.0,6
I-II,0,normal-vs-normal,Endothelial cell lymphatic,FABP4,8,0.9111059738549521,0.7405527316757305,0.9870458928410747,8,1.0,7
I-II,0,normal-vs-normal,Endothelial cell lymphatic,IGFBP7,8,0.9069811608518914,0.8607367876590496,0.9760015635657402,8,1.0,8
I-II,0,normal-vs-normal,Endothelial cell lymphatic,CAVIN2,8,0.8944752521287925,0.7449709954793418,0.9885837355536082,8,1.0,9
I-II,0,normal-vs-normal,Endothelial cell lymphatic,APP,8,0.8810010212212893,0.772986728283755,0.9677999135608961,8,1.0,10
I-II,0,normal-vs-normal,Endothelial cell venous,VWF,11,0.9313532374846919,0.8398260341562218,0.9834631475638759,11,1.0,1
I-II,0,normal-vs-normal,Endothelial cell venous,SPARCL1,11,0.8978654412962167,0.8049615081812281,0.9535872793510645,11,1.0,2
I-II,0,normal-vs-normal,Endothelial cell venous,IFI27,11,0.8812426430033734,0.730710500480811,0.9605941806175188,11,1.0,3
I-II,0,normal-vs-normal,Endothelial cell venous,TM4SF1,11,0.8791257913092804,0.7340667036214897,0.9794708437829969,11,1.0,4
I-II,0,normal-vs-normal,Endothelial cell venous,CLEC14A,11,0.8730243521859893,0.7454942688801276,0.9435264058895849,11,1.0,5
I-II,0,normal-vs-normal,Endothelial cell venous,PECAM1,11,0.86975451231902,0.7653192918268803,0.9450031973940922,11,1.0,6
I-II,0,normal-vs-normal,Endothelial cell venous,RAMP2,11,0.8656591866838697,0.6902687249646757,0.9996054998165296,11,1.0,7
I-II,0,normal-vs-normal,Endothelial cell venous,AQP1,11,0.8634260086350253,0.7703776614829351,0.9476115243176403,11,1.0,8
I-II,0,normal-vs-normal,Endothelial cell venous,RNASE1,11,0.8576348229843948,0.7381175433715281,0.9421827228606854,11,1.0,9
I-II,0,normal-vs-normal,Endothelial cell venous,EPAS1,11,0.8561117426613071,0.7301980549992614,0.9812321159338715,11,1.0,10
I-II,0,normal-vs-normal,Fibroblast adventitial,DCN,10,0.9442299849838269,0.7655105281116873,0.9794044091455698,10,1.0,1
I-II,0,normal-vs-normal,Fibroblast adventitial,C1R,10,0.93025192502033,0.8837992062420406,0.9697802186184531,10,1.0,2
I-II,0,normal-vs-normal,Fibroblast adventitial,CCDC80,10,0.9226371404226874,0.777123022884115,0.9787490971978747,10,1.0,3
I-II,0,normal-vs-normal,Fibroblast adventitial,C1S,10,0.9203333194751318,0.7598811454224068,0.9674477203656896,10,1.0,4
I-II,0,normal-vs-normal,Fibroblast adventitial,COL1A2,10,0.9038864084858993,0.8171741508448425,0.9489842854742282,10,1.0,5
I-II,0,normal-vs-normal,Fibroblast adventitial,MMP2,10,0.8969087583140632,0.8067773732124515,0.9733131849321327,10,1.0,6
I-II,0,normal-vs-normal,Fibroblast adventitial,COL6A2,10,0.8966618744985505,0.8144557266395842,0.9679080776510652,10,1.0,7
I-II,0,normal-vs-normal,Fibroblast adventitial,SERPING1,10,0.8929698747233408,0.7267826759233358,0.9486891610220112,10,1.0,8
I-II,0,normal-vs-normal,Fibroblast adventitial,COL1A1,10,0.8808568879626991,0.791306059179704,0.948616197585263,10,1.0,9
I-II,0,normal-vs-normal,Fibroblast adventitial,NBL1,10,0.8719119021351156,0.7427875936733976,0.9649236440836582,10,1.0,10
I-II,0,normal-vs-normal,Fibroblast alveolar,DCN,11,0.9604113070480931,0.9366321687187995,0.9756334373878435,11,1.0,1
I-II,0,normal-vs-normal,Fibroblast alveolar,LUM,11,0.9486596841906952,0.8486882891046172,0.9730085480058844,11,1.0,2
I-II,0,normal-vs-normal,Fibroblast alveolar,MGP,11,0.9282284324520592,0.8443705884462029,0.968047420427715,11,1.0,3
I-II,0,normal-vs-normal,Fibroblast alveolar,MFAP4,11,0.9252362898730113,0.8275344138863285,0.9898375144644324,11,1.0,4
I-II,0,normal-vs-normal,Fibroblast alveolar,C1S,11,0.9229650219555435,0.8329834763572509,0.9587285421928609,11,1.0,5
I-II,0,normal-vs-normal,Fibroblast alveolar,A2M,11,0.9191446034963782,0.7819984781602506,0.9688177530585893,11,1.0,6
I-II,0,normal-vs-normal,Fibroblast alveolar,MMP2,11,0.908458816156005,0.7928168617290479,0.9570375027769318,11,1.0,7
I-II,0,normal-vs-normal,Fibroblast alveolar,COL1A2,11,0.8944491097935486,0.7495175084575184,0.957471141497276,11,1.0,8
I-II,0,normal-vs-normal,Fibroblast alveolar,COL6A3,11,0.8920875898023805,0.7859070295860486,0.9626180103331391,11,1.0,9
I-II,0,normal-vs-normal,Fibroblast alveolar,SELENOP,11,0.8919100753718848,0.7640292606923772,0.9672273937623744,11,1.0,10
I-II,0,normal-vs-normal,Fibroblast peribronchial,COL1A1,11,0.9755449957372607,0.9594281991513519,0.9905841044479038,11,1.0,1
I-II,0,normal-vs-normal,Fibroblast peribronchial,COL1A2,11,0.9739094061452168,0.9590894005885391,0.9906538905038516,11,1.0,2
I-II,0,normal-vs-normal,Fibroblast peribronchial,COL3A1,11,0.9738586111939017,0.9543102316522718,0.9909009948806679,11,1.0,3
I-II,0,normal-vs-normal,Fibroblast peribronchial,COL6A3,11,0.9550815449590039,0.922104963507485,0.9806624066714577,11,1.0,4
I-II,0,normal-vs-normal,Fibroblast peribronchial,FN1,11,0.9514761473410069,0.922156555964324,0.9767035368402954,11,1.0,5
I-II,0,normal-vs-normal,Fibroblast peribronchial,SPARC,11,0.9509367636023213,0.9160023598836792,0.9872070000780264,11,1.0,6
I-II,0,normal-vs-normal,Fibroblast peribronchial,LUM,11,0.9461811405617433,0.8821581642838994,0.9737426034533123,11,1.0,7
I-II,0,normal-vs-normal,Fibroblast peribronchial,COL6A2,11,0.9281200366182553,0.8331824969270791,0.9725692469886316,11,1.0,8
I-II,0,normal-vs-normal,Fibroblast peribronchial,C1S,11,0.92352108843682,0.8746274310804704,0.9693810343248986,11,1.0,9
I-II,0,normal-vs-normal,Fibroblast peribronchial,COL6A1,11,0.9227457217024849,0.8318764045174785,0.9726662620398291,11,1.0,10
I-II,0,normal-vs-normal,Macrophage,FTL,11,0.943234248918198,0.8527835703101192,0.9709573519852838,11,1.0,1
I-II,0,normal-vs-normal,Macrophage,CTSB,11,0.9262602931174423,0.8806925321444784,0.9600627460555771,11,1.0,2
I-II,0,normal-vs-normal,Macrophage,TYROBP,11,0.912086134055378,0.8746815853258084,0.9473831139336422,11,1.0,3
I-II,0,normal-vs-normal,Macrophage,C1QA,11,0.9028824495211257,0.7964619274170825,0.938089416515575,11,1.0,4
I-II,0,normal-vs-normal,Macrophage,CTSD,11,0.9026764360468197,0.8047716732209415,0.9518282256027091,11,1.0,5
I-II,0,normal-vs-normal,Macrophage,FCER1G,11,0.9011038392348422,0.8678911205731223,0.9359623356920382,11,1.0,6
I-II,0,normal-vs-normal,Macrophage,CD68,11,0.89680486203759,0.7867946028229699,0.9557940381909299,11,1.0,7
I-II,0,normal-vs-normal,Macrophage,GLUL,11,0.8966672835578002,0.8544183398468412,0.9339356476347451,11,1.0,8
I-II,0,normal-vs-normal,Macrophage,C1QB,11,0.8935427244879652,0.7739705547269243,0.9364078995087114,11,1.0,9
I-II,0,normal-vs-normal,Macrophage,PSAP,11,0.8924031436403503,0.8277931457011023,0.955850777478812,11,1.0,10
I-II,0,normal-vs-normal,Macrophage alveolar,APOC1,11,0.9402322798638963,0.82827337328453,0.996235242819789,11,1.0,1
I-II,0,normal-vs-normal,Macrophage alveolar,FTL,11,0.9319910189577016,0.8019216958130726,0.9868022651724039,11,1.0,2
I-II,0,normal-vs-normal,Macrophage alveolar,C1QA,11,0.9248754650745638,0.8029120315316813,0.9955462503655171,11,1.0,3
I-II,0,normal-vs-normal,Macrophage alveolar,C1QB,11,0.9205050353213735,0.8044431784572754,0.9957541100061883,11,1.0,4
I-II,0,normal-vs-normal,Macrophage alveolar,CTSD,11,0.9038449837911976,0.6764369363968209,0.9932568161240196,11,1.0,5
I-II,0,normal-vs-normal,Macrophage alveolar,LYZ,11,0.896118527127551,0.7176641025949629,0.955537145620212,11,1.0,6
I-II,0,normal-vs-normal,Macrophage alveolar,APOE,11,0.8946599051310252,0.7757276366199405,0.9871012322529337,11,1.0,7
I-II,0,normal-vs-normal,Macrophage alveolar,C1QC,11,0.8849120437210235,0.7266141538589348,0.9910299993905641,11,1.0,8
I-II,0,normal-vs-normal,Macrophage alveolar,CSTB,11,0.8715076678586494,0.6667787077114977,0.9617648309414478,11,1.0,9
I-II,0,normal-vs-normal,Macrophage alveolar,CD68,11,0.8653724847690825,0.6952597271793882,0.9928208002706024,11,1.0,10
I-II,0,normal-vs-normal,Mast cell,TPSAB1,11,0.9834888326186129,0.9089297844804296,1.0000000023777342,11,1.0,1
I-II,0,normal-vs-normal,Mast cell,TPSB2,11,0.9813219298756297,0.9113281886670652,0.9999999978795735,11,1.0,2
I-II,0,normal-vs-normal,Mast cell,CPA3,11,0.9760392066634977,0.8947637573376621,0.9999796751990563,11,1.0,3
I-II,0,normal-vs-normal,Mast cell,MS4A2,11,0.9379227718418689,0.7961728649574958,0.9999743313314218,11,1.0,4
I-II,0,normal-vs-normal,Mast cell,HPGDS,11,0.914654593553193,0.750549596218978,0.9826232942641875,11,1.0,5
I-II,0,normal-vs-normal,Mast cell,GATA2,11,0.885167017215544,0.7466128105698716,0.9893644599250607,11,1.0,6
I-II,0,normal-vs-normal,Mast cell,KIT,11,0.8774348927652955,0.7405204542892995,0.9962301397189742,11,1.0,7
I-II,0,normal-vs-normal,Mast cell,VWA5A,11,0.8754277317841104,0.7394095036772734,0.9865082102953281,11,1.0,8
I-II,0,normal-vs-normal,Mast cell,SLC18A2,11,0.8654116868737105,0.7161027095515323,0.9812074990386652,11,1.0,9
I-II,0,normal-vs-normal,Mast cell,RHEX,11,0.8522608277016467,0.7028993278979283,0.9401262428873076,11,1.0,10
I-II,0,normal-vs-normal,Mesothelial,KRT18,4,0.9810738938918898,0.9383449246479348,0.9999999975584268,4,1.0,1
I-II,0,normal-vs-normal,Mesothelial,HP,4,0.9686622669844205,0.8870294376511335,0.9987687697969714,4,1.0,2
I-II,0,normal-vs-normal,Mesothelial,RARRES1,4,0.9613534638926575,0.8764830029290839,0.995781971169043,4,1.0,3
I-II,0,normal-vs-normal,Mesothelial,KRT19,4,0.9443606598548562,0.883309791032033,0.9991455045470256,4,1.0,4
I-II,0,normal-vs-normal,Mesothelial,PLA2G2A,4,0.9418748411856132,0.882962872593815,0.9987096753086154,4,1.0,5
I-II,0,normal-vs-normal,Mesothelial,TIMP1,4,0.938492913985723,0.8781531506124434,0.9814347600944918,4,1.0,6
I-II,0,normal-vs-normal,Mesothelial,NNMT,4,0.937534822189257,0.8350080104554076,0.9897252075995353,4,1.0,7
I-II,0,normal-vs-normal,Mesothelial,KRT8,4,0.9304939253327887,0.8255696917461353,0.9999999975584268,4,1.0,8
I-II,0,normal-vs-normal,Mesothelial,CLDN1,4,0.927365142785818,0.829537757022915,0.9999646260184777,4,1.0,9
I-II,0,normal-vs-normal,Mesothelial,TM4SF1,4,0.9241406083443625,0.8685671098291033,0.9758468069779747,4,1.0,10
I-II,0,normal-vs-normal,Monocyte classical,LYZ,11,0.8798047730363877,0.8033680124196123,0.918470352761111,11,1.0,1
I-II,0,normal-vs-normal,Monocyte classical,S100A8,11,0.8625701427593334,0.6906554616091516,0.9216194478294257,11,1.0,2
I-II,0,normal-vs-normal,Monocyte classical,S100A9,11,0.8597846105009558,0.7073498441212139,0.9436724971079878,11,1.0,3
I-II,0,normal-vs-normal,Monocyte classical,FCN1,11,0.8518679223659031,0.7071599894394008,0.9379598943826133,11,1.0,4
I-II,0,normal-vs-normal,Monocyte classical,TYROBP,11,0.8317153837731189,0.7861175951983731,0.8974520255654735,11,1.0,5
I-II,0,normal-vs-normal,Monocyte classical,AIF1,11,0.8228212139056992,0.7062202615901546,0.8760998064771265,11,1.0,6
I-II,0,normal-vs-normal,Monocyte classical,FCER1G,11,0.8196502906122024,0.750753118421892,0.8885435304671657,11,1.0,7
I-II,0,normal-vs-normal,Monocyte classical,CTSS,11,0.8080180531031491,0.6943642762894235,0.9115621985787905,11,1.0,8
I-II,0,normal-vs-normal,Monocyte classical,NAMPT,11,0.8039761789056169,0.6518117419711928,0.9026004382097922,11,1.0,9
I-II,0,normal-vs-normal,Monocyte classical,SOD2,11,0.7966290322464988,0.6710061510339385,0.9146051533909475,11,1.0,10
I-II,0,normal-vs-normal,Monocyte non-classical,LST1,11,0.9676587981118282,0.87795722364145,0.9937078852253224,11,1.0,1
I-II,0,normal-vs-normal,Monocyte non-classical,FCGR3A,11,0.94276996438924,0.8792168937641441,0.9843660911906799,11,1.0,2
I-II,0,normal-vs-normal,Monocyte non-classical,CTSS,11,0.9423860163890349,0.8489419185978356,0.9857915358817191,11,1.0,3
I-II,0,normal-vs-normal,Monocyte non-classical,FCER1G,11,0.9143414652395385,0.8191003394636941,0.9580072682215007,11,1.0,4
I-II,0,normal-vs-normal,Monocyte non-classical,AIF1,11,0.9124506927060042,0.7688378838769286,0.9523108266896405,11,1.0,5
I-II,0,normal-vs-normal,Monocyte non-classical,SERPINA1,11,0.9052281782522621,0.7086743688757746,0.9536946221826066,11,1.0,6
I-II,0,normal-vs-normal,Monocyte non-classical,LILRB2,11,0.8925211190549791,0.7226529948017224,0.9973140688365084,11,1.0,7
I-II,0,normal-vs-normal,Monocyte non-classical,MS4A7,11,0.8890120493109976,0.8161597793127352,0.945210658367246,11,1.0,8
I-II,0,normal-vs-normal,Monocyte non-classical,FCN1,11,0.8826206709701491,0.7507458126880717,0.9863126429910168,11,1.0,9
I-II,0,normal-vs-normal,Monocyte non-classical,TYROBP,11,0.8812554054276318,0.8238764705435854,0.9391381287341138,11,1.0,10
I-II,0,normal-vs-normal,NK cell,NKG7,11,0.9199969143766672,0.8322153363365329,0.9751936307659578,11,1.0,1
I-II,0,normal-vs-normal,NK cell,GNLY,11,0.8892192653254156,0.8025556637728023,0.9600546507121605,11,1.0,2
I-II,0,normal-vs-normal,NK cell,KLRD1,11,0.8878688368815953,0.7940598267722234,0.9745764159317991,11,1.0,3
I-II,0,normal-vs-normal,NK cell,PRF1,11,0.8558061384895176,0.7538797808785725,0.986485272920421,11,1.0,4
I-II,0,normal-vs-normal,NK cell,GZMB,11,0.8174379877699761,0.7205831012625719,0.9293996563727885,11,1.0,5
I-II,0,normal-vs-normal,NK cell,CTSW,11,0.8018467383480914,0.703176712059931,0.9107709536335368,11,1.0,6
I-II,0,normal-vs-normal,NK cell,CST7,11,0.7963991438204012,0.6538810317436842,0.9789487843732809,11,1.0,7
I-II,0,normal-vs-normal,NK cell,CCL5,11,0.7921909645645102,0.6905776521424368,0.8417895827233791,11,1.0,8
I-II,0,normal-vs-normal,NK cell,CD247,11,0.7821480540502783,0.6962227594502933,0.9652514152662746,11,1.0,9
I-II,0,normal-vs-normal,NK cell,KLRB1,10,0.8123961077922557,0.6626854462236739,0.9007907814645427,11,0.9090909090909091,10
I-II,0,normal-vs-normal,NK cell dividing,NKG7,8,0.9341084085474948,0.8711762007992828,0.9696535479898453,8,1.0,1
I-II,0,normal-vs-normal,NK cell dividing,TRDC,8,0.9207604848474237,0.8251652757774527,0.9884797446404778,8,1.0,2
I-II,0,normal-vs-normal,NK cell dividing,CTSW,8,0.9017617719646588,0.8166558627533209,0.950420594705688,8,1.0,3
I-II,0,normal-vs-normal,NK cell dividing,KLRD1,8,0.9014223907562068,0.792828826105096,0.965370634367465,8,1.0,4
I-II,0,normal-vs-normal,NK cell dividing,STMN1,8,0.8975406245008571,0.8530686220110285,0.9638237023267165,8,1.0,5
I-II,0,normal-vs-normal,NK cell dividing,GNLY,8,0.8959705066943926,0.7356721549872147,0.9688180856462646,8,1.0,6
I-II,0,normal-vs-normal,NK cell dividing,GZMA,8,0.888273833743906,0.8087919416855773,0.9759301497300016,8,1.0,7
I-II,0,normal-vs-normal,NK cell dividing,CCL5,8,0.8626788855521148,0.79484408736251,0.9294270608511194,8,1.0,8
I-II,0,normal-vs-normal,NK cell dividing,CD7,8,0.8546585930434009,0.695703797338532,0.9529429511912842,8,1.0,9
I-II,0,normal-vs-normal,NK cell dividing,PRF1,8,0.8460256554541125,0.6947906691496342,0.9502179855954335,8,1.0,10
I-II,0,normal-vs-normal,Neutrophils,CXCL8,6,0.9113765842133653,0.8428436583139983,0.9581761764241603,6,1.0,1
I-II,0,normal-vs-normal,Neutrophils,G0S2,6,0.9079713772010382,0.8461548846259163,0.9670343190587624,6,1.0,2
I-II,0,normal-vs-normal,Neutrophils,NAMPT,6,0.870636677126075,0.8115191905823311,0.9515821622295704,6,1.0,3
I-II,0,normal-vs-normal,Neutrophils,CSF3R,6,0.867267563435445,0.6553945920241342,0.9974325054668465,6,1.0,4
I-II,0,normal-vs-normal,Neutrophils,S100A9,6,0.831250772890178,0.6503864190877324,0.9678560133345384,6,1.0,5
I-II,0,normal-vs-normal,Neutrophils,S100A8,6,0.8254645102582003,0.6503334874682675,0.931450738276226,6,1.0,6
I-II,0,normal-vs-normal,Neutrophils,TREM1,6,0.7828174195962898,0.6703171309797941,0.8903654460340116,6,1.0,7
I-II,0,normal-vs-normal,Neutrophils,PLAUR,6,0.7827520859824452,0.6800279078645857,0.8730092018154217,6,1.0,8
I-II,0,normal-vs-normal,Neutrophils,FTH1,6,0.7506177036106437,0.6541083370763277,0.7975906813241451,6,1.0,9
I-II,0,normal-vs-normal,Neutrophils,SLC25A37,6,0.7474789063794002,0.657541430309106,0.8809351625847784,6,1.0,10
I-II,0,normal-vs-normal,Pericyte,CALD1,10,0.9523234260628677,0.9225347485685528,0.9846646981782892,10,1.0,1
I-II,0,normal-vs-normal,Pericyte,IGFBP7,10,0.9474784409415049,0.9270559170149465,0.9736987236559402,10,1.0,2
I-II,0,normal-vs-normal,Pericyte,PDGFRB,10,0.935440488053095,0.8401907655303772,0.994308562813792,10,1.0,3
I-II,0,normal-vs-normal,Pericyte,NOTCH3,10,0.9345863785776796,0.8460041776069629,0.9950936932746466,10,1.0,4
I-II,0,normal-vs-normal,Pericyte,COL4A1,10,0.9340158791825466,0.8721258987984548,0.9774328442008069,10,1.0,5
I-II,0,normal-vs-normal,Pericyte,COL4A2,10,0.9279455043463894,0.8605098906778897,0.9810475256656639,10,1.0,6
I-II,0,normal-vs-normal,Pericyte,SPARC,10,0.9268904975409662,0.8811461648401777,0.967664297691646,10,1.0,7
I-II,0,normal-vs-normal,Pericyte,MYL9,10,0.9221727301117305,0.7865505752197332,0.9579220992487048,10,1.0,8
I-II,0,normal-vs-normal,Pericyte,COL1A2,10,0.911776963845889,0.868366536498199,0.9546194180291787,10,1.0,9
I-II,0,normal-vs-normal,Pericyte,NDUFA4L2,10,0.9031959843151875,0.7481771240284467,0.9641825375658514,10,1.0,10
I-II,0,normal-vs-normal,Plasma cell,MZB1,11,0.9115363974698638,0.691917976025294,0.9999999985465998,11,1.0,1
I-II,0,normal-vs-normal,Plasma cell,JCHAIN,11,0.8964966510196448,0.7168320335469649,0.9957986843915917,11,1.0,2
I-II,0,normal-vs-normal,Plasma cell,DERL3,11,0.8751381607142528,0.6554536874828074,0.9924741763544657,11,1.0,3
I-II,0,normal-vs-normal,Plasma cell,IGKC,11,0.8560065954585082,0.7110369884043769,0.9311631631166081,11,1.0,4
I-II,0,normal-vs-normal,Plasma cell,IGHG1,11,0.7920229618159293,0.6742136667246267,0.8819033550826342,11,1.0,5
I-II,0,normal-vs-normal,Plasma cell,IGHG3,11,0.7913434184058503,0.6706850876656749,0.8896713245617298,11,1.0,6
I-II,0,normal-vs-normal,Plasma cell,IGHG4,11,0.7617636946669488,0.6547215072472035,0.8687142625690557,11,1.0,7
I-II,0,normal-vs-normal,Plasma cell,SSR4,10,0.9452639319792864,0.8413817372465746,0.997886901611274,11,0.9090909090909091,8
I-II,0,normal-vs-normal,Plasma cell,FKBP11,10,0.8929412156324016,0.7603714726745342,0.9892320632464822,11,0.9090909090909091,9
I-II,0,normal-vs-normal,Plasma cell,XBP1,10,0.8769498629526604,0.7033180150905165,0.9403099857566694,11,0.9090909090909091,10
I-II,0,normal-vs-normal,Plasma cell dividing,MZB1,6,0.988110032786936,0.964454006473952,0.9980614726536993,6,1.0,1
I-II,0,normal-vs-normal,Plasma cell dividing,SEC11C,6,0.9796035805674652,0.9596105307943164,0.9944752356961423,6,1.0,2
I-II,0,normal-vs-normal,Plasma cell dividing,XBP1,6,0.9783420461851206,0.9483333477025135,0.9957385669064753,6,1.0,3
I-II,0,normal-vs-normal,Plasma cell dividing,HSP90B1,6,0.9671594375378962,0.9432035059604615,0.9965955269870735,6,1.0,4
I-II,0,normal-vs-normal,Plasma cell dividing,JCHAIN,6,0.9567441385780736,0.8766312041035257,0.992550530257986,6,1.0,5
I-II,0,normal-vs-normal,Plasma cell dividing,FKBP11,6,0.954493569987721,0.9207859588513421,0.9862865805348295,6,1.0,6
I-II,0,normal-vs-normal,Plasma cell dividing,PPIB,6,0.9523270049523321,0.9183122739327325,0.9680311486772898,6,1.0,7
I-II,0,normal-vs-normal,Plasma cell dividing,ISG20,6,0.9447019241687954,0.871828605243972,0.9850497217640615,6,1.0,8
I-II,0,normal-vs-normal,Plasma cell dividing,SDF2L1,6,0.9431961335453195,0.9031535254307259,0.9752626904010707,6,1.0,9
I-II,0,normal-vs-normal,Plasma cell dividing,SEC61G,6,0.9391294887417008,0.9118684812153841,0.9719358382336196,6,1.0,10
I-II,0,normal-vs-normal,Smooth muscle cell,TAGLN,11,0.9660148758027993,0.933082546510659,0.9976686464697997,11,1.0,1
I-II,0,normal-vs-normal,Smooth muscle cell,ACTA2,11,0.9524252716356073,0.8644626801237042,0.9916639246002966,11,1.0,2
I-II,0,normal-vs-normal,Smooth muscle cell,MYL9,11,0.9379324099584964,0.7935175465600063,0.9859649031385096,11,1.0,3
I-II,0,normal-vs-normal,Smooth muscle cell,MYH11,11,0.9068139657268123,0.8251428090806038,0.9986820971935177,11,1.0,4
I-II,0,normal-vs-normal,Smooth muscle cell,TPM2,11,0.9053488283944783,0.7094117983782665,0.9865176760479332,11,1.0,5
I-II,0,normal-vs-normal,Smooth muscle cell,IGFBP7,11,0.896268715339322,0.8329612313341662,0.9432875518924868,11,1.0,6
I-II,0,normal-vs-normal,Smooth muscle cell,DSTN,11,0.8943714686511913,0.7892019034594075,0.9833789140242203,11,1.0,7
I-II,0,normal-vs-normal,Smooth muscle cell,MYLK,11,0.8550126749290424,0.7167842857660865,0.9893150246100576,11,1.0,8
I-II,0,normal-vs-normal,Smooth muscle cell,SPARCL1,11,0.8418775056804241,0.6739345097490912,0.9312736270928509,11,1.0,9
I-II,0,normal-vs-normal,Smooth muscle cell,CAV1,11,0.8234091615471425,0.699958311727901,0.9574399213516931,11,1.0,10
I-II,0,normal-vs-normal,T cell CD4,IL7R,10,0.7996421651939486,0.7161546381549224,0.8726649149209442,11,0.9090909090909091,1
I-II,0,normal-vs-normal,T cell CD4,TRAC,10,0.7492071787928233,0.6593218351772254,0.8160658771134461,11,0.9090909090909091,2
I-II,0,normal-vs-normal,T cell CD4,CD3D,9,0.7328478204443536,0.6635694140181835,0.8337639303385045,11,0.8181818181818182,3
I-II,0,normal-vs-normal,T cell CD4,CD2,8,0.7319976609238502,0.6540592506501509,0.8158648540669161,11,0.7272727272727273,4
I-II,0,normal-vs-normal,T cell CD4,CXCR4,8,0.7279489700066865,0.6995047087037413,0.7630601423213411,11,0.7272727272727273,5
I-II,0,normal-vs-normal,T cell CD4,LTB,8,0.7262182397181933,0.6666398060470249,0.8208230880264145,11,0.7272727272727273,6
I-II,0,normal-vs-normal,T cell CD4,TRBC2,8,0.719634738833721,0.6510110538225077,0.7846606918070903,11,0.7272727272727273,7
I-II,0,normal-vs-normal,T cell CD4,CD3E,7,0.7515888558446705,0.67274857928355,0.8079886869499272,11,0.6363636363636364,8
I-II,0,normal-vs-normal,T cell CD4,SPOCK2,6,0.7268276267856989,0.6792443793707142,0.8151381133119295,11,0.5454545454545454,9
I-II,0,normal-vs-normal,T cell CD4,CD69,6,0.7132174866910618,0.6676668866716368,0.7647955519256922,11,0.5454545454545454,10
I-II,0,normal-vs-normal,T cell CD4 dividing,CD3D,11,0.8924771782286218,0.8131191312580979,0.9418104745174805,11,1.0,1
I-II,0,normal-vs-normal,T cell CD4 dividing,HMGB2,11,0.8858994644316848,0.709644626194648,0.9313996987595229,11,1.0,2
I-II,0,normal-vs-normal,T cell CD4 dividing,STMN1,11,0.8815109557235157,0.8368828216119015,0.9190711954445004,11,1.0,3
I-II,0,normal-vs-normal,T cell CD4 dividing,TRAC,11,0.8760034425007018,0.6505466376669106,0.9609371548761895,11,1.0,4
I-II,0,normal-vs-normal,T cell CD4 dividing,IL32,11,0.8462797691250316,0.6859732944796326,0.9334266569016543,11,1.0,5
I-II,0,normal-vs-normal,T cell CD4 dividing,TRBC2,11,0.8385714209886973,0.7950987479841534,0.9234548879847804,11,1.0,6
I-II,0,normal-vs-normal,T cell CD4 dividing,HMGN2,11,0.8379491396718218,0.7476139235846595,0.9063663492861664,11,1.0,7
I-II,0,normal-vs-normal,T cell CD4 dividing,TUBB,11,0.8232650347222932,0.7320426413311575,0.8939066130622578,11,1.0,8
I-II,0,normal-vs-normal,T cell CD4 dividing,GAPDH,11,0.8224958390283384,0.7231971376275045,0.9518631024276358,11,1.0,9
I-II,0,normal-vs-normal,T cell CD4 dividing,CD3G,11,0.8219847604831757,0.6891195250346289,0.9056713020680492,11,1.0,10
I-II,0,normal-vs-normal,T cell CD8 activated,IL7R,10,0.8562389343038139,0.7768395505793667,0.9237550392619474,10,1.0,1
I-II,0,normal-vs-normal,T cell CD8 activated,CXCR4,10,0.7975324890533673,0.6615691288010782,0.8936352018537895,10,1.0,2
I-II,0,normal-vs-normal,T cell CD8 activated,CD69,9,0.7720051174036615,0.6582612431439636,0.9134491956205396,10,0.9,3
I-II,0,normal-vs-normal,T cell CD8 activated,BTG1,9,0.7531970540044575,0.6773170548546988,0.8302230650648228,10,0.9,4
I-II,0,normal-vs-normal,T cell CD8 activated,ZFP36L2,9,0.7391234686969906,0.6653158235907198,0.782658354913327,10,0.9,5
I-II,0,normal-vs-normal,T cell CD8 activated,CD2,9,0.718533785536485,0.6529155040101363,0.7900705511375022,10,0.9,6
I-II,0,normal-vs-normal,T cell CD8 activated,TRAC,8,0.727955617635994,0.6934858845991234,0.7972741089411207,10,0.8,7
I-II,0,normal-vs-normal,T cell CD8 activated,CD3E,8,0.7183755037919859,0.6671307377740774,0.7822094952737276,10,0.8,8
I-II,0,normal-vs-normal,T cell CD8 activated,TNFAIP3,7,0.7653467652495792,0.692897576052123,0.8882899045070393,10,0.7,9
I-II,0,normal-vs-normal,T cell CD8 activated,CCL5,7,0.7250813895042716,0.6872038039862219,0.7758911639145817,10,0.7,10
I-II,0,normal-vs-normal,T cell CD8 dividing,CD3D,10,0.8983193781701908,0.7846156636567747,0.970137553484705,10,1.0,1
I-II,0,normal-vs-normal,T cell CD8 dividing,STMN1,10,0.8980993574091203,0.8643267576774891,0.9526808360548308,10,1.0,2
I-II,0,normal-vs-normal,T cell CD8 dividing,HMGB2,10,0.8977614035107896,0.8574232781650117,0.9588282990923005,10,1.0,3
I-II,0,normal-vs-normal,T cell CD8 dividing,CCL5,10,0.8886734146850752,0.7013350901181074,0.9575109178150489,10,1.0,4
I-II,0,normal-vs-normal,T cell CD8 dividing,NKG7,10,0.882914084233904,0.8349951524504687,0.9242255055028283,10,1.0,5
I-II,0,normal-vs-normal,T cell CD8 dividing,TRAC,10,0.8699094100568633,0.759482681972653,0.9474968755427441,10,1.0,6
I-II,0,normal-vs-normal,T cell CD8 dividing,HMGN2,10,0.85540989181633,0.8164870214764846,0.9201858458043352,10,1.0,7
I-II,0,normal-vs-normal,T cell CD8 dividing,CD8A,10,0.8543621480142358,0.7244573701957178,0.9390092907096924,10,1.0,8
I-II,0,normal-vs-normal,T cell CD8 dividing,TRBC2,10,0.8408179418035786,0.7562170587787143,0.9112069695104411,10,1.0,9
I-II,0,normal-vs-normal,T cell CD8 dividing,GZMB,10,0.8363938688435502,0.6622201886473251,0.9400988119830721,10,1.0,10
I-II,0,normal-vs-normal,T cell CD8 effector memory,CCL5,11,0.8630044025504181,0.8002074611300543,0.9297127007267872,11,1.0,1
I-II,0,normal-vs-normal,T cell CD8 effector memory,CD8A,10,0.7545051948611146,0.6551971195673781,0.836422831133452,11,0.9090909090909091,2
I-II,0,normal-vs-normal,T cell CD8 effector memory,GZMK,10,0.7475368389417862,0.7023214389385244,0.8722241134768479,11,0.9090909090909091,3
I-II,0,normal-vs-normal,T cell CD8 effector memory,CXCR4,10,0.7431752737233948,0.6557712165976165,0.7980337447578058,11,0.9090909090909091,4
I-II,0,normal-vs-normal,T cell CD8 effector memory,NKG7,10,0.7348810158711606,0.6584503730992283,0.8050182312139953,11,0.9090909090909091,5
I-II,0,normal-vs-normal,T cell CD8 effector memory,CD3D,9,0.7613934590199241,0.674292273957793,0.8462057506155224,11,0.8181818181818182,6
I-II,0,normal-vs-normal,T cell CD8 effector memory,GZMA,9,0.7527755005076908,0.6757859097108218,0.8070895989156602,11,0.8181818181818182,7
I-II,0,normal-vs-normal,T cell CD8 effector memory,CD2,9,0.741673262391928,0.6749368024578674,0.8667230637642903,11,0.8181818181818182,8
I-II,0,normal-vs-normal,T cell CD8 effector memory,TRAC,9,0.7410261722297727,0.6640324392099576,0.8092551416408128,11,0.8181818181818182,9
I-II,0,normal-vs-normal,T cell CD8 effector memory,TRBC2,9,0.7261276650040482,0.6567924951555872,0.8021722383006172,11,0.8181818181818182,10
I-II,0,normal-vs-normal,T cell CD8 naive,CCL5,11,0.8402017197625895,0.7680609925667267,0.9161144352730206,11,1.0,1
I-II,0,normal-vs-normal,T cell CD8 naive,TRBC2,11,0.7385321869544487,0.6822558287896545,0.8576359465561242,11,1.0,2
I-II,0,normal-vs-normal,T cell CD8 naive,CD3D,10,0.778098580312628,0.6830616811910416,0.8569960888032438,11,0.9090909090909091,3
I-II,0,normal-vs-normal,T cell CD8 naive,TRAC,10,0.7712137758865769,0.6630567385739072,0.9049732725915625,11,0.9090909090909091,4
I-II,0,normal-vs-normal,T cell CD8 naive,CD3E,10,0.7468733123348594,0.661122499250438,0.817638693179747,11,0.9090909090909091,5
I-II,0,normal-vs-normal,T cell CD8 naive,IL7R,9,0.7905418819182988,0.6835466044996998,0.8435087242410008,11,0.8181818181818182,6
I-II,0,normal-vs-normal,T cell CD8 naive,IL32,9,0.7511666518523901,0.683127075419296,0.8158036249264163,11,0.8181818181818182,7
I-II,0,normal-vs-normal,T cell CD8 naive,GZMK,9,0.7419884306580886,0.6588288070361055,0.8276524560614802,11,0.8181818181818182,8
I-II,0,normal-vs-normal,T cell CD8 naive,CD2,9,0.7372819456941344,0.7093861475429015,0.7923987354053468,11,0.8181818181818182,9
I-II,0,normal-vs-normal,T cell CD8 naive,CXCR4,8,0.7419316304302244,0.6591817159985337,0.7948598139366629,11,0.7272727272727273,10
I-II,0,normal-vs-normal,T cell CD8 terminally exhausted,CCL5,10,0.9095058402842271,0.8848339484900312,0.9275016641788465,10,1.0,1
I-II,0,normal-vs-normal,T cell CD8 terminally exhausted,CD3D,10,0.8686099878847641,0.7697761714597378,0.9021027668286427,10,1.0,2
I-II,0,normal-vs-normal,T cell CD8 terminally exhausted,GZMA,10,0.84802103071412,0.7529459348583902,0.9208139096149648,10,1.0,3
I-II,0,normal-vs-normal,T cell CD8 terminally exhausted,TRAC,10,0.8393346616463212,0.7877218002292355,0.9054956013822604,10,1.0,4
I-II,0,normal-vs-normal,T cell CD8 terminally exhausted,CD2,10,0.8384182580644559,0.7323868202178433,0.8869846767861788,10,1.0,5
I-II,0,normal-vs-normal,T cell CD8 terminally exhausted,CD8A,10,0.8245952088142922,0.6766654105092614,0.9198492471227866,10,1.0,6
I-II,0,normal-vs-normal,T cell CD8 terminally exhausted,NKG7,10,0.8245794720276025,0.7238314201791626,0.9064652060846362,10,1.0,7
I-II,0,normal-vs-normal,T cell CD8 terminally exhausted,GZMB,10,0.8103940612866329,0.7372604350222609,0.9095666951718989,10,1.0,8
I-II,0,normal-vs-normal,T cell CD8 terminally exhausted,TRBC2,10,0.7812235798476757,0.7245350978511703,0.8512094945117615,10,1.0,9
I-II,0,normal-vs-normal,T cell CD8 terminally exhausted,IL32,10,0.7653531075870477,0.6522134865367875,0.8212702986237181,10,1.0,10
I-II,0,normal-vs-normal,T cell NK-like,NKG7,10,0.9107910234978039,0.7953531440374879,0.949249667330535,10,1.0,1
I-II,0,normal-vs-normal,T cell NK-like,CCL5,10,0.9017481970887327,0.8391132586535863,0.9731900802672503,10,1.0,2
I-II,0,normal-vs-normal,T cell NK-like,TRBC2,10,0.7461462729553714,0.6505643222269083,0.9522805321293126,10,1.0,3
I-II,0,normal-vs-normal,T cell NK-like,TRAC,10,0.7437545058695514,0.66162753155773,0.9657085927591813,10,1.0,4
I-II,0,normal-vs-normal,T cell NK-like,CD8A,10,0.7350994863811249,0.6621049156334914,0.8719631993326701,10,1.0,5
I-II,0,normal-vs-normal,T cell NK-like,GZMH,9,0.8495863003410515,0.7120396147939784,0.9389405452781866,10,0.9,6
I-II,0,normal-vs-normal,T cell NK-like,GZMA,9,0.8119205085031878,0.7005500746825034,0.8669969063382422,10,0.9,7
I-II,0,normal-vs-normal,T cell NK-like,CST7,9,0.801048101653277,0.6670315140953064,0.9016720056662832,10,0.9,8
I-II,0,normal-vs-normal,T cell NK-like,IL32,9,0.7736660560175674,0.7182793246533751,0.8992579825959524,10,0.9,9
I-II,0,normal-vs-normal,T cell NK-like,CD3E,9,0.7554506401294854,0.6639199988931583,0.8411985509547028,10,0.9,10
I-II,0,normal-vs-normal,T cell regulatory,TRAC,11,0.8475921108185449,0.7970985722423615,0.9031168515473932,11,1.0,1
I-II,0,normal-vs-normal,T cell regulatory,IL32,11,0.8152827826382701,0.7318921105506861,0.9090561691200775,11,1.0,2
I-II,0,normal-vs-normal,T cell regulatory,CD2,11,0.7911785539200603,0.6945157583909042,0.8457506757977673,11,1.0,3
I-II,0,normal-vs-normal,T cell regulatory,CD3D,11,0.7893611627783944,0.6535487906281364,0.8725553390259186,11,1.0,4
I-II,0,normal-vs-normal,T cell regulatory,TIGIT,11,0.7741357926976679,0.7114099074628165,0.8734287165025372,11,1.0,5
I-II,0,normal-vs-normal,T cell regulatory,TRBC2,11,0.7738110442499785,0.7275703036028498,0.8628360913510029,11,1.0,6
I-II,0,normal-vs-normal,T cell regulatory,SPOCK2,11,0.7725336179027112,0.6947281693695608,0.8771317258211582,11,1.0,7
I-II,0,normal-vs-normal,T cell regulatory,LTB,11,0.7492055686701857,0.6529643629584246,0.864917695733833,11,1.0,8
I-II,0,normal-vs-normal,T cell regulatory,CD3E,10,0.7486294064843846,0.6700010718794432,0.8251407109211085,11,0.9090909090909091,9
I-II,0,normal-vs-normal,T cell regulatory,CTLA4,10,0.7258713624589259,0.6582103796957691,0.8085618365124717,11,0.9090909090909091,10
I-II,0,normal-vs-normal,cDC1,HLA-DPB1,10,0.9603066914871302,0.933860626996945,0.9972019632687208,10,1.0,1
I-II,0,normal-vs-normal,cDC1,HLA-DPA1,10,0.9508347644116213,0.9141515784828208,0.9936559027101496,10,1.0,2
I-II,0,normal-vs-normal,cDC1,CD74,10,0.9353421499237294,0.8769055473753172,0.9814688896444239,10,1.0,3
I-II,0,normal-vs-normal,cDC1,CST3,10,0.9295930723721908,0.8685735193301984,0.9727190282376817,10,1.0,4
I-II,0,normal-vs-normal,cDC1,HLA-DRA,10,0.9283127866969695,0.9016949475017935,0.9603553209962941,10,1.0,5
I-II,0,normal-vs-normal,cDC1,HLA-DQB1,10,0.9228559932126202,0.8725103795557047,0.9809653552676423,10,1.0,6
I-II,0,normal-vs-normal,cDC1,HLA-DQA1,10,0.9219012698493986,0.8615115493483579,0.9828076690403595,10,1.0,7
I-II,0,normal-vs-normal,cDC1,TMSB4X,10,0.9149213749768987,0.821013863121318,0.9769977037143274,10,1.0,8
I-II,0,normal-vs-normal,cDC1,SNX3,10,0.90843546548612,0.8069047914758596,0.9987255023174868,10,1.0,9
I-II,0,normal-vs-normal,cDC1,CPVL,10,0.9067647973976778,0.8493617147358884,0.9686165993207059,10,1.0,10
I-II,0,normal-vs-normal,cDC2,HLA-DPB1,11,0.9369801973280381,0.9085801890882573,0.9518191442772095,11,1.0,1
I-II,0,normal-vs-normal,cDC2,HLA-DQB1,11,0.9342440733837178,0.9098109613180714,0.9572203419371759,11,1.0,2
I-II,0,normal-vs-normal,cDC2,HLA-DPA1,11,0.9341230193967309,0.910748162623303,0.9520683614824242,11,1.0,3
I-II,0,normal-vs-normal,cDC2,HLA-DRA,11,0.9337503184145298,0.9033755165702776,0.9527055205355942,11,1.0,4
I-II,0,normal-vs-normal,cDC2,HLA-DQA1,11,0.9178853048826031,0.8744236028951741,0.9496024775830888,11,1.0,5
I-II,0,normal-vs-normal,cDC2,CD74,11,0.9173701471255838,0.8933100825649086,0.9411013132681595,11,1.0,6
I-II,0,normal-vs-normal,cDC2,HLA-DRB1,11,0.9137919141872503,0.8513765030041286,0.9527194488932343,11,1.0,7
I-II,0,normal-vs-normal,cDC2,LST1,11,0.8856997947541267,0.816231775902733,0.9152165025868005,11,1.0,8
I-II,0,normal-vs-normal,cDC2,AIF1,11,0.885271584935041,0.7479851089286383,0.925441483430114,11,1.0,9
I-II,0,normal-vs-normal,cDC2,CST3,11,0.884683051185495,0.8423592175328557,0.9158550111980072,11,1.0,10
I-II,0,normal-vs-normal,myeloid dividing,TUBA1B,11,0.9346688365999595,0.897819817405611,0.9825877363531055,11,1.0,1
I-II,0,normal-vs-normal,myeloid dividing,AIF1,11,0.9264556497076704,0.8904003016049967,0.9844040794302568,11,1.0,2
I-II,0,normal-vs-normal,myeloid dividing,HMGN2,11,0.9262980371510274,0.8728810109821632,0.9776902593317793,11,1.0,3
I-II,0,normal-vs-normal,myeloid dividing,MS4A6A,11,0.9174258460241757,0.8694887034764882,0.9789147084504106,11,1.0,4
I-II,0,normal-vs-normal,myeloid dividing,TUBB,11,0.9157188257334252,0.8613262136946221,0.9660490773871054,11,1.0,5
I-II,0,normal-vs-normal,myeloid dividing,S100A11,11,0.9144129536306614,0.8597131454493259,0.9605184203281567,11,1.0,6
I-II,0,normal-vs-normal,myeloid dividing,STMN1,11,0.9132832943855839,0.870055693024329,0.9610397363601436,11,1.0,7
I-II,0,normal-vs-normal,myeloid dividing,HLA-DRA,11,0.9124467800388824,0.8681866100660302,0.9824373135775126,11,1.0,8
I-II,0,normal-vs-normal,myeloid dividing,CD74,11,0.9076812939181621,0.8702601803232352,0.9774967842403605,11,1.0,9
I-II,0,normal-vs-normal,myeloid dividing,CAPG,11,0.9076496051128562,0.8295820773298642,0.9467869888938536,11,1.0,10
I-II,0,normal-vs-normal,pDC,GZMB,10,0.9217484868078776,0.7122086298713357,0.9762155789728835,10,1.0,1
I-II,0,normal-vs-normal,pDC,JCHAIN,10,0.9047185071578256,0.730096744952939,0.9643985720052771,10,1.0,2
I-II,0,normal-vs-normal,pDC,PLAC8,10,0.8926306832185051,0.7293843432141194,0.9749253436281227,10,1.0,3
I-II,0,normal-vs-normal,pDC,IRF7,10,0.8886820106744329,0.6930657568419929,0.9834093933283136,10,1.0,4
I-II,0,normal-vs-normal,pDC,PLD4,10,0.8810979904958127,0.6783249542234739,0.9733709606373474,10,1.0,5
I-II,0,normal-vs-normal,pDC,GPR183,10,0.8792009024963541,0.7156331677067104,0.953961150331438,10,1.0,6
I-II,0,normal-vs-normal,pDC,IRF8,10,0.8605960978340687,0.7084226528922554,0.9635657579262554,10,1.0,7
I-II,0,normal-vs-normal,pDC,LILRA4,10,0.8556718224068867,0.6519914758207651,0.9588922185456571,10,1.0,8
I-II,0,normal-vs-normal,pDC,TCF4,10,0.8468942602431324,0.6639117629688842,0.9443432443267835,10,1.0,9
I-II,0,normal-vs-normal,pDC,IGKC,10,0.8193799572412364,0.7219640924138043,0.9558464691273036,10,1.0,10
I-II,0,normal-vs-normal,stromal dividing,SPARC,4,0.9804245679568832,0.964300275117291,0.9959494574735066,4,1.0,1
I-II,0,normal-vs-normal,stromal dividing,COL1A2,4,0.9781493691405467,0.9473701024037902,0.9950296561542513,4,1.0,2
I-II,0,normal-vs-normal,stromal dividing,LGALS1,4,0.9654222876196485,0.9109053370208954,0.9977084868998858,4,1.0,3
I-II,0,normal-vs-normal,stromal dividing,BGN,4,0.9632299100340396,0.9213038538925267,0.9972058511010793,4,1.0,4
I-II,0,normal-vs-normal,stromal dividing,CALU,4,0.96025387709955,0.8944890268746958,0.9990822703560613,4,1.0,5
I-II,0,normal-vs-normal,stromal dividing,COL6A2,4,0.956325153257783,0.9313944021679167,0.9867560387315543,4,1.0,6
I-II,0,normal-vs-normal,stromal dividing,TPM1,4,0.9561565411341475,0.8888860131535097,0.9942022416643447,4,1.0,7
I-II,0,normal-vs-normal,stromal dividing,COL3A1,4,0.9535232852420112,0.8516545914637316,0.9955106567901439,4,1.0,8
I-II,0,normal-vs-normal,stromal dividing,COL1A1,4,0.9518462488804375,0.8603276339827927,0.9959515737581568,4,1.0,9
I-II,0,normal-vs-normal,stromal dividing,COL5A1,4,0.9474715749580316,0.8662563732542695,0.9943883225361722,4,1.0,10
I-II,0,tumor-vs-all,AT1,GPRC5A,10,0.8999742116916467,0.7729680398987826,0.9761056019633009,10,1.0,1
I-II,0,tumor-vs-all,AT1,EMP2,10,0.8897289225387233,0.8326821331210961,0.9604523331558891,10,1.0,2
I-II,0,tumor-vs-all,AT1,LMO7,10,0.8720518056681993,0.7088936423414771,0.973093533825982,10,1.0,3
I-II,0,tumor-vs-all,AT1,KRT7,10,0.8699586011848203,0.757060280824383,0.9487277250966725,10,1.0,4
I-II,0,tumor-vs-all,AT1,CAV1,10,0.8277582266469545,0.6508530663069308,0.960605624613171,10,1.0,5
I-II,0,tumor-vs-all,AT1,CAV2,10,0.8114377366959085,0.6638586842548196,0.8957590300519618,10,1.0,6
I-II,0,tumor-vs-all,AT1,ANXA3,10,0.8031174570607371,0.6774402040682559,0.923519667210611,10,1.0,7
I-II,0,tumor-vs-all,AT1,TSPAN13,10,0.8015875769676809,0.6569476974990368,0.8965605033156709,10,1.0,8
I-II,0,tumor-vs-all,AT1,RNASE1,10,0.7983796823699898,0.7043296181352909,0.8755960116177827,10,1.0,9
I-II,0,tumor-vs-all,AT1,SFTPB,10,0.7638071440358598,0.6811246735685454,0.8909673284014726,10,1.0,10
I-II,0,tumor-vs-all,AT2_ROS1+,MUC1,10,0.8328459924273334,0.7401944950417967,0.9611898749817496,10,1.0,1
I-II,0,tumor-vs-all,AT2_ROS1+,SFTPB,9,0.9186248531795103,0.8633968994155106,0.9806513904584289,10,0.9,2
I-II,0,tumor-vs-all,AT2_ROS1+,NAPSA,9,0.8435450526601067,0.750844957002272,0.9461370768183959,10,0.9,3
I-II,0,tumor-vs-all,AT2_ROS1+,SLC34A2,9,0.8334154686785474,0.7306886928246218,0.9063931977198687,10,0.9,4
I-II,0,tumor-vs-all,AT2_ROS1+,SFTPA2,9,0.8088113122343703,0.6650414082984127,0.9482815208081449,10,0.9,5
I-II,0,tumor-vs-all,AT2_ROS1+,GPRC5A,9,0.8008599678720497,0.6621655899871781,0.9012515755741811,10,0.9,6
I-II,0,tumor-vs-all,AT2_ROS1+,NEAT1,9,0.7932855831342585,0.7120853487002327,0.8953850413365282,10,0.9,7
I-II,0,tumor-vs-all,AT2_ROS1+,ELF3,9,0.7925145013949373,0.7193358258401689,0.9323678165291542,10,0.9,8
I-II,0,tumor-vs-all,AT2_ROS1+,SFTA2,9,0.780663055390487,0.6636543118264269,0.9018215159179938,10,0.9,9
I-II,0,tumor-vs-all,AT2_ROS1+,RNASE1,9,0.7584259106196319,0.6537479098404692,0.862369914728834,10,0.9,10
I-II,0,tumor-vs-all,Ciliated,CAPS,11,0.9899366822600387,0.9672434613358495,0.9999880644466078,11,1.0,1
I-II,0,tumor-vs-all,Ciliated,TPPP3,11,0.9884196260836333,0.9586750920062386,0.999079904076086,11,1.0,2
I-II,0,tumor-vs-all,Ciliated,C9orf24,11,0.983877031395206,0.9353482071081617,1.0000000036439016,11,1.0,3
I-II,0,tumor-vs-all,Ciliated,C20orf85,11,0.97828664908523,0.9397247985290497,0.9999999973760733,11,1.0,4
I-II,0,tumor-vs-all,Ciliated,RSPH1,11,0.9733770354746539,0.910627983892811,0.9999989432899169,11,1.0,5
I-II,0,tumor-vs-all,Ciliated,C1orf194,11,0.9733273245071744,0.9117532629491839,0.9999368017929646,11,1.0,6
I-II,0,tumor-vs-all,Ciliated,PIFO,11,0.9714894418339663,0.9097113614994318,0.9996779386061854,11,1.0,7
I-II,0,tumor-vs-all,Ciliated,CETN2,11,0.9671870492529567,0.9148526447189572,0.9995080701439061,11,1.0,8
I-II,0,tumor-vs-all,Ciliated,FAM183A,11,0.9578790838049467,0.7646302168212096,0.9999999973760733,11,1.0,9
I-II,0,tumor-vs-all,Ciliated,C5orf49,11,0.9506459492634668,0.8726967002909936,0.9998960243153486,11,1.0,10
I-II,0,tumor-vs-all,Club_AT2_even_1,SFTPB,11,0.9285851759888168,0.7781828483513992,0.9876432669290209,11,1.0,1
I-II,0,tumor-vs-all,Club_AT2_even_1,NAPSA,11,0.9130737475497206,0.7718813572725778,0.9815629408536065,11,1.0,2
I-II,0,tumor-vs-all,Club_AT2_even_1,CXCL17,11,0.9039743158790793,0.7689160455871961,0.9427008723615796,11,1.0,3
I-II,0,tumor-vs-all,Club_AT2_even_1,SFTA2,11,0.8971026239688455,0.799852253169278,0.9402944852897394,11,1.0,4
I-II,0,tumor-vs-all,Club_AT2_even_1,RNASE1,11,0.8964422356857075,0.7962401362159648,0.9457960337037903,11,1.0,5
I-II,0,tumor-vs-all,Club_AT2_even_1,SLC34A2,11,0.8916218581882156,0.7957594665851369,0.9648434994687275,11,1.0,6
I-II,0,tumor-vs-all,Club_AT2_even_1,CYB5A,11,0.8768933463879901,0.6974136315307191,0.9713782375200082,11,1.0,7
I-II,0,tumor-vs-all,Club_AT2_even_1,WFDC2,11,0.8691061490162664,0.758563200800936,0.9503483411436082,11,1.0,8
I-II,0,tumor-vs-all,Club_AT2_even_1,MUC1,11,0.864134383721587,0.7542437249175947,0.9278317827245021,11,1.0,9
I-II,0,tumor-vs-all,Club_AT2_even_1,SFTPD,11,0.8607852016355412,0.6992808849383407,0.9444393482868657,11,1.0,10
I-II,0,tumor-vs-all,Club_AT2_even_2,SFTPB,5,0.869854380948506,0.8291974813283062,0.9505024726721693,7,0.7142857142857143,1
I-II,0,tumor-vs-all,Club_AT2_even_2,SFTPA2,5,0.7945230009974734,0.7160280836006628,0.9564198001136165,7,0.7142857142857143,2
I-II,0,tumor-vs-all,Club_AT2_even_2,SCGB3A2,5,0.7917619522038639,0.6892235584169009,0.9080731049086861,7,0.7142857142857143,3
I-II,0,tumor-vs-all,Club_AT2_even_2,SFTPA1,5,0.7783877120699145,0.7214038415897431,0.9242837405134632,7,0.7142857142857143,4
I-II,0,tumor-vs-all,Club_AT2_even_2,SLC34A2,5,0.7770911959941529,0.6620497940721403,0.9289132272090946,7,0.7142857142857143,5
I-II,0,tumor-vs-all,Club_AT2_even_2,PIGR,4,0.7852654679679587,0.7010773760834618,0.8966467112711216,7,0.5714285714285714,6
I-II,0,tumor-vs-all,Club_AT2_even_2,ATP1B1,4,0.780276887332952,0.6667972526256641,0.862765674292433,7,0.5714285714285714,7
I-II,0,tumor-vs-all,Club_AT2_even_2,CD24,4,0.7664588875007206,0.7203427383098939,0.8166542328983488,7,0.5714285714285714,8
I-II,0,tumor-vs-all,Club_AT2_even_2,SDC1,4,0.666501058790226,0.6513742280019302,0.703259582619241,7,0.5714285714285714,9
I-II,0,tumor-vs-all,Club_AT2_even_2,NAPSA,3,0.8667744078910049,0.7790331007883622,0.9365922992124658,7,0.42857142857142855,10
I-II,0,tumor-vs-all,Club_AT2_high,SFTPB,8,0.9234356312161568,0.8899391470507099,0.9538089745070473,8,1.0,1
I-II,0,tumor-vs-all,Club_AT2_high,SFTA2,8,0.8987455806508204,0.8113445698237761,0.9515127770967368,8,1.0,2
I-II,0,tumor-vs-all,Club_AT2_high,NAPSA,8,0.8783531306352181,0.7768673901132372,0.9439519825898656,8,1.0,3
I-II,0,tumor-vs-all,Club_AT2_high,SCGB3A2,8,0.872077444929699,0.6972958313538926,0.9598813743471791,8,1.0,4
I-II,0,tumor-vs-all,Club_AT2_high,HOPX,8,0.8547151939667672,0.6707678375790043,0.9529314581697459,8,1.0,5
I-II,0,tumor-vs-all,Club_AT2_high,WFDC2,8,0.851580190227243,0.7501088304071879,0.9117681882429735,8,1.0,6
I-II,0,tumor-vs-all,Club_AT2_high,SLC34A2,8,0.8512504757008497,0.7558332809457192,0.9351495444932408,8,1.0,7
I-II,0,tumor-vs-all,Club_AT2_high,SFTPA1,8,0.8477814606664178,0.665019442906186,0.9354753702454021,8,1.0,8
I-II,0,tumor-vs-all,Club_AT2_high,RNASE1,8,0.8322210511332758,0.7374004167096744,0.9457286198899415,8,1.0,9
I-II,0,tumor-vs-all,Club_AT2_high,MGST1,8,0.8251940471872903,0.6923029321634937,0.8994716067687812,8,1.0,10
I-II,0,tumor-vs-all,Club_Ciliated,SCGB3A1,11,0.971878907030177,0.8887865470798553,0.9988732960999674,11,1.0,1
I-II,0,tumor-vs-all,Club_Ciliated,SCGB1A1,11,0.9405644661087027,0.819609555468688,0.9997109398668406,11,1.0,2
I-II,0,tumor-vs-all,Club_Ciliated,SLPI,11,0.9368069664322204,0.8147992287474438,0.9925769562306517,11,1.0,3
I-II,0,tumor-vs-all,Club_Ciliated,WFDC2,11,0.9258730650109919,0.7922494623783924,0.9912115070097515,11,1.0,4
I-II,0,tumor-vs-all,Club_Ciliated,PIGR,11,0.9174274881897773,0.8423874247510077,0.9701546236325463,11,1.0,5
I-II,0,tumor-vs-all,Club_Ciliated,CXCL17,11,0.8899573020637491,0.7609732927090223,0.9640106705194007,11,1.0,6
I-II,0,tumor-vs-all,Club_Ciliated,CYB5A,11,0.8894775607907074,0.8044334552607562,0.9637184414852025,11,1.0,7
I-II,0,tumor-vs-all,Club_Ciliated,AGR2,11,0.8768765896742958,0.7931982734971789,0.9649987228999055,11,1.0,8
I-II,0,tumor-vs-all,Club_Ciliated,BPIFB1,11,0.8649068840474431,0.7762173265352579,0.9993955204947754,11,1.0,9
I-II,0,tumor-vs-all,Club_Ciliated,TMEM45A,11,0.8532576281672974,0.7566572156073865,0.9236416498793778,11,1.0,10
I-II,0,tumor-vs-all,Tumor LAUD_LUSC_AT2,ELF3,8,0.8771778757221859,0.7308425900032409,0.9350021989976625,8,1.0,1
I-II,0,tumor-vs-all,Tumor LAUD_LUSC_AT2,MUC1,8,0.8242322159686557,0.7055090522001851,0.936123612729657,8,1.0,2
I-II,0,tumor-vs-all,Tumor LAUD_LUSC_AT2,NEAT1,7,0.8448937628920852,0.7317036900230809,0.9068819108302808,8,0.875,3
I-II,0,tumor-vs-all,Tumor LAUD_LUSC_AT2,CLDN4,7,0.8407214349234475,0.701187660496927,0.9335867854306139,8,0.875,4
I-II,0,tumor-vs-all,Tumor LAUD_LUSC_AT2,TACSTD2,7,0.8113905500837072,0.6824205366146865,0.9405120634258262,8,0.875,5
I-II,0,tumor-vs-all,Tumor LAUD_LUSC_AT2,KRT19,7,0.8006086589212252,0.7256632735525055,0.9130938051611749,8,0.875,6
I-II,0,tumor-vs-all,Tumor LAUD_LUSC_AT2,CEACAM6,7,0.7777897725990093,0.6772349430545374,0.9273869314476877,8,0.875,7
I-II,0,tumor-vs-all,Tumor LAUD_LUSC_AT2,KRT8,7,0.7714642114752218,0.6997096064733125,0.9136779121179179,8,0.875,8
I-II,0,tumor-vs-all,Tumor LAUD_LUSC_AT2,CAPN8,7,0.7674685732518541,0.6649572755731252,0.9675314282519468,8,0.875,9
I-II,0,tumor-vs-all,Tumor LAUD_LUSC_AT2,WFDC2,6,0.8181750578603079,0.7466956985108197,0.8939114208966744,8,0.75,10
I-II,0,tumor-vs-all,Tumor LUAD_AT2_high,WFDC2,5,0.9119239930345084,0.8771233416871221,0.9618741213653904,5,1.0,1
I-II,0,tumor-vs-all,Tumor LUAD_AT2_high,CXCL17,5,0.8936846810448401,0.8131616188029994,0.9455302984317793,5,1.0,2
I-II,0,tumor-vs-all,Tumor LUAD_AT2_high,SFTPB,5,0.8854318837396555,0.7557561129190706,0.9468237801860465,5,1.0,3
I-II,0,tumor-vs-all,Tumor LUAD_AT2_high,SLC34A2,5,0.8848743029095809,0.8344204570490206,0.9029528414021265,5,1.0,4
I-II,0,tumor-vs-all,Tumor LUAD_AT2_high,NAPSA,5,0.8825244622481764,0.7051491492233406,0.9465165672130598,5,1.0,5
I-II,0,tumor-vs-all,Tumor LUAD_AT2_high,MGST1,5,0.8805344100123594,0.7703210990473025,0.9265563864544322,5,1.0,6
I-II,0,tumor-vs-all,Tumor LUAD_AT2_high,SFTPA1,5,0.876146256231762,0.7811533741149929,0.9447870103613715,5,1.0,7
I-II,0,tumor-vs-all,Tumor LUAD_AT2_high,SFTPA2,5,0.8721834453737195,0.7825300478361601,0.960719020793749,5,1.0,8
I-II,0,tumor-vs-all,Tumor LUAD_AT2_high,ELF3,5,0.871366961174963,0.7741990107089415,0.9188043189619665,5,1.0,9
I-II,0,tumor-vs-all,Tumor LUAD_AT2_high,SFTA2,5,0.8670931926517247,0.7100968362878665,0.9330419927867659,5,1.0,10
I-II,0,tumor-vs-all,Tumor LUAD_AT2_mitotic,SFTA2,7,0.742929620769269,0.6798590553574838,0.872085479372225,8,0.875,1
I-II,0,tumor-vs-all,Tumor LUAD_AT2_mitotic,KRT18,6,0.7624953621749339,0.6618841455391514,0.8498090841042526,8,0.75,2
I-II,0,tumor-vs-all,Tumor LUAD_AT2_mitotic,S100A13,6,0.7102638828419098,0.6755914178594553,0.8000395414148587,8,0.75,3
I-II,0,tumor-vs-all,Tumor LUAD_AT2_mitotic,CRABP2,5,0.8022079897760731,0.6710070553606404,0.8925540129906766,8,0.625,4
I-II,0,tumor-vs-all,Tumor LUAD_AT2_mitotic,TXNDC17,5,0.7762908872860251,0.673484681519319,0.8725071146142134,8,0.625,5
I-II,0,tumor-vs-all,Tumor LUAD_AT2_mitotic,S100A10,5,0.7741828881300972,0.6582830930664803,0.8709332621051042,8,0.625,6
I-II,0,tumor-vs-all,Tumor LUAD_AT2_mitotic,PPDPF,5,0.7716447510869602,0.6719893633145141,0.8307532011928991,8,0.625,7
I-II,0,tumor-vs-all,Tumor LUAD_AT2_mitotic,S100A6,5,0.7707506786130008,0.6630796011773451,0.8954315009692887,8,0.625,8
I-II,0,tumor-vs-all,Tumor LUAD_AT2_mitotic,MGST1,5,0.753574851919949,0.6813240760392616,0.849013183649254,8,0.625,9
I-II,0,tumor-vs-all,Tumor LUAD_AT2_mitotic,FTH1,5,0.7508861854707218,0.6738443165705688,0.7763734655314647,8,0.625,10
I-II,0,tumor-vs-all,Tumor LUAD_LUSC,KRT19,5,0.8048624447610149,0.7180020251622704,0.9328785161153988,6,0.8333333333333334,1
I-II,0,tumor-vs-all,Tumor LUAD_LUSC,PERP,4,0.8807544563920408,0.8457916968987297,0.898473949223042,6,0.6666666666666666,2
I-II,0,tumor-vs-all,Tumor LUAD_LUSC,KRT17,4,0.8696032187494275,0.6674451579896318,0.9959913791582485,6,0.6666666666666666,3
I-II,0,tumor-vs-all,Tumor LUAD_LUSC,SFN,4,0.8443393148857965,0.74085566083474,0.9044505161372653,6,0.6666666666666666,4
I-II,0,tumor-vs-all,Tumor LUAD_LUSC,S100A11,4,0.8167215233478586,0.7338171281958344,0.9545833298315372,6,0.6666666666666666,5
I-II,0,tumor-vs-all,Tumor LUAD_LUSC,C19orf33,4,0.7939128866730044,0.7515366754935136,0.8188927555541798,6,0.6666666666666666,6
I-II,0,tumor-vs-all,Tumor LUAD_LUSC,S100A16,4,0.7792490057208182,0.7455034782452026,0.8312049495243551,6,0.6666666666666666,7
I-II,0,tumor-vs-all,Tumor LUAD_LUSC,DSP,4,0.7542066101000545,0.691265231845596,0.8323304664034121,6,0.6666666666666666,8
I-II,0,tumor-vs-all,Tumor LUAD_LUSC,S100A10,4,0.7479162080174623,0.6900947835402305,0.8954398035328095,6,0.6666666666666666,9
I-II,0,tumor-vs-all,Tumor LUAD_LUSC,GSTP1,4,0.7409382595669165,0.6923978569641653,0.8200852803698518,6,0.6666666666666666,10
I-II,0,tumor-vs-all,Tumor LUAD_LUSC_mitotic,S100A2,2,0.83880430087936,0.8132034073077141,0.8644051944510059,2,1.0,1
I-II,0,tumor-vs-all,Tumor LUAD_LUSC_mitotic,KRT17,2,0.8109746270245917,0.7655678087022917,0.8563814453468916,2,1.0,2
I-II,0,tumor-vs-all,Tumor LUAD_LUSC_mitotic,KRT19,2,0.8041242220540163,0.7849831270780513,0.8232653170299815,2,1.0,3
I-II,0,tumor-vs-all,Tumor LUAD_LUSC_mitotic,SPINT2,2,0.7763096146610957,0.6873449042973633,0.8652743250248282,2,1.0,4
I-II,0,tumor-vs-all,Tumor LUAD_LUSC_mitotic,WFDC2,2,0.7547028743032697,0.7132378466152779,0.7961679019912614,2,1.0,5
I-II,0,tumor-vs-all,Tumor LUAD_LUSC_mitotic,FXYD3,2,0.7225823959278963,0.6747754793085429,0.7703893125472498,2,1.0,6
I-II,0,tumor-vs-all,Tumor LUAD_LUSC_mitotic,EHF,2,0.7095401059504356,0.6926156457157797,0.7264645661850916,2,1.0,7
I-II,0,tumor-vs-all,Tumor LUAD_LUSC_mitotic,IFI6,2,0.7079046339978889,0.6945907611834586,0.7212185068123194,2,1.0,8
I-II,0,tumor-vs-all,Tumor LUAD_LUSC_mitotic,IFITM1,2,0.707371099683135,0.6571876416952239,0.7575545576710462,2,1.0,9
I-II,0,tumor-vs-all,Tumor LUAD_LUSC_mitotic,SFN,2,0.7070280883844369,0.6859970581894028,0.7280591185794708,2,1.0,10
I-II,0,tumor-vs-all,Tumor LUAD_LUSC_mitotic_even,FXYD3,4,0.8608729255890302,0.6988842328399187,0.9674118598167701,4,1.0,1
I-II,0,tumor-vs-all,Tumor LUAD_LUSC_mitotic_even,MIF,4,0.8512384262187195,0.7617662871221946,0.9255798292237608,4,1.0,2
I-II,0,tumor-vs-all,Tumor LUAD_LUSC_mitotic_even,KRT19,4,0.8453166504634316,0.7896638994905834,0.9364266596596962,4,1.0,3
I-II,0,tumor-vs-all,Tumor LUAD_LUSC_mitotic_even,GSTP1,4,0.8362256075056034,0.7620247464450185,0.9457262591898636,4,1.0,4
I-II,0,tumor-vs-all,Tumor LUAD_LUSC_mitotic_even,IFI27,4,0.8327082086522145,0.7833512916850287,0.9302590250035294,4,1.0,5
I-II,0,tumor-vs-all,Tumor LUAD_LUSC_mitotic_even,SFN,4,0.8228565151061279,0.6584809344946678,0.9633770220156985,4,1.0,6
I-II,0,tumor-vs-all,Tumor LUAD_LUSC_mitotic_even,GAPDH,4,0.7949895252854232,0.7143209619158517,0.8856324599156067,4,1.0,7
I-II,0,tumor-vs-all,Tumor LUAD_LUSC_mitotic_even,S100A16,4,0.7933324923518634,0.6693915727975218,0.9259243054715248,4,1.0,8
I-II,0,tumor-vs-all,Tumor LUAD_LUSC_mitotic_even,TUBA1C,4,0.777674906808845,0.6647489171290973,0.8342697800627685,4,1.0,9
I-II,0,tumor-vs-all,Tumor LUAD_LUSC_mitotic_even,PTTG1,4,0.7673083804691613,0.7270622635205387,0.8431003067600391,4,1.0,10
I-II,0,tumor-vs-all,Tumor LUAD_mainly,EPCAM,7,0.910281577206585,0.8104212753370869,0.9785566626989217,7,1.0,1
I-II,0,tumor-vs-all,Tumor LUAD_mainly,KRT8,7,0.8789653503907344,0.7901387324498695,0.9653907865623855,7,1.0,2
I-II,0,tumor-vs-all,Tumor LUAD_mainly,SPINT2,7,0.8777263843240747,0.7676744801965096,0.9430467379562602,7,1.0,3
I-II,0,tumor-vs-all,Tumor LUAD_mainly,KRT18,7,0.8718491514955913,0.8089943524787666,0.9524778488884513,7,1.0,4
I-II,0,tumor-vs-all,Tumor LUAD_mainly,AGR2,7,0.8684362936958083,0.7848740250268004,0.9391091023490367,7,1.0,5
I-II,0,tumor-vs-all,Tumor LUAD_mainly,TACSTD2,7,0.8646106390351359,0.8270379761297441,0.9174745147909888,7,1.0,6
I-II,0,tumor-vs-all,Tumor LUAD_mainly,KRT19,7,0.8556340775928765,0.7883738895050204,0.9520269517562188,7,1.0,7
I-II,0,tumor-vs-all,Tumor LUAD_mainly,MDK,7,0.8547533523839583,0.7407725574497475,0.9363644958555228,7,1.0,8
I-II,0,tumor-vs-all,Tumor LUAD_mainly,S100A16,7,0.848283239689903,0.72239467254513,0.9563997996786829,7,1.0,9
I-II,0,tumor-vs-all,Tumor LUAD_mainly,ATP1B1,7,0.8482408266962909,0.7178648026881277,0.9348147342068721,7,1.0,10
I-II,0,tumor-vs-all,Tumor LUAD_mainly_AT2_low,NEAT1,10,0.7833821921490352,0.6540670805901676,0.8882553807750532,10,1.0,1
I-II,0,tumor-vs-all,Tumor LUAD_mainly_AT2_low,ELF3,8,0.7773549423269276,0.7140941092933698,0.87104120239383,10,0.8,2
I-II,0,tumor-vs-all,Tumor LUAD_mainly_AT2_low,WSB1,6,0.7572284038244187,0.663214210418944,0.9142932729629654,10,0.6,3
I-II,0,tumor-vs-all,Tumor LUAD_mainly_AT2_low,ABCC3,6,0.7143800782065236,0.6783969778443896,0.7716033758427288,10,0.6,4
I-II,0,tumor-vs-all,Tumor LUAD_mainly_AT2_low,XIST,5,0.7445680820000169,0.6850796478921609,0.8401425901048554,10,0.5,5
I-II,0,tumor-vs-all,Tumor LUAD_mainly_AT2_low,CEACAM6,5,0.7189987711963414,0.652372051291309,0.7963097884642429,10,0.5,6
I-II,0,tumor-vs-all,Tumor LUAD_mainly_AT2_low,VEGFA,5,0.7156901190824894,0.6631016168885552,0.7553103923357067,10,0.5,7
I-II,0,tumor-vs-all,Tumor LUAD_mainly_AT2_low,NAPSA,4,0.7710072257615765,0.6950857765787188,0.8931001750869753,10,0.4,8
I-II,0,tumor-vs-all,Tumor LUAD_mainly_AT2_low,VMP1,4,0.7482424676044578,0.6539273778306084,0.8590089930525512,10,0.4,9
I-II,0,tumor-vs-all,Tumor LUAD_mainly_AT2_low,ANKRD36C,4,0.7421180703955674,0.6513198156518512,0.8583195852008757,10,0.4,10
I-II,0,tumor-vs-all,Tumor LUAD_mainly_AT2_mitotic,EPCAM,10,0.8720764599924751,0.7270438496791835,0.9651212634440325,10,1.0,1
I-II,0,tumor-vs-all,Tumor LUAD_mainly_AT2_mitotic,MGST1,10,0.8691783254928375,0.7074116350484759,0.939733308618053,10,1.0,2
I-II,0,tumor-vs-all,Tumor LUAD_mainly_AT2_mitotic,MAL2,10,0.8666606673764387,0.7573294134338325,0.9548746131187884,10,1.0,3
I-II,0,tumor-vs-all,Tumor LUAD_mainly_AT2_mitotic,KRT8,10,0.856674685428844,0.7593953899500722,0.9481830136274216,10,1.0,4
I-II,0,tumor-vs-all,Tumor LUAD_mainly_AT2_mitotic,KRT7,10,0.8536553479159057,0.7160285347919586,0.9686262684703543,10,1.0,5
I-II,0,tumor-vs-all,Tumor LUAD_mainly_AT2_mitotic,KRT19,10,0.8536173641431594,0.7196039291511261,0.9550234619172959,10,1.0,6
I-II,0,tumor-vs-all,Tumor LUAD_mainly_AT2_mitotic,SFTA2,10,0.8529742643369171,0.721194678058991,0.9192481216249162,10,1.0,7
I-II,0,tumor-vs-all,Tumor LUAD_mainly_AT2_mitotic,CLDN4,10,0.8510798513710173,0.7559240686447278,0.9302695116743831,10,1.0,8
I-II,0,tumor-vs-all,Tumor LUAD_mainly_AT2_mitotic,KRT18,10,0.8498671861971895,0.7427337904240116,0.9508705761763437,10,1.0,9
I-II,0,tumor-vs-all,Tumor LUAD_mainly_AT2_mitotic,NAPSA,10,0.8466650117215035,0.7813192239933104,0.9103711360372142,10,1.0,10
I-II,0,tumor-vs-all,Tumor LUAD_mitotic,CD24,7,0.7425645627568552,0.6552682626223892,0.9006250174665827,8,0.875,1
I-II,0,tumor-vs-all,Tumor LUAD_mitotic,IFI27,6,0.8183667984039781,0.7675215955774592,0.9295194363709257,8,0.75,2
I-II,0,tumor-vs-all,Tumor LUAD_mitotic,TACSTD2,6,0.7815007901694697,0.6618263764769186,0.8970925647645385,8,0.75,3
I-II,0,tumor-vs-all,Tumor LUAD_mitotic,SFN,6,0.764808909500772,0.7039810696775661,0.85991423668595,8,0.75,4
I-II,0,tumor-vs-all,Tumor LUAD_mitotic,EPCAM,6,0.7643710768148025,0.6804346878495983,0.8707957984026147,8,0.75,5
I-II,0,tumor-vs-all,Tumor LUAD_mitotic,S100A16,6,0.7489720552011598,0.678252593122019,0.8705492984137326,8,0.75,6
I-II,0,tumor-vs-all,Tumor LUAD_mitotic,SPINT2,6,0.7319339295859842,0.6605772860047581,0.8766974961590673,8,0.75,7
I-II,0,tumor-vs-all,Tumor LUAD_mitotic,KRT7,5,0.8187310360478068,0.7405545559613074,0.9445945612603994,8,0.625,8
I-II,0,tumor-vs-all,Tumor LUAD_mitotic,KRT18,5,0.8172586803930313,0.6737418201272938,0.9531088474537145,8,0.625,9
I-II,0,tumor-vs-all,Tumor LUAD_mitotic,S100A6,5,0.8138264487643363,0.675499945529879,0.9215832547240457,8,0.625,10
I-II,1,normal-vs-normal,B cell,MS4A1,5,0.9431752873566058,0.8895083599099772,0.9843750039691332,5,1.0,1
I-II,1,normal-vs-normal,B cell,BANK1,5,0.8956076651121544,0.8328303874547169,0.9759415149499857,5,1.0,2
I-II,1,normal-vs-normal,B cell,CD79A,5,0.8954597656161098,0.8436001978127797,0.9370046632780027,5,1.0,3
I-II,1,normal-vs-normal,B cell,TNFRSF13C,5,0.8106202673082438,0.7476222847563663,0.8617564479038761,5,1.0,4
I-II,1,normal-vs-normal,B cell,CD37,5,0.7920517127383223,0.6507926321742772,0.8569690224516963,5,1.0,5
I-II,1,normal-vs-normal,B cell,LTB,5,0.7838872772156436,0.7028191752872712,0.8694956573255399,5,1.0,6
I-II,1,normal-vs-normal,B cell,RALGPS2,5,0.7647197854651001,0.7191123268408927,0.8690325691498071,5,1.0,7
I-II,1,normal-vs-normal,B cell,IGKC,5,0.7518230587053907,0.669330652900799,0.8513441709814606,5,1.0,8
I-II,1,normal-vs-normal,B cell,VPREB3,5,0.7455054570185732,0.7029008770253761,0.7971238415905998,5,1.0,9
I-II,1,normal-vs-normal,B cell,IGHM,5,0.7223940202222872,0.663757563000805,0.8096990833346384,5,1.0,10
I-II,1,normal-vs-normal,B cell dividing,HMGB2,3,0.9597536778739748,0.9331427370653489,0.9738222663073506,3,1.0,1
I-II,1,normal-vs-normal,B cell dividing,CD79A,3,0.9523234208821277,0.9271205916678839,0.9677585235446169,3,1.0,2
I-II,1,normal-vs-normal,B cell dividing,MS4A1,3,0.9505487114476483,0.8898128738909699,0.9970629204591178,3,1.0,3
I-II,1,normal-vs-normal,B cell dividing,NUSAP1,3,0.9421238187714778,0.9035701838615096,0.9662675644587969,3,1.0,4
I-II,1,normal-vs-normal,B cell dividing,SMC4,3,0.9396300840245243,0.8711595826486359,0.984805957685789,3,1.0,5
I-II,1,normal-vs-normal,B cell dividing,HMGN2,3,0.9371323172262067,0.9117240270250414,0.9757694824395897,3,1.0,6
I-II,1,normal-vs-normal,B cell dividing,HNRNPD,3,0.9370157764253269,0.8699838379872508,0.9874659160432394,3,1.0,7
I-II,1,normal-vs-normal,B cell dividing,MKI67,3,0.936162108029802,0.87211989762812,0.9693946004513245,3,1.0,8
I-II,1,normal-vs-normal,B cell dividing,STMN1,3,0.9343295478799664,0.8989450535677097,0.9754632424114479,3,1.0,9
I-II,1,normal-vs-normal,B cell dividing,MEF2C,3,0.933874457055575,0.8841871601757255,0.9615562607233336,3,1.0,10
I-II,1,normal-vs-normal,DC mature,BIRC3,5,0.9566100411433046,0.8793827298018045,0.9955457547168356,5,1.0,1
I-II,1,normal-vs-normal,DC mature,CD83,5,0.9194537456397223,0.8339468140965964,0.9939171277922512,5,1.0,2
I-II,1,normal-vs-normal,DC mature,IDO1,5,0.9179663186616656,0.8312245331917237,0.9954983481767974,5,1.0,3
I-II,1,normal-vs-normal,DC mature,TXN,5,0.9173349488956625,0.7822286842013486,0.9986152357353802,5,1.0,4
I-II,1,normal-vs-normal,DC mature,LAMP3,5,0.9101666925864809,0.7764159293825598,0.998214095569667,5,1.0,5
I-II,1,normal-vs-normal,DC mature,FSCN1,5,0.9092393513972844,0.8580357970895633,0.9875686504876965,5,1.0,6
I-II,1,normal-vs-normal,DC mature,GPR157,5,0.9085532001590014,0.7807161955730982,0.9955287369814687,5,1.0,7
I-II,1,normal-vs-normal,DC mature,BASP1,5,0.9071099369247145,0.7693897310172622,0.9861985994648409,5,1.0,8
I-II,1,normal-vs-normal,DC mature,LSP1,5,0.8954956265689878,0.7791969804037462,0.9435422163308801,5,1.0,9
I-II,1,normal-vs-normal,DC mature,CSF2RA,5,0.8945550507917165,0.7689791973183006,0.9700888576259215,5,1.0,10
I-II,1,normal-vs-normal,Endothelial cell arterial,EPAS1,1,0.945577328253438,0.945577328253438,0.945577328253438,1,1.0,1
I-II,1,normal-vs-normal,Endothelial cell arterial,CALCRL,1,0.9452201170088477,0.9452201170088477,0.9452201170088477,1,1.0,2
I-II,1,normal-vs-normal,Endothelial cell arterial,RAMP2,1,0.9438617366043095,0.9438617366043095,0.9438617366043095,1,1.0,3
I-II,1,normal-vs-normal,Endothelial cell arterial,RNASE1,1,0.9384465782571859,0.9384465782571859,0.9384465782571859,1,1.0,4
I-II,1,normal-vs-normal,Endothelial cell arterial,LDB2,1,0.9365971419795913,0.9365971419795913,0.9365971419795913,1,1.0,5
I-II,1,normal-vs-normal,Endothelial cell arterial,CLDN5,1,0.9361044279964408,0.9361044279964408,0.9361044279964408,1,1.0,6
I-II,1,normal-vs-normal,Endothelial cell arterial,AQP1,1,0.9349446384621299,0.9349446384621299,0.9349446384621299,1,1.0,7
I-II,1,normal-vs-normal,Endothelial cell arterial,PCAT19,1,0.9320362708169184,0.9320362708169184,0.9320362708169184,1,1.0,8
I-II,1,normal-vs-normal,Endothelial cell arterial,TNFSF10,1,0.9286469064036519,0.9286469064036519,0.9286469064036519,1,1.0,9
I-II,1,normal-vs-normal,Endothelial cell arterial,IL33,1,0.9283367719547599,0.9283367719547599,0.9283367719547599,1,1.0,10
I-II,1,normal-vs-normal,Endothelial cell capillary,RAMP2,1,0.8948203856964992,0.8948203856964992,0.8948203856964992,1,1.0,1
I-II,1,normal-vs-normal,Endothelial cell capillary,ADGRL2,1,0.8815780819671631,0.8815780819671631,0.8815780819671631,1,1.0,2
I-II,1,normal-vs-normal,Endothelial cell capillary,CLDN5,1,0.8725095763511868,0.8725095763511868,0.8725095763511868,1,1.0,3
I-II,1,normal-vs-normal,Endothelial cell capillary,IFI27,1,0.8575220705813473,0.8575220705813473,0.8575220705813473,1,1.0,4
I-II,1,normal-vs-normal,Endothelial cell capillary,STXBP6,1,0.8554699717003363,0.8554699717003363,0.8554699717003363,1,1.0,5
I-II,1,normal-vs-normal,Endothelial cell capillary,AQP1,1,0.8537658031214461,0.8537658031214461,0.8537658031214461,1,1.0,6
I-II,1,normal-vs-normal,Endothelial cell capillary,HPGD,1,0.8531246874414857,0.8531246874414857,0.8531246874414857,1,1.0,7
I-II,1,normal-vs-normal,Endothelial cell capillary,PECAM1,1,0.8513665912710997,0.8513665912710997,0.8513665912710997,1,1.0,8
I-II,1,normal-vs-normal,Endothelial cell capillary,EPAS1,1,0.851114868512223,0.851114868512223,0.851114868512223,1,1.0,9
I-II,1,normal-vs-normal,Endothelial cell capillary,EGFL7,1,0.8510972673657208,0.8510972673657208,0.8510972673657208,1,1.0,10
I-II,1,normal-vs-normal,Endothelial cell lymphatic,CCL21,2,0.9915956294577786,0.9831912610917577,0.9999999978237996,2,1.0,1
I-II,1,normal-vs-normal,Endothelial cell lymphatic,TFF3,2,0.9858776826498492,0.9718846124259625,0.9998707528737361,2,1.0,2
I-II,1,normal-vs-normal,Endothelial cell lymphatic,PROX1,2,0.9680598255965851,0.9361619213490544,0.9999577298441158,2,1.0,3
I-II,1,normal-vs-normal,Endothelial cell lymphatic,GNG11,2,0.9659427104509384,0.9575933667031548,0.974292054198722,2,1.0,4
I-II,1,normal-vs-normal,Endothelial cell lymphatic,TBX1,2,0.9653132248135778,0.9310684418861823,0.9995580077409734,2,1.0,5
I-II,1,normal-vs-normal,Endothelial cell lymphatic,EGFL7,2,0.9504609426915196,0.908623692772959,0.9922981926100801,2,1.0,6
I-II,1,normal-vs-normal,Endothelial cell lymphatic,PPFIBP1,2,0.9382945352495503,0.9276213757358054,0.9489676947632952,2,1.0,7
I-II,1,normal-vs-normal,Endothelial cell lymphatic,CALCRL,2,0.9299778105884476,0.8780532805164066,0.9819023406604886,2,1.0,8
I-II,1,normal-vs-normal,Endothelial cell lymphatic,NR2F2,2,0.9022907367230025,0.8596979966728475,0.9448834767731575,2,1.0,9
I-II,1,normal-vs-normal,Endothelial cell lymphatic,NFIB,2,0.90185742218439,0.8443621166346655,0.9593527277341145,2,1.0,10
I-II,1,normal-vs-normal,Endothelial cell venous,VWF,4,0.9165441479941783,0.8643817213875966,0.9999360084328662,4,1.0,1
I-II,1,normal-vs-normal,Endothelial cell venous,AQP1,4,0.906674587565106,0.8452355834096971,0.9568717949789474,4,1.0,2
I-II,1,normal-vs-normal,Endothelial cell venous,SPARCL1,4,0.9056765404349323,0.8457433660891525,0.9689088941221942,4,1.0,3
I-II,1,normal-vs-normal,Endothelial cell venous,PECAM1,4,0.9029937430891843,0.8236706472049022,0.9842036702506854,4,1.0,4
I-II,1,normal-vs-normal,Endothelial cell venous,EPAS1,4,0.9029374951649867,0.8232053104328102,0.9730688204151173,4,1.0,5
I-II,1,normal-vs-normal,Endothelial cell venous,ADGRL4,4,0.9001808957755834,0.8404678356195923,0.9999999955852222,4,1.0,6
I-II,1,normal-vs-normal,Endothelial cell venous,RAMP2,4,0.8898212804815356,0.802166519995764,0.988840946503245,4,1.0,7
I-II,1,normal-vs-normal,Endothelial cell venous,HSPG2,4,0.8895697699390657,0.7897871967878806,0.9965706956379492,4,1.0,8
I-II,1,normal-vs-normal,Endothelial cell venous,CLEC14A,4,0.8886996072968845,0.8085904543142299,0.9658871959668817,4,1.0,9
I-II,1,normal-vs-normal,Endothelial cell venous,CALCRL,4,0.8876082846878591,0.8477464202967909,0.9256472602010726,4,1.0,10
I-II,1,normal-vs-normal,Fibroblast adventitial,DCN,2,0.9704526073952688,0.9687037070034775,0.9722015077870603,2,1.0,1
I-II,1,normal-vs-normal,Fibroblast adventitial,FBLN1,2,0.9655790915832774,0.9470378098662806,0.984120373300274,2,1.0,2
I-II,1,normal-vs-normal,Fibroblast adventitial,CCDC80,2,0.962113981014023,0.9414964782162437,0.9827314838118023,2,1.0,3
I-II,1,normal-vs-normal,Fibroblast adventitial,MGP,2,0.9493290197558983,0.9360191481004162,0.9626388914113805,2,1.0,4
I-II,1,normal-vs-normal,Fibroblast adventitial,C1R,2,0.9376730160841336,0.9292349173077318,0.9461111148605355,2,1.0,5
I-II,1,normal-vs-normal,Fibroblast adventitial,C1S,2,0.9360414083818608,0.9251846650359415,0.94689815172778,2,1.0,6
I-II,1,normal-vs-normal,Fibroblast adventitial,SELENOP,2,0.9325153501796908,0.8807168697413783,0.9843138306180033,2,1.0,7
I-II,1,normal-vs-normal,Fibroblast adventitial,EFEMP1,2,0.9266876023175291,0.8663381635485146,0.9870370410865437,2,1.0,8
I-II,1,normal-vs-normal,Fibroblast adventitial,ABCA8,2,0.9251365280521651,0.8593203401682284,0.9909527159361018,2,1.0,9
I-II,1,normal-vs-normal,Fibroblast adventitial,COL6A2,2,0.915967788641904,0.8753248335889461,0.956610743694862,2,1.0,10
I-II,1,normal-vs-normal,Fibroblast alveolar,DCN,2,0.9732097566749958,0.9538824293595377,0.9925370839904537,2,1.0,1
I-II,1,normal-vs-normal,Fibroblast alveolar,LUM,2,0.971713534008317,0.9535324317611872,0.9898946362554467,2,1.0,2
I-II,1,normal-vs-normal,Fibroblast alveolar,MGP,2,0.956458417714414,0.9332472350844004,0.9796696003444276,2,1.0,3
I-II,1,normal-vs-normal,Fibroblast alveolar,A2M,2,0.9535169708770217,0.9435808307250427,0.9634531110290008,2,1.0,4
I-II,1,normal-vs-normal,Fibroblast alveolar,C1S,2,0.947402625951876,0.9095873111423152,0.9852179407614367,2,1.0,5
I-II,1,normal-vs-normal,Fibroblast alveolar,RARRES2,2,0.9455386837221356,0.9001807510907587,0.9908966163535123,2,1.0,6
I-II,1,normal-vs-normal,Fibroblast alveolar,FBLN1,2,0.9406922867122685,0.9260620404108892,0.9553225330136476,2,1.0,7
I-II,1,normal-vs-normal,Fibroblast alveolar,COL6A3,2,0.935671497461376,0.9047139486198709,0.9666290463028813,2,1.0,8
I-II,1,normal-vs-normal,Fibroblast alveolar,COL1A2,2,0.9305470795156136,0.901966627043638,0.9591275319875892,2,1.0,9
I-II,1,normal-vs-normal,Fibroblast alveolar,C1R,2,0.9300069023536481,0.8848842094354835,0.9751295952718129,2,1.0,10
I-II,1,normal-vs-normal,Fibroblast peribronchial,COL3A1,4,0.9817141252840333,0.9668401197781039,0.9962871577615913,4,1.0,1
I-II,1,normal-vs-normal,Fibroblast peribronchial,COL1A1,4,0.9813402857913095,0.9594435522095495,0.9961805543271104,4,1.0,2
I-II,1,normal-vs-normal,Fibroblast peribronchial,COL1A2,4,0.9776891090719508,0.9655161096008259,0.9898148133885822,4,1.0,3
I-II,1,normal-vs-normal,Fibroblast peribronchial,COL6A3,4,0.9688929085445228,0.9494998254259335,0.9892350772424414,4,1.0,4
I-II,1,normal-vs-normal,Fibroblast peribronchial,LUM,4,0.9665901664649161,0.9418363862909336,0.9988425912497103,4,1.0,5
I-II,1,normal-vs-normal,Fibroblast peribronchial,DCN,4,0.9623513787004121,0.9366260413855463,0.9928962783053479,4,1.0,6
I-II,1,normal-vs-normal,Fibroblast peribronchial,COL5A2,4,0.9534758605422946,0.9193243980275112,0.9809219241302538,4,1.0,7
I-II,1,normal-vs-normal,Fibroblast peribronchial,SPARC,4,0.943361166331022,0.9186557072890765,0.9698864914754026,4,1.0,8
I-II,1,normal-vs-normal,Fibroblast peribronchial,BGN,4,0.9396570481582202,0.9138618125967128,0.9912887785130954,4,1.0,9
I-II,1,normal-vs-normal,Fibroblast peribronchial,COL5A1,4,0.9362322332832975,0.852674597086469,0.984615898448372,4,1.0,10
I-II,1,normal-vs-normal,Macrophage,FTL,5,0.9406785726862136,0.8554650292335368,0.973843984996352,5,1.0,1
I-II,1,normal-vs-normal,Macrophage,CTSB,5,0.9372931932671165,0.8905143406221049,0.9710342484679862,5,1.0,2
I-II,1,normal-vs-normal,Macrophage,CD68,5,0.9144568646881354,0.8500791328384247,0.9479944164535418,5,1.0,3
I-II,1,normal-vs-normal,Macrophage,APOC1,5,0.9091567512375484,0.832540037966558,0.9616161716604009,5,1.0,4
I-II,1,normal-vs-normal,Macrophage,GPNMB,5,0.9070359057034307,0.8561079663937301,0.9424744119480666,5,1.0,5
I-II,1,normal-vs-normal,Macrophage,PSAP,5,0.9064260401526033,0.8568146679792963,0.9408372849870871,5,1.0,6
I-II,1,normal-vs-normal,Macrophage,CTSD,5,0.9056581786401703,0.8534317888725278,0.9488848566752045,5,1.0,7
I-II,1,normal-vs-normal,Macrophage,GLUL,5,0.9022271702007387,0.8389862192089276,0.9428070733045415,5,1.0,8
I-II,1,normal-vs-normal,Macrophage,NPC2,5,0.8979834647927033,0.8381642778681074,0.9360360174748429,5,1.0,9
I-II,1,normal-vs-normal,Macrophage,TYROBP,5,0.8958233023859465,0.7893355002908715,0.9465805520111182,5,1.0,10
I-II,1,normal-vs-normal,Macrophage alveolar,APOC1,5,0.9068228376380929,0.8555093699395958,0.9622099997084188,5,1.0,1
I-II,1,normal-vs-normal,Macrophage alveolar,C1QB,5,0.8988850060773748,0.8486522876684396,0.9531389470342665,5,1.0,2
I-II,1,normal-vs-normal,Macrophage alveolar,FTL,5,0.890956466973892,0.828532414182139,0.948350530500571,5,1.0,3
I-II,1,normal-vs-normal,Macrophage alveolar,C1QA,5,0.8798829821017495,0.7998258880847843,0.9546184138313889,5,1.0,4
I-II,1,normal-vs-normal,Macrophage alveolar,LYZ,5,0.8761861981505537,0.8311153168430474,0.9457881910882661,5,1.0,5
I-II,1,normal-vs-normal,Macrophage alveolar,FABP4,5,0.8630932368997222,0.8365895348137667,0.9238944667290385,5,1.0,6
I-II,1,normal-vs-normal,Macrophage alveolar,C1QC,5,0.8626041551900372,0.7029228512174152,0.9295742572986051,5,1.0,7
I-II,1,normal-vs-normal,Macrophage alveolar,MRC1,5,0.8589420004579271,0.7402215893377764,0.9573462745236986,5,1.0,8
I-II,1,normal-vs-normal,Macrophage alveolar,SERPINA1,5,0.8555121631218304,0.7201873275453825,0.9416637146667721,5,1.0,9
I-II,1,normal-vs-normal,Macrophage alveolar,CTSD,5,0.853241689308093,0.7748521712190773,0.9533320052773525,5,1.0,10
I-II,1,normal-vs-normal,Mast cell,CPA3,4,0.9870542005884644,0.9642061196444338,0.9999956128185357,4,1.0,1
I-II,1,normal-vs-normal,Mast cell,TPSAB1,4,0.9817415577303829,0.9505756081665246,0.9999999983827549,4,1.0,2
I-II,1,normal-vs-normal,Mast cell,TPSB2,4,0.9773450447857115,0.9548653776560572,0.9999191740241022,4,1.0,3
I-II,1,normal-vs-normal,Mast cell,MS4A2,4,0.9706264284620423,0.9362674593683212,0.9958284334928804,4,1.0,4
I-II,1,normal-vs-normal,Mast cell,HPGDS,4,0.944767617327899,0.8598443485127487,0.9811373639174615,4,1.0,5
I-II,1,normal-vs-normal,Mast cell,GATA2,4,0.9301538768841231,0.8496707220383098,0.9747803359852829,4,1.0,6
I-II,1,normal-vs-normal,Mast cell,SLC18A2,4,0.9296468456592238,0.8503397886953318,0.9913109822436539,4,1.0,7
I-II,1,normal-vs-normal,Mast cell,KIT,4,0.9284671673327506,0.8140066085295781,0.9916797022736852,4,1.0,8
I-II,1,normal-vs-normal,Mast cell,VWA5A,4,0.9152589157906343,0.788377231752763,0.9953735170497026,4,1.0,9
I-II,1,normal-vs-normal,Mast cell,IL1RL1,4,0.8794435604975424,0.8014313883947387,0.9692613757121445,4,1.0,10
I-II,1,normal-vs-normal,Mesothelial,CFH,3,0.9741392814469904,0.957130443456824,0.9915308451787952,3,1.0,1
I-II,1,normal-vs-normal,Mesothelial,C1R,3,0.964091493128339,0.9435492431524235,0.9950617254793394,3,1.0,2
I-II,1,normal-vs-normal,Mesothelial,SERPING1,3,0.9447912811318538,0.910438922353235,0.9887377705404534,3,1.0,3
I-II,1,normal-vs-normal,Mesothelial,PRG4,3,0.9436930853192722,0.8310792568347679,1.0000000013628847,3,1.0,4
I-II,1,normal-vs-normal,Mesothelial,CALB2,3,0.9408950145717837,0.8295429675056554,0.9999999977601641,3,1.0,5
I-II,1,normal-vs-normal,Mesothelial,TFPI2,3,0.9397691009502874,0.8270850815605508,0.9999999977601641,3,1.0,6
I-II,1,normal-vs-normal,Mesothelial,TIMP1,3,0.9393631145021922,0.9186962011543375,0.9763055251779185,3,1.0,7
I-II,1,normal-vs-normal,Mesothelial,HP,3,0.9385554811120681,0.8293659059544884,0.9999999977601641,3,1.0,8
I-II,1,normal-vs-normal,Mesothelial,BCHE,3,0.9380585355459644,0.8243299289377201,0.9984567887503603,3,1.0,9
I-II,1,normal-vs-normal,Mesothelial,OGN,3,0.9379957552675391,0.8150983779254642,0.9999999977601641,3,1.0,10
I-II,1,normal-vs-normal,Monocyte classical,NAMPT,5,0.7905456032516205,0.6618160049899068,0.8413974902070183,5,1.0,1
I-II,1,normal-vs-normal,Monocyte classical,S100A8,5,0.7582000730599517,0.6715685011258357,0.8747143935972878,5,1.0,2
I-II,1,normal-vs-normal,Monocyte classical,S100A9,5,0.749243147243982,0.7147131659498043,0.7685157637231818,5,1.0,3
I-II,1,normal-vs-normal,Monocyte classical,LYZ,4,0.8325139271805575,0.7867808954189099,0.8726307996512622,5,0.8,4
I-II,1,normal-vs-normal,Monocyte classical,CXCL8,4,0.8047320139516339,0.7051191539806778,0.8764865136156907,5,0.8,5
I-II,1,normal-vs-normal,Monocyte classical,FCN1,4,0.795104114159625,0.7324492883393441,0.8888522845872082,5,0.8,6
I-II,1,normal-vs-normal,Monocyte classical,C5AR1,4,0.7892624728256923,0.65029117003617,0.8530755422210557,5,0.8,7
I-II,1,normal-vs-normal,Monocyte classical,FPR1,4,0.7804401064995958,0.690996213037083,0.8303532231283149,5,0.8,8
I-II,1,normal-vs-normal,Monocyte classical,SOD2,4,0.7802961349161993,0.6817701001053841,0.8566793146436262,5,0.8,9
I-II,1,normal-vs-normal,Monocyte classical,NLRP3,4,0.7747429847880621,0.7159911753265629,0.8385429671022671,5,0.8,10
I-II,1,normal-vs-normal,Monocyte non-classical,FCGR3A,2,0.9600921386459728,0.9474101227684665,0.972774154523479,2,1.0,1
I-II,1,normal-vs-normal,Monocyte non-classical,LILRB2,2,0.957792463279117,0.9545551979039596,0.9610297286542744,2,1.0,2
I-II,1,normal-vs-normal,Monocyte non-classical,LST1,2,0.945221199544622,0.9052203480518863,0.9852220510373577,2,1.0,3
I-II,1,normal-vs-normal,Monocyte non-classical,CTSS,2,0.9434671524973028,0.9365632311597134,0.9503710738348923,2,1.0,4
I-II,1,normal-vs-normal,Monocyte non-classical,SERPINA1,2,0.9342811138275596,0.918417821948895,0.9501444057062243,2,1.0,5
I-II,1,normal-vs-normal,Monocyte non-classical,LILRA5,2,0.9332558816519397,0.9205547853399126,0.9459569779639668,2,1.0,6
I-II,1,normal-vs-normal,Monocyte non-classical,AIF1,2,0.9299010377696703,0.9142076965124876,0.945594379026853,2,1.0,7
I-II,1,normal-vs-normal,Monocyte non-classical,PILRA,2,0.9154048749656043,0.8689950180065679,0.9618147319246406,2,1.0,8
I-II,1,normal-vs-normal,Monocyte non-classical,C5AR1,2,0.9152153838274961,0.9065690752204916,0.9238616924345008,2,1.0,9
I-II,1,normal-vs-normal,Monocyte non-classical,FCER1G,2,0.9136606225974122,0.8896924579543202,0.9376287872405042,2,1.0,10
I-II,1,normal-vs-normal,NK cell,NKG7,4,0.9167724136337523,0.8603804323483212,0.9422768263663152,4,1.0,1
I-II,1,normal-vs-normal,NK cell,KLRD1,4,0.8984975347213036,0.8441743181631265,0.9207692970278905,4,1.0,2
I-II,1,normal-vs-normal,NK cell,GNLY,4,0.8927993885616922,0.846242547887057,0.9289595206424853,4,1.0,3
I-II,1,normal-vs-normal,NK cell,PRF1,4,0.8917025232076053,0.8789709752915955,0.9111559918414104,4,1.0,4
I-II,1,normal-vs-normal,NK cell,GZMB,4,0.8417633601732908,0.7684832048295207,0.8811055454201677,4,1.0,5
I-II,1,normal-vs-normal,NK cell,CTSW,4,0.8373106364245113,0.8099362885892252,0.8649105935522812,4,1.0,6
I-II,1,normal-vs-normal,NK cell,CCL5,4,0.836377251520437,0.8250366383292708,0.8538330658963331,4,1.0,7
I-II,1,normal-vs-normal,NK cell,GZMA,4,0.8359120097893247,0.8288443779880583,0.8407776389150131,4,1.0,8
I-II,1,normal-vs-normal,NK cell,KLRF1,4,0.834530864126648,0.756489210046514,0.8742640493758806,4,1.0,9
I-II,1,normal-vs-normal,NK cell,FGFBP2,4,0.8245036570098753,0.6917385671886733,0.9102478795977963,4,1.0,10
I-II,1,normal-vs-normal,NK cell dividing,TRDC,2,0.9656728185788034,0.9407282748854809,0.9906173622721258,2,1.0,1
I-II,1,normal-vs-normal,NK cell dividing,NKG7,2,0.945202214948552,0.9264964882124264,0.9639079416846777,2,1.0,2
I-II,1,normal-vs-normal,NK cell dividing,GZMA,2,0.9323561338775053,0.8947367369661561,0.9699755307888543,2,1.0,3
I-II,1,normal-vs-normal,NK cell dividing,KLRD1,2,0.9314134303204455,0.9306257280463548,0.9322011325945362,2,1.0,4
I-II,1,normal-vs-normal,NK cell dividing,STMN1,2,0.9124601445710643,0.9064106061079108,0.9185096830342179,2,1.0,5
I-II,1,normal-vs-normal,NK cell dividing,HOPX,2,0.9117030886328361,0.842906188949564,0.9804999883161081,2,1.0,6
I-II,1,normal-vs-normal,NK cell dividing,CCL5,2,0.9107710874610091,0.8544264246562612,0.967115750265757,2,1.0,7
I-II,1,normal-vs-normal,NK cell dividing,CCL4,2,0.9012657943941449,0.8468768017656259,0.9556547870226638,2,1.0,8
I-II,1,normal-vs-normal,NK cell dividing,CD96,2,0.8926215319044861,0.8674867003370147,0.9177563634719575,2,1.0,9
I-II,1,normal-vs-normal,NK cell dividing,CTSW,2,0.8914342292277568,0.8478519615455903,0.9350164969099235,2,1.0,10
I-II,1,normal-vs-normal,Neutrophils,CXCL8,4,0.943263628527749,0.8865394546587669,0.9750622617583966,4,1.0,1
I-II,1,normal-vs-normal,Neutrophils,G0S2,4,0.9316803557414813,0.8857204913037816,0.9720454436183581,4,1.0,2
I-II,1,normal-vs-normal,Neutrophils,NAMPT,4,0.8640713506747963,0.8172220159503706,0.9406948836628457,4,1.0,3
I-II,1,normal-vs-normal,Neutrophils,CSF3R,4,0.8473294898586972,0.7950407450560957,0.9325553287229332,4,1.0,4
I-II,1,normal-vs-normal,Neutrophils,FCGR3B,4,0.8423282108632988,0.7632318706046041,0.8953302958361239,4,1.0,5
I-II,1,normal-vs-normal,Neutrophils,BCL2A1,4,0.8225470972766784,0.7587278530524058,0.859300429501838,4,1.0,6
I-II,1,normal-vs-normal,Neutrophils,SOD2,4,0.810253583123013,0.7409537349359664,0.8736362569724968,4,1.0,7
I-II,1,normal-vs-normal,Neutrophils,S100A8,4,0.7928215868640788,0.6509459372292407,0.9082971748528232,4,1.0,8
I-II,1,normal-vs-normal,Neutrophils,AQP9,4,0.7809031934893966,0.7082620827721081,0.886986520016894,4,1.0,9
I-II,1,normal-vs-normal,Neutrophils,TREM1,4,0.7606206473864002,0.6646475774739234,0.8401510406349295,4,1.0,10
I-II,1,normal-vs-normal,Pericyte,LHFPL6,4,0.9817455684430818,0.9479719584007724,0.9993521075905556,4,1.0,1
I-II,1,normal-vs-normal,Pericyte,PDGFRB,4,0.9790595274370655,0.9459580131419124,0.9970486112363848,4,1.0,2
I-II,1,normal-vs-normal,Pericyte,NOTCH3,4,0.9784429850445595,0.9520008908647044,0.999588481179236,4,1.0,3
I-II,1,normal-vs-normal,Pericyte,COL4A1,4,0.9707753721120927,0.9251461547575168,0.9934744308627884,4,1.0,4
I-II,1,normal-vs-normal,Pericyte,COL4A2,4,0.9687064034156998,0.9347037027718835,0.9946502084210239,4,1.0,5
I-II,1,normal-vs-normal,Pericyte,IGFBP7,4,0.9687014221525742,0.9331400261310745,0.9814672448174009,4,1.0,6
I-II,1,normal-vs-normal,Pericyte,CALD1,4,0.9672667922664162,0.9367139047915636,0.982638889420658,4,1.0,7
I-II,1,normal-vs-normal,Pericyte,NR2F2,4,0.9648029546446828,0.933383108283624,0.9962375102164678,4,1.0,8
I-II,1,normal-vs-normal,Pericyte,COL18A1,4,0.9598375805892273,0.9274985163599879,0.9907695945768981,4,1.0,9
I-II,1,normal-vs-normal,Pericyte,SPARC,4,0.9594403149741175,0.923385095028631,0.9754354381736728,4,1.0,10
I-II,1,normal-vs-normal,Plasma cell,IGKC,4,0.8860067150084401,0.8114927641014603,0.9528699437796468,4,1.0,1
I-II,1,normal-vs-normal,Plasma cell,MZB1,4,0.8776905989452667,0.7122913047900856,0.9361283063102216,4,1.0,2
I-II,1,normal-vs-normal,Plasma cell,JCHAIN,4,0.8675273893795924,0.844897052568449,0.9094451959649105,4,1.0,3
I-II,1,normal-vs-normal,Plasma cell,IGHG1,4,0.7903872674443706,0.6757587150332044,0.9285541201615152,4,1.0,4
I-II,1,normal-vs-normal,Plasma cell,IGLC3,4,0.6902892629166635,0.6512402801353443,0.7375120426100753,4,1.0,5
I-II,1,normal-vs-normal,Plasma cell,SSR4,3,0.9398529035295512,0.9062361312698931,0.9579136455366838,4,0.75,6
I-II,1,normal-vs-normal,Plasma cell,DERL3,3,0.9263277411440313,0.8913988889497855,0.951741833948906,4,0.75,7
I-II,1,normal-vs-normal,Plasma cell,XBP1,3,0.9079323588705939,0.8231218000933958,0.9603593658788133,4,0.75,8
I-II,1,normal-vs-normal,Plasma cell,SEC11C,3,0.9060194726574696,0.8652964668203909,0.9266552300838499,4,0.75,9
I-II,1,normal-vs-normal,Plasma cell,CD79A,3,0.8905654618672448,0.829016765661904,0.9221191804659618,4,0.75,10
I-II,1,normal-vs-normal,Plasma cell dividing,MZB1,4,0.9873576804329486,0.9725017479701995,0.9987659633157387,4,1.0,1
I-II,1,normal-vs-normal,Plasma cell dividing,JCHAIN,4,0.9818935706743201,0.9769617495425076,0.9897588174180102,4,1.0,2
I-II,1,normal-vs-normal,Plasma cell dividing,HSP90B1,4,0.98081886701505,0.9745564114717404,0.9871935405979859,4,1.0,3
I-II,1,normal-vs-normal,Plasma cell dividing,SEC11C,4,0.9793044371580175,0.9494834193643463,0.9978261867420363,4,1.0,4
I-II,1,normal-vs-normal,Plasma cell dividing,FKBP11,4,0.9764006561919791,0.9671278441067349,0.9909304397114391,4,1.0,5
I-II,1,normal-vs-normal,Plasma cell dividing,XBP1,4,0.9740100545090575,0.9551182598657183,0.9934895767839153,4,1.0,6
I-II,1,normal-vs-normal,Plasma cell dividing,PPIB,4,0.9568498689521192,0.9397928214985661,0.9815730791290621,4,1.0,7
I-II,1,normal-vs-normal,Plasma cell dividing,SSR4,4,0.9516947432207623,0.9312768842638343,0.968849825877321,4,1.0,8
I-II,1,normal-vs-normal,Plasma cell dividing,PDIA4,4,0.9438991826056916,0.869352846848925,0.9813877979849118,4,1.0,9
I-II,1,normal-vs-normal,Plasma cell dividing,PIM2,4,0.9382850015961649,0.9032318916994443,0.972705723856351,4,1.0,10
I-II,1,normal-vs-normal,Smooth muscle cell,TAGLN,1,0.9728769385946711,0.9728769385946711,0.9728769385946711,1,1.0,1
I-II,1,normal-vs-normal,Smooth muscle cell,MYL9,1,0.9617929041022882,0.9617929041022882,0.9617929041022882,1,1.0,2
I-II,1,normal-vs-normal,Smooth muscle cell,ACTA2,1,0.9575500301889548,0.9575500301889548,0.9575500301889548,1,1.0,3
I-II,1,normal-vs-normal,Smooth muscle cell,MYH11,1,0.954470342156411,0.954470342156411,0.954470342156411,1,1.0,4
I-II,1,normal-vs-normal,Smooth muscle cell,TPM2,1,0.9395537013380159,0.9395537013380159,0.9395537013380159,1,1.0,5
I-II,1,normal-vs-normal,Smooth muscle cell,DSTN,1,0.9170389739035958,0.9170389739035958,0.9170389739035958,1,1.0,6
I-II,1,normal-vs-normal,Smooth muscle cell,ADIRF,1,0.9086187434164326,0.9086187434164326,0.9086187434164326,1,1.0,7
I-II,1,normal-vs-normal,Smooth muscle cell,SELENOM,1,0.8965273908115248,0.8965273908115248,0.8965273908115248,1,1.0,8
I-II,1,normal-vs-normal,Smooth muscle cell,CALD1,1,0.8950379523816241,0.8950379523816241,0.8950379523816241,1,1.0,9
I-II,1,normal-vs-normal,Smooth muscle cell,MYLK,1,0.8894151622782752,0.8894151622782752,0.8894151622782752,1,1.0,10
I-II,1,normal-vs-normal,T cell CD4,IL7R,5,0.7944270529426196,0.7314304207627236,0.8435581914556051,5,1.0,1
I-II,1,normal-vs-normal,T cell CD4,CD2,5,0.7540380405324855,0.6783201779164086,0.8143466977851668,5,1.0,2
I-II,1,normal-vs-normal,T cell CD4,CD3E,5,0.7492807148140979,0.6749321084948314,0.8230134017902295,5,1.0,3
I-II,1,normal-vs-normal,T cell CD4,TRBC2,5,0.7418649412129412,0.6750081343128903,0.8067912181738393,5,1.0,4
I-II,1,normal-vs-normal,T cell CD4,SPOCK2,5,0.7240675079311397,0.654094041482633,0.7851279205318945,5,1.0,5
I-II,1,normal-vs-normal,T cell CD4,CD69,5,0.7169394836255873,0.6916910391786674,0.7561977412786619,5,1.0,6
I-II,1,normal-vs-normal,T cell CD4,CD3D,5,0.7022597823481387,0.6549911360880795,0.7778753958115756,5,1.0,7
I-II,1,normal-vs-normal,T cell CD4,TRAC,4,0.7602349641331683,0.7082979534331507,0.7853128282710751,5,0.8,8
I-II,1,normal-vs-normal,T cell CD4,LTB,4,0.7515552481889318,0.714371899566062,0.7755402488062288,5,0.8,9
I-II,1,normal-vs-normal,T cell CD4,CD96,4,0.7409095939836272,0.6546790504504136,0.8328943120915032,5,0.8,10
I-II,1,normal-vs-normal,T cell CD4 dividing,HMGB2,4,0.8934782078773471,0.8274085340801446,0.9275132181443304,4,1.0,1
I-II,1,normal-vs-normal,T cell CD4 dividing,STMN1,4,0.8882106999699989,0.8236468911394669,0.9182476380015318,4,1.0,2
I-II,1,normal-vs-normal,T cell CD4 dividing,MKI67,4,0.8836538411506547,0.8646522345862764,0.9052942578057838,4,1.0,3
I-II,1,normal-vs-normal,T cell CD4 dividing,TRAC,4,0.8701387923461922,0.6800845138021023,0.9537657861132005,4,1.0,4
I-II,1,normal-vs-normal,T cell CD4 dividing,CD2,4,0.8688068468700353,0.6742780461210168,0.9516034986524707,4,1.0,5
I-II,1,normal-vs-normal,T cell CD4 dividing,CD3D,4,0.8604470062708091,0.7096550000708055,0.9384101471116355,4,1.0,6
I-II,1,normal-vs-normal,T cell CD4 dividing,TOP2A,4,0.8417380151584517,0.7741701902663697,0.9135109421241352,4,1.0,7
I-II,1,normal-vs-normal,T cell CD4 dividing,IL32,4,0.8392958033808773,0.7134638003715985,0.8916134894919318,4,1.0,8
I-II,1,normal-vs-normal,T cell CD4 dividing,TYMS,4,0.8388253317852874,0.7155015156571773,0.9211469569774442,4,1.0,9
I-II,1,normal-vs-normal,T cell CD4 dividing,SMC4,4,0.8253164838187685,0.667122221688321,0.8831351296361347,4,1.0,10
I-II,1,normal-vs-normal,T cell CD8 activated,IL7R,4,0.8683473186139485,0.8123103872535862,0.9403499171980375,4,1.0,1
I-II,1,normal-vs-normal,T cell CD8 activated,TNFAIP3,4,0.8022020116567729,0.7389207051813781,0.8861276381169325,4,1.0,2
I-II,1,normal-vs-normal,T cell CD8 activated,CD69,4,0.786814394677612,0.7101444661798529,0.9094957989016771,4,1.0,3
I-II,1,normal-vs-normal,T cell CD8 activated,CXCR4,4,0.7738502744951058,0.7481115659080537,0.8045580561692596,4,1.0,4
I-II,1,normal-vs-normal,T cell CD8 activated,ZFP36L2,4,0.7363817174956204,0.7144590509241836,0.7549808712633974,4,1.0,5
I-II,1,normal-vs-normal,T cell CD8 activated,SPOCK2,4,0.7318467933557795,0.7224133247892157,0.7427032542048808,4,1.0,6
I-II,1,normal-vs-normal,T cell CD8 activated,CD2,4,0.7286600895541926,0.6651828208918036,0.7726803841909623,4,1.0,7
I-II,1,normal-vs-normal,T cell CD8 activated,CD3E,4,0.7249308653081914,0.6527226211300544,0.8001418958160129,4,1.0,8
I-II,1,normal-vs-normal,T cell CD8 activated,BTG1,4,0.7213615224545412,0.6802117906229695,0.7702835336557685,4,1.0,9
I-II,1,normal-vs-normal,T cell CD8 activated,IL32,4,0.7066292258875408,0.6800472019497453,0.7274062897359408,4,1.0,10
I-II,1,normal-vs-normal,T cell CD8 dividing,GZMA,4,0.9462237561616518,0.9363314295726575,0.9607453720684452,4,1.0,1
I-II,1,normal-vs-normal,T cell CD8 dividing,CD8A,4,0.9295202712440506,0.8966410436482993,0.976237702649762,4,1.0,2
I-II,1,normal-vs-normal,T cell CD8 dividing,HMGB2,4,0.9113962592886441,0.8449410419452107,0.9632943120430547,4,1.0,3
I-II,1,normal-vs-normal,T cell CD8 dividing,TRAC,4,0.9108003297340612,0.9078757692963886,0.9156152599868654,4,1.0,4
I-II,1,normal-vs-normal,T cell CD8 dividing,CD3D,4,0.9103977231260074,0.8761077060144776,0.9423299449127129,4,1.0,5
I-II,1,normal-vs-normal,T cell CD8 dividing,CD2,4,0.9082744261108264,0.9009124072513411,0.9164699329677138,4,1.0,6
I-II,1,normal-vs-normal,T cell CD8 dividing,STMN1,4,0.9072669800875787,0.8604394287085595,0.9539453994792196,4,1.0,7
I-II,1,normal-vs-normal,T cell CD8 dividing,CCL5,4,0.9051852936149103,0.8266188892936073,0.9511204280338443,4,1.0,8
I-II,1,normal-vs-normal,T cell CD8 dividing,TRBC2,4,0.8970143705787651,0.8720831548746714,0.9263757269970814,4,1.0,9
I-II,1,normal-vs-normal,T cell CD8 dividing,CD3G,4,0.8932231133707929,0.8705709914890198,0.9201976607725951,4,1.0,10
I-II,1,normal-vs-normal,T cell CD8 effector memory,CCL5,4,0.871430828539907,0.8540278873869023,0.8897547671561067,4,1.0,1
I-II,1,normal-vs-normal,T cell CD8 effector memory,GZMA,4,0.8155887158516429,0.7931606335692238,0.8401872897801648,4,1.0,2
I-II,1,normal-vs-normal,T cell CD8 effector memory,CD8A,4,0.7626877224649795,0.7191102758920491,0.8412265748416295,4,1.0,3
I-II,1,normal-vs-normal,T cell CD8 effector memory,GZMK,4,0.7601787141207118,0.7298409193846953,0.7952587486043783,4,1.0,4
I-II,1,normal-vs-normal,T cell CD8 effector memory,CCL4,4,0.7570281787774964,0.6973850425682206,0.8160284149786332,4,1.0,5
I-II,1,normal-vs-normal,T cell CD8 effector memory,CD2,4,0.7552903314212152,0.7160662615304468,0.7868644420671878,4,1.0,6
I-II,1,normal-vs-normal,T cell CD8 effector memory,TRBC2,4,0.7547918031321172,0.7155487379950555,0.79736715979127,4,1.0,7
I-II,1,normal-vs-normal,T cell CD8 effector memory,CD3D,4,0.7526322729845758,0.6893837897445586,0.7910326145598559,4,1.0,8
I-II,1,normal-vs-normal,T cell CD8 effector memory,CD3E,4,0.7524113530627696,0.7283762676924896,0.7690881778578744,4,1.0,9
I-II,1,normal-vs-normal,T cell CD8 effector memory,IL32,4,0.7514688229175501,0.7156933042325266,0.7922386233863946,4,1.0,10
I-II,1,normal-vs-normal,T cell CD8 naive,CCL5,4,0.7922394370644062,0.6986911665983953,0.8765820319926831,4,1.0,1
I-II,1,normal-vs-normal,T cell CD8 naive,GZMK,4,0.7672997309520316,0.7111146209326523,0.843183687843088,4,1.0,2
I-II,1,normal-vs-normal,T cell CD8 naive,IL7R,4,0.7605539581037398,0.7242404525483017,0.8107016088107591,4,1.0,3
I-II,1,normal-vs-normal,T cell CD8 naive,IL32,4,0.7574459520680934,0.6555908217446657,0.8416728893540387,4,1.0,4
I-II,1,normal-vs-normal,T cell CD8 naive,CD3D,4,0.7308728606605976,0.6632116523966397,0.7975108928931398,4,1.0,5
I-II,1,normal-vs-normal,T cell CD8 naive,TRBC2,4,0.7304652095572883,0.6598654910158883,0.8085345524160602,4,1.0,6
I-II,1,normal-vs-normal,T cell CD8 naive,CD3G,4,0.7046525620604867,0.682035341799693,0.7238247556502472,4,1.0,7
I-II,1,normal-vs-normal,T cell CD8 naive,CD2,3,0.7635688374653364,0.7112072005453135,0.8350012034894304,4,0.75,8
I-II,1,normal-vs-normal,T cell CD8 naive,TRAC,3,0.7559911753691785,0.6870628762880866,0.8213677880902563,4,0.75,9
I-II,1,normal-vs-normal,T cell CD8 naive,CD3E,3,0.7451618237968786,0.6611466250823247,0.8218190613169931,4,0.75,10
I-II,1,normal-vs-normal,T cell CD8 terminally exhausted,GZMA,4,0.9111338409009587,0.8668242176560041,0.9369169218301275,4,1.0,1
I-II,1,normal-vs-normal,T cell CD8 terminally exhausted,CD3D,4,0.8992963872063927,0.8741809152615014,0.9270601194422063,4,1.0,2
I-II,1,normal-vs-normal,T cell CD8 terminally exhausted,CD8A,4,0.8968284570510141,0.8727263752471572,0.9197094290368228,4,1.0,3
I-II,1,normal-vs-normal,T cell CD8 terminally exhausted,CCL5,4,0.8947031467950544,0.8703507716907367,0.9095560949568025,4,1.0,4
I-II,1,normal-vs-normal,T cell CD8 terminally exhausted,CD3G,4,0.8903199581330797,0.87604012763802,0.9116148824954486,4,1.0,5
I-II,1,normal-vs-normal,T cell CD8 terminally exhausted,CD2,4,0.8898107399668663,0.8760505230744499,0.9011662654281151,4,1.0,6
I-II,1,normal-vs-normal,T cell CD8 terminally exhausted,TRAC,4,0.8701307897643454,0.8663646615983411,0.8749220449056584,4,1.0,7
I-II,1,normal-vs-normal,T cell CD8 terminally exhausted,NKG7,4,0.8617894849351856,0.8288620453489565,0.8959230444860492,4,1.0,8
I-II,1,normal-vs-normal,T cell CD8 terminally exhausted,TRBC2,4,0.859947791668468,0.840435476932648,0.8761462601975383,4,1.0,9
I-II,1,normal-vs-normal,T cell CD8 terminally exhausted,CD3E,4,0.857508922762409,0.8198374366024758,0.888690807238284,4,1.0,10
I-II,1,normal-vs-normal,T cell NK-like,NKG7,4,0.9276307702938109,0.9031498293259208,0.938502649552897,4,1.0,1
I-II,1,normal-vs-normal,T cell NK-like,CCL5,4,0.8957389380373482,0.8698337508292925,0.9348424164510213,4,1.0,2
I-II,1,normal-vs-normal,T cell NK-like,GZMH,4,0.8776738428577548,0.8316182670819882,0.9307821284595357,4,1.0,3
I-II,1,normal-vs-normal,T cell NK-like,PRF1,4,0.8319461263752668,0.7980206008021853,0.8501987995263017,4,1.0,4
I-II,1,normal-vs-normal,T cell NK-like,GZMA,4,0.8318152055771606,0.787022538583953,0.8598538579483505,4,1.0,5
I-II,1,normal-vs-normal,T cell NK-like,GNLY,4,0.8161744084499784,0.7100032561037662,0.8676966673158361,4,1.0,6
I-II,1,normal-vs-normal,T cell NK-like,CST7,4,0.8157958501737685,0.7447620883086603,0.8979618909449705,4,1.0,7
I-II,1,normal-vs-normal,T cell NK-like,KLRD1,4,0.805479392248196,0.767989573303497,0.850914418576584,4,1.0,8
I-II,1,normal-vs-normal,T cell NK-like,CCL4,4,0.7959755328946463,0.7561050375444532,0.8495014607192745,4,1.0,9
I-II,1,normal-vs-normal,T cell NK-like,IL32,4,0.7958686587223405,0.7703672249712465,0.8347366210475118,4,1.0,10
I-II,1,normal-vs-normal,T cell regulatory,IL32,4,0.8812904176145134,0.8482706091120262,0.9127352037405511,4,1.0,1
I-II,1,normal-vs-normal,T cell regulatory,TRAC,4,0.8790913242410696,0.8588228096616229,0.9041748777980788,4,1.0,2
I-II,1,normal-vs-normal,T cell regulatory,SPOCK2,4,0.8439731375196733,0.7920096929568764,0.8772082873857936,4,1.0,3
I-II,1,normal-vs-normal,T cell regulatory,CD2,4,0.8419518213846298,0.8267382324334711,0.8569986796336977,4,1.0,4
I-II,1,normal-vs-normal,T cell regulatory,TIGIT,4,0.831698187186466,0.8011039709587953,0.8603105926476522,4,1.0,5
I-II,1,normal-vs-normal,T cell regulatory,CTLA4,4,0.8244660742576984,0.7714977075866434,0.8667724820855679,4,1.0,6
I-II,1,normal-vs-normal,T cell regulatory,CD3D,4,0.8217430130497412,0.7785134216717315,0.8589364331988973,4,1.0,7
I-II,1,normal-vs-normal,T cell regulatory,CD3E,4,0.8056911619200805,0.7775002515110851,0.8295311215375208,4,1.0,8
I-II,1,normal-vs-normal,T cell regulatory,ICOS,4,0.8043569339312844,0.7555105936348311,0.8690260243970339,4,1.0,9
I-II,1,normal-vs-normal,T cell regulatory,TRBC2,4,0.8038526588157864,0.7980890528413173,0.8186599812878441,4,1.0,10
I-II,1,normal-vs-normal,cDC1,CLEC9A,5,0.97946306227091,0.9158594015045198,0.9995791709553057,5,1.0,1
I-II,1,normal-vs-normal,cDC1,C1orf54,5,0.9706479389077373,0.8851798810140381,0.9982363339555772,5,1.0,2
I-II,1,normal-vs-normal,cDC1,CST3,5,0.9599493521341522,0.8468917979489261,1.0000000012727488,5,1.0,3
I-II,1,normal-vs-normal,cDC1,SNX3,5,0.9569272877358678,0.8275380049916998,0.9983571397621303,5,1.0,4
I-II,1,normal-vs-normal,cDC1,CPVL,5,0.9538734866047118,0.8021646604590404,0.9996913586763087,5,1.0,5
I-II,1,normal-vs-normal,cDC1,NAAA,5,0.9536942362833198,0.8161255770266717,0.9990895320390837,5,1.0,6
I-II,1,normal-vs-normal,cDC1,HLA-DPA1,5,0.9529420499081936,0.8246717061657711,0.9945897541342862,5,1.0,7
I-II,1,normal-vs-normal,cDC1,HLA-DPB1,5,0.951285752299416,0.8184541883706157,0.9953495663871598,5,1.0,8
I-II,1,normal-vs-normal,cDC1,CD74,5,0.9422837526708869,0.8195616373757264,0.9936852541862063,5,1.0,9
I-II,1,normal-vs-normal,cDC1,FGL2,5,0.9392690818621748,0.8245579733442192,0.9864523699395537,5,1.0,10
I-II,1,normal-vs-normal,cDC2,HLA-DQA1,5,0.8976573882370433,0.8269207882945842,0.9433649367738474,5,1.0,1
I-II,1,normal-vs-normal,cDC2,HLA-DPB1,5,0.8914802628740386,0.776757359444071,0.9490591384147948,5,1.0,2
I-II,1,normal-vs-normal,cDC2,HLA-DPA1,5,0.8903437406934082,0.7628063331778838,0.9447477757601797,5,1.0,3
I-II,1,normal-vs-normal,cDC2,GPR183,5,0.8825318162650702,0.8080034685413269,0.9115490885974414,5,1.0,4
I-II,1,normal-vs-normal,cDC2,HLA-DRA,5,0.8823881578846026,0.7208266683787431,0.9465136137887623,5,1.0,5
I-II,1,normal-vs-normal,cDC2,HLA-DQB1,5,0.8745645309065588,0.7129195322107886,0.9563017898215702,5,1.0,6
I-II,1,normal-vs-normal,cDC2,HLA-DMB,5,0.8654952032159733,0.7688150819058494,0.9235979203136713,5,1.0,7
I-II,1,normal-vs-normal,cDC2,MS4A6A,5,0.8613324414005952,0.802190113257673,0.9118881325553355,5,1.0,8
I-II,1,normal-vs-normal,cDC2,HLA-DRB1,5,0.8607039164377894,0.6846881127244037,0.9390677571269573,5,1.0,9
I-II,1,normal-vs-normal,cDC2,IGSF6,5,0.8538960173033139,0.8022192666785026,0.900650863922209,5,1.0,10
I-II,1,normal-vs-normal,myeloid dividing,TUBA1B,5,0.9090418257473019,0.7956884191961366,0.9803734799166458,5,1.0,1
I-II,1,normal-vs-normal,myeloid dividing,HMGN2,5,0.9020385515499818,0.8198768111342418,0.977157414282142,5,1.0,2
I-II,1,normal-vs-normal,myeloid dividing,STMN1,5,0.8973150146298646,0.7486163487707245,0.9926908578675795,5,1.0,3
I-II,1,normal-vs-normal,myeloid dividing,LYZ,5,0.8950606686641978,0.8598753144730715,0.9241195252845318,5,1.0,4
I-II,1,normal-vs-normal,myeloid dividing,TUBB,5,0.8930739561550286,0.7939759971359552,0.9784589969180247,5,1.0,5
I-II,1,normal-vs-normal,myeloid dividing,HMGB2,5,0.8868529136698118,0.8649606253245319,0.9319415009628294,5,1.0,6
I-II,1,normal-vs-normal,myeloid dividing,AIF1,5,0.8763550874201534,0.7487239740676599,0.9215430940024876,5,1.0,7
I-II,1,normal-vs-normal,myeloid dividing,C1QB,5,0.8726948029024868,0.781057519457963,0.9438369081445228,5,1.0,8
I-II,1,normal-vs-normal,myeloid dividing,FTL,5,0.8726524767341362,0.8255920001162004,0.9302398118736785,5,1.0,9
I-II,1,normal-vs-normal,myeloid dividing,SPI1,5,0.868723414666856,0.8033846013009155,0.9284251558227522,5,1.0,10
I-II,1,normal-vs-normal,pDC,JCHAIN,4,0.8724714552602345,0.6826914621210272,0.9564540526639499,4,1.0,1
I-II,1,normal-vs-normal,pDC,LTB,4,0.7692827773361672,0.6995970024150353,0.8220786003088478,4,1.0,2
I-II,1,normal-vs-normal,pDC,HLA-DRA,4,0.7431641777195446,0.7144963894825628,0.7731294725360135,4,1.0,3
I-II,1,normal-vs-normal,pDC,GZMB,3,0.960288864379592,0.9205043390755195,0.9836310010395038,4,0.75,4
I-II,1,normal-vs-normal,pDC,PLAC8,3,0.9548443985445552,0.9172652399535326,0.9766960753819608,4,0.75,5
I-II,1,normal-vs-normal,pDC,IRF7,3,0.9511349084436546,0.9191475456584003,0.9851894626159142,4,0.75,6
I-II,1,normal-vs-normal,pDC,LILRA4,3,0.9392010937422105,0.9115565971238121,0.9703201300858207,4,0.75,7
I-II,1,normal-vs-normal,pDC,PLD4,3,0.9317103461701546,0.9240696775083427,0.9461276878938989,4,0.75,8
I-II,1,normal-vs-normal,pDC,TCF4,3,0.9279463904985831,0.9007104721325069,0.9649871913883508,4,0.75,9
I-II,1,normal-vs-normal,pDC,MPEG1,3,0.9238523477479905,0.8755485790310413,0.9733570124567124,4,0.75,10
I-II,1,normal-vs-normal,stromal dividing,PGAP1,1,0.9884216702006845,0.9884216702006845,0.9884216702006845,1,1.0,1
I-II,1,normal-vs-normal,stromal dividing,COL4A1,1,0.9819122080543435,0.9819122080543435,0.9819122080543435,1,1.0,2
I-II,1,normal-vs-normal,stromal dividing,ACTA2,1,0.9812003388794412,0.9812003388794412,0.9812003388794412,1,1.0,3
I-II,1,normal-vs-normal,stromal dividing,TPM1,1,0.9753862592744365,0.9753862592744365,0.9753862592744365,1,1.0,4
I-II,1,normal-vs-normal,stromal dividing,VCL,1,0.9743767347731153,0.9743767347731153,0.9743767347731153,1,1.0,5
I-II,1,normal-vs-normal,stromal dividing,MYL9,1,0.9695731794483845,0.9695731794483845,0.9695731794483845,1,1.0,6
I-II,1,normal-vs-normal,stromal dividing,CALD1,1,0.9689180599908668,0.9689180599908668,0.9689180599908668,1,1.0,7
I-II,1,normal-vs-normal,stromal dividing,SDC2,1,0.9686670172969721,0.9686670172969721,0.9686670172969721,1,1.0,8
I-II,1,normal-vs-normal,stromal dividing,PRC1,1,0.9673975428625037,0.9673975428625037,0.9673975428625037,1,1.0,9
I-II,1,normal-vs-normal,stromal dividing,TAGLN,1,0.9645611082882846,0.9645611082882846,0.9645611082882846,1,1.0,10
I-II,1,tumor-vs-all,AT1,LMO7,3,0.9536761116349668,0.9220105842358196,0.9924714608370871,3,1.0,1
I-II,1,tumor-vs-all,AT1,EMP2,3,0.9493347110989272,0.935376355774403,0.9704363649204375,3,1.0,2
I-II,1,tumor-vs-all,AT1,GPRC5A,3,0.9366752573038647,0.8923596281855996,0.9951671186608808,3,1.0,3
I-II,1,tumor-vs-all,AT1,CAV2,3,0.9265448935624269,0.8525869354657422,0.981738648657651,3,1.0,4
I-II,1,tumor-vs-all,AT1,ANXA3,3,0.9216727690521772,0.8596037759898925,0.9943206602083317,3,1.0,5
I-II,1,tumor-vs-all,AT1,CAV1,3,0.9213444780322577,0.8457757715176111,0.9746570045301974,3,1.0,6
I-II,1,tumor-vs-all,AT1,HOPX,3,0.9182720763235848,0.887767630676196,0.9543522175447409,3,1.0,7
I-II,1,tumor-vs-all,AT1,MYO1B,3,0.9131444989015319,0.8709383773103105,0.9664072827254195,3,1.0,8
I-II,1,tumor-vs-all,AT1,KRT7,3,0.9095202983028957,0.8276110288387851,0.9786284653732891,3,1.0,9
I-II,1,tumor-vs-all,AT1,CYP4B1,3,0.9079414364800665,0.8174868931654599,0.9913150402015853,3,1.0,10
I-II,1,tumor-vs-all,AT2_ROS1+,WSB1,3,0.9235998455578752,0.8452369855465989,0.9979755652693184,3,1.0,1
I-II,1,tumor-vs-all,AT2_ROS1+,SFTPB,3,0.9014768772324011,0.8605349581687138,0.9568393143494613,3,1.0,2
I-II,1,tumor-vs-all,AT2_ROS1+,NAPSA,3,0.8971655932578485,0.8582955505467489,0.9220325499590797,3,1.0,3
I-II,1,tumor-vs-all,AT2_ROS1+,NEAT1,3,0.886133976175533,0.8652180244658028,0.9116217527713064,3,1.0,4
I-II,1,tumor-vs-all,AT2_ROS1+,NKX2-1,3,0.8698521194811413,0.8407299729882532,0.8946187464982616,3,1.0,5
I-II,1,tumor-vs-all,AT2_ROS1+,ELF3,3,0.85508255776223,0.7111530290253197,0.9753235647066192,3,1.0,6
I-II,1,tumor-vs-all,AT2_ROS1+,SLC22A3,3,0.8303232205068515,0.696959314528185,0.971839762334801,3,1.0,7
I-II,1,tumor-vs-all,AT2_ROS1+,SLC34A2,3,0.8239933135197224,0.6725950150588133,0.9239902202632473,3,1.0,8
I-II,1,tumor-vs-all,AT2_ROS1+,PGC,3,0.8200534889671,0.7202963152021546,0.956751056978153,3,1.0,9
I-II,1,tumor-vs-all,AT2_ROS1+,MAGI3,3,0.8171704299350502,0.7447121518162912,0.9227684853319816,3,1.0,10
I-II,1,tumor-vs-all,Ciliated,TPPP3,5,0.9743220267085665,0.9345811086700061,0.9964739978970019,5,1.0,1
I-II,1,tumor-vs-all,Ciliated,CAPS,5,0.9690590845335558,0.9288122696191031,0.9973399834810376,5,1.0,2
I-II,1,tumor-vs-all,Ciliated,RSPH1,5,0.9580131621179291,0.9154549250497359,0.9903109775271299,5,1.0,3
I-II,1,tumor-vs-all,Ciliated,C20orf85,5,0.9497392321932889,0.8746515974969139,0.9914603425830525,5,1.0,4
I-II,1,tumor-vs-all,Ciliated,FAM183A,5,0.9491116463347566,0.890577244006497,0.9909871868758064,5,1.0,5
I-II,1,tumor-vs-all,Ciliated,C9orf24,5,0.9474064306246252,0.8693311313096461,0.9994635430937069,5,1.0,6
I-II,1,tumor-vs-all,Ciliated,LRRIQ1,5,0.9459786855140473,0.888352853158299,0.984955086265379,5,1.0,7
I-II,1,tumor-vs-all,Ciliated,C1orf194,5,0.9458326441573632,0.8260008636642401,0.9999995108062842,5,1.0,8
I-II,1,tumor-vs-all,Ciliated,TSPAN1,5,0.9302711875655465,0.7951256676181144,0.991600772841721,5,1.0,9
I-II,1,tumor-vs-all,Ciliated,CCDC146,5,0.923963664048558,0.861688612822177,0.9856438368112457,5,1.0,10
I-II,1,tumor-vs-all,Club_AT2_even_1,SFTPB,5,0.929893680083947,0.816887400963267,0.9968102067344078,5,1.0,1
I-II,1,tumor-vs-all,Club_AT2_even_1,SFTA2,5,0.9079505281481876,0.8217932918752618,0.9997423676888884,5,1.0,2
I-II,1,tumor-vs-all,Club_AT2_even_1,SLC34A2,5,0.8987167592495366,0.792017112511147,0.9737729025744815,5,1.0,3
I-II,1,tumor-vs-all,Club_AT2_even_1,CYB5A,5,0.8959004742837602,0.7429644338520367,0.9430390936012908,5,1.0,4
I-II,1,tumor-vs-all,Club_AT2_even_1,RNASE1,5,0.8887561789478283,0.8452464431282063,0.9653717295317087,5,1.0,5
I-II,1,tumor-vs-all,Club_AT2_even_1,CXCL17,5,0.8820706107892058,0.7563880975932089,0.9294048524290316,5,1.0,6
I-II,1,tumor-vs-all,Club_AT2_even_1,NAPSA,5,0.870502607766514,0.7335773923480088,0.930117237247096,5,1.0,7
I-II,1,tumor-vs-all,Club_AT2_even_1,SFTPD,5,0.864142217343522,0.694599911587921,0.9999999989236132,5,1.0,8
I-II,1,tumor-vs-all,Club_AT2_even_1,NPC2,5,0.8610760313089842,0.7121553875209851,0.9589475211553861,5,1.0,9
I-II,1,tumor-vs-all,Club_AT2_even_1,MUC1,5,0.8609781297410958,0.7807004832173887,0.8886786816653311,5,1.0,10
I-II,1,tumor-vs-all,Club_AT2_even_2,SFTPB,3,0.9097239359832542,0.8826538911056837,0.9610546125449313,3,1.0,1
I-II,1,tumor-vs-all,Club_AT2_even_2,SCGB3A2,3,0.8289712493003876,0.7382508929363658,0.9581740845511345,3,1.0,2
I-II,1,tumor-vs-all,Club_AT2_even_2,SLC34A2,3,0.7743342063705986,0.6909218219187255,0.848968943125247,3,1.0,3
I-II,1,tumor-vs-all,Club_AT2_even_2,CLDN4,3,0.6980520152933313,0.6675153932640818,0.7408985533340912,3,1.0,4
I-II,1,tumor-vs-all,Club_AT2_even_2,ELF3,2,0.7928073773740824,0.7557551893564688,0.8298595653916959,3,0.6666666666666666,5
I-II,1,tumor-vs-all,Club_AT2_even_2,SFTPD,2,0.7900017763050335,0.6882617648523627,0.8917417877577045,3,0.6666666666666666,6
I-II,1,tumor-vs-all,Club_AT2_even_2,CYB5A,2,0.7669649999299002,0.718421627430574,0.8155083724292265,3,0.6666666666666666,7
I-II,1,tumor-vs-all,Club_AT2_even_2,NAPSA,2,0.7641165881465624,0.696964384763494,0.8312687915296308,3,0.6666666666666666,8
I-II,1,tumor-vs-all,Club_AT2_even_2,SFTPC,2,0.7570986444318706,0.6976525393916347,0.8165447494721063,3,0.6666666666666666,9
I-II,1,tumor-vs-all,Club_AT2_even_2,CXCL17,2,0.7566430090957768,0.7386616598629921,0.7746243583285614,3,0.6666666666666666,10
I-II,1,tumor-vs-all,Club_AT2_high,SFTPB,1,0.8546011858496326,0.8546011858496326,0.8546011858496326,1,1.0,1
I-II,1,tumor-vs-all,Club_AT2_high,SFTPA2,1,0.8267392669006409,0.8267392669006409,0.8267392669006409,1,1.0,2
I-II,1,tumor-vs-all,Club_AT2_high,SFTPA1,1,0.8250601746634247,0.8250601746634247,0.8250601746634247,1,1.0,3
I-II,1,tumor-vs-all,Club_AT2_high,NAPSA,1,0.8072472088717104,0.8072472088717104,0.8072472088717104,1,1.0,4
I-II,1,tumor-vs-all,Club_AT2_high,HOPX,1,0.778114394005739,0.778114394005739,0.778114394005739,1,1.0,5
I-II,1,tumor-vs-all,Club_AT2_high,SFTA2,1,0.7679766800988064,0.7679766800988064,0.7679766800988064,1,1.0,6
I-II,1,tumor-vs-all,Club_AT2_high,MUC1,1,0.7659689715050191,0.7659689715050191,0.7659689715050191,1,1.0,7
I-II,1,tumor-vs-all,Club_AT2_high,SLC34A2,1,0.7609345396698262,0.7609345396698262,0.7609345396698262,1,1.0,8
I-II,1,tumor-vs-all,Club_AT2_high,CEACAM6,1,0.7575129044576315,0.7575129044576315,0.7575129044576315,1,1.0,9
I-II,1,tumor-vs-all,Club_AT2_high,PIGR,1,0.7492348627324951,0.7492348627324951,0.7492348627324951,1,1.0,10
I-II,1,tumor-vs-all,Club_Ciliated,WFDC2,5,0.9525312041415699,0.9230470948635238,0.9829262562051901,5,1.0,1
I-II,1,tumor-vs-all,Club_Ciliated,CXCL17,5,0.92757706604576,0.8823668504251722,0.9790568998338222,5,1.0,2
I-II,1,tumor-vs-all,Club_Ciliated,SLPI,5,0.9190348963430314,0.7705109073448665,0.9781780714017699,5,1.0,3
I-II,1,tumor-vs-all,Club_Ciliated,PIGR,5,0.9133268356033415,0.8108192920155997,0.9790496626602287,5,1.0,4
I-II,1,tumor-vs-all,Club_Ciliated,SCGB3A1,5,0.9036122168175819,0.6622336213760475,1.0000000007764078,5,1.0,5
I-II,1,tumor-vs-all,Club_Ciliated,AGR2,5,0.8965289560265612,0.8420979666119228,0.9766882759442664,5,1.0,6
I-II,1,tumor-vs-all,Club_Ciliated,CYB5A,5,0.888224996917511,0.8619059715823181,0.9182976944525129,5,1.0,7
I-II,1,tumor-vs-all,Club_Ciliated,SCGB1A1,5,0.871407827111687,0.6569725528499829,0.9768938564960998,5,1.0,8
I-II,1,tumor-vs-all,Club_Ciliated,BPIFB1,5,0.8665466362105058,0.6556500758809345,1.0000000007764078,5,1.0,9
I-II,1,tumor-vs-all,Club_Ciliated,SFTPB,5,0.8414802818080377,0.7435096873386572,0.9181226756606617,5,1.0,10
I-II,1,tumor-vs-all,Tumor LAUD_LUSC_AT2,CEACAM6,2,0.9130778865575254,0.908831235903516,0.9173245372115348,2,1.0,1
I-II,1,tumor-vs-all,Tumor LAUD_LUSC_AT2,CLDN4,2,0.8650168986053173,0.8011469499515229,0.9288868472591115,2,1.0,2
I-II,1,tumor-vs-all,Tumor LAUD_LUSC_AT2,GPRC5A,2,0.8622102303514212,0.8486177151571851,0.8758027455456572,2,1.0,3
I-II,1,tumor-vs-all,Tumor LAUD_LUSC_AT2,TACSTD2,2,0.8579295745793658,0.8254429057519082,0.8904162434068233,2,1.0,4
I-II,1,tumor-vs-all,Tumor LAUD_LUSC_AT2,LMO7,2,0.8579036584501275,0.8276308612628679,0.8881764556373871,2,1.0,5
I-II,1,tumor-vs-all,Tumor LAUD_LUSC_AT2,ELF3,2,0.8526894212334122,0.7798602132680118,0.9255186291988126,2,1.0,6
I-II,1,tumor-vs-all,Tumor LAUD_LUSC_AT2,CXCL17,2,0.8443465916886896,0.8018833843322538,0.8868097990451256,2,1.0,7
I-II,1,tumor-vs-all,Tumor LAUD_LUSC_AT2,WFDC2,2,0.8414483854898944,0.7648915738002394,0.9180051971795495,2,1.0,8
I-II,1,tumor-vs-all,Tumor LAUD_LUSC_AT2,CEACAM5,2,0.8357589589339324,0.7319839998853153,0.9395339179825495,2,1.0,9
I-II,1,tumor-vs-all,Tumor LAUD_LUSC_AT2,SDC4,2,0.830549969602461,0.7615523471161837,0.8995475920887381,2,1.0,10
I-II,1,tumor-vs-all,Tumor LUAD_AT2_high,MGST1,1,0.8584325419582302,0.8584325419582302,0.8584325419582302,1,1.0,1
I-II,1,tumor-vs-all,Tumor LUAD_AT2_high,PERP,1,0.8354441174313302,0.8354441174313302,0.8354441174313302,1,1.0,2
I-II,1,tumor-vs-all,Tumor LUAD_AT2_high,AQP3,1,0.8347677368551691,0.8347677368551691,0.8347677368551691,1,1.0,3
I-II,1,tumor-vs-all,Tumor LUAD_AT2_high,TFCP2L1,1,0.8304358071148612,0.8304358071148612,0.8304358071148612,1,1.0,4
I-II,1,tumor-vs-all,Tumor LUAD_AT2_high,EPCAM,1,0.8267529009316138,0.8267529009316138,0.8267529009316138,1,1.0,5
I-II,1,tumor-vs-all,Tumor LUAD_AT2_high,APLP2,1,0.8199473959707201,0.8199473959707201,0.8199473959707201,1,1.0,6
I-II,1,tumor-vs-all,Tumor LUAD_AT2_high,ATP6V1G3,1,0.8177701442152747,0.8177701442152747,0.8177701442152747,1,1.0,7
I-II,1,tumor-vs-all,Tumor LUAD_AT2_high,CLCNKB,1,0.8173945876097717,0.8173945876097717,0.8173945876097717,1,1.0,8
I-II,1,tumor-vs-all,Tumor LUAD_AT2_high,CEL,1,0.8169286071387094,0.8169286071387094,0.8169286071387094,1,1.0,9
I-II,1,tumor-vs-all,Tumor LUAD_AT2_high,PDE11A,1,0.8153092442532887,0.8153092442532887,0.8153092442532887,1,1.0,10
I-II,1,tumor-vs-all,Tumor LUAD_AT2_mitotic,SFTA2,3,0.8157978425164369,0.7608204240611536,0.919534226621099,3,1.0,1
I-II,1,tumor-vs-all,Tumor LUAD_AT2_mitotic,S100A14,3,0.7953910329273911,0.7687168735937447,0.8244209665455906,3,1.0,2
I-II,1,tumor-vs-all,Tumor LUAD_AT2_mitotic,SERPINA1,3,0.7417411503121807,0.6543651148101319,0.8185147423736187,3,1.0,3
I-II,1,tumor-vs-all,Tumor LUAD_AT2_mitotic,PRDX5,3,0.7209992816695255,0.693781893231453,0.7569848130771163,3,1.0,4
I-II,1,tumor-vs-all,Tumor LUAD_AT2_mitotic,GSTP1,3,0.7179899090556474,0.6802267135544166,0.7620512370791616,3,1.0,5
I-II,1,tumor-vs-all,Tumor LUAD_AT2_mitotic,EEF1A1,3,0.6826430619158422,0.6680844989160865,0.7114967334997944,3,1.0,6
I-II,1,tumor-vs-all,Tumor LUAD_AT2_mitotic,C19orf33,2,0.8885817620619043,0.8793381648986789,0.8978253592251297,3,0.6666666666666666,7
I-II,1,tumor-vs-all,Tumor LUAD_AT2_mitotic,S100A13,2,0.8688695651602836,0.8397376158918781,0.898001514428689,3,0.6666666666666666,8
I-II,1,tumor-vs-all,Tumor LUAD_AT2_mitotic,CYB5A,2,0.8660469156176892,0.8455523702389142,0.8865414609964642,3,0.6666666666666666,9
I-II,1,tumor-vs-all,Tumor LUAD_AT2_mitotic,MGST1,2,0.857644111538195,0.8244541371868763,0.8908340858895136,3,0.6666666666666666,10
I-II,1,tumor-vs-all,Tumor LUAD_LUSC,KRT19,4,0.8351189472134624,0.7133734979962414,0.9297481876538871,4,1.0,1
I-II,1,tumor-vs-all,Tumor LUAD_LUSC,S100A16,4,0.8067237454566458,0.6701896257940625,0.901034589020984,4,1.0,2
I-II,1,tumor-vs-all,Tumor LUAD_LUSC,KRT8,4,0.8038500937146507,0.783082269154199,0.8325271231425985,4,1.0,3
I-II,1,tumor-vs-all,Tumor LUAD_LUSC,SPINT2,4,0.8011426290458821,0.6925870612979307,0.8868895888504665,4,1.0,4
I-II,1,tumor-vs-all,Tumor LUAD_LUSC,GSTP1,4,0.7911990452072463,0.7473993765010154,0.847068706357874,4,1.0,5
I-II,1,tumor-vs-all,Tumor LUAD_LUSC,SEC61G,4,0.7897471395336595,0.6633661424267051,0.9305935451554755,4,1.0,6
I-II,1,tumor-vs-all,Tumor LUAD_LUSC,GAPDH,4,0.7886234415325898,0.6605457047176758,0.8385659847056093,4,1.0,7
I-II,1,tumor-vs-all,Tumor LUAD_LUSC,DSP,4,0.7833940336809018,0.6725936895656052,0.8645669494367113,4,1.0,8
I-II,1,tumor-vs-all,Tumor LUAD_LUSC,S100A11,4,0.7810489479455671,0.6892867486877459,0.8853817796600992,4,1.0,9
I-II,1,tumor-vs-all,Tumor LUAD_LUSC,MAL2,4,0.7753647580438918,0.6661210902200309,0.8667167515416508,4,1.0,10
I-II,1,tumor-vs-all,Tumor LUAD_LUSC_mitotic,KRT19,3,0.7021754049240565,0.6610350140926,0.7311502563223801,4,0.75,1
I-II,1,tumor-vs-all,Tumor LUAD_LUSC_mitotic,KRT6A,2,0.8523880627826752,0.799372750159307,0.9054033754060434,4,0.5,2
I-II,1,tumor-vs-all,Tumor LUAD_LUSC_mitotic,CSTA,2,0.8063326841870417,0.737401504178535,0.8752638641955484,4,0.5,3
I-II,1,tumor-vs-all,Tumor LUAD_LUSC_mitotic,KRT8,2,0.8051902489596603,0.7424687595212603,0.8679117383980601,4,0.5,4
I-II,1,tumor-vs-all,Tumor LUAD_LUSC_mitotic,CEACAM6,2,0.8006072467999428,0.654690521180835,0.9465239724190505,4,0.5,5
I-II,1,tumor-vs-all,Tumor LUAD_LUSC_mitotic,S100A8,2,0.7977467552044062,0.6660071397178987,0.9294863706909136,4,0.5,6
I-II,1,tumor-vs-all,Tumor LUAD_LUSC_mitotic,S100A2,2,0.7853974270152697,0.7524133540590797,0.8183814999714596,4,0.5,7
I-II,1,tumor-vs-all,Tumor LUAD_LUSC_mitotic,PERP,2,0.7849492685389426,0.7291455014085972,0.840753035669288,4,0.5,8
I-II,1,tumor-vs-all,Tumor LUAD_LUSC_mitotic,IFI27,2,0.76938747859377,0.662159625385327,0.8766153318022131,4,0.5,9
I-II,1,tumor-vs-all,Tumor LUAD_LUSC_mitotic,CXCL17,2,0.7500736741646986,0.7468151777319557,0.7533321705974415,4,0.5,10
I-II,1,tumor-vs-all,Tumor LUAD_LUSC_mitotic_even,STMN1,4,0.8404923999382484,0.8002593841907456,0.8692713042657467,5,0.8,1
I-II,1,tumor-vs-all,Tumor LUAD_LUSC_mitotic_even,GAPDH,4,0.8351029284229076,0.7905277901823167,0.8763726786615786,5,0.8,2
I-II,1,tumor-vs-all,Tumor LUAD_LUSC_mitotic_even,TUBA1C,4,0.8309381420907833,0.7001502077822825,0.9140892816484263,5,0.8,3
I-II,1,tumor-vs-all,Tumor LUAD_LUSC_mitotic_even,GPX2,4,0.820393528032775,0.651936247553487,0.9231417808461091,5,0.8,4
I-II,1,tumor-vs-all,Tumor LUAD_LUSC_mitotic_even,SEC61G,4,0.8152536256803655,0.771494017935744,0.8821892724946991,5,0.8,5
I-II,1,tumor-vs-all,Tumor LUAD_LUSC_mitotic_even,LAPTM4B,4,0.8141341098912461,0.6728376943635781,0.9203429498177181,5,0.8,6
I-II,1,tumor-vs-all,Tumor LUAD_LUSC_mitotic_even,TXNDC17,4,0.8091369105563082,0.6878147976519889,0.8763810128878441,5,0.8,7
I-II,1,tumor-vs-all,Tumor LUAD_LUSC_mitotic_even,KRT8,4,0.80748273557902,0.7424880507010452,0.888458388052928,5,0.8,8
I-II,1,tumor-vs-all,Tumor LUAD_LUSC_mitotic_even,TUBB,4,0.8073521642570997,0.7107231947620862,0.8635732808785664,5,0.8,9
I-II,1,tumor-vs-all,Tumor LUAD_LUSC_mitotic_even,HMGB3,4,0.8052470654823278,0.7254519241494876,0.8984772255762378,5,0.8,10
I-II,1,tumor-vs-all,Tumor LUAD_mainly,KRT19,5,0.8427545698620094,0.6642083481393374,0.9404020674238205,5,1.0,1
I-II,1,tumor-vs-all,Tumor LUAD_mainly,KRT8,5,0.7537286193196244,0.6596387132769022,0.8689502441534591,5,1.0,2
I-II,1,tumor-vs-all,Tumor LUAD_mainly,MGST1,4,0.871769499443819,0.7930163140565374,0.9492706636995617,5,0.8,3
I-II,1,tumor-vs-all,Tumor LUAD_mainly,CSTB,4,0.8352426700193014,0.6612782417112912,0.9443315794533145,5,0.8,4
I-II,1,tumor-vs-all,Tumor LUAD_mainly,DSTN,4,0.8347237464641757,0.7172625345718107,0.9151617267501271,5,0.8,5
I-II,1,tumor-vs-all,Tumor LUAD_mainly,S100A16,4,0.8336202435049314,0.680691347524647,0.8993072777268639,5,0.8,6
I-II,1,tumor-vs-all,Tumor LUAD_mainly,ATP1B1,4,0.8292257594927279,0.6588674920750405,0.8942951023247583,5,0.8,7
I-II,1,tumor-vs-all,Tumor LUAD_mainly,GSTP1,4,0.8220315134738378,0.7673590686338816,0.8917801808657818,5,0.8,8
I-II,1,tumor-vs-all,Tumor LUAD_mainly,MAL2,4,0.8130781131066372,0.7074368786109551,0.9143513349720644,5,0.8,9
I-II,1,tumor-vs-all,Tumor LUAD_mainly,IFI27,4,0.8001369710337437,0.7463489967731405,0.8717348829455542,5,0.8,10
I-II,1,tumor-vs-all,Tumor LUAD_mainly_AT2_low,KRT19,3,0.7001080240330153,0.6697714424269765,0.745333700857066,3,1.0,1
I-II,1,tumor-vs-all,Tumor LUAD_mainly_AT2_low,NEAT1,3,0.6951612034407586,0.6640536619499782,0.7450296816388734,3,1.0,2
I-II,1,tumor-vs-all,Tumor LUAD_mainly_AT2_low,DSP,3,0.6836139427492731,0.65466285517965,0.7391610103864662,3,1.0,3
I-II,1,tumor-vs-all,Tumor LUAD_mainly_AT2_low,SPINT2,3,0.6823682700244914,0.6725284463336022,0.6953951934531452,3,1.0,4
I-II,1,tumor-vs-all,Tumor LUAD_mainly_AT2_low,SDC1,2,0.771129918786039,0.7674713232631947,0.7747885143088834,3,0.6666666666666666,5
I-II,1,tumor-vs-all,Tumor LUAD_mainly_AT2_low,MIPOL1,2,0.7539771875199321,0.7447863567548471,0.7631680182850171,3,0.6666666666666666,6
I-II,1,tumor-vs-all,Tumor LUAD_mainly_AT2_low,ATP1B1,2,0.7408470483101275,0.7027523431060829,0.778941753514172,3,0.6666666666666666,7
I-II,1,tumor-vs-all,Tumor LUAD_mainly_AT2_low,CEACAM6,2,0.7369619806933851,0.6815770092559078,0.7923469521308624,3,0.6666666666666666,8
I-II,1,tumor-vs-all,Tumor LUAD_mainly_AT2_low,EPCAM,2,0.7314761111932393,0.7262303136317195,0.736721908754759,3,0.6666666666666666,9
I-II,1,tumor-vs-all,Tumor LUAD_mainly_AT2_low,ELF3,2,0.71421525504449,0.7108431348534879,0.7175873752354921,3,0.6666666666666666,10
I-II,1,tumor-vs-all,Tumor LUAD_mainly_AT2_mitotic,MAL2,4,0.8278391820036755,0.7859148659315442,0.8666433266406217,4,1.0,1
I-II,1,tumor-vs-all,Tumor LUAD_mainly_AT2_mitotic,TM4SF1,4,0.8090202808131184,0.7374876448760057,0.8850077716392628,4,1.0,2
I-II,1,tumor-vs-all,Tumor LUAD_mainly_AT2_mitotic,KRT19,4,0.8036850051484722,0.7137040346198938,0.8837663352130265,4,1.0,3
I-II,1,tumor-vs-all,Tumor LUAD_mainly_AT2_mitotic,EPCAM,4,0.7955488453767383,0.7218601316881723,0.899502408712319,4,1.0,4
I-II,1,tumor-vs-all,Tumor LUAD_mainly_AT2_mitotic,SPINT2,4,0.7895941078319093,0.6955197152571172,0.8742254544626613,4,1.0,5
I-II,1,tumor-vs-all,Tumor LUAD_mainly_AT2_mitotic,PERP,4,0.7644015831281783,0.6652309827848177,0.8088253858932745,4,1.0,6
I-II,1,tumor-vs-all,Tumor LUAD_mainly_AT2_mitotic,MGST1,4,0.7630509714900515,0.6613871767262768,0.918669140555327,4,1.0,7
I-II,1,tumor-vs-all,Tumor LUAD_mainly_AT2_mitotic,KRT8,4,0.7588982621381726,0.6929874716361304,0.8231696277866579,4,1.0,8
I-II,1,tumor-vs-all,Tumor LUAD_mainly_AT2_mitotic,S100A10,4,0.757206021646072,0.7221189985024502,0.8167238730596994,4,1.0,9
I-II,1,tumor-vs-all,Tumor LUAD_mainly_AT2_mitotic,RAB25,4,0.7571445245180694,0.6687132009586494,0.7958820645065869,4,1.0,10
I-II,1,tumor-vs-all,Tumor LUAD_mitotic,KRT19,4,0.7604901318058633,0.7022336249915121,0.8180302735224787,5,0.8,1
I-II,1,tumor-vs-all,Tumor LUAD_mitotic,SFN,3,0.8175705500690555,0.7958076893032969,0.8476373482891189,5,0.6,2
I-II,1,tumor-vs-all,Tumor LUAD_mitotic,APOL1,3,0.7861574189797919,0.7219091217804244,0.9125737008826387,5,0.6,3
I-II,1,tumor-vs-all,Tumor LUAD_mitotic,S100A14,3,0.7787971813482085,0.6883568315202672,0.8514140365026716,5,0.6,4
I-II,1,tumor-vs-all,Tumor LUAD_mitotic,PERP,3,0.773901147895649,0.6980027059600212,0.8571727475978702,5,0.6,5
I-II,1,tumor-vs-all,Tumor LUAD_mitotic,S100A16,3,0.7684781163019921,0.6919990678002118,0.8647863833767172,5,0.6,6
I-II,1,tumor-vs-all,Tumor LUAD_mitotic,KRT17,3,0.7664416811474175,0.6669468594136738,0.8258378841466428,5,0.6,7
I-II,1,tumor-vs-all,Tumor LUAD_mitotic,IFI27,3,0.7611128995116031,0.6686530991508979,0.9069093823135566,5,0.6,8
I-II,1,tumor-vs-all,Tumor LUAD_mitotic,CD24,3,0.7583724421478045,0.7158803764604084,0.841142933122948,5,0.6,9
I-II,1,tumor-vs-all,Tumor LUAD_mitotic,KRT8,3,0.7559028240614515,0.6507808021497433,0.8526300334840433,5,0.6,10
I-II,2,normal-vs-normal,B cell,MS4A1,7,0.8640773207639557,0.7374545422041953,0.9288755020296876,7,1.0,1
I-II,2,normal-vs-normal,B cell,CD79A,7,0.852576960471377,0.7474767540461209,0.9538840492012501,7,1.0,2
I-II,2,normal-vs-normal,B cell,CD37,7,0.7778126244258051,0.7081049537007693,0.836460317000594,7,1.0,3
I-II,2,normal-vs-normal,B cell,HLA-DRA,7,0.7394126626613992,0.6685725591730213,0.8145039641336307,7,1.0,4
I-II,2,normal-vs-normal,B cell,LTB,7,0.7376813207344274,0.6643302372683596,0.7848036238102861,7,1.0,5
I-II,2,normal-vs-normal,B cell,CD74,7,0.7142996685330915,0.6502222001427438,0.7974274796618287,7,1.0,6
I-II,2,normal-vs-normal,B cell,CD79B,6,0.7587626739376679,0.6789843842581194,0.8165007887178897,7,0.8571428571428571,7
I-II,2,normal-vs-normal,B cell,BANK1,6,0.7547436227257284,0.7148019840117141,0.8208150739954281,7,0.8571428571428571,8
I-II,2,normal-vs-normal,B cell,CXCR4,6,0.7478137769571632,0.691150875969187,0.8780149525572073,7,0.8571428571428571,9
I-II,2,normal-vs-normal,B cell,HLA-DPB1,6,0.7029443475781384,0.6512411409290896,0.7713296851165924,7,0.8571428571428571,10
I-II,2,normal-vs-normal,B cell dividing,CD79B,3,0.9551854121806151,0.8708500024769473,0.9988200183592553,3,1.0,1
I-II,2,normal-vs-normal,B cell dividing,CD79A,3,0.9529697743965729,0.9092176083143313,0.9800298862782232,3,1.0,2
I-II,2,normal-vs-normal,B cell dividing,HMGB2,3,0.9396126548037417,0.9103214157196333,0.9591768702238588,3,1.0,3
I-II,2,normal-vs-normal,B cell dividing,MS4A1,3,0.9330556693116646,0.8948487194573492,0.9934875802801697,3,1.0,4
I-II,2,normal-vs-normal,B cell dividing,HMGN2,3,0.9299390081753991,0.9145367396928884,0.9534011816397644,3,1.0,5
I-II,2,normal-vs-normal,B cell dividing,CORO1A,3,0.907437224398532,0.8656224685361392,0.9321250504653008,3,1.0,6
I-II,2,normal-vs-normal,B cell dividing,MKI67,3,0.9068784543932006,0.8550499135768984,0.9338282062622736,3,1.0,7
I-II,2,normal-vs-normal,B cell dividing,STMN1,3,0.904793074213428,0.8632135651226243,0.92987730577694,3,1.0,8
I-II,2,normal-vs-normal,B cell dividing,EZR,3,0.9023229621740393,0.8804811023643935,0.9139294717925214,3,1.0,9
I-II,2,normal-vs-normal,B cell dividing,ARHGDIB,3,0.8945188514756436,0.8615292217601042,0.958434276690044,3,1.0,10
I-II,2,normal-vs-normal,DC mature,FSCN1,6,0.9673335002749127,0.8879385218600018,0.9975631324944091,6,1.0,1
I-II,2,normal-vs-normal,DC mature,BIRC3,6,0.9609094504875482,0.8317189747010376,0.9985892474798423,6,1.0,2
I-II,2,normal-vs-normal,DC mature,LAMP3,6,0.9448697990662352,0.8441753107795397,0.9999999997904478,6,1.0,3
I-II,2,normal-vs-normal,DC mature,CCR7,6,0.9376089779465394,0.8461590083392216,0.996006874197373,6,1.0,4
I-II,2,normal-vs-normal,DC mature,MARCKSL1,6,0.9253184834638438,0.8218260646969789,0.9783926093905317,6,1.0,5
I-II,2,normal-vs-normal,DC mature,LSP1,6,0.918931431889979,0.8816805321721903,0.9474859554625608,6,1.0,6
I-II,2,normal-vs-normal,DC mature,TXN,6,0.914557885180746,0.8130465321717232,0.9870515788844867,6,1.0,7
I-II,2,normal-vs-normal,DC mature,RASSF4,6,0.9011167630701403,0.7735741211072561,0.9964837728561559,6,1.0,8
I-II,2,normal-vs-normal,DC mature,CD83,6,0.8938290357622646,0.829771111519722,0.9685727656637257,6,1.0,9
I-II,2,normal-vs-normal,DC mature,RGS1,6,0.8875578607315195,0.7767635465912308,0.9272908502429542,6,1.0,10
I-II,2,normal-vs-normal,Endothelial cell arterial,CLEC14A,4,0.9723045379390773,0.9266858377783844,0.9965608416994441,4,1.0,1
I-II,2,normal-vs-normal,Endothelial cell arterial,VWF,4,0.9553120137700244,0.9243145168700739,0.9702590830730684,4,1.0,2
I-II,2,normal-vs-normal,Endothelial cell arterial,AQP1,4,0.9518270307540762,0.8954443534046415,0.9857538609278874,4,1.0,3
I-II,2,normal-vs-normal,Endothelial cell arterial,CLDN5,4,0.9470123754474883,0.8607951041650854,0.9936535268745765,4,1.0,4
I-II,2,normal-vs-normal,Endothelial cell arterial,IFI27,4,0.9402497583165077,0.921018436278775,0.9563892528514214,4,1.0,5
I-II,2,normal-vs-normal,Endothelial cell arterial,TIMP3,4,0.9383880615984697,0.9131487023802718,0.9650504653637858,4,1.0,6
I-II,2,normal-vs-normal,Endothelial cell arterial,MT1M,4,0.9062344170665988,0.8494897152750895,0.9678189314420581,4,1.0,7
I-II,2,normal-vs-normal,Endothelial cell arterial,EPAS1,4,0.9022653631461319,0.7920050670711795,0.9796253637958,4,1.0,8
I-II,2,normal-vs-normal,Endothelial cell arterial,MGP,4,0.8972739212965053,0.752291668980484,0.9794232184834595,4,1.0,9
I-II,2,normal-vs-normal,Endothelial cell arterial,A2M,4,0.8912507913661949,0.8192341202787246,0.9794622392085522,4,1.0,10
I-II,2,normal-vs-normal,Endothelial cell capillary,IFI27,5,0.8742884261015815,0.6808350025767814,0.9827073001428966,5,1.0,1
I-II,2,normal-vs-normal,Endothelial cell capillary,CLDN5,5,0.8574571724123551,0.7149036496968071,0.9615343858376701,5,1.0,2
I-II,2,normal-vs-normal,Endothelial cell capillary,AQP1,5,0.8538703147779891,0.7056124740507703,0.9660753676573206,5,1.0,3
I-II,2,normal-vs-normal,Endothelial cell capillary,TIMP3,5,0.8423080841312041,0.6619579802118206,0.9367557035786308,5,1.0,4
I-II,2,normal-vs-normal,Endothelial cell capillary,GNG11,5,0.8240215758079869,0.6910542427851646,0.9505640923954254,5,1.0,5
I-II,2,normal-vs-normal,Endothelial cell capillary,RAMP2,5,0.8192037497004222,0.6912833545500362,0.9542269820984894,5,1.0,6
I-II,2,normal-vs-normal,Endothelial cell capillary,RAMP3,5,0.805349916024516,0.7142712933894622,0.8855179370676856,5,1.0,7
I-II,2,normal-vs-normal,Endothelial cell capillary,PECAM1,5,0.7741897907267028,0.7275693610739881,0.852188186936588,5,1.0,8
I-II,2,normal-vs-normal,Endothelial cell capillary,SPTBN1,5,0.7457573568728815,0.6516943983970366,0.8582559651064312,5,1.0,9
I-II,2,normal-vs-normal,Endothelial cell capillary,CRIP2,5,0.7189793931733728,0.6500070180791231,0.7743189088820691,5,1.0,10
I-II,2,normal-vs-normal,Endothelial cell lymphatic,CCL21,6,0.9484884757819483,0.7483830131034666,1.000000002965421,6,1.0,1
I-II,2,normal-vs-normal,Endothelial cell lymphatic,IGFBP7,6,0.9400079266806447,0.8998561442234161,0.9919472496535416,6,1.0,2
I-II,2,normal-vs-normal,Endothelial cell lymphatic,RAMP2,6,0.901911029958775,0.702102914471807,0.9946949640059842,6,1.0,3
I-II,2,normal-vs-normal,Endothelial cell lymphatic,TFPI,6,0.8986837301229119,0.6984230662549868,0.9988505775386322,6,1.0,4
I-II,2,normal-vs-normal,Endothelial cell lymphatic,HYAL2,6,0.8984475012981434,0.8069722691845858,0.9798163548012369,6,1.0,5
I-II,2,normal-vs-normal,Endothelial cell lymphatic,APP,6,0.8947875776007678,0.7937122163437469,0.9926574308452417,6,1.0,6
I-II,2,normal-vs-normal,Endothelial cell lymphatic,TFF3,6,0.894614739150288,0.7135422912528203,1.000000002965421,6,1.0,7
I-II,2,normal-vs-normal,Endothelial cell lymphatic,GNG11,6,0.8906359961625494,0.6936429334039483,0.9973474838774298,6,1.0,8
I-II,2,normal-vs-normal,Endothelial cell lymphatic,TM4SF1,6,0.8831612492913897,0.835736426368951,0.995069662585234,6,1.0,9
I-II,2,normal-vs-normal,Endothelial cell lymphatic,IFITM3,6,0.8717323034144484,0.7658857728155863,0.9980520196548981,6,1.0,10
I-II,2,normal-vs-normal,Endothelial cell venous,SPARCL1,7,0.8955477243418253,0.825449254575449,0.9555883792018628,7,1.0,1
I-II,2,normal-vs-normal,Endothelial cell venous,VWF,7,0.8927533943060669,0.6770852760763689,0.9666436655622408,7,1.0,2
I-II,2,normal-vs-normal,Endothelial cell venous,TM4SF1,7,0.885235842386484,0.8422565698077651,0.9856752606541517,7,1.0,3
I-II,2,normal-vs-normal,Endothelial cell venous,PECAM1,7,0.8822802665426723,0.8416860543036748,0.9400324215345421,7,1.0,4
I-II,2,normal-vs-normal,Endothelial cell venous,IGFBP7,7,0.8806676059681289,0.8290743787175663,0.9327030193865739,7,1.0,5
I-II,2,normal-vs-normal,Endothelial cell venous,IFI27,7,0.8750045763963717,0.8017852546881552,0.9792510398597478,7,1.0,6
I-II,2,normal-vs-normal,Endothelial cell venous,AQP1,7,0.8670950348689139,0.7806994179423211,0.8965791910602579,7,1.0,7
I-II,2,normal-vs-normal,Endothelial cell venous,RNASE1,7,0.8666597067490727,0.8221349092487786,0.936749124144643,7,1.0,8
I-II,2,normal-vs-normal,Endothelial cell venous,CLEC14A,7,0.8511397273457523,0.7511797257788367,0.9396736524201654,7,1.0,9
I-II,2,normal-vs-normal,Endothelial cell venous,PLVAP,7,0.8501853647945853,0.7954149596340435,0.8917183966040981,7,1.0,10
I-II,2,normal-vs-normal,Fibroblast adventitial,DCN,6,0.9214988307624443,0.8372104669901141,0.9726432634636982,6,1.0,1
I-II,2,normal-vs-normal,Fibroblast adventitial,RARRES2,6,0.9100575189301616,0.7807006780286234,0.9652077220072747,6,1.0,2
I-II,2,normal-vs-normal,Fibroblast adventitial,COL1A2,6,0.901421293254595,0.8623029998180323,0.9527707748558173,6,1.0,3
I-II,2,normal-vs-normal,Fibroblast adventitial,C1R,6,0.8911856949710625,0.7160921300643586,0.9662626517860384,6,1.0,4
I-II,2,normal-vs-normal,Fibroblast adventitial,TIMP1,6,0.8906187942392011,0.8135086638925673,0.9377661513820508,6,1.0,5
I-II,2,normal-vs-normal,Fibroblast adventitial,NBL1,6,0.889703293616765,0.8138338117241706,0.9567213420726847,6,1.0,6
I-II,2,normal-vs-normal,Fibroblast adventitial,LUM,6,0.8894562618712913,0.8265606557811156,0.9728830893506573,6,1.0,7
I-II,2,normal-vs-normal,Fibroblast adventitial,COL1A1,6,0.8847562147461354,0.7695051334233729,0.9547684322951019,6,1.0,8
I-II,2,normal-vs-normal,Fibroblast adventitial,SELENOM,6,0.8817475528395521,0.7040942135746752,0.9675505282664463,6,1.0,9
I-II,2,normal-vs-normal,Fibroblast adventitial,COL3A1,6,0.8787696564557458,0.8326468994029296,0.9196270793672922,6,1.0,10
I-II,2,normal-vs-normal,Fibroblast alveolar,LUM,6,0.975808841455204,0.9622670884012073,0.9892998548974614,6,1.0,1
I-II,2,normal-vs-normal,Fibroblast alveolar,DCN,6,0.9706423777560661,0.9633281638798689,0.9769179125477683,6,1.0,2
I-II,2,normal-vs-normal,Fibroblast alveolar,RARRES2,6,0.9610087214760545,0.9438233330529855,0.9753724192548721,6,1.0,3
I-II,2,normal-vs-normal,Fibroblast alveolar,MGP,6,0.9385799372404872,0.9226868351842612,0.9559025088283972,6,1.0,4
I-II,2,normal-vs-normal,Fibroblast alveolar,MFAP4,6,0.9356599895598919,0.8246959226397553,0.9896586929759114,6,1.0,5
I-II,2,normal-vs-normal,Fibroblast alveolar,C1R,6,0.9298357769710615,0.8887058946515454,0.9632600454884782,6,1.0,6
I-II,2,normal-vs-normal,Fibroblast alveolar,SERPING1,6,0.9281952789304077,0.8583407818107043,0.9575142061744061,6,1.0,7
I-II,2,normal-vs-normal,Fibroblast alveolar,A2M,6,0.9265106463367037,0.7751818777226386,0.985560716276757,6,1.0,8
I-II,2,normal-vs-normal,Fibroblast alveolar,C1S,6,0.9202554718281348,0.7407112832663227,0.9856668988402421,6,1.0,9
I-II,2,normal-vs-normal,Fibroblast alveolar,COL1A2,6,0.9181583685914969,0.8647202127558459,0.9481366533312692,6,1.0,10
I-II,2,normal-vs-normal,Fibroblast peribronchial,COL1A1,7,0.9765693971691775,0.9502824810261381,0.9955055274158638,7,1.0,1
I-II,2,normal-vs-normal,Fibroblast peribronchial,COL3A1,7,0.9763601710509662,0.9625752946245366,0.9951523697799615,7,1.0,2
I-II,2,normal-vs-normal,Fibroblast peribronchial,COL1A2,7,0.973532297631564,0.956400960999983,0.9955387310748961,7,1.0,3
I-II,2,normal-vs-normal,Fibroblast peribronchial,LUM,7,0.9658396897596999,0.9302750733330319,0.9909657812026703,7,1.0,4
I-II,2,normal-vs-normal,Fibroblast peribronchial,COL6A3,7,0.950363940073926,0.9129421263247964,0.9812845467579909,7,1.0,5
I-II,2,normal-vs-normal,Fibroblast peribronchial,COL6A2,7,0.9484181115772673,0.9253118064124137,0.9796084296360443,7,1.0,6
I-II,2,normal-vs-normal,Fibroblast peribronchial,C1S,7,0.9448613111408898,0.9087358680074303,0.9757800687857269,7,1.0,7
I-II,2,normal-vs-normal,Fibroblast peribronchial,BGN,7,0.9425226153373741,0.9084301893142103,0.9796365941745108,7,1.0,8
I-II,2,normal-vs-normal,Fibroblast peribronchial,DCN,7,0.9411486076747988,0.8749231817601375,0.9860660839292053,7,1.0,9
I-II,2,normal-vs-normal,Fibroblast peribronchial,SPARC,7,0.9410706606312862,0.8978792428680276,0.9880182210017648,7,1.0,10
I-II,2,normal-vs-normal,Macrophage,FTL,7,0.9491919822190444,0.9297366933770377,0.970711144518564,7,1.0,1
I-II,2,normal-vs-normal,Macrophage,TYROBP,7,0.9048986864361792,0.8460468927667447,0.9409131154684446,7,1.0,2
I-II,2,normal-vs-normal,Macrophage,CTSD,7,0.904168060227419,0.858727574412093,0.9480666168222571,7,1.0,3
I-II,2,normal-vs-normal,Macrophage,CD68,7,0.8964009879181026,0.8409079935787003,0.9363124161538948,7,1.0,4
I-II,2,normal-vs-normal,Macrophage,GLUL,7,0.8940347846735074,0.8416316586407295,0.9189797580614393,7,1.0,5
I-II,2,normal-vs-normal,Macrophage,CTSB,7,0.8900551349664324,0.8194997457383669,0.9569536922669312,7,1.0,6
I-II,2,normal-vs-normal,Macrophage,FCER1G,7,0.8881891160610664,0.8195253942664995,0.9284056885794187,7,1.0,7
I-II,2,normal-vs-normal,Macrophage,APOC1,7,0.8777399590647285,0.7973418907614421,0.9307593386320564,7,1.0,8
I-II,2,normal-vs-normal,Macrophage,C1QA,7,0.8729700322060003,0.8456740636917773,0.895592216563145,7,1.0,9
I-II,2,normal-vs-normal,Macrophage,APOE,7,0.8662511597039877,0.8124643541016702,0.8992176090427472,7,1.0,10
I-II,2,normal-vs-normal,Macrophage alveolar,APOC1,6,0.8426646406542768,0.7105920839831479,0.935521071387609,6,1.0,1
I-II,2,normal-vs-normal,Macrophage alveolar,APOE,6,0.8356313482801895,0.6806116625319582,0.9324978980146333,6,1.0,2
I-II,2,normal-vs-normal,Macrophage alveolar,CTSD,6,0.8193150575740614,0.7259596623869919,0.9091101218994508,6,1.0,3
I-II,2,normal-vs-normal,Macrophage alveolar,C1QA,6,0.8076927997136076,0.7007989212085413,0.8818302740614091,6,1.0,4
I-II,2,normal-vs-normal,Macrophage alveolar,GLUL,6,0.7707433352595975,0.6699160115260355,0.8254497777132545,6,1.0,5
I-II,2,normal-vs-normal,Macrophage alveolar,LYZ,6,0.7619418381842973,0.69304198559768,0.8634740756088581,6,1.0,6
I-II,2,normal-vs-normal,Macrophage alveolar,C1QB,6,0.7601830071687884,0.6625337015257624,0.8679791901792222,6,1.0,7
I-II,2,normal-vs-normal,Macrophage alveolar,CTSL,6,0.741941967329531,0.6540475701440752,0.8449758417517921,6,1.0,8
I-II,2,normal-vs-normal,Macrophage alveolar,FTL,5,0.8678879491433571,0.8008827021735548,0.9568742040005471,6,0.8333333333333334,9
I-II,2,normal-vs-normal,Macrophage alveolar,CTSB,5,0.7985745700880044,0.6803959547716676,0.8887070099938267,6,0.8333333333333334,10
I-II,2,normal-vs-normal,Mast cell,TPSAB1,7,0.9908686528648295,0.9613817106073476,1.0000000016806283,7,1.0,1
I-II,2,normal-vs-normal,Mast cell,CPA3,7,0.9632170966467085,0.8257610824554121,1.0000000009018455,7,1.0,2
I-II,2,normal-vs-normal,Mast cell,CLU,7,0.8991859211526576,0.8223880485217631,0.9473120000482202,7,1.0,3
I-II,2,normal-vs-normal,Mast cell,MS4A2,7,0.8976288267444925,0.7307692323849663,0.9874565811834912,7,1.0,4
I-II,2,normal-vs-normal,Mast cell,HPGDS,7,0.8841750946301012,0.8125697322004046,0.9645190650113287,7,1.0,5
I-II,2,normal-vs-normal,Mast cell,VWA5A,7,0.8423139821920164,0.7242954836790613,0.9158691832799428,7,1.0,6
I-II,2,normal-vs-normal,Mast cell,SLC18A2,7,0.8391848845400626,0.7286789317809689,0.9610161144596505,7,1.0,7
I-II,2,normal-vs-normal,Mast cell,KIT,7,0.8274102755265352,0.6628843514495355,0.9559295212526039,7,1.0,8
I-II,2,normal-vs-normal,Mast cell,CD9,7,0.8219645038588885,0.6769153021243907,0.883502749245362,7,1.0,9
I-II,2,normal-vs-normal,Mast cell,HPGD,7,0.8162062136319258,0.6564202796138476,0.9040870996153979,7,1.0,10
I-II,2,normal-vs-normal,Monocyte classical,S100A9,7,0.8769171537448551,0.7754357113114082,0.9446644981238927,7,1.0,1
I-II,2,normal-vs-normal,Monocyte classical,LYZ,7,0.863355750138387,0.8163563456136302,0.9057465448860677,7,1.0,2
I-II,2,normal-vs-normal,Monocyte classical,S100A8,7,0.8589183403448082,0.7154457143598358,0.926952158754881,7,1.0,3
I-II,2,normal-vs-normal,Monocyte classical,TYROBP,7,0.8274740492990332,0.7748709775028463,0.8851904988367766,7,1.0,4
I-II,2,normal-vs-normal,Monocyte classical,FCN1,7,0.8100629647589075,0.7305268626229203,0.9073203852220186,7,1.0,5
I-II,2,normal-vs-normal,Monocyte classical,AIF1,7,0.795047541161171,0.6750512362811505,0.8688333113403903,7,1.0,6
I-II,2,normal-vs-normal,Monocyte classical,FCER1G,7,0.7902231944738318,0.6952239088056104,0.8634435977286886,7,1.0,7
I-II,2,normal-vs-normal,Monocyte classical,SERPINA1,7,0.7727846119980482,0.6911535552809291,0.8424433484790823,7,1.0,8
I-II,2,normal-vs-normal,Monocyte classical,CD14,7,0.7674790223908561,0.6923309216509117,0.8650877421540812,7,1.0,9
I-II,2,normal-vs-normal,Monocyte classical,FTL,7,0.7591163214765272,0.6581114345956072,0.8263500552578044,7,1.0,10
I-II,2,normal-vs-normal,Monocyte non-classical,LST1,6,0.9708228874604327,0.9492482833232013,0.9852263931920809,6,1.0,1
I-II,2,normal-vs-normal,Monocyte non-classical,CTSS,6,0.9488916375163634,0.9309251911486774,0.9638439420764919,6,1.0,2
I-II,2,normal-vs-normal,Monocyte non-classical,AIF1,6,0.9119158637839849,0.8443146896615933,0.9535993128628236,6,1.0,3
I-II,2,normal-vs-normal,Monocyte non-classical,SERPINA1,6,0.9011855088921769,0.8637707129655264,0.927458340677102,6,1.0,4
I-II,2,normal-vs-normal,Monocyte non-classical,FCER1G,6,0.8926116194608832,0.8347265440239465,0.9481866023869537,6,1.0,5
I-II,2,normal-vs-normal,Monocyte non-classical,FCN1,6,0.883261083466009,0.7671070776027532,0.9845001019961209,6,1.0,6
I-II,2,normal-vs-normal,Monocyte non-classical,TYROBP,6,0.8778334974402026,0.8564881071061375,0.9127817553374982,6,1.0,7
I-II,2,normal-vs-normal,Monocyte non-classical,MS4A7,6,0.8759101025772914,0.7620816484863412,0.9637287441504524,6,1.0,8
I-II,2,normal-vs-normal,Monocyte non-classical,FCGR3A,6,0.8692491713081226,0.7294653883540854,0.9447635696232088,6,1.0,9
I-II,2,normal-vs-normal,Monocyte non-classical,PSAP,6,0.8646578439044105,0.7840389957591545,0.9368582547149633,6,1.0,10
I-II,2,normal-vs-normal,NK cell,NKG7,7,0.8841581200145635,0.7594676697546747,0.9604424998277168,7,1.0,1
I-II,2,normal-vs-normal,NK cell,GNLY,7,0.8742671220648093,0.8120381331788853,0.9262936152861875,7,1.0,2
I-II,2,normal-vs-normal,NK cell,KLRD1,7,0.8708390867363907,0.8196311740204991,0.9363862570884613,7,1.0,3
I-II,2,normal-vs-normal,NK cell,PRF1,7,0.8221706358603404,0.7640142086860587,0.8652742208772122,7,1.0,4
I-II,2,normal-vs-normal,NK cell,CCL5,7,0.8154880502403261,0.6851482044129611,0.8846627566576617,7,1.0,5
I-II,2,normal-vs-normal,NK cell,GZMB,7,0.8061792298901029,0.7745942733792875,0.8487804070583407,7,1.0,6
I-II,2,normal-vs-normal,NK cell,CD7,7,0.7959442981374047,0.7036541358301482,0.858409137694497,7,1.0,7
I-II,2,normal-vs-normal,NK cell,CD247,7,0.7854218901766691,0.7165666579642317,0.8672463895747174,7,1.0,8
I-II,2,normal-vs-normal,NK cell,GZMA,7,0.780891666260131,0.6548850918294679,0.8568736129416105,7,1.0,9
I-II,2,normal-vs-normal,NK cell,CCL4,7,0.7732457788881344,0.7014941118243635,0.84072564671375,7,1.0,10
I-II,2,normal-vs-normal,NK cell dividing,NKG7,6,0.9368920551657677,0.8537022405765425,0.9764113318408816,6,1.0,1
I-II,2,normal-vs-normal,NK cell dividing,STMN1,6,0.9245474179032126,0.8645013434798052,0.9794175762750044,6,1.0,2
I-II,2,normal-vs-normal,NK cell dividing,KLRD1,6,0.9233818859118733,0.7999373577966239,0.9846912328386151,6,1.0,3
I-II,2,normal-vs-normal,NK cell dividing,HMGB2,6,0.9133423302474548,0.8404821333301477,0.973159738385234,6,1.0,4
I-II,2,normal-vs-normal,NK cell dividing,GNLY,6,0.9112594206512612,0.8095546984841332,0.9920629151261404,6,1.0,5
I-II,2,normal-vs-normal,NK cell dividing,TRDC,6,0.8994194749785728,0.7426263542813434,0.9968332911908949,6,1.0,6
I-II,2,normal-vs-normal,NK cell dividing,HMGN2,6,0.8707806429476466,0.7167576348462626,0.9401344777712406,6,1.0,7
I-II,2,normal-vs-normal,NK cell dividing,GZMA,6,0.8564129184158258,0.704730789667074,0.9837863503607903,6,1.0,8
I-II,2,normal-vs-normal,NK cell dividing,CD247,6,0.8557209108948566,0.76933126337302,0.9832622242960781,6,1.0,9
I-II,2,normal-vs-normal,NK cell dividing,RAC2,6,0.8548357003881475,0.7338188880279105,0.9159893956135104,6,1.0,10
I-II,2,normal-vs-normal,Neutrophils,CXCL8,2,0.9345537684639514,0.8821445991898496,0.9869629377380533,2,1.0,1
I-II,2,normal-vs-normal,Neutrophils,G0S2,2,0.9060224493090356,0.8454843977270577,0.9665605008910134,2,1.0,2
I-II,2,normal-vs-normal,Neutrophils,NAMPT,2,0.8700591192275107,0.8651834023343238,0.8749348361206977,2,1.0,3
I-II,2,normal-vs-normal,Neutrophils,SOD2,2,0.8335197623164949,0.7970372090650227,0.8700023155679671,2,1.0,4
I-II,2,normal-vs-normal,Neutrophils,BCL2A1,2,0.794568371947941,0.7415069667229195,0.8476297771729627,2,1.0,5
I-II,2,normal-vs-normal,Neutrophils,IVNS1ABP,2,0.7579384355927332,0.6856722877077455,0.8302045834777209,2,1.0,6
I-II,2,normal-vs-normal,Neutrophils,CSF3R,2,0.7372465353095129,0.6971399801763324,0.7773530904426934,2,1.0,7
I-II,2,normal-vs-normal,Neutrophils,S100A9,2,0.7322215185060781,0.6964211366916894,0.7680219003204667,2,1.0,8
I-II,2,normal-vs-normal,Neutrophils,TREM1,2,0.7319257597861382,0.6641082655043361,0.7997432540679403,2,1.0,9
I-II,2,normal-vs-normal,Neutrophils,LITAF,2,0.7211916623792316,0.6896752752035017,0.7527080495549614,2,1.0,10
I-II,2,normal-vs-normal,Pericyte,IGFBP7,7,0.9601614216942796,0.9373507346122579,0.9808249875759752,7,1.0,1
I-II,2,normal-vs-normal,Pericyte,CALD1,7,0.9559937072491945,0.8658203815683412,0.9912185607226381,7,1.0,2
I-II,2,normal-vs-normal,Pericyte,SPARC,7,0.9545990113169599,0.8994513989941386,0.9830181881616599,7,1.0,3
I-II,2,normal-vs-normal,Pericyte,COL4A1,7,0.9531649729106191,0.8894245821514327,0.992191453761624,7,1.0,4
I-II,2,normal-vs-normal,Pericyte,COL18A1,7,0.9448580797063943,0.8235328354019482,0.9965512989310862,7,1.0,5
I-II,2,normal-vs-normal,Pericyte,COL1A2,7,0.9359928261306869,0.8809490687034306,0.9718716035406428,7,1.0,6
I-II,2,normal-vs-normal,Pericyte,MYL9,7,0.931315676610901,0.7834068721578057,0.9815929597210041,7,1.0,7
I-II,2,normal-vs-normal,Pericyte,COL4A2,7,0.931278566849295,0.8683896822330767,0.9911421791758128,7,1.0,8
I-II,2,normal-vs-normal,Pericyte,NDUFA4L2,7,0.9294451564675997,0.8444496689146505,0.9989535393424593,7,1.0,9
I-II,2,normal-vs-normal,Pericyte,PPP1R14A,7,0.9267301545588802,0.8637395725815055,0.9796388586697765,7,1.0,10
I-II,2,normal-vs-normal,Plasma cell,MZB1,6,0.9499243110960407,0.9154306330962616,0.995905947919012,6,1.0,1
I-II,2,normal-vs-normal,Plasma cell,SSR4,6,0.9376065773236326,0.9082082906753047,0.9736697285678405,6,1.0,2
I-II,2,normal-vs-normal,Plasma cell,XBP1,6,0.9132690675081517,0.8844864307329563,0.9430479825283359,6,1.0,3
I-II,2,normal-vs-normal,Plasma cell,IGKC,6,0.9052648526867202,0.8718350500964792,0.934232785771482,6,1.0,4
I-II,2,normal-vs-normal,Plasma cell,DERL3,6,0.9051860599731452,0.8762537847338665,0.9488743254281338,6,1.0,5
I-II,2,normal-vs-normal,Plasma cell,FKBP11,6,0.8957109654233765,0.760757451018875,0.9605377020433016,6,1.0,6
I-II,2,normal-vs-normal,Plasma cell,HERPUD1,6,0.8794593050807699,0.7975307764160137,0.9433447963078593,6,1.0,7
I-II,2,normal-vs-normal,Plasma cell,SEC11C,6,0.8701882385727194,0.8060338979615488,0.924595053611339,6,1.0,8
I-II,2,normal-vs-normal,Plasma cell,JCHAIN,6,0.8692075039714919,0.7945809451016531,0.9494854998036838,6,1.0,9
I-II,2,normal-vs-normal,Plasma cell,PRDX4,6,0.8585071233317075,0.7437954132830682,0.940077585428232,6,1.0,10
I-II,2,normal-vs-normal,Plasma cell dividing,MZB1,4,0.9896514737369548,0.9780240261349006,0.9959586439803254,4,1.0,1
I-II,2,normal-vs-normal,Plasma cell dividing,SEC11C,4,0.9871072965361497,0.9727589406144022,0.9950886195866595,4,1.0,2
I-II,2,normal-vs-normal,Plasma cell dividing,XBP1,4,0.9752007375629472,0.961844413030324,0.9971202372863254,4,1.0,3
I-II,2,normal-vs-normal,Plasma cell dividing,FKBP11,4,0.9746772234713023,0.945668640499641,0.9966999237987245,4,1.0,4
I-II,2,normal-vs-normal,Plasma cell dividing,HSP90B1,4,0.9731521386800989,0.929997084779907,0.9952590409594257,4,1.0,5
I-II,2,normal-vs-normal,Plasma cell dividing,SSR4,4,0.9686850247272247,0.9432559220096465,0.9826279424630986,4,1.0,6
I-II,2,normal-vs-normal,Plasma cell dividing,PPIB,4,0.9679007032546738,0.9214593556819176,0.9900641895545266,4,1.0,7
I-II,2,normal-vs-normal,Plasma cell dividing,SDF2L1,4,0.9608264440281455,0.9195453665449453,0.9995396847072672,4,1.0,8
I-II,2,normal-vs-normal,Plasma cell dividing,JCHAIN,4,0.9536096821766828,0.9057514964366793,0.9932957358694428,4,1.0,9
I-II,2,normal-vs-normal,Plasma cell dividing,ISG20,4,0.9528373898499923,0.8947806624867976,0.9736247806409714,4,1.0,10
I-II,2,normal-vs-normal,Smooth muscle cell,TAGLN,6,0.9673258247274564,0.9472583259233482,0.9931613380700589,6,1.0,1
I-II,2,normal-vs-normal,Smooth muscle cell,MYL9,6,0.9491426376323152,0.902727709443331,0.9942831548267816,6,1.0,2
I-II,2,normal-vs-normal,Smooth muscle cell,TPM2,6,0.9284505574891685,0.8917684408532318,0.9572719159700233,6,1.0,3
I-II,2,normal-vs-normal,Smooth muscle cell,ACTA2,6,0.9098279387238973,0.8236768206472996,0.9947324945192825,6,1.0,4
I-II,2,normal-vs-normal,Smooth muscle cell,CALD1,6,0.9067762662148416,0.847382999506539,0.9633147632844827,6,1.0,5
I-II,2,normal-vs-normal,Smooth muscle cell,ADIRF,6,0.8938191830027636,0.8036871880550642,0.9815922893996762,6,1.0,6
I-II,2,normal-vs-normal,Smooth muscle cell,DSTN,6,0.880874298509804,0.7756068834941559,0.958940266280494,6,1.0,7
I-II,2,normal-vs-normal,Smooth muscle cell,IGFBP7,6,0.8674358465140358,0.7444602584575939,0.9385404695711043,6,1.0,8
I-II,2,normal-vs-normal,Smooth muscle cell,TPM1,6,0.8583983450216479,0.6785034778158996,0.9297327839465614,6,1.0,9
I-II,2,normal-vs-normal,Smooth muscle cell,SELENOM,6,0.8441149185682194,0.7225097126456752,0.9116592755289992,6,1.0,10
I-II,2,normal-vs-normal,T cell CD4,IL7R,7,0.7449042283186703,0.7091236860564233,0.7846492260085504,7,1.0,1
I-II,2,normal-vs-normal,T cell CD4,CD3D,6,0.7248555547951866,0.7054245805960193,0.7525932803575756,7,0.8571428571428571,2
I-II,2,normal-vs-normal,T cell CD4,TRAC,6,0.7244014243351656,0.6712202248522247,0.7858998423762706,7,0.8571428571428571,3
I-II,2,normal-vs-normal,T cell CD4,BTG1,6,0.679720089789523,0.6502458158060752,0.6996436204726971,7,0.8571428571428571,4
I-II,2,normal-vs-normal,T cell CD4,CD2,5,0.6987180356396252,0.6503612793119177,0.7748601448119483,7,0.7142857142857143,5
I-II,2,normal-vs-normal,T cell CD4,CXCR4,5,0.6977723844794168,0.6780713952273683,0.7185598659664706,7,0.7142857142857143,6
I-II,2,normal-vs-normal,T cell CD4,CD3E,5,0.6856827263464302,0.663383297471659,0.7288311994998629,7,0.7142857142857143,7
I-II,2,normal-vs-normal,T cell CD4,TRBC2,5,0.6827354608107943,0.6562438607284291,0.7133320988215953,7,0.7142857142857143,8
I-II,2,normal-vs-normal,T cell CD4,IL32,5,0.6786407650700859,0.6528633273433216,0.7040970074531343,7,0.7142857142857143,9
I-II,2,normal-vs-normal,T cell CD4,LTB,4,0.7045536096248246,0.6692951316004014,0.7415966200042532,7,0.5714285714285714,10
I-II,2,normal-vs-normal,T cell CD4 dividing,TRAC,7,0.890807064926524,0.8211067840571928,0.9631581312590158,7,1.0,1
I-II,2,normal-vs-normal,T cell CD4 dividing,HMGB2,7,0.8836471747100834,0.8459945642232453,0.946614589471972,7,1.0,2
I-II,2,normal-vs-normal,T cell CD4 dividing,CD3D,7,0.8820384950381962,0.8179694694256998,0.9530976031885826,7,1.0,3
I-II,2,normal-vs-normal,T cell CD4 dividing,STMN1,7,0.8817797994806792,0.8098167703544795,0.9518597702591153,7,1.0,4
I-II,2,normal-vs-normal,T cell CD4 dividing,CD2,7,0.8722872818211443,0.781731503478784,0.9638102761886146,7,1.0,5
I-II,2,normal-vs-normal,T cell CD4 dividing,CORO1A,7,0.8644987294163127,0.7503930245570087,0.9232521053793886,7,1.0,6
I-II,2,normal-vs-normal,T cell CD4 dividing,HMGN2,7,0.8582123636598469,0.7813347711544161,0.934787254075533,7,1.0,7
I-II,2,normal-vs-normal,T cell CD4 dividing,RAC2,7,0.8357697443347826,0.7234057011605698,0.9274163244287406,7,1.0,8
I-II,2,normal-vs-normal,T cell CD4 dividing,GAPDH,7,0.8245054871230687,0.6900563206875141,0.8774636015577986,7,1.0,9
I-II,2,normal-vs-normal,T cell CD4 dividing,TUBA1B,7,0.8216160913162589,0.7028418538992866,0.8775106195008013,7,1.0,10
I-II,2,normal-vs-normal,T cell CD8 activated,IL7R,6,0.8844369102966526,0.7858076579202539,0.9603282913131816,6,1.0,1
I-II,2,normal-vs-normal,T cell CD8 activated,CXCR4,6,0.8197120365587233,0.6886027130457744,0.8954095331851034,6,1.0,2
I-II,2,normal-vs-normal,T cell CD8 activated,BTG1,6,0.7869952969635593,0.7451862533944298,0.8666351087231917,6,1.0,3
I-II,2,normal-vs-normal,T cell CD8 activated,CD2,6,0.7345906231171387,0.6865802794480562,0.8066391969512846,6,1.0,4
I-II,2,normal-vs-normal,T cell CD8 activated,CD69,5,0.8317924913897198,0.7444007100510031,0.9483896083318516,6,0.8333333333333334,5
I-II,2,normal-vs-normal,T cell CD8 activated,CD3D,5,0.7493420278197543,0.7018934190083219,0.8483022102953738,6,0.8333333333333334,6
I-II,2,normal-vs-normal,T cell CD8 activated,ZFP36L2,5,0.7427110097129515,0.676311496755906,0.9098939993936652,6,0.8333333333333334,7
I-II,2,normal-vs-normal,T cell CD8 activated,TRAC,5,0.728341317037013,0.6894399736488843,0.8206174334056131,6,0.8333333333333334,8
I-II,2,normal-vs-normal,T cell CD8 activated,CD3E,5,0.7007138928828491,0.6799194606602106,0.7433509491864492,6,0.8333333333333334,9
I-II,2,normal-vs-normal,T cell CD8 activated,DNAJB1,4,0.7864076532866978,0.6789205268876577,0.8642749464151427,6,0.6666666666666666,10
I-II,2,normal-vs-normal,T cell CD8 dividing,NKG7,7,0.9113410025830573,0.8720714607660732,0.9476379333408216,7,1.0,1
I-II,2,normal-vs-normal,T cell CD8 dividing,TRAC,7,0.9058682004930274,0.8160930048329748,0.9798555126716626,7,1.0,2
I-II,2,normal-vs-normal,T cell CD8 dividing,CD3D,7,0.9042816300800921,0.8595944443961586,0.9283280655585943,7,1.0,3
I-II,2,normal-vs-normal,T cell CD8 dividing,GZMA,7,0.9042815822378507,0.8584225833584697,0.9718169122487434,7,1.0,4
I-II,2,normal-vs-normal,T cell CD8 dividing,CCL5,7,0.8806267419027467,0.7668399586481804,0.9603046860216047,7,1.0,5
I-II,2,normal-vs-normal,T cell CD8 dividing,STMN1,7,0.8796874586896367,0.8381643577086312,0.935970736494902,7,1.0,6
I-II,2,normal-vs-normal,T cell CD8 dividing,HMGB2,7,0.8628831597715608,0.7782865723295128,0.9482646130242683,7,1.0,7
I-II,2,normal-vs-normal,T cell CD8 dividing,TRBC2,7,0.8580212961601005,0.7706473062249877,0.9340092861837498,7,1.0,8
I-II,2,normal-vs-normal,T cell CD8 dividing,HMGN2,7,0.8488559598991152,0.8090601901638748,0.8874610906234545,7,1.0,9
I-II,2,normal-vs-normal,T cell CD8 dividing,GZMB,7,0.8439777514085981,0.732771329765622,0.948217119449435,7,1.0,10
I-II,2,normal-vs-normal,T cell CD8 effector memory,CCL5,7,0.8421432834104738,0.7267370822690187,0.9202823237528923,7,1.0,1
I-II,2,normal-vs-normal,T cell CD8 effector memory,GZMA,7,0.740991250327302,0.6528367924720988,0.8113190797535309,7,1.0,2
I-II,2,normal-vs-normal,T cell CD8 effector memory,CCL4,7,0.7154108853008081,0.6502695510002257,0.8258328774877778,7,1.0,3
I-II,2,normal-vs-normal,T cell CD8 effector memory,CXCR4,6,0.7426786045715303,0.6746603703389404,0.8250444287887242,7,0.8571428571428571,4
I-II,2,normal-vs-normal,T cell CD8 effector memory,CD2,6,0.7417589708588742,0.6821950655921907,0.815169296693717,7,0.8571428571428571,5
I-II,2,normal-vs-normal,T cell CD8 effector memory,TRAC,6,0.7303141667720537,0.6773915706997266,0.7782371886933074,7,0.8571428571428571,6
I-II,2,normal-vs-normal,T cell CD8 effector memory,GZMK,5,0.7874026711350851,0.7360724039748534,0.8462695568371404,7,0.7142857142857143,7
I-II,2,normal-vs-normal,T cell CD8 effector memory,CD3D,5,0.7787171930019257,0.746037263050059,0.8179294332299444,7,0.7142857142857143,8
I-II,2,normal-vs-normal,T cell CD8 effector memory,NKG7,5,0.7469146113221071,0.6902175182253267,0.8136604332849839,7,0.7142857142857143,9
I-II,2,normal-vs-normal,T cell CD8 effector memory,CD8A,5,0.7270413880205189,0.6818992432897216,0.7890955955790828,7,0.7142857142857143,10
I-II,2,normal-vs-normal,T cell CD8 naive,CCL5,6,0.8072876167925894,0.7511553044500299,0.8551774799622446,6,1.0,1
I-II,2,normal-vs-normal,T cell CD8 naive,CD3D,6,0.7849037903747629,0.757611088947197,0.8245741798433017,6,1.0,2
I-II,2,normal-vs-normal,T cell CD8 naive,GZMK,6,0.7766837582509343,0.741382890865462,0.8180118534159506,6,1.0,3
I-II,2,normal-vs-normal,T cell CD8 naive,CD2,6,0.7647953457676641,0.7340123656778504,0.8038798037745397,6,1.0,4
I-II,2,normal-vs-normal,T cell CD8 naive,CD3E,6,0.7385258210211091,0.6980184936837642,0.7740605478323902,6,1.0,5
I-II,2,normal-vs-normal,T cell CD8 naive,CXCR4,6,0.7256973246545839,0.6513661987417967,0.8028815845677196,6,1.0,6
I-II,2,normal-vs-normal,T cell CD8 naive,GZMA,6,0.7005458276373732,0.6671918624380071,0.7656851099379971,6,1.0,7
I-II,2,normal-vs-normal,T cell CD8 naive,GIMAP7,6,0.6882063573042642,0.6545707253134604,0.7219689991810629,6,1.0,8
I-II,2,normal-vs-normal,T cell CD8 naive,IL7R,5,0.7793882629451989,0.7208287391885202,0.8533558619286447,6,0.8333333333333334,9
I-II,2,normal-vs-normal,T cell CD8 naive,BTG1,5,0.7481250707439261,0.6750574047571744,0.8162527655206249,6,0.8333333333333334,10
I-II,2,normal-vs-normal,T cell CD8 terminally exhausted,CCL5,7,0.914909084009093,0.8916234318218462,0.9305900725923796,7,1.0,1
I-II,2,normal-vs-normal,T cell CD8 terminally exhausted,CD3D,7,0.873639402195935,0.7990074194197162,0.9274937228712758,7,1.0,2
I-II,2,normal-vs-normal,T cell CD8 terminally exhausted,GZMA,7,0.8710704624212194,0.812582683476198,0.9393677078985975,7,1.0,3
I-II,2,normal-vs-normal,T cell CD8 terminally exhausted,TRAC,7,0.8452076969550807,0.7457975771217983,0.9251019787004185,7,1.0,4
I-II,2,normal-vs-normal,T cell CD8 terminally exhausted,NKG7,7,0.8363030900847301,0.726002756362373,0.8877477639143014,7,1.0,5
I-II,2,normal-vs-normal,T cell CD8 terminally exhausted,GZMB,7,0.8327941346032459,0.7637498060946585,0.8900423218474004,7,1.0,6
I-II,2,normal-vs-normal,T cell CD8 terminally exhausted,CD2,7,0.82184701116494,0.7254315025553528,0.8671564527818442,7,1.0,7
I-II,2,normal-vs-normal,T cell CD8 terminally exhausted,CD8A,7,0.8163723126885263,0.7211857815604432,0.9005556179709349,7,1.0,8
I-II,2,normal-vs-normal,T cell CD8 terminally exhausted,CD7,7,0.7957186794666633,0.7160649128550595,0.8681877985508705,7,1.0,9
I-II,2,normal-vs-normal,T cell CD8 terminally exhausted,TRBC2,7,0.7780369083960169,0.718641003555966,0.8329821039933004,7,1.0,10
I-II,2,normal-vs-normal,T cell NK-like,CCL5,5,0.8949350067680806,0.8708920759627338,0.9187128403358836,5,1.0,1
I-II,2,normal-vs-normal,T cell NK-like,NKG7,5,0.8835022536433229,0.8113067289184466,0.9443526687869611,5,1.0,2
I-II,2,normal-vs-normal,T cell NK-like,GZMA,5,0.8053460478941638,0.7634806563760086,0.8568870642213812,5,1.0,3
I-II,2,normal-vs-normal,T cell NK-like,CCL4,5,0.7818901851945383,0.7298788919998703,0.8329270698581007,5,1.0,4
I-II,2,normal-vs-normal,T cell NK-like,CST7,5,0.7768401341763144,0.7336608576228163,0.8759484282154941,5,1.0,5
I-II,2,normal-vs-normal,T cell NK-like,CD3D,5,0.7556881836998497,0.7063626032581435,0.7852541785511353,5,1.0,6
I-II,2,normal-vs-normal,T cell NK-like,IL32,5,0.7195409936191735,0.6850705693527549,0.7737508242361429,5,1.0,7
I-II,2,normal-vs-normal,T cell NK-like,CD3E,5,0.7066009377768626,0.6579925127699793,0.7376553290228928,5,1.0,8
I-II,2,normal-vs-normal,T cell NK-like,HCST,5,0.6968788133758628,0.6547718299422948,0.7795514905191004,5,1.0,9
I-II,2,normal-vs-normal,T cell NK-like,GZMH,4,0.8125542907704701,0.745138999647157,0.8753114304785223,5,0.8,10
I-II,2,normal-vs-normal,T cell regulatory,TRAC,7,0.8502603618593032,0.8084336446626197,0.885730095098062,7,1.0,1
I-II,2,normal-vs-normal,T cell regulatory,IL32,7,0.8417813343958253,0.8030896807472433,0.8737528859004557,7,1.0,2
I-II,2,normal-vs-normal,T cell regulatory,CD3D,7,0.8171024209208697,0.7140784773127905,0.868633382418561,7,1.0,3
I-II,2,normal-vs-normal,T cell regulatory,CD2,7,0.7918591359503767,0.7194114721271218,0.8496812247123444,7,1.0,4
I-II,2,normal-vs-normal,T cell regulatory,SPOCK2,7,0.7590334435831886,0.6812135832471514,0.8235852110106548,7,1.0,5
I-II,2,normal-vs-normal,T cell regulatory,TRBC2,7,0.7511429920608904,0.7030546782158706,0.8152440447039717,7,1.0,6
I-II,2,normal-vs-normal,T cell regulatory,LTB,7,0.7470890142004522,0.700744711781256,0.8398086451805853,7,1.0,7
I-II,2,normal-vs-normal,T cell regulatory,CD7,7,0.7400905051769404,0.6845920185786458,0.8022402734489652,7,1.0,8
I-II,2,normal-vs-normal,T cell regulatory,BATF,7,0.734968351107668,0.6689315428719154,0.8058340986897818,7,1.0,9
I-II,2,normal-vs-normal,T cell regulatory,TNFRSF18,7,0.7316672977957094,0.6527743228694389,0.8178574787322086,7,1.0,10
I-II,2,normal-vs-normal,cDC1,HLA-DPB1,6,0.9758381551176609,0.9632735283884641,0.9936661993113866,6,1.0,1
I-II,2,normal-vs-normal,cDC1,HLA-DPA1,6,0.9722963277929174,0.9507497919921195,0.9973141292288614,6,1.0,2
I-II,2,normal-vs-normal,cDC1,HLA-DQA1,6,0.9642371730389007,0.9450831096315039,0.9971071922653735,6,1.0,3
I-II,2,normal-vs-normal,cDC1,HLA-DQB1,6,0.9570546461457319,0.9072543397279762,0.9976199698115447,6,1.0,4
I-II,2,normal-vs-normal,cDC1,CD74,6,0.9565638818678508,0.9265209966748119,0.9955019675201954,6,1.0,5
I-II,2,normal-vs-normal,cDC1,HLA-DRA,6,0.953694897695886,0.9304868190380923,0.9884164720834143,6,1.0,6
I-II,2,normal-vs-normal,cDC1,CST3,6,0.952924104909468,0.8937190946004507,0.9991445809914036,6,1.0,7
I-II,2,normal-vs-normal,cDC1,TMSB4X,6,0.9432238585313272,0.9006460246428236,0.995009183826075,6,1.0,8
I-II,2,normal-vs-normal,cDC1,HLA-DRB1,6,0.9405858566518644,0.8934562926629691,0.9954988443511601,6,1.0,9
I-II,2,normal-vs-normal,cDC1,LGALS2,6,0.9214681991578924,0.8513369857327867,0.994720605901996,6,1.0,10
I-II,2,normal-vs-normal,cDC2,HLA-DRA,7,0.9362638572428592,0.921439542672491,0.9541197812855714,7,1.0,1
I-II,2,normal-vs-normal,cDC2,HLA-DPA1,7,0.9330074575745504,0.9181902355600557,0.9495674778603379,7,1.0,2
I-II,2,normal-vs-normal,cDC2,HLA-DPB1,7,0.9322444527840162,0.9199203669356468,0.9530801231945851,7,1.0,3
I-II,2,normal-vs-normal,cDC2,HLA-DRB1,7,0.9279724746258547,0.9102424477623288,0.9473340983244443,7,1.0,4
I-II,2,normal-vs-normal,cDC2,HLA-DQB1,7,0.9187405289620753,0.892533860995567,0.9439819313571911,7,1.0,5
I-II,2,normal-vs-normal,cDC2,CD74,7,0.9174326538070964,0.9009759776288445,0.9401827088082669,7,1.0,6
I-II,2,normal-vs-normal,cDC2,HLA-DQA1,7,0.8968845394298185,0.7775792639083468,0.9426621889009511,7,1.0,7
I-II,2,normal-vs-normal,cDC2,LST1,7,0.8959649492600883,0.7979822482946769,0.9633482941717166,7,1.0,8
I-II,2,normal-vs-normal,cDC2,TYROBP,7,0.8945221447625608,0.8482962931054423,0.9147847543993295,7,1.0,9
I-II,2,normal-vs-normal,cDC2,AIF1,7,0.8908956406398449,0.7339465841256424,0.9496564114822261,7,1.0,10
I-II,2,normal-vs-normal,myeloid dividing,TUBA1B,7,0.9412664567858274,0.903187523476675,0.9727244036126576,7,1.0,1
I-II,2,normal-vs-normal,myeloid dividing,HMGN2,7,0.9319322126955346,0.8754574824580614,0.9811561322642056,7,1.0,2
I-II,2,normal-vs-normal,myeloid dividing,ITGB2,7,0.9262602261293216,0.8734083364034139,0.960309980929025,7,1.0,3
I-II,2,normal-vs-normal,myeloid dividing,MS4A6A,7,0.92596957030411,0.7842349904832142,0.985772557268586,7,1.0,4
I-II,2,normal-vs-normal,myeloid dividing,AIF1,7,0.9236948243377942,0.7622661717088449,0.9728549527260517,7,1.0,5
I-II,2,normal-vs-normal,myeloid dividing,CAPG,7,0.9229563270474903,0.7710770385447507,0.982151109518134,7,1.0,6
I-II,2,normal-vs-normal,myeloid dividing,C1QA,7,0.9224623041237541,0.858213791486351,0.9818119203340471,7,1.0,7
I-II,2,normal-vs-normal,myeloid dividing,CD74,7,0.9178853065835247,0.8435350863709465,0.97786604416241,7,1.0,8
I-II,2,normal-vs-normal,myeloid dividing,NPC2,7,0.9134705378653608,0.8067596626844791,0.9560346242807425,7,1.0,9
I-II,2,normal-vs-normal,myeloid dividing,YWHAH,7,0.9127004877714227,0.829549899876778,0.9836349861722837,7,1.0,10
I-II,2,normal-vs-normal,pDC,GZMB,7,0.9544413666755618,0.8755088631397141,0.9849030165812706,7,1.0,1
I-II,2,normal-vs-normal,pDC,JCHAIN,7,0.923717554768802,0.8447902927569668,0.9972782029953681,7,1.0,2
I-II,2,normal-vs-normal,pDC,IRF7,7,0.9110892099223039,0.8443464362869637,0.9983584785469638,7,1.0,3
I-II,2,normal-vs-normal,pDC,LILRA4,7,0.9064468507181712,0.7936261943513423,0.9988744679183544,7,1.0,4
I-II,2,normal-vs-normal,pDC,PLAC8,7,0.9049006197161862,0.8236507840556498,0.9939520180190231,7,1.0,5
I-II,2,normal-vs-normal,pDC,PLD4,7,0.8915731473158314,0.7175944674166166,0.9963735211221383,7,1.0,6
I-II,2,normal-vs-normal,pDC,TSPAN13,7,0.8799979338289213,0.7764482809631362,0.9739871965412694,7,1.0,7
I-II,2,normal-vs-normal,pDC,IRF8,7,0.8687820519582806,0.7148735825760066,0.968688340662239,7,1.0,8
I-II,2,normal-vs-normal,pDC,IL3RA,7,0.8655154915077653,0.7598292002045133,0.9369204261380425,7,1.0,9
I-II,2,normal-vs-normal,pDC,HERPUD1,7,0.8421841529889565,0.7364427956874726,0.9153834268807196,7,1.0,10
I-II,2,normal-vs-normal,stromal dividing,ANLN,1,0.9984565599486092,0.9984565599486092,0.9984565599486092,1,1.0,1
I-II,2,normal-vs-normal,stromal dividing,KIF20A,1,0.9983156491763913,0.9983156491763913,0.9983156491763913,1,1.0,2
I-II,2,normal-vs-normal,stromal dividing,DIAPH3,1,0.9982598160421655,0.9982598160421655,0.9982598160421655,1,1.0,3
I-II,2,normal-vs-normal,stromal dividing,PRC1,1,0.9974231651625534,0.9974231651625534,0.9974231651625534,1,1.0,4
I-II,2,normal-vs-normal,stromal dividing,TUBB4B,1,0.994781927228401,0.994781927228401,0.994781927228401,1,1.0,5
I-II,2,normal-vs-normal,stromal dividing,RAB34,1,0.9940489947383733,0.9940489947383733,0.9940489947383733,1,1.0,6
I-II,2,normal-vs-normal,stromal dividing,TRAPPC4,1,0.9935889749171454,0.9935889749171454,0.9935889749171454,1,1.0,7
I-II,2,normal-vs-normal,stromal dividing,LGALS1,1,0.993381471993792,0.993381471993792,0.993381471993792,1,1.0,8
I-II,2,normal-vs-normal,stromal dividing,CCNB1,1,0.9925087847818621,0.9925087847818621,0.9925087847818621,1,1.0,9
I-II,2,normal-vs-normal,stromal dividing,CDC20,1,0.9920491868009508,0.9920491868009508,0.9920491868009508,1,1.0,10
I-II,2,tumor-vs-all,AT1,KRT7,3,0.9465612528293169,0.8752872545387944,0.9886993146636264,3,1.0,1
I-II,2,tumor-vs-all,AT1,GPRC5A,3,0.9118011090967174,0.8880782676316401,0.9385324523431694,3,1.0,2
I-II,2,tumor-vs-all,AT1,KRT19,3,0.9032735508718227,0.852136291272475,0.9470589043931288,3,1.0,3
I-II,2,tumor-vs-all,AT1,HOPX,3,0.899967359708846,0.8579211516828011,0.9503255732604782,3,1.0,4
I-II,2,tumor-vs-all,AT1,EMP2,3,0.890974483465868,0.8262640321161492,0.9301848182051049,3,1.0,5
I-II,2,tumor-vs-all,AT1,S100A10,3,0.8895965500257409,0.8266281974313944,0.9577263119343584,3,1.0,6
I-II,2,tumor-vs-all,AT1,SFTPB,3,0.8793207460833697,0.825264343371661,0.913960745256156,3,1.0,7
I-II,2,tumor-vs-all,AT1,CAV2,3,0.8741424914767496,0.8172664521587878,0.9518186706674893,3,1.0,8
I-II,2,tumor-vs-all,AT1,FOLR1,3,0.8706332332026033,0.811862517640554,0.9768453421972939,3,1.0,9
I-II,2,tumor-vs-all,AT1,KRT18,3,0.8701512485765434,0.7707261605930255,0.93078412394038,3,1.0,10
I-II,2,tumor-vs-all,AT2_ROS1+,SFTPB,2,0.9753096857944457,0.9745422227027748,0.9760771488861166,2,1.0,1
I-II,2,tumor-vs-all,AT2_ROS1+,SFTPA2,2,0.9623792319667,0.9409495929940046,0.9838088709393955,2,1.0,2
I-II,2,tumor-vs-all,AT2_ROS1+,SFTPA1,2,0.9433745970237292,0.9016469002447642,0.9851022938026941,2,1.0,3
I-II,2,tumor-vs-all,AT2_ROS1+,NAPSA,2,0.9418754021098181,0.9118865972797815,0.9718642069398546,2,1.0,4
I-II,2,tumor-vs-all,AT2_ROS1+,LRRK2,2,0.9271982460540511,0.9090498993791724,0.94534659272893,2,1.0,5
I-II,2,tumor-vs-all,AT2_ROS1+,SFTPD,2,0.9231613505871406,0.9132401993998415,0.9330825017744396,2,1.0,6
I-II,2,tumor-vs-all,AT2_ROS1+,SLC34A2,2,0.9126364193012808,0.909890581154213,0.9153822574483488,2,1.0,7
I-II,2,tumor-vs-all,AT2_ROS1+,TCIM,2,0.9092225639051688,0.8938509779182079,0.9245941498921296,2,1.0,8
I-II,2,tumor-vs-all,AT2_ROS1+,MUC1,2,0.9061716743124455,0.9020458111693664,0.9102975374555247,2,1.0,9
I-II,2,tumor-vs-all,AT2_ROS1+,NKX2-1,2,0.9033329768221128,0.8414067608522122,0.9652591927920134,2,1.0,10
I-II,2,tumor-vs-all,Ciliated,CAPS,6,0.9876933184543986,0.969929288761306,0.9999999968200792,6,1.0,1
I-II,2,tumor-vs-all,Ciliated,TPPP3,6,0.9819160610548958,0.9489089572590543,0.9982896957783696,6,1.0,2
I-II,2,tumor-vs-all,Ciliated,RSPH1,6,0.9660883641448003,0.9303244669945668,0.9996478135887353,6,1.0,3
I-II,2,tumor-vs-all,Ciliated,C20orf85,6,0.9654504677154042,0.8995284994351626,0.9999999968200792,6,1.0,4
I-II,2,tumor-vs-all,Ciliated,CETN2,6,0.9633491770349933,0.8814176286038219,0.9969580928928824,6,1.0,5
I-II,2,tumor-vs-all,Ciliated,PIFO,6,0.9621655800705976,0.9112426350144988,0.9999999968200792,6,1.0,6
I-II,2,tumor-vs-all,Ciliated,C9orf24,6,0.9572692425721696,0.89781017183748,0.9999999968200792,6,1.0,7
I-II,2,tumor-vs-all,Ciliated,C5orf49,6,0.9493887151028356,0.9005565233352081,0.9972868951463656,6,1.0,8
I-II,2,tumor-vs-all,Ciliated,TMEM190,6,0.9455835971058605,0.8998862399636409,0.9999999968200792,6,1.0,9
I-II,2,tumor-vs-all,Ciliated,FAM183A,6,0.936694548435104,0.8937996478414442,0.9999999968200792,6,1.0,10
I-II,2,tumor-vs-all,Club_AT2_even_1,NAPSA,7,0.9360149419002235,0.74936098319702,0.9985861240927745,7,1.0,1
I-II,2,tumor-vs-all,Club_AT2_even_1,SLPI,7,0.9330104430284455,0.8846524556989201,0.9911695255858229,7,1.0,2
I-II,2,tumor-vs-all,Club_AT2_even_1,WFDC2,7,0.9148537024246987,0.8770112815788486,0.945695891978768,7,1.0,3
I-II,2,tumor-vs-all,Club_AT2_even_1,CXCL17,7,0.9080585111613819,0.8331437853559407,0.9850833847266284,7,1.0,4
I-II,2,tumor-vs-all,Club_AT2_even_1,RNASE1,7,0.9024491408596143,0.8082653701289417,0.9613337850956567,7,1.0,5
I-II,2,tumor-vs-all,Club_AT2_even_1,NPC2,7,0.9024131315189369,0.7413004997638503,0.9806479311628271,7,1.0,6
I-II,2,tumor-vs-all,Club_AT2_even_1,CYB5A,7,0.9023514266194173,0.698666302875968,0.972543213365484,7,1.0,7
I-II,2,tumor-vs-all,Club_AT2_even_1,SFTA2,7,0.8989528871128012,0.7630321579482953,0.9771719670865053,7,1.0,8
I-II,2,tumor-vs-all,Club_AT2_even_1,MGST1,7,0.8923739440514309,0.8173906293199107,0.9401867431292928,7,1.0,9
I-II,2,tumor-vs-all,Club_AT2_even_1,C16orf89,7,0.8560201459932015,0.6655672677599768,0.9882659035532966,7,1.0,10
I-II,2,tumor-vs-all,Club_AT2_even_2,SLC25A37,1,0.7824883800765912,0.7824883800765912,0.7824883800765912,2,0.5,1
I-II,2,tumor-vs-all,Club_AT2_even_2,NECTIN4,1,0.7285195047898753,0.7285195047898753,0.7285195047898753,2,0.5,2
I-II,2,tumor-vs-all,Club_AT2_even_2,GPX2,1,0.7254125583094277,0.7254125583094277,0.7254125583094277,2,0.5,3
I-II,2,tumor-vs-all,Club_AT2_even_2,LMO3,1,0.7224387998606377,0.7224387998606377,0.7224387998606377,2,0.5,4
I-II,2,tumor-vs-all,Club_AT2_even_2,ITGB6,1,0.7203847892637306,0.7203847892637306,0.7203847892637306,2,0.5,5
I-II,2,tumor-vs-all,Club_AT2_even_2,PLAU,1,0.7161060815488233,0.7161060815488233,0.7161060815488233,2,0.5,6
I-II,2,tumor-vs-all,Club_AT2_even_2,ABCC3,1,0.7158347769314528,0.7158347769314528,0.7158347769314528,2,0.5,7
I-II,2,tumor-vs-all,Club_AT2_even_2,GPATCH2L,1,0.7046636768485977,0.7046636768485977,0.7046636768485977,2,0.5,8
I-II,2,tumor-vs-all,Club_AT2_even_2,DYNC2I1,1,0.7023765149861959,0.7023765149861959,0.7023765149861959,2,0.5,9
I-II,2,tumor-vs-all,Club_AT2_even_2,TMC5,1,0.6989713829458811,0.6989713829458811,0.6989713829458811,2,0.5,10
I-II,2,tumor-vs-all,Club_AT2_high,SFTPB,2,0.9258432076621972,0.9065831186199729,0.9451032967044216,2,1.0,1
I-II,2,tumor-vs-all,Club_AT2_high,ERRFI1,2,0.9207465265295581,0.9192784054980294,0.9222146475610868,2,1.0,2
I-II,2,tumor-vs-all,Club_AT2_high,GPRC5A,2,0.8954457485986989,0.8302566277218483,0.9606348694755494,2,1.0,3
I-II,2,tumor-vs-all,Club_AT2_high,CYB5A,2,0.8792638364961446,0.8264292508338138,0.9320984221584754,2,1.0,4
I-II,2,tumor-vs-all,Club_AT2_high,MAL2,2,0.8707971266028777,0.8176190676050307,0.9239751856007247,2,1.0,5
I-II,2,tumor-vs-all,Club_AT2_high,SCGB3A2,2,0.853929084964545,0.8396213387081162,0.8682368312209738,2,1.0,6
I-II,2,tumor-vs-all,Club_AT2_high,LMO3,2,0.8405562001282976,0.7339812668623111,0.9471311333942841,2,1.0,7
I-II,2,tumor-vs-all,Club_AT2_high,HOPX,2,0.8405500974627753,0.6990381885167668,0.9820620064087837,2,1.0,8
I-II,2,tumor-vs-all,Club_AT2_high,KRT7,2,0.8237025948848077,0.7978031352436429,0.8496020545259725,2,1.0,9
I-II,2,tumor-vs-all,Club_AT2_high,TACSTD2,2,0.8236125099467834,0.70514913588541,0.9420758840081568,2,1.0,10
I-II,2,tumor-vs-all,Club_Ciliated,WFDC2,5,0.9695980514893059,0.9560292733938774,0.9866774375182548,5,1.0,1
I-II,2,tumor-vs-all,Club_Ciliated,SLPI,5,0.9456427724897571,0.8687186494318905,0.9971827171019619,5,1.0,2
I-II,2,tumor-vs-all,Club_Ciliated,BPIFB1,5,0.9435007640650369,0.8740412148154554,0.9999856788245604,5,1.0,3
I-II,2,tumor-vs-all,Club_Ciliated,SCGB3A1,5,0.9409878949489203,0.7857764041584384,0.9984690598910024,5,1.0,4
I-II,2,tumor-vs-all,Club_Ciliated,PIGR,5,0.93220467991714,0.809236542564366,0.9965769264989811,5,1.0,5
I-II,2,tumor-vs-all,Club_Ciliated,CXCL17,5,0.9290387901747301,0.8774874701138728,0.9879109440816494,5,1.0,6
I-II,2,tumor-vs-all,Club_Ciliated,LCN2,5,0.9208941357577733,0.8258628799969012,0.9955534060923663,5,1.0,7
I-II,2,tumor-vs-all,Club_Ciliated,SCGB1A1,5,0.9045597683605955,0.7740189116253074,1.0000000024183093,5,1.0,8
I-II,2,tumor-vs-all,Club_Ciliated,AGR2,5,0.8998508319882115,0.8405871621456403,0.9722050049810069,5,1.0,9
I-II,2,tumor-vs-all,Club_Ciliated,CP,5,0.8995880621700547,0.8610667408441773,0.9971594824854059,5,1.0,10
I-II,2,tumor-vs-all,Tumor LAUD_LUSC_AT2,NEAT1,3,0.8236093965749453,0.7962702480703876,0.8474584339846883,3,1.0,1
I-II,2,tumor-vs-all,Tumor LAUD_LUSC_AT2,KRT19,3,0.7932350581928804,0.666948298929073,0.8902117463644915,3,1.0,2
I-II,2,tumor-vs-all,Tumor LAUD_LUSC_AT2,KRT7,3,0.771586143637891,0.7312853250971832,0.8120626962178743,3,1.0,3
I-II,2,tumor-vs-all,Tumor LAUD_LUSC_AT2,TACSTD2,3,0.7699476621982547,0.7599361474485256,0.7816130139149761,3,1.0,4
I-II,2,tumor-vs-all,Tumor LAUD_LUSC_AT2,LAMB3,3,0.7668916052401283,0.6952457327854613,0.9089300368915488,3,1.0,5
I-II,2,tumor-vs-all,Tumor LAUD_LUSC_AT2,ERRFI1,3,0.7667541582552432,0.70916892965699,0.7967214747172899,3,1.0,6
I-II,2,tumor-vs-all,Tumor LAUD_LUSC_AT2,ELF3,3,0.7302792258212021,0.6605757820627894,0.8628806152788171,3,1.0,7
I-II,2,tumor-vs-all,Tumor LAUD_LUSC_AT2,MDK,3,0.6795700540606999,0.6540647046931296,0.696484405988206,3,1.0,8
I-II,2,tumor-vs-all,Tumor LAUD_LUSC_AT2,MUC1,2,0.9125079749825489,0.8771747663155418,0.947841183649556,3,0.6666666666666666,9
I-II,2,tumor-vs-all,Tumor LAUD_LUSC_AT2,CLDN4,2,0.8686375225923164,0.8398041690585301,0.8974708761261028,3,0.6666666666666666,10
I-II,2,tumor-vs-all,Tumor LUAD_AT2_high,NQO1,1,0.9903054962059811,0.9903054962059811,0.9903054962059811,1,1.0,1
I-II,2,tumor-vs-all,Tumor LUAD_AT2_high,FGL1,1,0.986447883963604,0.986447883963604,0.986447883963604,1,1.0,2
I-II,2,tumor-vs-all,Tumor LUAD_AT2_high,CALCA,1,0.9860793950856255,0.9860793950856255,0.9860793950856255,1,1.0,3
I-II,2,tumor-vs-all,Tumor LUAD_AT2_high,SEC11C,1,0.9847480473761482,0.9847480473761482,0.9847480473761482,1,1.0,4
I-II,2,tumor-vs-all,Tumor LUAD_AT2_high,EPCAM,1,0.9777103911589243,0.9777103911589243,0.9777103911589243,1,1.0,5
I-II,2,tumor-vs-all,Tumor LUAD_AT2_high,TFF3,1,0.9758166324376955,0.9758166324376955,0.9758166324376955,1,1.0,6
I-II,2,tumor-vs-all,Tumor LUAD_AT2_high,HMGB3,1,0.9748380471603849,0.9748380471603849,0.9748380471603849,1,1.0,7
I-II,2,tumor-vs-all,Tumor LUAD_AT2_high,OCIAD2,1,0.9741628371378608,0.9741628371378608,0.9741628371378608,1,1.0,8
I-II,2,tumor-vs-all,Tumor LUAD_AT2_high,SPINT2,1,0.9690931375951426,0.9690931375951426,0.9690931375951426,1,1.0,9
I-II,2,tumor-vs-all,Tumor LUAD_AT2_high,CD24,1,0.9686401814525204,0.9686401814525204,0.9686401814525204,1,1.0,10
I-II,2,tumor-vs-all,Tumor LUAD_AT2_mitotic,WFDC2,6,0.7328606643593322,0.657778117724088,0.8208838739938485,6,1.0,1
I-II,2,tumor-vs-all,Tumor LUAD_AT2_mitotic,SFTA2,5,0.8322893036073212,0.7848875552526011,0.9231895561791137,6,0.8333333333333334,2
I-II,2,tumor-vs-all,Tumor LUAD_AT2_mitotic,CYB5A,4,0.825208519507413,0.7709449319861781,0.913688111913291,6,0.6666666666666666,3
I-II,2,tumor-vs-all,Tumor LUAD_AT2_mitotic,SFTPB,4,0.8135858668819895,0.7801483389524143,0.8456979586130716,6,0.6666666666666666,4
I-II,2,tumor-vs-all,Tumor LUAD_AT2_mitotic,CRABP2,4,0.7975414067612332,0.7192170667451635,0.9031978328676106,6,0.6666666666666666,5
I-II,2,tumor-vs-all,Tumor LUAD_AT2_mitotic,HOPX,4,0.7916142062192872,0.6796230529206,0.8657285035334121,6,0.6666666666666666,6
I-II,2,tumor-vs-all,Tumor LUAD_AT2_mitotic,KRT18,4,0.7807266801896118,0.7347260848149895,0.8455559945882078,6,0.6666666666666666,7
I-II,2,tumor-vs-all,Tumor LUAD_AT2_mitotic,NAPSA,4,0.7707985782113544,0.7350066354904593,0.808507061253649,6,0.6666666666666666,8
I-II,2,tumor-vs-all,Tumor LUAD_AT2_mitotic,MGST1,4,0.7643380129864972,0.6800526001924766,0.861934640665621,6,0.6666666666666666,9
I-II,2,tumor-vs-all,Tumor LUAD_AT2_mitotic,NPC2,4,0.7577799915109522,0.6638827298567345,0.8354251452296768,6,0.6666666666666666,10
I-II,2,tumor-vs-all,Tumor LUAD_LUSC,PERP,4,0.8733951066155801,0.7892922102034565,0.9542503368789726,4,1.0,1
I-II,2,tumor-vs-all,Tumor LUAD_LUSC,KRT19,4,0.859979711336093,0.7414622425658675,0.9324639993015077,4,1.0,2
I-II,2,tumor-vs-all,Tumor LUAD_LUSC,MIF,4,0.8297089234975774,0.7466662403634479,0.8995138894067819,4,1.0,3
I-II,2,tumor-vs-all,Tumor LUAD_LUSC,TXN,4,0.7907712326645087,0.6602952060692154,0.9132161430136463,4,1.0,4
I-II,2,tumor-vs-all,Tumor LUAD_LUSC,KRT8,4,0.7874200924621655,0.7354492977823526,0.8487316495588711,4,1.0,5
I-II,2,tumor-vs-all,Tumor LUAD_LUSC,KRT18,4,0.7542810219083846,0.6990649883135399,0.8067351462666776,4,1.0,6
I-II,2,tumor-vs-all,Tumor LUAD_LUSC,SLC2A1,4,0.7528201893534819,0.6608248711064875,0.8239329258383224,4,1.0,7
I-II,2,tumor-vs-all,Tumor LUAD_LUSC,EPCAM,4,0.7519774777228044,0.6637341498172068,0.8725158899276437,4,1.0,8
I-II,2,tumor-vs-all,Tumor LUAD_LUSC,SPINT2,4,0.7471983994127722,0.7090355303987624,0.8258394567447651,4,1.0,9
I-II,2,tumor-vs-all,Tumor LUAD_LUSC,ANXA1,4,0.7417714981883861,0.6735241142435561,0.7692836960552697,4,1.0,10
I-II,2,tumor-vs-all,Tumor LUAD_LUSC_mitotic,KRT19,4,0.7965658529218694,0.695080005097204,0.9482692716190478,5,0.8,1
I-II,2,tumor-vs-all,Tumor LUAD_LUSC_mitotic,IGKC,4,0.6944417630827108,0.6678648472196322,0.7232844690787577,5,0.8,2
I-II,2,tumor-vs-all,Tumor LUAD_LUSC_mitotic,PERP,3,0.7648540582220563,0.6842599510987124,0.878578689012704,5,0.6,3
I-II,2,tumor-vs-all,Tumor LUAD_LUSC_mitotic,S100A9,3,0.7635201246540052,0.6820993181393029,0.820134843529399,5,0.6,4
I-II,2,tumor-vs-all,Tumor LUAD_LUSC_mitotic,KRT8,2,0.9272947209013717,0.9231426483271965,0.9314467934755468,5,0.4,5
I-II,2,tumor-vs-all,Tumor LUAD_LUSC_mitotic,MIF,2,0.8810326375130186,0.8369137875632566,0.9251514874627806,5,0.4,6
I-II,2,tumor-vs-all,Tumor LUAD_LUSC_mitotic,TACSTD2,2,0.822509314867561,0.696093289807224,0.948925339927898,5,0.4,7
I-II,2,tumor-vs-all,Tumor LUAD_LUSC_mitotic,S100A14,2,0.8204149705606691,0.7510834338713418,0.8897465072499964,5,0.4,8
I-II,2,tumor-vs-all,Tumor LUAD_LUSC_mitotic,SOX4,2,0.8075479049058475,0.7481335443473417,0.8669622654643533,5,0.4,9
I-II,2,tumor-vs-all,Tumor LUAD_LUSC_mitotic,KRT5,2,0.7996456647820914,0.7265518581578009,0.872739471406382,5,0.4,10
I-II,2,tumor-vs-all,Tumor LUAD_LUSC_mitotic_even,KRT19,6,0.8798750775724206,0.7572308420918934,0.93810949774032,6,1.0,1
I-II,2,tumor-vs-all,Tumor LUAD_LUSC_mitotic_even,KRT8,6,0.8598895159272102,0.739854686194191,0.947946928334027,6,1.0,2
I-II,2,tumor-vs-all,Tumor LUAD_LUSC_mitotic_even,TXN,6,0.8499702309503245,0.7535917723523846,0.9320934661565332,6,1.0,3
I-II,2,tumor-vs-all,Tumor LUAD_LUSC_mitotic_even,MIF,6,0.8476919267338908,0.7448889512989855,0.927625720995121,6,1.0,4
I-II,2,tumor-vs-all,Tumor LUAD_LUSC_mitotic_even,KRT18,6,0.8446346659984604,0.7341034707906555,0.9351435557453208,6,1.0,5
I-II,2,tumor-vs-all,Tumor LUAD_LUSC_mitotic_even,HMGB3,6,0.8363529467277345,0.6556275816600716,0.976574805215345,6,1.0,6
I-II,2,tumor-vs-all,Tumor LUAD_LUSC_mitotic_even,GAPDH,6,0.8195689946398224,0.659678711258406,0.9266762601631033,6,1.0,7
I-II,2,tumor-vs-all,Tumor LUAD_LUSC_mitotic_even,EPCAM,6,0.8067452484535392,0.6961027450816548,0.89593604672959,6,1.0,8
I-II,2,tumor-vs-all,Tumor LUAD_LUSC_mitotic_even,STMN1,6,0.7883506377214612,0.7273201528531152,0.8386852743616618,6,1.0,9
I-II,2,tumor-vs-all,Tumor LUAD_LUSC_mitotic_even,TUBA1B,6,0.7873841708562644,0.7178978271965181,0.8515617407060029,6,1.0,10
I-II,2,tumor-vs-all,Tumor LUAD_mainly,S100A16,4,0.8558482147125738,0.8201576981932328,0.895722272666454,4,1.0,1
I-II,2,tumor-vs-all,Tumor LUAD_mainly,KRT19,4,0.8544331072035901,0.769813934208089,0.9187781439210235,4,1.0,2
I-II,2,tumor-vs-all,Tumor LUAD_mainly,CSTB,4,0.8351796221667721,0.7214116208953015,0.8916830061266,4,1.0,3
I-II,2,tumor-vs-all,Tumor LUAD_mainly,S100A11,4,0.8300345650688097,0.7707441312896937,0.8553434688254759,4,1.0,4
I-II,2,tumor-vs-all,Tumor LUAD_mainly,GSTP1,4,0.8082598978036996,0.7802051443124537,0.8414426273807698,4,1.0,5
I-II,2,tumor-vs-all,Tumor LUAD_mainly,SFN,4,0.8049616715508799,0.7097139224446987,0.9237031132025152,4,1.0,6
I-II,2,tumor-vs-all,Tumor LUAD_mainly,SLPI,4,0.8032150452687976,0.7055100217884276,0.9055419090362935,4,1.0,7
I-II,2,tumor-vs-all,Tumor LUAD_mainly,KRT8,4,0.7967108961006265,0.6905128944703111,0.8510981705119788,4,1.0,8
I-II,2,tumor-vs-all,Tumor LUAD_mainly,S100A14,4,0.7951376179041787,0.6589688242427301,0.8914424307536851,4,1.0,9
I-II,2,tumor-vs-all,Tumor LUAD_mainly,PERP,4,0.7898824485089249,0.7423285542033737,0.8361081131709954,4,1.0,10
I-II,2,tumor-vs-all,Tumor LUAD_mainly_AT2_low,ELF3,5,0.8168938544559751,0.6678027995254247,0.9099668186712239,7,0.7142857142857143,1
I-II,2,tumor-vs-all,Tumor LUAD_mainly_AT2_low,SOX4,5,0.8142684817005585,0.6879708729283932,0.8734759137322157,7,0.7142857142857143,2
I-II,2,tumor-vs-all,Tumor LUAD_mainly_AT2_low,CLDN4,5,0.7525991449052867,0.6589302068466145,0.924543696999318,7,0.7142857142857143,3
I-II,2,tumor-vs-all,Tumor LUAD_mainly_AT2_low,NEAT1,4,0.7576356466960013,0.6875623577883525,0.8112628632543475,7,0.5714285714285714,4
I-II,2,tumor-vs-all,Tumor LUAD_mainly_AT2_low,VMP1,4,0.7037660891054364,0.6515987956592915,0.793034097797559,7,0.5714285714285714,5
I-II,2,tumor-vs-all,Tumor LUAD_mainly_AT2_low,POLR2J3_ENSG00000168255,3,0.8396287720613668,0.7284914948224588,0.9494977000867646,7,0.42857142857142855,6
I-II,2,tumor-vs-all,Tumor LUAD_mainly_AT2_low,WSB1,3,0.7873623739007503,0.6825879729721278,0.8766095697969415,7,0.42857142857142855,7
I-II,2,tumor-vs-all,Tumor LUAD_mainly_AT2_low,ANKRD36C,3,0.7579620510709096,0.7075037883563767,0.8571009033474628,7,0.42857142857142855,8
I-II,2,tumor-vs-all,Tumor LUAD_mainly_AT2_low,LPCAT1,3,0.7405192759190954,0.6538483835105204,0.7975230928618697,7,0.42857142857142855,9
I-II,2,tumor-vs-all,Tumor LUAD_mainly_AT2_low,MACC1,3,0.7277919244475864,0.7164380003441556,0.7479867276921719,7,0.42857142857142855,10
I-II,2,tumor-vs-all,Tumor LUAD_mainly_AT2_mitotic,SFTA2,5,0.8750074858490324,0.7614191388591334,0.9262949446715497,5,1.0,1
I-II,2,tumor-vs-all,Tumor LUAD_mainly_AT2_mitotic,MGST1,5,0.841991148948425,0.6592749448888766,0.9951933089113387,5,1.0,2
I-II,2,tumor-vs-all,Tumor LUAD_mainly_AT2_mitotic,NAPSA,5,0.8400473458424751,0.709180368542803,0.9727847255693349,5,1.0,3
I-II,2,tumor-vs-all,Tumor LUAD_mainly_AT2_mitotic,CD55,5,0.7637972061949023,0.7271123133244917,0.806417392791066,5,1.0,4
I-II,2,tumor-vs-all,Tumor LUAD_mainly_AT2_mitotic,LMO7,5,0.733396243616695,0.7043927167913738,0.7564318145980149,5,1.0,5
I-II,2,tumor-vs-all,Tumor LUAD_mainly_AT2_mitotic,KRT8,4,0.9129502484178702,0.8629735374794136,0.9349568469293177,5,0.8,6
I-II,2,tumor-vs-all,Tumor LUAD_mainly_AT2_mitotic,WFDC2,4,0.9035156825372743,0.8217311323675359,0.9822373426392721,5,0.8,7
I-II,2,tumor-vs-all,Tumor LUAD_mainly_AT2_mitotic,KRT18,4,0.8967402604502599,0.787778613447794,0.954850259887269,5,0.8,8
I-II,2,tumor-vs-all,Tumor LUAD_mainly_AT2_mitotic,SOX4,4,0.8857034865735831,0.679369381204445,0.9678444458198983,5,0.8,9
I-II,2,tumor-vs-all,Tumor LUAD_mainly_AT2_mitotic,MDK,4,0.8796767607179355,0.6913564745675642,0.972448580775527,5,0.8,10
I-II,2,tumor-vs-all,Tumor LUAD_mitotic,KRT19,3,0.8380212968570658,0.715932429602092,0.9388947570297014,3,1.0,1
I-II,2,tumor-vs-all,Tumor LUAD_mitotic,CDKN2A,3,0.7831261700856159,0.6644742621675446,0.9235009373428964,3,1.0,2
I-II,2,tumor-vs-all,Tumor LUAD_mitotic,KRT17,3,0.7405605958652218,0.730202728686456,0.7569912583663269,3,1.0,3
I-II,2,tumor-vs-all,Tumor LUAD_mitotic,NDRG1,3,0.727965427430128,0.6603785447173035,0.7955464199859018,3,1.0,4
I-II,2,tumor-vs-all,Tumor LUAD_mitotic,HDAC2,3,0.7114485911939816,0.6683323609021106,0.7348817434441879,3,1.0,5
I-II,2,tumor-vs-all,Tumor LUAD_mitotic,SFN,3,0.7041612512178009,0.6564269177885288,0.7375101949168594,3,1.0,6
I-II,2,tumor-vs-all,Tumor LUAD_mitotic,SLC2A1,3,0.6949448291222623,0.6587477916287824,0.7403144666929647,3,1.0,7
I-II,2,tumor-vs-all,Tumor LUAD_mitotic,GAPDH,3,0.6777799439087232,0.6753349603837652,0.6792068942660371,3,1.0,8
I-II,2,tumor-vs-all,Tumor LUAD_mitotic,KRT7,2,0.9071050474776081,0.8842962115264085,0.9299138834288078,3,0.6666666666666666,9
I-II,2,tumor-vs-all,Tumor LUAD_mitotic,KRT18,2,0.8737828287296008,0.8259943598211236,0.921571297638078,3,0.6666666666666666,10
III-IV,0,normal-vs-normal,Alveolar cell type 2,NAPSA,1,0.9647026474987714,0.9647026474987714,0.9647026474987714,1,1.0,1
III-IV,0,normal-vs-normal,Alveolar cell type 2,SFTPB,1,0.9645731690007516,0.9645731690007516,0.9645731690007516,1,1.0,2
III-IV,0,normal-vs-normal,Alveolar cell type 2,MUC1,1,0.9602075943164983,0.9602075943164983,0.9602075943164983,1,1.0,3
III-IV,0,normal-vs-normal,Alveolar cell type 2,SLC34A2,1,0.9526180890619705,0.9526180890619705,0.9526180890619705,1,1.0,4
III-IV,0,normal-vs-normal,Alveolar cell type 2,SFTA2,1,0.9401030574242308,0.9401030574242308,0.9401030574242308,1,1.0,5
III-IV,0,normal-vs-normal,Alveolar cell type 2,KRT18,1,0.937473189668384,0.937473189668384,0.937473189668384,1,1.0,6
III-IV,0,normal-vs-normal,Alveolar cell type 2,MALL,1,0.9263020741396583,0.9263020741396583,0.9263020741396583,1,1.0,7
III-IV,0,normal-vs-normal,Alveolar cell type 2,CXCL17,1,0.9249939121767695,0.9249939121767695,0.9249939121767695,1,1.0,8
III-IV,0,normal-vs-normal,Alveolar cell type 2,PIGR,1,0.9239000335426019,0.9239000335426019,0.9239000335426019,1,1.0,9
III-IV,0,normal-vs-normal,Alveolar cell type 2,ATP1A1,1,0.9223973696244246,0.9223973696244246,0.9223973696244246,1,1.0,10
III-IV,0,normal-vs-normal,B cell,MS4A1,10,0.8958291122630287,0.6996491182994129,0.9842189059363485,10,1.0,1
III-IV,0,normal-vs-normal,B cell,CD79A,10,0.8782791445871123,0.8003420390611486,0.9387939809805927,10,1.0,2
III-IV,0,normal-vs-normal,B cell,CD37,10,0.8008924814569636,0.7423687999434572,0.8566747600637024,10,1.0,3
III-IV,0,normal-vs-normal,B cell,BANK1,10,0.7918515553698908,0.6531913830681173,0.9236766421294946,10,1.0,4
III-IV,0,normal-vs-normal,B cell,HLA-DRA,10,0.72604824891091,0.6606238092178082,0.8210748766003744,10,1.0,5
III-IV,0,normal-vs-normal,B cell,LTB,9,0.7614948503004126,0.682405781664565,0.8247106341720851,10,0.9,6
III-IV,0,normal-vs-normal,B cell,CD74,9,0.7288624863355273,0.6827552536431691,0.8031129739087665,10,0.9,7
III-IV,0,normal-vs-normal,B cell,VPREB3,8,0.7459480966394091,0.7176271346126671,0.7920481789087295,10,0.8,8
III-IV,0,normal-vs-normal,B cell,CXCR4,8,0.7421162531628239,0.6623951368594513,0.8036474948514383,10,0.8,9
III-IV,0,normal-vs-normal,B cell,CD79B,8,0.7320276343508629,0.6501880305036617,0.8090132052639896,10,0.8,10
III-IV,0,normal-vs-normal,B cell dividing,MS4A1,5,0.9575525458385421,0.8677495057288983,0.9937891654505805,5,1.0,1
III-IV,0,normal-vs-normal,B cell dividing,CD19,5,0.9397667909517292,0.8343576049779377,0.9978401577635244,5,1.0,2
III-IV,0,normal-vs-normal,B cell dividing,CD79A,5,0.9324782985692286,0.8567925141780984,0.9843746364963574,5,1.0,3
III-IV,0,normal-vs-normal,B cell dividing,STMN1,5,0.9322652703687793,0.8837736079564084,0.9847429466224202,5,1.0,4
III-IV,0,normal-vs-normal,B cell dividing,HMGN2,5,0.9314904834421389,0.866976877494711,0.9578869143622336,5,1.0,5
III-IV,0,normal-vs-normal,B cell dividing,HMGB2,5,0.9303026120428134,0.8306607238464156,0.9770814716604759,5,1.0,6
III-IV,0,normal-vs-normal,B cell dividing,CD79B,5,0.9221361733913268,0.7991761900333851,0.994608304435499,5,1.0,7
III-IV,0,normal-vs-normal,B cell dividing,CKS1B,5,0.9175546201926682,0.8719042956033775,0.9583973523622273,5,1.0,8
III-IV,0,normal-vs-normal,B cell dividing,CORO1A,5,0.916397153626958,0.8991911348712216,0.952390442251233,5,1.0,9
III-IV,0,normal-vs-normal,B cell dividing,EZR,5,0.9138689419763983,0.8858706875821442,0.9570084507914235,5,1.0,10
III-IV,0,normal-vs-normal,DC mature,LAMP3,8,0.9504627529310251,0.7579723722178464,0.9976560160708485,8,1.0,1
III-IV,0,normal-vs-normal,DC mature,BIRC3,8,0.9467877011521011,0.8443214730385713,0.9960317566126132,8,1.0,2
III-IV,0,normal-vs-normal,DC mature,TXN,8,0.9370233461275626,0.8433788191662028,0.984200841179689,8,1.0,3
III-IV,0,normal-vs-normal,DC mature,RASSF4,8,0.9116514823913386,0.7695215693682367,0.9974617779248116,8,1.0,4
III-IV,0,normal-vs-normal,DC mature,CD83,8,0.9110268139835996,0.7890546072340062,0.9891995777486375,8,1.0,5
III-IV,0,normal-vs-normal,DC mature,HLA-DPB1,8,0.9080877169603411,0.83665451105902,0.9593460044488417,8,1.0,6
III-IV,0,normal-vs-normal,DC mature,CD74,8,0.8982939778518649,0.8467615385030177,0.9513728022224004,8,1.0,7
III-IV,0,normal-vs-normal,DC mature,GPR157,8,0.8929183800731088,0.8006222890520334,0.9888844008764749,8,1.0,8
III-IV,0,normal-vs-normal,DC mature,CCR7,8,0.8917784135314716,0.6967853056371933,0.999832349002431,8,1.0,9
III-IV,0,normal-vs-normal,DC mature,HLA-DRA,8,0.8900692984826171,0.8369470498920887,0.9497648186659089,8,1.0,10
III-IV,0,normal-vs-normal,Endothelial cell arterial,CLDN5,4,0.986216311457401,0.980250603694905,0.9925633937141704,4,1.0,1
III-IV,0,normal-vs-normal,Endothelial cell arterial,EPAS1,4,0.9819870238109992,0.9770232822200522,0.9865610939616132,4,1.0,2
III-IV,0,normal-vs-normal,Endothelial cell arterial,AQP1,4,0.9798213382940655,0.9673007278680563,0.9907035766626802,4,1.0,3
III-IV,0,normal-vs-normal,Endothelial cell arterial,PTPRB,4,0.9768002093411492,0.9427908901455949,0.9917980677944017,4,1.0,4
III-IV,0,normal-vs-normal,Endothelial cell arterial,RAMP2,4,0.965937626224469,0.9372883762467557,0.9813053547064374,4,1.0,5
III-IV,0,normal-vs-normal,Endothelial cell arterial,IFI27,4,0.9619623651968767,0.9474313592810638,0.9798093264198322,4,1.0,6
III-IV,0,normal-vs-normal,Endothelial cell arterial,CLEC14A,4,0.9612158533688102,0.9405463810866206,0.9905835493265059,4,1.0,7
III-IV,0,normal-vs-normal,Endothelial cell arterial,CALCRL,4,0.958013776454479,0.931030713970067,0.9795660590117131,4,1.0,8
III-IV,0,normal-vs-normal,Endothelial cell arterial,CD93,4,0.9518300446760485,0.8941438051762374,0.9834779796519331,4,1.0,9
III-IV,0,normal-vs-normal,Endothelial cell arterial,FAM107A,4,0.9399286619052659,0.8355639230430597,0.9908614948263827,4,1.0,10
III-IV,0,normal-vs-normal,Endothelial cell capillary,GPX3,4,0.8346721324838398,0.774982182919943,0.9109482773698035,4,1.0,1
III-IV,0,normal-vs-normal,Endothelial cell capillary,SPARCL1,4,0.8058430128794661,0.6762429802671519,0.872047243781429,4,1.0,2
III-IV,0,normal-vs-normal,Endothelial cell capillary,EMP2,4,0.755390741443763,0.6643304821111988,0.8452768358098842,4,1.0,3
III-IV,0,normal-vs-normal,Endothelial cell capillary,COL4A1,4,0.7386924418242149,0.667321805471503,0.923020420040085,4,1.0,4
III-IV,0,normal-vs-normal,Endothelial cell capillary,CLDN5,3,0.9619197766331892,0.9404485176196956,0.9841320530744655,4,0.75,5
III-IV,0,normal-vs-normal,Endothelial cell capillary,RAMP2,3,0.9438007544496706,0.9314185694270299,0.958043979280589,4,0.75,6
III-IV,0,normal-vs-normal,Endothelial cell capillary,IFI27,3,0.91953504943029,0.9013672528503727,0.9447668004498584,4,0.75,7
III-IV,0,normal-vs-normal,Endothelial cell capillary,ESAM,3,0.9126627580015687,0.8319204061578477,0.9832672003357108,4,0.75,8
III-IV,0,normal-vs-normal,Endothelial cell capillary,CLEC14A,3,0.9003462684679615,0.8310316005250821,0.9796597276016894,4,0.75,9
III-IV,0,normal-vs-normal,Endothelial cell capillary,EPAS1,3,0.8920534978903302,0.7950274336376346,0.9433868377305931,4,0.75,10
III-IV,0,normal-vs-normal,Endothelial cell lymphatic,CCL21,6,0.9754676486532419,0.8560293665460019,1.000000002471483,6,1.0,1
III-IV,0,normal-vs-normal,Endothelial cell lymphatic,MMRN1,6,0.919627818080393,0.8503676582222793,0.998488830989813,6,1.0,2
III-IV,0,normal-vs-normal,Endothelial cell lymphatic,IGFBP7,6,0.9155144038445607,0.8531634049300119,0.967028092394087,6,1.0,3
III-IV,0,normal-vs-normal,Endothelial cell lymphatic,PPFIBP1,6,0.9024606912338999,0.855124600241703,0.9973160248113175,6,1.0,4
III-IV,0,normal-vs-normal,Endothelial cell lymphatic,GNG11,6,0.8939490704178431,0.8065396335757767,0.9617793777363995,6,1.0,5
III-IV,0,normal-vs-normal,Endothelial cell lymphatic,RAMP2,6,0.8754600891662278,0.7373393993233034,0.9698074771328109,6,1.0,6
III-IV,0,normal-vs-normal,Endothelial cell lymphatic,SPTBN1,6,0.8691326130442091,0.7279215596054923,0.9615964963120645,6,1.0,7
III-IV,0,normal-vs-normal,Endothelial cell lymphatic,CAVIN2,6,0.8632613773315893,0.7360096910462335,0.9723002632537475,6,1.0,8
III-IV,0,normal-vs-normal,Endothelial cell lymphatic,FABP4,6,0.8589039809504654,0.7092544834777125,0.9714559136020403,6,1.0,9
III-IV,0,normal-vs-normal,Endothelial cell lymphatic,PROX1,6,0.85782982908565,0.7492588915482213,0.9974770376275438,6,1.0,10
III-IV,0,normal-vs-normal,Endothelial cell venous,VWF,10,0.9341397679427617,0.7700505856237615,0.9999999948056456,10,1.0,1
III-IV,0,normal-vs-normal,Endothelial cell venous,SPARCL1,10,0.9076152907531625,0.738354486690347,0.9991649422077422,10,1.0,2
III-IV,0,normal-vs-normal,Endothelial cell venous,PECAM1,10,0.9056401285176499,0.7018676761872262,0.98848799793156,10,1.0,3
III-IV,0,normal-vs-normal,Endothelial cell venous,AQP1,10,0.9045308894799611,0.8295242284854843,0.9612952608272615,10,1.0,4
III-IV,0,normal-vs-normal,Endothelial cell venous,RAMP2,10,0.8970696991412668,0.7385159168428512,0.9999910918452858,10,1.0,5
III-IV,0,normal-vs-normal,Endothelial cell venous,TM4SF1,10,0.8860646702656798,0.761260029304641,0.9560704081280149,10,1.0,6
III-IV,0,normal-vs-normal,Endothelial cell venous,CLEC14A,10,0.8848596956723943,0.7308461989568239,0.9998827083580459,10,1.0,7
III-IV,0,normal-vs-normal,Endothelial cell venous,EPAS1,10,0.8800429476718212,0.7563265667916588,0.9430422607971255,10,1.0,8
III-IV,0,normal-vs-normal,Endothelial cell venous,IGFBP7,10,0.8688917824942399,0.721460127357011,0.9937814892371504,10,1.0,9
III-IV,0,normal-vs-normal,Endothelial cell venous,ENG,10,0.8560798681953228,0.67592237575867,0.9483136842988914,10,1.0,10
III-IV,0,normal-vs-normal,Fibroblast adventitial,C1R,9,0.9419906301519221,0.9091214070464769,0.9793169777364397,9,1.0,1
III-IV,0,normal-vs-normal,Fibroblast adventitial,C1S,9,0.9353253935300625,0.8564136614405768,0.9898060646020201,9,1.0,2
III-IV,0,normal-vs-normal,Fibroblast adventitial,COL1A2,9,0.9170887123572603,0.86474296127765,0.961583714285621,9,1.0,3
III-IV,0,normal-vs-normal,Fibroblast adventitial,NBL1,9,0.9102140865531254,0.7872738009332968,0.976672639959248,9,1.0,4
III-IV,0,normal-vs-normal,Fibroblast adventitial,NNMT,9,0.9082006444218802,0.8081652722588898,0.9663455689102621,9,1.0,5
III-IV,0,normal-vs-normal,Fibroblast adventitial,RARRES2,9,0.907847276898898,0.7776721001704312,0.9787829445364264,9,1.0,6
III-IV,0,normal-vs-normal,Fibroblast adventitial,COL6A2,9,0.8952058308625579,0.7886868007000376,0.9653772470765359,9,1.0,7
III-IV,0,normal-vs-normal,Fibroblast adventitial,BGN,9,0.8944223109006957,0.7373634541851647,0.9683441557164035,9,1.0,8
III-IV,0,normal-vs-normal,Fibroblast adventitial,SERPING1,9,0.8872725109572256,0.8075614550230158,0.9966051748779045,9,1.0,9
III-IV,0,normal-vs-normal,Fibroblast adventitial,IFITM3,9,0.886278502794036,0.8252445296459898,0.9772733085688244,9,1.0,10
III-IV,0,normal-vs-normal,Fibroblast alveolar,A2M,8,0.9612285556707771,0.9045633250100762,0.9860338517903224,8,1.0,1
III-IV,0,normal-vs-normal,Fibroblast alveolar,DCN,8,0.9529185031862336,0.9161623561726056,0.9781520588474044,8,1.0,2
III-IV,0,normal-vs-normal,Fibroblast alveolar,LUM,8,0.9499308984321491,0.9162151110699843,0.9781043048653725,8,1.0,3
III-IV,0,normal-vs-normal,Fibroblast alveolar,FBLN1,8,0.9253347328090875,0.7883137361531924,0.980339419645247,8,1.0,4
III-IV,0,normal-vs-normal,Fibroblast alveolar,COL1A2,8,0.9141370847786097,0.8505930226652344,0.9596684428311668,8,1.0,5
III-IV,0,normal-vs-normal,Fibroblast alveolar,MMP2,8,0.9111633485447195,0.8090326932081321,0.9694015519760888,8,1.0,6
III-IV,0,normal-vs-normal,Fibroblast alveolar,C1S,8,0.9108044252124095,0.8054290015006739,0.9665988418135287,8,1.0,7
III-IV,0,normal-vs-normal,Fibroblast alveolar,RARRES2,8,0.9049619104680627,0.7248691122485327,0.9640307933337282,8,1.0,8
III-IV,0,normal-vs-normal,Fibroblast alveolar,SERPING1,8,0.9027974561860366,0.7999549614486768,0.9303208375766181,8,1.0,9
III-IV,0,normal-vs-normal,Fibroblast alveolar,COL6A3,8,0.9023056066286618,0.7654063264502302,0.9575327063777624,8,1.0,10
III-IV,0,normal-vs-normal,Fibroblast peribronchial,COL1A1,10,0.9805003744997013,0.957878467274407,0.9999967168324005,10,1.0,1
III-IV,0,normal-vs-normal,Fibroblast peribronchial,COL3A1,10,0.9776451847624058,0.9494521207204651,0.9999999996789951,10,1.0,2
III-IV,0,normal-vs-normal,Fibroblast peribronchial,COL1A2,10,0.9770827487637662,0.9560437552050403,0.9999999996789951,10,1.0,3
III-IV,0,normal-vs-normal,Fibroblast peribronchial,LUM,10,0.9672520407118841,0.9123548588184125,0.9999999996789951,10,1.0,4
III-IV,0,normal-vs-normal,Fibroblast peribronchial,COL6A3,10,0.9590054731097934,0.8603255920395647,0.999990584379279,10,1.0,5
III-IV,0,normal-vs-normal,Fibroblast peribronchial,SPARC,10,0.9544860975228306,0.9207992937840396,0.9953259405440364,10,1.0,6
III-IV,0,normal-vs-normal,Fibroblast peribronchial,DCN,10,0.9473987340020358,0.8746935414193174,0.9974457198255234,10,1.0,7
III-IV,0,normal-vs-normal,Fibroblast peribronchial,FN1,10,0.9440485067222861,0.9148995988454269,0.9781848817005628,10,1.0,8
III-IV,0,normal-vs-normal,Fibroblast peribronchial,COL5A2,10,0.9410607183696502,0.8624066889797407,0.993189061534402,10,1.0,9
III-IV,0,normal-vs-normal,Fibroblast peribronchial,BGN,10,0.9364403541370487,0.8074718991916828,0.9994291224080234,10,1.0,10
III-IV,0,normal-vs-normal,Macrophage,FTL,10,0.9489933584970285,0.9261018870997072,0.9742771686214898,10,1.0,1
III-IV,0,normal-vs-normal,Macrophage,CTSB,10,0.9304587447822931,0.8961300024609266,0.9735084506640488,10,1.0,2
III-IV,0,normal-vs-normal,Macrophage,CTSD,10,0.9260413336643193,0.8636074175246549,0.9578133784281628,10,1.0,3
III-IV,0,normal-vs-normal,Macrophage,TYROBP,10,0.9078935286115046,0.8664280281466458,0.9480768036792859,10,1.0,4
III-IV,0,normal-vs-normal,Macrophage,GLUL,10,0.9042081650415328,0.8572794583738176,0.9559129380995853,10,1.0,5
III-IV,0,normal-vs-normal,Macrophage,PSAP,10,0.8989818461770115,0.8186561461720421,0.9685788086377208,10,1.0,6
III-IV,0,normal-vs-normal,Macrophage,FCER1G,10,0.8988471093267438,0.8071648240483141,0.9599659890279932,10,1.0,7
III-IV,0,normal-vs-normal,Macrophage,GPNMB,10,0.8935230831358515,0.8273313665214446,0.9633742003938157,10,1.0,8
III-IV,0,normal-vs-normal,Macrophage,C1QA,10,0.8862591817512151,0.8230648048690058,0.9340080177047082,10,1.0,9
III-IV,0,normal-vs-normal,Macrophage,CD68,10,0.8847770578693023,0.7268252999006135,0.9650779188489668,10,1.0,10
III-IV,0,normal-vs-normal,Macrophage alveolar,C1QA,10,0.8302923549475179,0.6743391793049106,0.9835330135136486,10,1.0,1
III-IV,0,normal-vs-normal,Macrophage alveolar,APOC1,9,0.8718016438349435,0.6577695960292127,0.9847583317802501,10,0.9,2
III-IV,0,normal-vs-normal,Macrophage alveolar,GPNMB,9,0.852770943841384,0.715053489876694,0.9328067788082274,10,0.9,3
III-IV,0,normal-vs-normal,Macrophage alveolar,APOE,9,0.8522536813977761,0.6873169549840307,0.974252923135787,10,0.9,4
III-IV,0,normal-vs-normal,Macrophage alveolar,C1QB,9,0.8453903023465993,0.6732665399204746,0.9741199100667004,10,0.9,5
III-IV,0,normal-vs-normal,Macrophage alveolar,MS4A7,9,0.8201890513182526,0.6684404657346327,0.9583140607939724,10,0.9,6
III-IV,0,normal-vs-normal,Macrophage alveolar,C1QC,9,0.8139710508149227,0.6641557110510046,0.9498491396472695,10,0.9,7
III-IV,0,normal-vs-normal,Macrophage alveolar,CD68,9,0.8095494291486028,0.652087758200899,0.944502488892659,10,0.9,8
III-IV,0,normal-vs-normal,Macrophage alveolar,CTSL,9,0.797232804184029,0.6580528580021429,0.9035420265751875,10,0.9,9
III-IV,0,normal-vs-normal,Macrophage alveolar,FCGR3A,9,0.7923820139466557,0.6530233590036043,0.9228400978605128,10,0.9,10
III-IV,0,normal-vs-normal,Mast cell,CPA3,10,0.9855015393083331,0.9445138094004037,0.9999999945666693,10,1.0,1
III-IV,0,normal-vs-normal,Mast cell,TPSB2,10,0.9851326800466058,0.9328207204927964,1.0000000007708292,10,1.0,2
III-IV,0,normal-vs-normal,Mast cell,TPSAB1,10,0.9837752709292003,0.9264376863175396,1.0000000007708292,10,1.0,3
III-IV,0,normal-vs-normal,Mast cell,MS4A2,10,0.9508023725585458,0.8615408261833626,0.9999944531771995,10,1.0,4
III-IV,0,normal-vs-normal,Mast cell,HPGDS,10,0.9087911258372714,0.6986157045614708,0.9971352879951352,10,1.0,5
III-IV,0,normal-vs-normal,Mast cell,KIT,10,0.9054465315262611,0.7719433289444406,0.9999958133496502,10,1.0,6
III-IV,0,normal-vs-normal,Mast cell,SLC18A2,10,0.9018971553579236,0.8339842531677317,0.9870224073571536,10,1.0,7
III-IV,0,normal-vs-normal,Mast cell,GATA2,10,0.897105274668539,0.7001925052858853,0.9980729329086467,10,1.0,8
III-IV,0,normal-vs-normal,Mast cell,VWA5A,10,0.8845129000559343,0.7852225652743444,0.9994991853145573,10,1.0,9
III-IV,0,normal-vs-normal,Mast cell,CLU,10,0.874067719556925,0.748077167731195,0.9853928577078298,10,1.0,10
III-IV,0,normal-vs-normal,Mesothelial,HP,1,1.000000002471483,1.000000002471483,1.000000002471483,1,1.0,1
III-IV,0,normal-vs-normal,Mesothelial,MSLN,1,1.000000002471483,1.000000002471483,1.000000002471483,1,1.0,2
III-IV,0,normal-vs-normal,Mesothelial,SELENBP1,1,1.000000002471483,1.000000002471483,1.000000002471483,1,1.0,3
III-IV,0,normal-vs-normal,Mesothelial,UPK3B,1,1.000000002471483,1.000000002471483,1.000000002471483,1,1.0,4
III-IV,0,normal-vs-normal,Mesothelial,PDZK1IP1,1,0.9999537402829259,0.9999537402829259,0.9999537402829259,1,1.0,5
III-IV,0,normal-vs-normal,Mesothelial,CALB2,1,0.9999392376939246,0.9999392376939246,0.9999392376939246,1,1.0,6
III-IV,0,normal-vs-normal,Mesothelial,KRT8,1,0.9999276648030743,0.9999276648030743,0.9999276648030743,1,1.0,7
III-IV,0,normal-vs-normal,Mesothelial,PRG4,1,0.9998689750108575,0.9998689750108575,0.9998689750108575,1,1.0,8
III-IV,0,normal-vs-normal,Mesothelial,KLK11,1,0.9997656558572355,0.9997656558572355,0.9997656558572355,1,1.0,9
III-IV,0,normal-vs-normal,Mesothelial,SLPI,1,0.9995177503123039,0.9995177503123039,0.9995177503123039,1,1.0,10
III-IV,0,normal-vs-normal,Monocyte classical,LYZ,10,0.8582858102830979,0.7773241793260317,0.933581959048126,10,1.0,1
III-IV,0,normal-vs-normal,Monocyte classical,S100A9,10,0.8325811815219755,0.7127313758130135,0.9593663487510615,10,1.0,2
III-IV,0,normal-vs-normal,Monocyte classical,S100A8,10,0.827180451539876,0.6776479299625143,0.9527894851636397,10,1.0,3
III-IV,0,normal-vs-normal,Monocyte classical,TYROBP,10,0.8077633337764507,0.6559038158233867,0.8829368026898835,10,1.0,4
III-IV,0,normal-vs-normal,Monocyte classical,FCN1,10,0.8025284093117093,0.6935843279593381,0.9138625629696421,10,1.0,5
III-IV,0,normal-vs-normal,Monocyte classical,FCER1G,10,0.7954101047957765,0.6694364732720065,0.8907328926036782,10,1.0,6
III-IV,0,normal-vs-normal,Monocyte classical,PLAUR,10,0.7844806098084833,0.6786210422605767,0.8771630049533241,10,1.0,7
III-IV,0,normal-vs-normal,Monocyte classical,CD14,10,0.7791357446086205,0.6529599522184099,0.8776967709279488,10,1.0,8
III-IV,0,normal-vs-normal,Monocyte classical,CTSS,10,0.7755591084424686,0.6960458070211771,0.8760071114857426,10,1.0,9
III-IV,0,normal-vs-normal,Monocyte classical,SERPINA1,10,0.7685183187804921,0.6521760052820885,0.9007640298387426,10,1.0,10
III-IV,0,normal-vs-normal,Monocyte non-classical,LST1,8,0.9577202490192739,0.9021455392497965,0.9903508053454304,8,1.0,1
III-IV,0,normal-vs-normal,Monocyte non-classical,CTSS,8,0.940231066444589,0.9005385193734495,0.9744738722672428,8,1.0,2
III-IV,0,normal-vs-normal,Monocyte non-classical,FCGR3A,8,0.9310768677702388,0.7958502177820278,0.9916521575817729,8,1.0,3
III-IV,0,normal-vs-normal,Monocyte non-classical,AIF1,8,0.9284423862472965,0.8958234900109595,0.9538883089547365,8,1.0,4
III-IV,0,normal-vs-normal,Monocyte non-classical,FCER1G,8,0.91318009770382,0.8742952674710985,0.9473098860926298,8,1.0,5
III-IV,0,normal-vs-normal,Monocyte non-classical,FCN1,8,0.9032866172006652,0.7897539498178049,0.9637087506728554,8,1.0,6
III-IV,0,normal-vs-normal,Monocyte non-classical,SERPINA1,8,0.9000995711320938,0.8166233312992678,0.9453050796396812,8,1.0,7
III-IV,0,normal-vs-normal,Monocyte non-classical,LILRB2,8,0.8957414849331586,0.8042073144277161,0.9919242600900811,8,1.0,8
III-IV,0,normal-vs-normal,Monocyte non-classical,MS4A7,8,0.8874087375638344,0.8418603930074632,0.957160209578637,8,1.0,9
III-IV,0,normal-vs-normal,Monocyte non-classical,S100A4,8,0.8642909065116058,0.7611224251964533,0.9577418589665234,8,1.0,10
III-IV,0,normal-vs-normal,NK cell,NKG7,10,0.9179233549549775,0.8851505855051626,0.9668553203829483,10,1.0,1
III-IV,0,normal-vs-normal,NK cell,GNLY,10,0.8845103066153884,0.8056383027202751,0.9508457895397867,10,1.0,2
III-IV,0,normal-vs-normal,NK cell,KLRD1,10,0.8776683263470035,0.8224743635291177,0.9688254135612931,10,1.0,3
III-IV,0,normal-vs-normal,NK cell,PRF1,10,0.8523178675662028,0.7129367029884012,0.9240743822249122,10,1.0,4
III-IV,0,normal-vs-normal,NK cell,CCL5,10,0.8178004633583544,0.7155433615603811,0.880225819163953,10,1.0,5
III-IV,0,normal-vs-normal,NK cell,GZMB,10,0.8053500786067277,0.7428078813127521,0.8938863218312633,10,1.0,6
III-IV,0,normal-vs-normal,NK cell,GZMA,10,0.80403654776264,0.6899000946810525,0.8623147833496883,10,1.0,7
III-IV,0,normal-vs-normal,NK cell,CD247,10,0.7956018773209,0.6711837054483788,0.8681733212350091,10,1.0,8
III-IV,0,normal-vs-normal,NK cell,CST7,10,0.7882738137862132,0.6785497699309414,0.9029499321625738,10,1.0,9
III-IV,0,normal-vs-normal,NK cell,CCL4,10,0.7840367813946021,0.7083898644994208,0.8655106638293456,10,1.0,10
III-IV,0,normal-vs-normal,NK cell dividing,NKG7,8,0.9446179451181621,0.9091061638951143,0.9776864767196062,8,1.0,1
III-IV,0,normal-vs-normal,NK cell dividing,GZMA,8,0.931223683794423,0.8414174677379468,0.9856611749674634,8,1.0,2
III-IV,0,normal-vs-normal,NK cell dividing,GNLY,8,0.92570503969205,0.8458466875440013,0.9886794985042568,8,1.0,3
III-IV,0,normal-vs-normal,NK cell dividing,TRDC,8,0.9160827754710574,0.8026823192453201,0.9839653665910353,8,1.0,4
III-IV,0,normal-vs-normal,NK cell dividing,STMN1,8,0.9011860101197342,0.8349404236145815,0.9669516226993419,8,1.0,5
III-IV,0,normal-vs-normal,NK cell dividing,GZMB,8,0.8950112211005338,0.699457681034759,0.9773569519085745,8,1.0,6
III-IV,0,normal-vs-normal,NK cell dividing,CTSW,8,0.892142610895641,0.6894084084014288,0.9777662880274289,8,1.0,7
III-IV,0,normal-vs-normal,NK cell dividing,KLRD1,8,0.8869839060507195,0.7358908515570703,0.9758962637594597,8,1.0,8
III-IV,0,normal-vs-normal,NK cell dividing,PRF1,8,0.8789878123094697,0.6730257683628714,0.9672421395384623,8,1.0,9
III-IV,0,normal-vs-normal,NK cell dividing,HMGB2,8,0.8748407246669416,0.7589765791780158,0.9556175359062813,8,1.0,10
III-IV,0,normal-vs-normal,Neutrophils,CSF3R,5,0.9024681900379743,0.7839943424357402,0.97294041162019,5,1.0,1
III-IV,0,normal-vs-normal,Neutrophils,NAMPT,5,0.8962926098144168,0.8332204283320652,0.9592637947586143,5,1.0,2
III-IV,0,normal-vs-normal,Neutrophils,G0S2,5,0.8840126162439151,0.7702214096247496,0.9330721165577043,5,1.0,3
III-IV,0,normal-vs-normal,Neutrophils,S100A8,5,0.8837578027202639,0.7598245021111336,0.9322434206116103,5,1.0,4
III-IV,0,normal-vs-normal,Neutrophils,S100A9,5,0.8833246801850224,0.7882629734472324,0.9454967076075832,5,1.0,5
III-IV,0,normal-vs-normal,Neutrophils,SOD2,5,0.8632561876561891,0.7966533255981892,0.9451618353979209,5,1.0,6
III-IV,0,normal-vs-normal,Neutrophils,BCL2A1,5,0.8568516803910654,0.7976984063637732,0.9395964566979426,5,1.0,7
III-IV,0,normal-vs-normal,Neutrophils,CXCL8,5,0.8555910605913212,0.7462550185147303,0.9703752431933488,5,1.0,8
III-IV,0,normal-vs-normal,Neutrophils,IFITM2,5,0.844091233254899,0.7654786372162419,0.9386477216127833,5,1.0,9
III-IV,0,normal-vs-normal,Neutrophils,FPR1,5,0.8347761913203694,0.6824163518334199,0.8877572055069186,5,1.0,10
III-IV,0,normal-vs-normal,Pericyte,NOTCH3,7,0.9593899518897714,0.8990087639903759,0.9916937958970756,7,1.0,1
III-IV,0,normal-vs-normal,Pericyte,PDGFRB,7,0.9565262774076274,0.920551111258009,0.9840473019786553,7,1.0,2
III-IV,0,normal-vs-normal,Pericyte,CALD1,7,0.9514478262825042,0.9117515442293134,0.9736461448976503,7,1.0,3
III-IV,0,normal-vs-normal,Pericyte,IGFBP7,7,0.9473376825986397,0.9031263396222204,0.976501084235052,7,1.0,4
III-IV,0,normal-vs-normal,Pericyte,COL4A2,7,0.9440829797751424,0.9184261514990049,0.988175339264172,7,1.0,5
III-IV,0,normal-vs-normal,Pericyte,NDUFA4L2,7,0.9409451011478767,0.8422182554255587,0.9951274269985808,7,1.0,6
III-IV,0,normal-vs-normal,Pericyte,SPARC,7,0.9357445303660386,0.9019300860900348,0.9793148286193247,7,1.0,7
III-IV,0,normal-vs-normal,Pericyte,LHFPL6,7,0.932684160002697,0.8230015660473851,0.987956367442574,7,1.0,8
III-IV,0,normal-vs-normal,Pericyte,COL4A1,7,0.9240891624539608,0.7487849244564916,0.9909063757951809,7,1.0,9
III-IV,0,normal-vs-normal,Pericyte,SPARCL1,7,0.909610434779334,0.799422138099435,0.9760406261221548,7,1.0,10
III-IV,0,normal-vs-normal,Plasma cell,MZB1,10,0.9182067664165448,0.7913779082229582,0.9931750327485127,10,1.0,1
III-IV,0,normal-vs-normal,Plasma cell,JCHAIN,10,0.8828057369624023,0.6710380587529257,0.9786403917620395,10,1.0,2
III-IV,0,normal-vs-normal,Plasma cell,SSR4,10,0.8820467934514304,0.6638622219106043,0.9699945801648188,10,1.0,3
III-IV,0,normal-vs-normal,Plasma cell,IGKC,10,0.8780781978443123,0.8115668108910346,0.9371396372308752,10,1.0,4
III-IV,0,normal-vs-normal,Plasma cell,DERL3,10,0.8711678753597221,0.6685048135475892,0.9668688586913677,10,1.0,5
III-IV,0,normal-vs-normal,Plasma cell,XBP1,10,0.8511029400138141,0.6674099138011902,0.9710121852430778,10,1.0,6
III-IV,0,normal-vs-normal,Plasma cell,FKBP11,10,0.8484455792420735,0.689202924705799,0.9526833756301637,10,1.0,7
III-IV,0,normal-vs-normal,Plasma cell,IGHG1,10,0.8449980360626561,0.7318579182394417,0.9296485194738593,10,1.0,8
III-IV,0,normal-vs-normal,Plasma cell,IGHG4,10,0.8377513430513719,0.693091853278555,0.9132650148689354,10,1.0,9
III-IV,0,normal-vs-normal,Plasma cell,IGHG3,9,0.8539707070875543,0.7250159074412359,0.9297536903964123,10,0.9,10
III-IV,0,normal-vs-normal,Plasma cell dividing,MZB1,6,0.985650352722175,0.9702831242451643,0.994996255804122,6,1.0,1
III-IV,0,normal-vs-normal,Plasma cell dividing,SEC11C,6,0.9802815644946373,0.960460132276223,0.9960302712515455,6,1.0,2
III-IV,0,normal-vs-normal,Plasma cell dividing,XBP1,6,0.9772275926267021,0.9528683230982615,0.9934500762734199,6,1.0,3
III-IV,0,normal-vs-normal,Plasma cell dividing,DERL3,6,0.9727663202767713,0.9589381695027789,0.9780082662405903,6,1.0,4
III-IV,0,normal-vs-normal,Plasma cell dividing,HSP90B1,6,0.9607195135581366,0.9107313834617432,0.993682195144777,6,1.0,5
III-IV,0,normal-vs-normal,Plasma cell dividing,SSR4,6,0.9591993165710835,0.9359692264291872,0.9807686299190167,6,1.0,6
III-IV,0,normal-vs-normal,Plasma cell dividing,JCHAIN,6,0.9529205344439523,0.875294217368503,0.9878920922939877,6,1.0,7
III-IV,0,normal-vs-normal,Plasma cell dividing,MANF,6,0.9467965001344661,0.8716807715461511,0.9909509738373165,6,1.0,8
III-IV,0,normal-vs-normal,Plasma cell dividing,MTDH,6,0.9456766482174417,0.8679266305291276,0.9989651921044508,6,1.0,9
III-IV,0,normal-vs-normal,Plasma cell dividing,POU2AF1,6,0.944349979659623,0.829293446977905,0.9915393796764262,6,1.0,10
III-IV,0,normal-vs-normal,ROS1+ healthy epithelial,WSB1,1,0.9964693945733507,0.9964693945733507,0.9964693945733507,1,1.0,1
III-IV,0,normal-vs-normal,ROS1+ healthy epithelial,GABRE,1,0.9949030136248028,0.9949030136248028,0.9949030136248028,1,1.0,2
III-IV,0,normal-vs-normal,ROS1+ healthy epithelial,RANBP17,1,0.9947924451387622,0.9947924451387622,0.9947924451387622,1,1.0,3
III-IV,0,normal-vs-normal,ROS1+ healthy epithelial,SNX25,1,0.989277068067862,0.989277068067862,0.989277068067862,1,1.0,4
III-IV,0,normal-vs-normal,ROS1+ healthy epithelial,CIT,1,0.9878124912566252,0.9878124912566252,0.9878124912566252,1,1.0,5
III-IV,0,normal-vs-normal,ROS1+ healthy epithelial,TFCP2L1,1,0.9868224461546896,0.9868224461546896,0.9868224461546896,1,1.0,6
III-IV,0,normal-vs-normal,ROS1+ healthy epithelial,DNAH5,1,0.9857684695063667,0.9857684695063667,0.9857684695063667,1,1.0,7
III-IV,0,normal-vs-normal,ROS1+ healthy epithelial,EPB41L5,1,0.9850718651040291,0.9850718651040291,0.9850718651040291,1,1.0,8
III-IV,0,normal-vs-normal,ROS1+ healthy epithelial,TMEM125,1,0.9832921881840186,0.9832921881840186,0.9832921881840186,1,1.0,9
III-IV,0,normal-vs-normal,ROS1+ healthy epithelial,SFTPB,1,0.9831075125812558,0.9831075125812558,0.9831075125812558,1,1.0,10
III-IV,0,normal-vs-normal,Smooth muscle cell,TAGLN,4,0.9680466457969377,0.9553501491367371,0.9796367595585648,4,1.0,1
III-IV,0,normal-vs-normal,Smooth muscle cell,ACTA2,4,0.9456380419534075,0.9205474086610184,0.9654443458598766,4,1.0,2
III-IV,0,normal-vs-normal,Smooth muscle cell,MYL9,4,0.9449775970581105,0.9236735991736038,0.9560304630900743,4,1.0,3
III-IV,0,normal-vs-normal,Smooth muscle cell,ADIRF,4,0.937749701679229,0.863840404823395,0.9935351501119623,4,1.0,4
III-IV,0,normal-vs-normal,Smooth muscle cell,MYH11,4,0.9185667983116459,0.8528562859840847,0.9843078100178114,4,1.0,5
III-IV,0,normal-vs-normal,Smooth muscle cell,TPM2,4,0.9123430017032612,0.867071130578146,0.9530199479130663,4,1.0,6
III-IV,0,normal-vs-normal,Smooth muscle cell,CALD1,4,0.9000521213947469,0.8729294524618749,0.9153662325689728,4,1.0,7
III-IV,0,normal-vs-normal,Smooth muscle cell,IGFBP7,4,0.8904573392172733,0.8778872255401632,0.9062406771988502,4,1.0,8
III-IV,0,normal-vs-normal,Smooth muscle cell,SELENOM,4,0.8889640566208118,0.8355171110943086,0.913440765856264,4,1.0,9
III-IV,0,normal-vs-normal,Smooth muscle cell,SPARCL1,4,0.8884071632535894,0.8060795951618727,0.9562946312400631,4,1.0,10
III-IV,0,normal-vs-normal,T cell CD4,IL7R,9,0.7723250385008306,0.6683383852511098,0.8845841040811929,10,0.9,1
III-IV,0,normal-vs-normal,T cell CD4,TRAC,9,0.7472705449528738,0.6827679426991355,0.8266922126379967,10,0.9,2
III-IV,0,normal-vs-normal,T cell CD4,CD3D,8,0.7394655615218116,0.6720855067092762,0.8197519968865414,10,0.8,3
III-IV,0,normal-vs-normal,T cell CD4,CD2,8,0.7247953447772344,0.6667966534075043,0.8043580283422908,10,0.8,4
III-IV,0,normal-vs-normal,T cell CD4,TRBC2,8,0.7240976877411588,0.6795423811636192,0.808855665691398,10,0.8,5
III-IV,0,normal-vs-normal,T cell CD4,IL32,8,0.717688968397615,0.6798169058455081,0.790169484145161,10,0.8,6
III-IV,0,normal-vs-normal,T cell CD4,CD3E,7,0.7259304500859034,0.6552456796836235,0.7744233624270495,10,0.7,7
III-IV,0,normal-vs-normal,T cell CD4,SPOCK2,6,0.7156289723195847,0.6626463532508008,0.7922039466975276,10,0.6,8
III-IV,0,normal-vs-normal,T cell CD4,LTB,5,0.7365773636297375,0.6609768484376618,0.7794043868206328,10,0.5,9
III-IV,0,normal-vs-normal,T cell CD4,CXCR4,5,0.7192809838199128,0.6930500199195815,0.7455735459322443,10,0.5,10
III-IV,0,normal-vs-normal,T cell CD4 dividing,HMGB2,9,0.9052690792592109,0.8369404344951336,0.9760454691748848,9,1.0,1
III-IV,0,normal-vs-normal,T cell CD4 dividing,TRAC,9,0.8835378170684101,0.6976269117867966,0.9438474516807387,9,1.0,2
III-IV,0,normal-vs-normal,T cell CD4 dividing,CD2,9,0.8716204321613292,0.764440623126141,0.9359071488876353,9,1.0,3
III-IV,0,normal-vs-normal,T cell CD4 dividing,STMN1,9,0.8578016385149496,0.8037649473161295,0.9263276267672356,9,1.0,4
III-IV,0,normal-vs-normal,T cell CD4 dividing,CD3D,9,0.8495855625344366,0.6595414210828703,0.9276390916327727,9,1.0,5
III-IV,0,normal-vs-normal,T cell CD4 dividing,HMGN2,9,0.8352084793478283,0.7023240259518834,0.9617757390316176,9,1.0,6
III-IV,0,normal-vs-normal,T cell CD4 dividing,IL32,9,0.8270048330337224,0.7227705137173883,0.9262594244768393,9,1.0,7
III-IV,0,normal-vs-normal,T cell CD4 dividing,SPOCK2,9,0.8266212496397027,0.7199467002852116,0.9444364072402278,9,1.0,8
III-IV,0,normal-vs-normal,T cell CD4 dividing,TUBB,9,0.8143713122314131,0.735082990924924,0.9274770456629877,9,1.0,9
III-IV,0,normal-vs-normal,T cell CD4 dividing,CORO1A,9,0.8075176600225947,0.6634050183855936,0.9083325242882035,9,1.0,10
III-IV,0,normal-vs-normal,T cell CD8 activated,IL7R,10,0.8676528881161424,0.7636654394748656,0.9395269596868836,10,1.0,1
III-IV,0,normal-vs-normal,T cell CD8 activated,CXCR4,10,0.8011737219252681,0.7033410815808591,0.878736980033493,10,1.0,2
III-IV,0,normal-vs-normal,T cell CD8 activated,BTG1,10,0.7528310849985245,0.6511990997613286,0.8635893567140789,10,1.0,3
III-IV,0,normal-vs-normal,T cell CD8 activated,CD2,10,0.7239167432535151,0.6738584986999605,0.77835396999547,10,1.0,4
III-IV,0,normal-vs-normal,T cell CD8 activated,CD69,9,0.7875286874766532,0.6751896668853985,0.8888457227806454,10,0.9,5
III-IV,0,normal-vs-normal,T cell CD8 activated,TRAC,9,0.730689513061124,0.705341086842348,0.7505476274434024,10,0.9,6
III-IV,0,normal-vs-normal,T cell CD8 activated,TRBC2,9,0.7004365691668968,0.651162179912445,0.7687887902691115,10,0.9,7
III-IV,0,normal-vs-normal,T cell CD8 activated,CCL5,9,0.699162332149943,0.656496631262455,0.8023716716405211,10,0.9,8
III-IV,0,normal-vs-normal,T cell CD8 activated,TNFAIP3,8,0.7621542882728609,0.6769386094387497,0.8941601373044319,10,0.8,9
III-IV,0,normal-vs-normal,T cell CD8 activated,CD3D,8,0.733769575694898,0.6635661288837882,0.8488593270708624,10,0.8,10
III-IV,0,normal-vs-normal,T cell CD8 dividing,STMN1,8,0.9056882416453771,0.8636029889272998,0.9473222188408582,8,1.0,1
III-IV,0,normal-vs-normal,T cell CD8 dividing,CD3D,8,0.9013377139932757,0.8530467630620159,0.9706832543978179,8,1.0,2
III-IV,0,normal-vs-normal,T cell CD8 dividing,HMGB2,8,0.8992161307844792,0.8466066267102835,0.967704160051296,8,1.0,3
III-IV,0,normal-vs-normal,T cell CD8 dividing,CCL5,8,0.8885723864726905,0.7844904409187322,0.9755902654605115,8,1.0,4
III-IV,0,normal-vs-normal,T cell CD8 dividing,CD2,8,0.8794586958934125,0.8278906976817579,0.9561346960222793,8,1.0,5
III-IV,0,normal-vs-normal,T cell CD8 dividing,GZMA,8,0.8778513353349529,0.6742525409383354,0.9596359677222461,8,1.0,6
III-IV,0,normal-vs-normal,T cell CD8 dividing,TRAC,8,0.8584748017249635,0.7298860538059837,0.9415780634671859,8,1.0,7
III-IV,0,normal-vs-normal,T cell CD8 dividing,HMGN2,8,0.8561451931187168,0.7887135260808713,0.9231137034075807,8,1.0,8
III-IV,0,normal-vs-normal,T cell CD8 dividing,TRBC2,8,0.8552301915103966,0.7670553673391576,0.906458589907408,8,1.0,9
III-IV,0,normal-vs-normal,T cell CD8 dividing,NKG7,8,0.8488048989815934,0.7561890613539136,0.9181624342488514,8,1.0,10
III-IV,0,normal-vs-normal,T cell CD8 effector memory,CCL5,10,0.8616934212780839,0.8085916197824612,0.9240660755596347,10,1.0,1
III-IV,0,normal-vs-normal,T cell CD8 effector memory,GZMA,10,0.7583662982342755,0.6601954360980099,0.8447051714450802,10,1.0,2
III-IV,0,normal-vs-normal,T cell CD8 effector memory,IL32,10,0.7365462883274702,0.6723658352671747,0.7912926210650879,10,1.0,3
III-IV,0,normal-vs-normal,T cell CD8 effector memory,CCL4,10,0.7310262763106203,0.6679414497064962,0.7927326864586468,10,1.0,4
III-IV,0,normal-vs-normal,T cell CD8 effector memory,CD3D,9,0.7640627506978679,0.6670387331297369,0.8154870666844067,10,0.9,5
III-IV,0,normal-vs-normal,T cell CD8 effector memory,TRAC,9,0.7508467100827514,0.718809785697655,0.7927631255871628,10,0.9,6
III-IV,0,normal-vs-normal,T cell CD8 effector memory,CD2,9,0.7492710123946369,0.716900495627844,0.7689095987498612,10,0.9,7
III-IV,0,normal-vs-normal,T cell CD8 effector memory,CD3E,9,0.7375801838612656,0.6618878274708504,0.7943372724679177,10,0.9,8
III-IV,0,normal-vs-normal,T cell CD8 effector memory,NKG7,9,0.7317796935408615,0.6630865988305875,0.8193827126892518,10,0.9,9
III-IV,0,normal-vs-normal,T cell CD8 effector memory,TRBC2,9,0.7312681890387766,0.6707335852606046,0.8028369226191143,10,0.9,10
III-IV,0,normal-vs-normal,T cell CD8 naive,CCL5,9,0.8154992570291579,0.7617097000986223,0.849055301095459,9,1.0,1
III-IV,0,normal-vs-normal,T cell CD8 naive,CD3D,9,0.7660503484079959,0.7106784679241676,0.8375316946998492,9,1.0,2
III-IV,0,normal-vs-normal,T cell CD8 naive,CD2,9,0.7503068038137437,0.6887868950888173,0.8077771162745581,9,1.0,3
III-IV,0,normal-vs-normal,T cell CD8 naive,IL32,9,0.7501248418473346,0.6842774248560302,0.8423830514101188,9,1.0,4
III-IV,0,normal-vs-normal,T cell CD8 naive,IL7R,8,0.7888165968167377,0.712751155490405,0.9169793302625763,9,0.8888888888888888,5
III-IV,0,normal-vs-normal,T cell CD8 naive,TRBC2,8,0.7380892250349458,0.694384645547573,0.7707425867517169,9,0.8888888888888888,6
III-IV,0,normal-vs-normal,T cell CD8 naive,GZMA,8,0.7334359532357345,0.6574952167248997,0.8537760351649921,9,0.8888888888888888,7
III-IV,0,normal-vs-normal,T cell CD8 naive,CD3G,8,0.7268011499821976,0.6539091808421926,0.7854690455597497,9,0.8888888888888888,8
III-IV,0,normal-vs-normal,T cell CD8 naive,GZMK,7,0.7989742633661271,0.7006738633914971,0.9723287209687018,9,0.7777777777777778,9
III-IV,0,normal-vs-normal,T cell CD8 naive,CD3E,7,0.769020901488035,0.6971974782761104,0.818103595481504,9,0.7777777777777778,10
III-IV,0,normal-vs-normal,T cell CD8 terminally exhausted,CCL5,9,0.8927620711700547,0.7851363999415315,0.9292467722262083,9,1.0,1
III-IV,0,normal-vs-normal,T cell CD8 terminally exhausted,CD3D,9,0.8791887327755935,0.8219636790293955,0.9969738677561805,9,1.0,2
III-IV,0,normal-vs-normal,T cell CD8 terminally exhausted,NKG7,9,0.8455157991192115,0.778366277146793,0.8806987128215081,9,1.0,3
III-IV,0,normal-vs-normal,T cell CD8 terminally exhausted,CD2,9,0.8411015354980519,0.7710874225985904,0.9619156065004075,9,1.0,4
III-IV,0,normal-vs-normal,T cell CD8 terminally exhausted,TRAC,9,0.825679023169833,0.6959447481259448,0.9529833071518943,9,1.0,5
III-IV,0,normal-vs-normal,T cell CD8 terminally exhausted,CD8A,9,0.8247099775210585,0.7272811042927405,0.9829689185542979,9,1.0,6
III-IV,0,normal-vs-normal,T cell CD8 terminally exhausted,GZMA,9,0.8120815121735544,0.6505030223406715,0.8939784655725863,9,1.0,7
III-IV,0,normal-vs-normal,T cell CD8 terminally exhausted,CD3E,9,0.8048296064253081,0.6862592585113719,0.8923583643881178,9,1.0,8
III-IV,0,normal-vs-normal,T cell CD8 terminally exhausted,TRBC2,9,0.8014894090694179,0.7730010424071223,0.859564745622825,9,1.0,9
III-IV,0,normal-vs-normal,T cell CD8 terminally exhausted,CD3G,9,0.8000803515451409,0.6836743122412231,0.9704732166812797,9,1.0,10
III-IV,0,normal-vs-normal,T cell NK-like,CCL5,9,0.8898744046644165,0.8629204610979422,0.9212443388015006,9,1.0,1
III-IV,0,normal-vs-normal,T cell NK-like,NKG7,9,0.8876706468803496,0.7969260468778008,0.9360933890663647,9,1.0,2
III-IV,0,normal-vs-normal,T cell NK-like,GZMA,9,0.8049535814145277,0.6773926346285583,0.9133524998298197,9,1.0,3
III-IV,0,normal-vs-normal,T cell NK-like,CCL4,9,0.7917225509323835,0.7078991870023695,0.8718016124648084,9,1.0,4
III-IV,0,normal-vs-normal,T cell NK-like,IL32,9,0.7604957685567585,0.6817601774670847,0.8353082915676382,9,1.0,5
III-IV,0,normal-vs-normal,T cell NK-like,GZMH,8,0.8353220755439964,0.7283981509757659,0.9541607574556,9,0.8888888888888888,6
III-IV,0,normal-vs-normal,T cell NK-like,CST7,8,0.7832866544943726,0.7109649484890761,0.8889341054514663,9,0.8888888888888888,7
III-IV,0,normal-vs-normal,T cell NK-like,KLRD1,8,0.7601056460349471,0.6916489369101986,0.8881922926936762,9,0.8888888888888888,8
III-IV,0,normal-vs-normal,T cell NK-like,CD3D,8,0.7536208361864517,0.6859900674788236,0.8358697356827653,9,0.8888888888888888,9
III-IV,0,normal-vs-normal,T cell NK-like,PRF1,7,0.7777066690070255,0.7245141859707634,0.8495884176298057,9,0.7777777777777778,10
III-IV,0,normal-vs-normal,T cell regulatory,IL32,10,0.8712559350238998,0.8253863181035325,0.9068750181569567,10,1.0,1
III-IV,0,normal-vs-normal,T cell regulatory,TRAC,10,0.8688470440420509,0.8302167140412315,0.8976478861899464,10,1.0,2
III-IV,0,normal-vs-normal,T cell regulatory,TIGIT,10,0.8108959026099403,0.727462415778234,0.8528682416686044,10,1.0,3
III-IV,0,normal-vs-normal,T cell regulatory,CD3D,10,0.8082507669505649,0.7334366601452019,0.8902573583132904,10,1.0,4
III-IV,0,normal-vs-normal,T cell regulatory,SPOCK2,10,0.7935431977605819,0.7049430299275895,0.8718558179841066,10,1.0,5
III-IV,0,normal-vs-normal,T cell regulatory,CD2,10,0.7930879920118008,0.6731203207469539,0.8530014450735942,10,1.0,6
III-IV,0,normal-vs-normal,T cell regulatory,TRBC2,10,0.790210730814629,0.7650270430064432,0.8401759337365338,10,1.0,7
III-IV,0,normal-vs-normal,T cell regulatory,LTB,10,0.7656391146787825,0.6715729951134792,0.8370104936082607,10,1.0,8
III-IV,0,normal-vs-normal,T cell regulatory,BATF,10,0.7604929719335026,0.6623561837340733,0.8724580107969055,10,1.0,9
III-IV,0,normal-vs-normal,T cell regulatory,CD3E,9,0.7776229864563748,0.696159159759196,0.8237880574290196,10,0.9,10
III-IV,0,normal-vs-normal,cDC1,HLA-DPB1,8,0.9698260588335043,0.9461905275416053,0.9862001202033023,8,1.0,1
III-IV,0,normal-vs-normal,cDC1,HLA-DPA1,8,0.9654352106117869,0.9357713210034664,0.9861539281750424,8,1.0,2
III-IV,0,normal-vs-normal,cDC1,CD74,8,0.9541967250919536,0.9199502279930817,0.969339720974257,8,1.0,3
III-IV,0,normal-vs-normal,cDC1,HLA-DQA1,8,0.9483409875669043,0.9209210461475921,0.9710178595086649,8,1.0,4
III-IV,0,normal-vs-normal,cDC1,HLA-DRA,8,0.9396896669386823,0.911404592208015,0.9632972128987449,8,1.0,5
III-IV,0,normal-vs-normal,cDC1,HLA-DQB1,8,0.9374579888927526,0.856620581600897,0.9750727515624211,8,1.0,6
III-IV,0,normal-vs-normal,cDC1,HLA-DRB1,8,0.9326760874682525,0.9043654562638421,0.9597106902180869,8,1.0,7
III-IV,0,normal-vs-normal,cDC1,CST3,8,0.9300630029917699,0.8189264627523752,0.987955349446561,8,1.0,8
III-IV,0,normal-vs-normal,cDC1,CPVL,8,0.9004405354475196,0.7372739883411142,0.9951378811434536,8,1.0,9
III-IV,0,normal-vs-normal,cDC1,TMSB4X,8,0.8982355107718794,0.789432089712893,0.9541290211139057,8,1.0,10
III-IV,0,normal-vs-normal,cDC2,HLA-DPA1,10,0.9307882302166657,0.9110316652829031,0.9710837324239702,10,1.0,1
III-IV,0,normal-vs-normal,cDC2,HLA-DPB1,10,0.9279611656343233,0.900083363834971,0.9720801611051672,10,1.0,2
III-IV,0,normal-vs-normal,cDC2,HLA-DRA,10,0.9269889335734662,0.9035203496361778,0.9610015971962376,10,1.0,3
III-IV,0,normal-vs-normal,cDC2,HLA-DQB1,10,0.9252409062990459,0.8780559997257622,0.9583919657719319,10,1.0,4
III-IV,0,normal-vs-normal,cDC2,HLA-DQA1,10,0.9199700736510985,0.8597572967552403,0.9493536595353627,10,1.0,5
III-IV,0,normal-vs-normal,cDC2,HLA-DRB1,10,0.9185163393485818,0.865093934887531,0.9634673093904202,10,1.0,6
III-IV,0,normal-vs-normal,cDC2,CD74,10,0.9105789629524269,0.878367510748606,0.9467442685427618,10,1.0,7
III-IV,0,normal-vs-normal,cDC2,CST3,10,0.8875027247336572,0.8229768246459269,0.9259494698668078,10,1.0,8
III-IV,0,normal-vs-normal,cDC2,LST1,10,0.8813203217919676,0.7514190515097855,0.9601933546472585,10,1.0,9
III-IV,0,normal-vs-normal,cDC2,TYROBP,10,0.872087462068125,0.7678692312106051,0.9459215500503907,10,1.0,10
III-IV,0,normal-vs-normal,myeloid dividing,TUBA1B,10,0.9124377202366677,0.8419246270720773,0.9813216181156811,10,1.0,1
III-IV,0,normal-vs-normal,myeloid dividing,C1QA,10,0.9074504407933107,0.8379505397859284,0.9695817268922868,10,1.0,2
III-IV,0,normal-vs-normal,myeloid dividing,C1QB,10,0.9053443706857209,0.8382140833701038,0.9723480931145103,10,1.0,3
III-IV,0,normal-vs-normal,myeloid dividing,TYROBP,10,0.9039416747434839,0.8405796591695226,0.9591252427565348,10,1.0,4
III-IV,0,normal-vs-normal,myeloid dividing,C1QC,10,0.8988077969823269,0.8260908817688303,0.9659985297089162,10,1.0,5
III-IV,0,normal-vs-normal,myeloid dividing,TUBB,10,0.8949939174125191,0.7767241309425804,0.9635142256548076,10,1.0,6
III-IV,0,normal-vs-normal,myeloid dividing,S100A11,10,0.8941810450274312,0.7830698678528708,0.9643759465476219,10,1.0,7
III-IV,0,normal-vs-normal,myeloid dividing,HMGN2,10,0.8935910590918456,0.8494568546346397,0.9595346110026765,10,1.0,8
III-IV,0,normal-vs-normal,myeloid dividing,YWHAH,10,0.8907486066140073,0.7964947734718468,0.9624551515806045,10,1.0,9
III-IV,0,normal-vs-normal,myeloid dividing,HLA-DRB1,10,0.8900680623572755,0.8160294945591704,0.9436050162502139,10,1.0,10
III-IV,0,normal-vs-normal,pDC,GZMB,10,0.9420639120734915,0.8520144674047496,1.0000000022223379,10,1.0,1
III-IV,0,normal-vs-normal,pDC,PLAC8,10,0.9408423663063303,0.885656864000541,0.9938440337947295,10,1.0,2
III-IV,0,normal-vs-normal,pDC,IRF7,10,0.922317622348386,0.7781830356798536,0.9999761816992614,10,1.0,3
III-IV,0,normal-vs-normal,pDC,JCHAIN,10,0.9160102439241081,0.8210151566938039,0.9956709977380767,10,1.0,4
III-IV,0,normal-vs-normal,pDC,IRF8,10,0.9019080276218912,0.7742891372758749,0.9687428340929526,10,1.0,5
III-IV,0,normal-vs-normal,pDC,PLD4,10,0.8853305744472932,0.7496730003578839,0.9998772743873029,10,1.0,6
III-IV,0,normal-vs-normal,pDC,LILRA4,10,0.8764169102233954,0.6652211854112992,0.9997856696058732,10,1.0,7
III-IV,0,normal-vs-normal,pDC,ITM2C,10,0.8692598399718714,0.7354651843807485,0.9935064954959459,10,1.0,8
III-IV,0,normal-vs-normal,pDC,TSPAN13,10,0.8667266018886574,0.741548010813439,0.995437656027055,10,1.0,9
III-IV,0,normal-vs-normal,pDC,SPIB,10,0.8483775241628579,0.7297051486190881,0.9790154432629873,10,1.0,10
III-IV,0,normal-vs-normal,stromal dividing,LGALS1,5,0.9720611925434006,0.945433992493932,0.9996076005597367,5,1.0,1
III-IV,0,normal-vs-normal,stromal dividing,TPM1,5,0.9650986655641496,0.9459321661012062,0.9859692285637868,5,1.0,2
III-IV,0,normal-vs-normal,stromal dividing,SPARC,5,0.9645797477959237,0.9215723368824934,0.9829669577916591,5,1.0,3
III-IV,0,normal-vs-normal,stromal dividing,TPM2,5,0.9615508468172209,0.9303606912480155,0.9936722179589543,5,1.0,4
III-IV,0,normal-vs-normal,stromal dividing,CALD1,5,0.9596261311858505,0.9297164066155765,0.9894700603190932,5,1.0,5
III-IV,0,normal-vs-normal,stromal dividing,ACTA2,5,0.9562300147453643,0.9351879521056228,0.972578285477105,5,1.0,6
III-IV,0,normal-vs-normal,stromal dividing,FN1,5,0.9519967767373206,0.8776024475114359,0.9965977744684155,5,1.0,7
III-IV,0,normal-vs-normal,stromal dividing,BGN,5,0.9452835449718364,0.9099659034719842,0.9946391894101256,5,1.0,8
III-IV,0,normal-vs-normal,stromal dividing,TAGLN,5,0.9423854882628433,0.8855351504104862,0.9829296661151605,5,1.0,9
III-IV,0,normal-vs-normal,stromal dividing,PCOLCE,5,0.9402547791526036,0.8072128549596685,0.9985156656579106,5,1.0,10
III-IV,0,tumor-vs-all,AT2,SFTPB,8,0.9768120572494645,0.9231825633993515,0.9990940005446086,8,1.0,1
III-IV,0,tumor-vs-all,AT2,NAPSA,8,0.9393467617622641,0.8349689242703253,0.9852569763714082,8,1.0,2
III-IV,0,tumor-vs-all,AT2,CXCL17,8,0.9301774641593609,0.8280375696844637,0.9797095628300231,8,1.0,3
III-IV,0,tumor-vs-all,AT2,SLC34A2,8,0.9244152506784012,0.8262820467088695,0.9702457537461694,8,1.0,4
III-IV,0,tumor-vs-all,AT2,CYB5A,8,0.9155784482037209,0.8220970516275805,0.9720391173797126,8,1.0,5
III-IV,0,tumor-vs-all,AT2,SERPINA1,8,0.9089015187147989,0.8333653765562015,0.9457042669836103,8,1.0,6
III-IV,0,tumor-vs-all,AT2,SFTPD,8,0.9075894961260682,0.7671598146262961,0.9883934163887236,8,1.0,7
III-IV,0,tumor-vs-all,AT2,WFDC2,8,0.9034335690421627,0.8488686718947918,0.9689241733662951,8,1.0,8
III-IV,0,tumor-vs-all,AT2,MUC1,8,0.902079234633122,0.8002515462580941,0.9623229470886606,8,1.0,9
III-IV,0,tumor-vs-all,AT2,SLPI,8,0.9012285005560704,0.767994259736126,0.9710002042550765,8,1.0,10
III-IV,0,tumor-vs-all,AT2_AT1,SFTPB,7,0.9166175930089243,0.7288105049374513,0.9764803874859259,7,1.0,1
III-IV,0,tumor-vs-all,AT2_AT1,GPRC5A,7,0.8977404154445442,0.759728297058132,0.9662959374970354,7,1.0,2
III-IV,0,tumor-vs-all,AT2_AT1,HOPX,7,0.8950172622182498,0.7630970309055327,0.9721330645025545,7,1.0,3
III-IV,0,tumor-vs-all,AT2_AT1,SLC34A2,7,0.890072915646309,0.8069594860501814,0.9695833458656345,7,1.0,4
III-IV,0,tumor-vs-all,AT2_AT1,SFTA2,7,0.8896892642760029,0.7805351130729408,0.9453015040278203,7,1.0,5
III-IV,0,tumor-vs-all,AT2_AT1,MUC1,7,0.8872858177099208,0.6820029416232233,0.9733114139116048,7,1.0,6
III-IV,0,tumor-vs-all,AT2_AT1,EMP2,7,0.8677412871435417,0.669533413446459,0.9842628692702694,7,1.0,7
III-IV,0,tumor-vs-all,AT2_AT1,FOLR1,7,0.8562331813627514,0.7077804816795756,0.946141889292856,7,1.0,8
III-IV,0,tumor-vs-all,AT2_AT1,CEACAM6,7,0.8415517503608783,0.685792418806981,0.9664647859810892,7,1.0,9
III-IV,0,tumor-vs-all,AT2_AT1,CYB5A,7,0.8367731913991304,0.6599392084486251,0.9604698536650721,7,1.0,10
III-IV,0,tumor-vs-all,Ciliated,CAPS,9,0.9525697880052189,0.8052631543958995,0.9999999989064041,9,1.0,1
III-IV,0,tumor-vs-all,Ciliated,RSPH1,9,0.9478859162243223,0.8202330752216724,0.9999999989064041,9,1.0,2
III-IV,0,tumor-vs-all,Ciliated,C9orf24,9,0.9392977004799702,0.7499295771044805,0.9999999989064041,9,1.0,3
III-IV,0,tumor-vs-all,Ciliated,TPPP3,9,0.9365989662721356,0.7447561129119923,0.9999999989064041,9,1.0,4
III-IV,0,tumor-vs-all,Ciliated,C1orf194,9,0.93472539826818,0.8210109584391038,0.9999999989064041,9,1.0,5
III-IV,0,tumor-vs-all,Ciliated,PIFO,9,0.9212804197488915,0.7485616088742764,0.9999999989064041,9,1.0,6
III-IV,0,tumor-vs-all,Ciliated,TSPAN1,9,0.9059493636571643,0.7368523890639799,0.9878537201089345,9,1.0,7
III-IV,0,tumor-vs-all,Ciliated,C9orf116,9,0.9040200179685591,0.7823660246822005,0.9999999989064041,9,1.0,8
III-IV,0,tumor-vs-all,Ciliated,ZMYND10,9,0.9014560911067068,0.7492781048077081,0.9989282673911253,9,1.0,9
III-IV,0,tumor-vs-all,Ciliated,DNAAF1,9,0.8998861205261728,0.8068805508198782,0.9983736111231908,9,1.0,10
III-IV,0,tumor-vs-all,Club,WFDC2,1,0.9931245827590535,0.9931245827590535,0.9931245827590535,1,1.0,1
III-IV,0,tumor-vs-all,Club,CP,1,0.9901291806412885,0.9901291806412885,0.9901291806412885,1,1.0,2
III-IV,0,tumor-vs-all,Club,CXCL17,1,0.973458962739341,0.973458962739341,0.973458962739341,1,1.0,3
III-IV,0,tumor-vs-all,Club,TFF3,1,0.9714870213936212,0.9714870213936212,0.9714870213936212,1,1.0,4
III-IV,0,tumor-vs-all,Club,AQP3,1,0.9577178753925637,0.9577178753925637,0.9577178753925637,1,1.0,5
III-IV,0,tumor-vs-all,Club,ALDH1A1,1,0.9547709435180287,0.9547709435180287,0.9547709435180287,1,1.0,6
III-IV,0,tumor-vs-all,Club,GPRC5A,1,0.952199455306914,0.952199455306914,0.952199455306914,1,1.0,7
III-IV,0,tumor-vs-all,Club,MGST1,1,0.9467563723546994,0.9467563723546994,0.9467563723546994,1,1.0,8
III-IV,0,tumor-vs-all,Club,KRT7,1,0.9440720882699902,0.9440720882699902,0.9440720882699902,1,1.0,9
III-IV,0,tumor-vs-all,Club,TC2N,1,0.9326635207161256,0.9326635207161256,0.9326635207161256,1,1.0,10
III-IV,0,tumor-vs-all,Tumor AT2_LUAD,NAPSA,9,0.8090014389467847,0.6663863509745288,0.9470524822153767,9,1.0,1
III-IV,0,tumor-vs-all,Tumor AT2_LUAD,MUC1,8,0.8016266351087655,0.6793006452425663,0.9282117455837581,9,0.8888888888888888,2
III-IV,0,tumor-vs-all,Tumor AT2_LUAD,SFTPB,7,0.8770433137492077,0.7684708934481741,0.9444734175740713,9,0.7777777777777778,3
III-IV,0,tumor-vs-all,Tumor AT2_LUAD,SLC34A2,7,0.8087115865595677,0.697012446552083,0.9306237137880238,9,0.7777777777777778,4
III-IV,0,tumor-vs-all,Tumor AT2_LUAD,HOPX,7,0.7923204651168421,0.6549060354213131,0.870125595694962,9,0.7777777777777778,5
III-IV,0,tumor-vs-all,Tumor AT2_LUAD,SFTPA2,7,0.7845982156983818,0.6583950063081839,0.9380478114066443,9,0.7777777777777778,6
III-IV,0,tumor-vs-all,Tumor AT2_LUAD,KRT19,7,0.7745829146350663,0.6873828646045479,0.8809550121800104,9,0.7777777777777778,7
III-IV,0,tumor-vs-all,Tumor AT2_LUAD,MALL,7,0.7585660200010912,0.6518789072470215,0.8862893729421315,9,0.7777777777777778,8
III-IV,0,tumor-vs-all,Tumor AT2_LUAD,SFTA2,6,0.8367777397675397,0.741726235869763,0.919882741024773,9,0.6666666666666666,9
III-IV,0,tumor-vs-all,Tumor AT2_LUAD,ELF3,6,0.8081706482524004,0.6598630412157891,0.911482238524473,9,0.6666666666666666,10
III-IV,0,tumor-vs-all,Tumor EMT_mitotic,S100A6,3,0.7886193916966043,0.7358212727517983,0.8316829223496381,4,0.75,1
III-IV,0,tumor-vs-all,Tumor EMT_mitotic,RPL37,3,0.7663508131598248,0.7068950613151972,0.8248729470729251,4,0.75,2
III-IV,0,tumor-vs-all,Tumor EMT_mitotic,S100A10,3,0.713733438149745,0.7035588662118126,0.7278558920734022,4,0.75,3
III-IV,0,tumor-vs-all,Tumor EMT_mitotic,GAPDH,3,0.6991254896036659,0.6657476276877794,0.7400288680206156,4,0.75,4
III-IV,0,tumor-vs-all,Tumor EMT_mitotic,MT2A,2,0.7787828312308431,0.6750974516945972,0.8824682107670889,4,0.5,5
III-IV,0,tumor-vs-all,Tumor EMT_mitotic,MT1E,2,0.7583705089591763,0.6912086354262995,0.8255323824920531,4,0.5,6
III-IV,0,tumor-vs-all,Tumor EMT_mitotic,ASPH,2,0.7535894583120342,0.7312954892073759,0.7758834274166925,4,0.5,7
III-IV,0,tumor-vs-all,Tumor EMT_mitotic,MGST1,2,0.7382553209431828,0.68966841359006,0.7868422282963056,4,0.5,8
III-IV,0,tumor-vs-all,Tumor EMT_mitotic,ERRFI1,2,0.7337512176747585,0.6835634299875358,0.783939005361981,4,0.5,9
III-IV,0,tumor-vs-all,Tumor EMT_mitotic,MIF,2,0.7329624203758414,0.6643897406442955,0.8015351001073872,4,0.5,10
III-IV,0,tumor-vs-all,Tumor LUAD,KRT18,9,0.8482599510072321,0.6845420411170107,0.9380285393105213,9,1.0,1
III-IV,0,tumor-vs-all,Tumor LUAD,S100A6,9,0.8163045398334797,0.7025579664044823,0.8926869336822262,9,1.0,2
III-IV,0,tumor-vs-all,Tumor LUAD,MGST1,9,0.8078663275425279,0.6636646316362701,0.9475653899291915,9,1.0,3
III-IV,0,tumor-vs-all,Tumor LUAD,KRT19,8,0.85891830511811,0.6964532508569384,0.9321176570617669,9,0.8888888888888888,4
III-IV,0,tumor-vs-all,Tumor LUAD,KRT8,8,0.8556237245922789,0.7641963019189131,0.9386550445996307,9,0.8888888888888888,5
III-IV,0,tumor-vs-all,Tumor LUAD,KRT7,8,0.8433522728876203,0.6994728007759697,0.9336764526768836,9,0.8888888888888888,6
III-IV,0,tumor-vs-all,Tumor LUAD,EPCAM,8,0.8254283222894125,0.6762808761569038,0.9429595460790937,9,0.8888888888888888,7
III-IV,0,tumor-vs-all,Tumor LUAD,S100A14,8,0.8004412216655319,0.6780146662877251,0.9398600136949381,9,0.8888888888888888,8
III-IV,0,tumor-vs-all,Tumor LUAD,S100A16,8,0.8003064535479697,0.6908466248554478,0.9137728520714105,9,0.8888888888888888,9
III-IV,0,tumor-vs-all,Tumor LUAD,IFI27,8,0.8001407702171313,0.6663746818290863,0.8656266271664492,9,0.8888888888888888,10
III-IV,0,tumor-vs-all,Tumor LUAD_AT2_Club,WFDC2,7,0.8171566163036099,0.7082617863079052,0.9649563847578295,8,0.875,1
III-IV,0,tumor-vs-all,Tumor LUAD_AT2_Club,AGR2,6,0.842250283773308,0.6909168748071962,0.9644353441954383,8,0.75,2
III-IV,0,tumor-vs-all,Tumor LUAD_AT2_Club,CEACAM6,6,0.8078069475488036,0.7255774893928167,0.9517568496751807,8,0.75,3
III-IV,0,tumor-vs-all,Tumor LUAD_AT2_Club,MGST1,6,0.7981223060995685,0.695209364990669,0.9250900364331192,8,0.75,4
III-IV,0,tumor-vs-all,Tumor LUAD_AT2_Club,ELF3,6,0.7924492159046482,0.7117829513766432,0.9151162765580352,8,0.75,5
III-IV,0,tumor-vs-all,Tumor LUAD_AT2_Club,EPCAM,6,0.7845244685690687,0.6986009858801383,0.9571235077895129,8,0.75,6
III-IV,0,tumor-vs-all,Tumor LUAD_AT2_Club,SFTPB,6,0.775398294935259,0.6556699938090322,0.9133154205463124,8,0.75,7
III-IV,0,tumor-vs-all,Tumor LUAD_AT2_Club,TMC5,6,0.7594176989215852,0.6580325612484482,0.9573496544095614,8,0.75,8
III-IV,0,tumor-vs-all,Tumor LUAD_AT2_Club,SPINT2,6,0.7579311102825127,0.6586204843124408,0.8856202333170775,8,0.75,9
III-IV,0,tumor-vs-all,Tumor LUAD_AT2_Club,CLDN4,6,0.7513904646008003,0.6779514876456755,0.9149965338292781,8,0.75,10
III-IV,0,tumor-vs-all,Tumor LUAD_mitotic,SFTA2,4,0.7731765655786389,0.7276809035130477,0.8102122594589003,4,1.0,1
III-IV,0,tumor-vs-all,Tumor LUAD_mitotic,S100A14,4,0.7648962913824209,0.6777633434433065,0.8225034022575177,4,1.0,2
III-IV,0,tumor-vs-all,Tumor LUAD_mitotic,AGR2,4,0.7627745694992973,0.7029122730748811,0.8229501157041927,4,1.0,3
III-IV,0,tumor-vs-all,Tumor LUAD_mitotic,S100A16,4,0.7099529470787123,0.6547883849960301,0.7390788801108471,4,1.0,4
III-IV,0,tumor-vs-all,Tumor LUAD_mitotic,MAL2,3,0.8146836334889827,0.7538580238091585,0.8956272861469997,4,0.75,5
III-IV,0,tumor-vs-all,Tumor LUAD_mitotic,CEACAM6,3,0.8091023350873293,0.6670583649379186,0.934626742053849,4,0.75,6
III-IV,0,tumor-vs-all,Tumor LUAD_mitotic,C19orf33,3,0.7987703431252177,0.6665353642930384,0.9167450410100262,4,0.75,7
III-IV,0,tumor-vs-all,Tumor LUAD_mitotic,S100P,3,0.7927507328323103,0.7528226702336553,0.8470607663016052,4,0.75,8
III-IV,0,tumor-vs-all,Tumor LUAD_mitotic,S100A6,3,0.7876331454535221,0.725482247294701,0.8465641771685706,4,0.75,9
III-IV,0,tumor-vs-all,Tumor LUAD_mitotic,HOPX,3,0.7847739405173852,0.7646978103951307,0.8149254208691401,4,0.75,10
III-IV,0,tumor-vs-all,Tumor LUAD_mitotic_LUSC,SFN,6,0.7966336309512,0.6672154563326008,0.977128832134629,6,1.0,1
III-IV,0,tumor-vs-all,Tumor LUAD_mitotic_LUSC,TXN,6,0.7576529622010685,0.656684921239219,0.9691609084922842,6,1.0,2
III-IV,0,tumor-vs-all,Tumor LUAD_mitotic_LUSC,PERP,5,0.8442628166311387,0.6637431465449245,0.9787527551031602,6,0.8333333333333334,3
III-IV,0,tumor-vs-all,Tumor LUAD_mitotic_LUSC,SPINT2,5,0.8247882494132132,0.7606148604366705,0.9452293284189461,6,0.8333333333333334,4
III-IV,0,tumor-vs-all,Tumor LUAD_mitotic_LUSC,KRT8,5,0.8102051640188762,0.766217507533253,0.8980997204630522,6,0.8333333333333334,5
III-IV,0,tumor-vs-all,Tumor LUAD_mitotic_LUSC,HMGA1,5,0.7971924693787094,0.6945060185929558,0.9234650006441356,6,0.8333333333333334,6
III-IV,0,tumor-vs-all,Tumor LUAD_mitotic_LUSC,CLDN4,5,0.7630946750446721,0.6698452606731241,0.9078146953137047,6,0.8333333333333334,7
III-IV,0,tumor-vs-all,Tumor LUAD_mitotic_LUSC,MDK,5,0.7562346118355252,0.6876433850034501,0.8869666270169428,6,0.8333333333333334,8
III-IV,0,tumor-vs-all,Tumor LUAD_mitotic_LUSC,RPL37,5,0.7547255091388803,0.6560420295795247,0.8451140644286201,6,0.8333333333333334,9
III-IV,0,tumor-vs-all,Tumor LUAD_mitotic_LUSC,S100A11,5,0.7540901255254756,0.6733918173254271,0.9120956186245348,6,0.8333333333333334,10
III-IV,0,tumor-vs-all,Tumor LUSC2,TESC,1,0.8744303920647992,0.8744303920647992,0.8744303920647992,1,1.0,1
III-IV,0,tumor-vs-all,Tumor LUSC2,CSTB,1,0.8658734093431926,0.8658734093431926,0.8658734093431926,1,1.0,2
III-IV,0,tumor-vs-all,Tumor LUSC2,SPP1,1,0.8580729372709508,0.8580729372709508,0.8580729372709508,1,1.0,3
III-IV,0,tumor-vs-all,Tumor LUSC2,TXN,1,0.7912205770599292,0.7912205770599292,0.7912205770599292,1,1.0,4
III-IV,0,tumor-vs-all,Tumor LUSC2,SLPI,1,0.7771070643866367,0.7771070643866367,0.7771070643866367,1,1.0,5
III-IV,0,tumor-vs-all,Tumor LUSC2,FGA,1,0.7693175941497136,0.7693175941497136,0.7693175941497136,1,1.0,6
III-IV,0,tumor-vs-all,Tumor LUSC2,FGB,1,0.7662452929861207,0.7662452929861207,0.7662452929861207,1,1.0,7
III-IV,0,tumor-vs-all,Tumor LUSC2,S100A16,1,0.7647145151926515,0.7647145151926515,0.7647145151926515,1,1.0,8
III-IV,0,tumor-vs-all,Tumor LUSC2,PTGR1,1,0.7428563703629485,0.7428563703629485,0.7428563703629485,1,1.0,9
III-IV,0,tumor-vs-all,Tumor LUSC2,ASPH,1,0.7407140461404982,0.7407140461404982,0.7407140461404982,1,1.0,10
III-IV,0,tumor-vs-all,Tumor LUSC_LUAD,KRT19,7,0.889426577229389,0.7603897609242721,0.9710984048649991,7,1.0,1
III-IV,0,tumor-vs-all,Tumor LUSC_LUAD,KRT7,7,0.8208145879751764,0.758197305414756,0.9701287303895706,7,1.0,2
III-IV,0,tumor-vs-all,Tumor LUSC_LUAD,KRT8,7,0.8113304308502137,0.6747893816905368,0.9556399595362407,7,1.0,3
III-IV,0,tumor-vs-all,Tumor LUSC_LUAD,KRT18,7,0.8105834252354728,0.6740598761346006,0.920903880143304,7,1.0,4
III-IV,0,tumor-vs-all,Tumor LUSC_LUAD,S100A6,7,0.8088758593040789,0.7087057443728784,0.9093256738282076,7,1.0,5
III-IV,0,tumor-vs-all,Tumor LUSC_LUAD,SFN,7,0.7857793234681291,0.6748424756102855,0.9309699704828615,7,1.0,6
III-IV,0,tumor-vs-all,Tumor LUSC_LUAD,PHLDA2,7,0.7793523260624361,0.6751627394362657,0.9357215388601138,7,1.0,7
III-IV,0,tumor-vs-all,Tumor LUSC_LUAD,IFI27,7,0.7583697899455364,0.6712051173822713,0.946200908957598,7,1.0,8
III-IV,0,tumor-vs-all,Tumor LUSC_LUAD,NDRG1,7,0.7319571227743562,0.6621329057181516,0.8996725901828592,7,1.0,9
III-IV,0,tumor-vs-all,Tumor LUSC_LUAD,SPINT2,6,0.858297359269478,0.7652180539285548,0.945570128102652,7,0.8571428571428571,10
III-IV,0,tumor-vs-all,Tumor LUSC_LUAD_mitotic,KRT18,9,0.8932248610644469,0.7890124181919833,0.9871787136663727,9,1.0,1
III-IV,0,tumor-vs-all,Tumor LUSC_LUAD_mitotic,MGST1,9,0.8747538050240137,0.7201415844656297,0.9796146607357682,9,1.0,2
III-IV,0,tumor-vs-all,Tumor LUSC_LUAD_mitotic,TXNDC17,9,0.838416305442139,0.6819465339538006,0.9844821337908352,9,1.0,3
III-IV,0,tumor-vs-all,Tumor LUSC_LUAD_mitotic,S100A6,9,0.8381719116806388,0.7031521620015053,0.9888284102776436,9,1.0,4
III-IV,0,tumor-vs-all,Tumor LUSC_LUAD_mitotic,IFI27,9,0.8340947025507279,0.6694533936703088,0.9853735493924115,9,1.0,5
III-IV,0,tumor-vs-all,Tumor LUSC_LUAD_mitotic,KRT19,9,0.8279763117526167,0.6867436305321636,0.9848129411846623,9,1.0,6
III-IV,0,tumor-vs-all,Tumor LUSC_LUAD_mitotic,NME1,9,0.8171672804109231,0.6878291428193087,0.9520256143840119,9,1.0,7
III-IV,0,tumor-vs-all,Tumor LUSC_LUAD_mitotic,S100A14,9,0.8120185166900844,0.6739594624021588,0.9692391511403068,9,1.0,8
III-IV,0,tumor-vs-all,Tumor LUSC_LUAD_mitotic,S100A10,9,0.8082971341428675,0.6778439484084227,0.9962233064985289,9,1.0,9
III-IV,0,tumor-vs-all,Tumor LUSC_LUAD_mitotic,KRT8,8,0.8986436686857655,0.8095481327851967,0.9951281099715265,9,0.8888888888888888,10
III-IV,0,tumor-vs-all,Tumor LUSC_mitotic,SRPK1,1,0.940528250995488,0.940528250995488,0.940528250995488,1,1.0,1
III-IV,0,tumor-vs-all,Tumor LUSC_mitotic,MRPL36,1,0.9201943524859157,0.9201943524859157,0.9201943524859157,1,1.0,2
III-IV,0,tumor-vs-all,Tumor LUSC_mitotic,SMCO4,1,0.9060725221205108,0.9060725221205108,0.9060725221205108,1,1.0,3
III-IV,0,tumor-vs-all,Tumor LUSC_mitotic,MRPL49,1,0.8959545081199646,0.8959545081199646,0.8959545081199646,1,1.0,4
III-IV,0,tumor-vs-all,Tumor LUSC_mitotic,SNX14,1,0.8875526346375203,0.8875526346375203,0.8875526346375203,1,1.0,5
III-IV,0,tumor-vs-all,Tumor LUSC_mitotic,ACO2,1,0.8615236434954575,0.8615236434954575,0.8615236434954575,1,1.0,6
III-IV,0,tumor-vs-all,Tumor LUSC_mitotic,GNA13,1,0.8599044917223684,0.8599044917223684,0.8599044917223684,1,1.0,7
III-IV,0,tumor-vs-all,Tumor LUSC_mitotic,GNG4,1,0.8545006337874443,0.8545006337874443,0.8545006337874443,1,1.0,8
III-IV,0,tumor-vs-all,Tumor LUSC_mitotic,ATP5MF,1,0.8532399281759164,0.8532399281759164,0.8532399281759164,1,1.0,9
III-IV,0,tumor-vs-all,Tumor LUSC_mitotic,MSI2,1,0.8530426608310311,0.8530426608310311,0.8530426608310311,1,1.0,10
III-IV,0,tumor-vs-all,Tumor LUSC_mitotic_LUAD,SOX4,2,0.7285423911763274,0.6892105313336752,0.7678742510189795,2,1.0,1
III-IV,0,tumor-vs-all,Tumor LUSC_mitotic_LUAD,HMGA1,2,0.7004285573226885,0.6508425577401402,0.7500145569052368,2,1.0,2
III-IV,0,tumor-vs-all,Tumor LUSC_mitotic_LUAD,NDUFB4,2,0.657978267646325,0.6546209773861256,0.6613355579065244,2,1.0,3
III-IV,0,tumor-vs-all,Tumor LUSC_mitotic_LUAD,RPL36A,1,0.9110593743057817,0.9110593743057817,0.9110593743057817,2,0.5,4
III-IV,0,tumor-vs-all,Tumor LUSC_mitotic_LUAD,H1-2,1,0.8790188365005782,0.8790188365005782,0.8790188365005782,2,0.5,5
III-IV,0,tumor-vs-all,Tumor LUSC_mitotic_LUAD,KRT6A,1,0.8690796131365126,0.8690796131365126,0.8690796131365126,2,0.5,6
III-IV,0,tumor-vs-all,Tumor LUSC_mitotic_LUAD,GAPDH,1,0.8605424965216574,0.8605424965216574,0.8605424965216574,2,0.5,7
III-IV,0,tumor-vs-all,Tumor LUSC_mitotic_LUAD,H2AC6,1,0.8604987571713609,0.8604987571713609,0.8604987571713609,2,0.5,8
III-IV,0,tumor-vs-all,Tumor LUSC_mitotic_LUAD,NTS,1,0.8397291738037559,0.8397291738037559,0.8397291738037559,2,0.5,9
III-IV,0,tumor-vs-all,Tumor LUSC_mitotic_LUAD,PERP,1,0.8328013720571332,0.8328013720571332,0.8328013720571332,2,0.5,10
III-IV,0,tumor-vs-all,Tumor NSCLC_mixed,KRT17,2,0.8990317801911708,0.8709385711669051,0.9271249892154365,4,0.5,1
III-IV,0,tumor-vs-all,Tumor NSCLC_mixed,KRT19,2,0.87371849416087,0.8093750371691494,0.9380619511525906,4,0.5,2
III-IV,0,tumor-vs-all,Tumor NSCLC_mixed,TACSTD2,2,0.8073896819180951,0.6511526942116562,0.963626669624534,4,0.5,3
III-IV,0,tumor-vs-all,Tumor NSCLC_mixed,S100A16,2,0.7993452293993901,0.7546828319377545,0.8440076268610258,4,0.5,4
III-IV,0,tumor-vs-all,Tumor NSCLC_mixed,SPINT1,2,0.7901677749343283,0.6529693426498409,0.9273662072188159,4,0.5,5
III-IV,0,tumor-vs-all,Tumor NSCLC_mixed,LIPH,2,0.786463015485328,0.7395630680171191,0.8333629629535371,4,0.5,6
III-IV,0,tumor-vs-all,Tumor NSCLC_mixed,CEACAM6,2,0.7791919395299107,0.7041263769126337,0.8542575021471877,4,0.5,7
III-IV,0,tumor-vs-all,Tumor NSCLC_mixed,AKR1C2,2,0.7488671629395555,0.6743962535217338,0.8233380723573771,4,0.5,8
III-IV,0,tumor-vs-all,Tumor NSCLC_mixed,IVL,2,0.7485615801632666,0.6655047163730229,0.8316184439535104,4,0.5,9
III-IV,0,tumor-vs-all,Tumor NSCLC_mixed,S100A14,2,0.7472508045344304,0.6693789259927101,0.8251226830761507,4,0.5,10
III-IV,0,tumor-vs-all,Tumor cells LUAD,KRT18,1,0.938771370687514,0.938771370687514,0.938771370687514,1,1.0,1
III-IV,0,tumor-vs-all,Tumor cells LUAD,SLC34A2,1,0.9366733758119445,0.9366733758119445,0.9366733758119445,1,1.0,2
III-IV,0,tumor-vs-all,Tumor cells LUAD,CEACAM5,1,0.932021401815629,0.932021401815629,0.932021401815629,1,1.0,3
III-IV,0,tumor-vs-all,Tumor cells LUAD,KRT8,1,0.9309474901957905,0.9309474901957905,0.9309474901957905,1,1.0,4
III-IV,0,tumor-vs-all,Tumor cells LUAD,CEACAM6,1,0.9279110653104251,0.9279110653104251,0.9279110653104251,1,1.0,5
III-IV,0,tumor-vs-all,Tumor cells LUAD,NAPSA,1,0.9277883981255118,0.9277883981255118,0.9277883981255118,1,1.0,6
III-IV,0,tumor-vs-all,Tumor cells LUAD,SFTA2,1,0.9255202772077191,0.9255202772077191,0.9255202772077191,1,1.0,7
III-IV,0,tumor-vs-all,Tumor cells LUAD,EPCAM,1,0.9210689745775691,0.9210689745775691,0.9210689745775691,1,1.0,8
III-IV,0,tumor-vs-all,Tumor cells LUAD,MALL,1,0.9112527582778092,0.9112527582778092,0.9112527582778092,1,1.0,9
III-IV,0,tumor-vs-all,Tumor cells LUAD,ATP1A1,1,0.9108168179185568,0.9108168179185568,0.9108168179185568,1,1.0,10
III-IV,0,tumor-vs-all,Tumor cells LUAD EMT,RPS16,1,0.970926802253486,0.970926802253486,0.970926802253486,1,1.0,1
III-IV,0,tumor-vs-all,Tumor cells LUAD EMT,FBL,1,0.9678113129281918,0.9678113129281918,0.9678113129281918,1,1.0,2
III-IV,0,tumor-vs-all,Tumor cells LUAD EMT,RPL35A,1,0.9672276043134279,0.9672276043134279,0.9672276043134279,1,1.0,3
III-IV,0,tumor-vs-all,Tumor cells LUAD EMT,S100A2,1,0.9648082890237774,0.9648082890237774,0.9648082890237774,1,1.0,4
III-IV,0,tumor-vs-all,Tumor cells LUAD EMT,RPL24,1,0.9627455093639606,0.9627455093639606,0.9627455093639606,1,1.0,5
III-IV,0,tumor-vs-all,Tumor cells LUAD EMT,MIF,1,0.9626732336783538,0.9626732336783538,0.9626732336783538,1,1.0,6
III-IV,0,tumor-vs-all,Tumor cells LUAD EMT,KRT5,1,0.959982567301525,0.959982567301525,0.959982567301525,1,1.0,7
III-IV,0,tumor-vs-all,Tumor cells LUAD EMT,SNRPD3,1,0.9565332345726435,0.9565332345726435,0.9565332345726435,1,1.0,8
III-IV,0,tumor-vs-all,Tumor cells LUAD EMT,PSMD8,1,0.952767397779602,0.952767397779602,0.952767397779602,1,1.0,9
III-IV,0,tumor-vs-all,Tumor cells LUAD EMT,SEM1,1,0.9519529813354003,0.9519529813354003,0.9519529813354003,1,1.0,10
III-IV,0,tumor-vs-all,Tumor cells LUAD mitotic,KRT18,1,0.9374940034926188,0.9374940034926188,0.9374940034926188,1,1.0,1
III-IV,0,tumor-vs-all,Tumor cells LUAD mitotic,SFTA2,1,0.9200614014951096,0.9200614014951096,0.9200614014951096,1,1.0,2
III-IV,0,tumor-vs-all,Tumor cells LUAD mitotic,NAPSA,1,0.9122015103089254,0.9122015103089254,0.9122015103089254,1,1.0,3
III-IV,0,tumor-vs-all,Tumor cells LUAD mitotic,SLC34A2,1,0.9107347765814124,0.9107347765814124,0.9107347765814124,1,1.0,4
III-IV,0,tumor-vs-all,Tumor cells LUAD mitotic,CEACAM5,1,0.9086568289686264,0.9086568289686264,0.9086568289686264,1,1.0,5
III-IV,0,tumor-vs-all,Tumor cells LUAD mitotic,KRT8,1,0.9020953966944281,0.9020953966944281,0.9020953966944281,1,1.0,6
III-IV,0,tumor-vs-all,Tumor cells LUAD mitotic,KRT7,1,0.9007271945834614,0.9007271945834614,0.9007271945834614,1,1.0,7
III-IV,0,tumor-vs-all,Tumor cells LUAD mitotic,SMIM22,1,0.8909809696129994,0.8909809696129994,0.8909809696129994,1,1.0,8
III-IV,0,tumor-vs-all,Tumor cells LUAD mitotic,CEACAM6,1,0.8840364207823386,0.8840364207823386,0.8840364207823386,1,1.0,9
III-IV,0,tumor-vs-all,Tumor cells LUAD mitotic,C19orf33,1,0.8830249630553082,0.8830249630553082,0.8830249630553082,1,1.0,10
III-IV,0,tumor-vs-all,Tumor cells LUSC,KRT5,1,0.9688237225772262,0.9688237225772262,0.9688237225772262,1,1.0,1
III-IV,0,tumor-vs-all,Tumor cells LUSC,IGFBP2,1,0.9666828031702377,0.9666828031702377,0.9666828031702377,1,1.0,2
III-IV,0,tumor-vs-all,Tumor cells LUSC,PERP,1,0.9636426806037208,0.9636426806037208,0.9636426806037208,1,1.0,3
III-IV,0,tumor-vs-all,Tumor cells LUSC,S100A2,1,0.9636029545770024,0.9636029545770024,0.9636029545770024,1,1.0,4
III-IV,0,tumor-vs-all,Tumor cells LUSC,RPS16,1,0.9589149741532287,0.9589149741532287,0.9589149741532287,1,1.0,5
III-IV,0,tumor-vs-all,Tumor cells LUSC,FBL,1,0.9587298197062719,0.9587298197062719,0.9587298197062719,1,1.0,6
III-IV,0,tumor-vs-all,Tumor cells LUSC,FXYD3,1,0.9566581628430739,0.9566581628430739,0.9566581628430739,1,1.0,7
III-IV,0,tumor-vs-all,Tumor cells LUSC,SFN,1,0.9485696676201208,0.9485696676201208,0.9485696676201208,1,1.0,8
III-IV,0,tumor-vs-all,Tumor cells LUSC,COX6B1,1,0.9450619923384826,0.9450619923384826,0.9450619923384826,1,1.0,9
III-IV,0,tumor-vs-all,Tumor cells LUSC,RNF7,1,0.9439477495290659,0.9439477495290659,0.9439477495290659,1,1.0,10
III-IV,0,tumor-vs-all,Tumor cells LUSC mitotic,AP2M1,1,0.9632841387389705,0.9632841387389705,0.9632841387389705,1,1.0,1
III-IV,0,tumor-vs-all,Tumor cells LUSC mitotic,SEM1,1,0.9582152790796606,0.9582152790796606,0.9582152790796606,1,1.0,2
III-IV,0,tumor-vs-all,Tumor cells LUSC mitotic,SPINT2,1,0.9515719238847188,0.9515719238847188,0.9515719238847188,1,1.0,3
III-IV,0,tumor-vs-all,Tumor cells LUSC mitotic,SNRPF,1,0.9493363977811337,0.9493363977811337,0.9493363977811337,1,1.0,4
III-IV,0,tumor-vs-all,Tumor cells LUSC mitotic,FBL,1,0.94931589720725,0.94931589720725,0.94931589720725,1,1.0,5
III-IV,0,tumor-vs-all,Tumor cells LUSC mitotic,RPS16,1,0.9485127085650523,0.9485127085650523,0.9485127085650523,1,1.0,6
III-IV,0,tumor-vs-all,Tumor cells LUSC mitotic,COX6B1,1,0.9481824910284579,0.9481824910284579,0.9481824910284579,1,1.0,7
III-IV,0,tumor-vs-all,Tumor cells LUSC mitotic,YWHAE,1,0.9443799067480712,0.9443799067480712,0.9443799067480712,1,1.0,8
III-IV,0,tumor-vs-all,Tumor cells LUSC mitotic,FXYD3,1,0.9420368896845334,0.9420368896845334,0.9420368896845334,1,1.0,9
III-IV,0,tumor-vs-all,Tumor cells LUSC mitotic,JPT1,1,0.9415748818368547,0.9415748818368547,0.9415748818368547,1,1.0,10
III-IV,0,tumor-vs-all,Tumor cells NSCLC mixed,DSC2,1,0.9786728899068767,0.9786728899068767,0.9786728899068767,1,1.0,1
III-IV,0,tumor-vs-all,Tumor cells NSCLC mixed,QSOX1,1,0.9684975778189912,0.9684975778189912,0.9684975778189912,1,1.0,2
III-IV,0,tumor-vs-all,Tumor cells NSCLC mixed,PRSS8,1,0.9657938147292825,0.9657938147292825,0.9657938147292825,1,1.0,3
III-IV,0,tumor-vs-all,Tumor cells NSCLC mixed,ARHGAP5,1,0.9634105292155446,0.9634105292155446,0.9634105292155446,1,1.0,4
III-IV,0,tumor-vs-all,Tumor cells NSCLC mixed,CXADR,1,0.9583316358008512,0.9583316358008512,0.9583316358008512,1,1.0,5
III-IV,0,tumor-vs-all,Tumor cells NSCLC mixed,ERO1A,1,0.9570229177659084,0.9570229177659084,0.9570229177659084,1,1.0,6
III-IV,0,tumor-vs-all,Tumor cells NSCLC mixed,MPZL2,1,0.9538757963584698,0.9538757963584698,0.9538757963584698,1,1.0,7
III-IV,0,tumor-vs-all,Tumor cells NSCLC mixed,MYO6,1,0.9518497920923675,0.9518497920923675,0.9518497920923675,1,1.0,8
III-IV,0,tumor-vs-all,Tumor cells NSCLC mixed,TACSTD2,1,0.9509889853708048,0.9509889853708048,0.9509889853708048,1,1.0,9
III-IV,0,tumor-vs-all,Tumor cells NSCLC mixed,TM4SF1,1,0.9492913766653964,0.9492913766653964,0.9492913766653964,1,1.0,10
III-IV,0,tumor-vs-all,transitional club/AT2,SFTPB,1,0.9354727566055077,0.9354727566055077,0.9354727566055077,1,1.0,1
III-IV,0,tumor-vs-all,transitional club/AT2,NAPSA,1,0.9103014790567268,0.9103014790567268,0.9103014790567268,1,1.0,2
III-IV,0,tumor-vs-all,transitional club/AT2,SLC34A2,1,0.9031503802587982,0.9031503802587982,0.9031503802587982,1,1.0,3
III-IV,0,tumor-vs-all,transitional club/AT2,SFTA2,1,0.8855662211827751,0.8855662211827751,0.8855662211827751,1,1.0,4
III-IV,0,tumor-vs-all,transitional club/AT2,CEACAM6,1,0.8741758329160257,0.8741758329160257,0.8741758329160257,1,1.0,5
III-IV,0,tumor-vs-all,transitional club/AT2,CEACAM5,1,0.873496705843378,0.873496705843378,0.873496705843378,1,1.0,6
III-IV,0,tumor-vs-all,transitional club/AT2,MUC1,1,0.8656431282293588,0.8656431282293588,0.8656431282293588,1,1.0,7
III-IV,0,tumor-vs-all,transitional club/AT2,CXCL17,1,0.8600147895344935,0.8600147895344935,0.8600147895344935,1,1.0,8
III-IV,0,tumor-vs-all,transitional club/AT2,MALL,1,0.8547756411081155,0.8547756411081155,0.8547756411081155,1,1.0,9
III-IV,0,tumor-vs-all,transitional club/AT2,LPCAT1,1,0.8546309325352066,0.8546309325352066,0.8546309325352066,1,1.0,10
III-IV,1,normal-vs-normal,B cell,MS4A1,9,0.9028707988349177,0.7580871657345417,0.9689265675876552,9,1.0,1
III-IV,1,normal-vs-normal,B cell,CD79A,9,0.8798758930704839,0.789602979179101,0.9360228497885472,9,1.0,2
III-IV,1,normal-vs-normal,B cell,CD37,9,0.8057401383682473,0.7022839819152905,0.9126316413995954,9,1.0,3
III-IV,1,normal-vs-normal,B cell,HLA-DRA,9,0.746584646163952,0.6946424088163821,0.8359497299462598,9,1.0,4
III-IV,1,normal-vs-normal,B cell,CD74,9,0.7213297137479573,0.6684251025087646,0.7796478004009402,9,1.0,5
III-IV,1,normal-vs-normal,B cell,BANK1,8,0.864861239042353,0.7195112095722258,0.9583009296256719,9,0.8888888888888888,6
III-IV,1,normal-vs-normal,B cell,TNFRSF13C,8,0.7640103549471038,0.657568600202654,0.8774147044753381,9,0.8888888888888888,7
III-IV,1,normal-vs-normal,B cell,LTB,8,0.7389972428998391,0.6559990435096499,0.9106778452997745,9,0.8888888888888888,8
III-IV,1,normal-vs-normal,B cell,HLA-DPB1,8,0.6933749870046069,0.651420204351064,0.7781529927907576,9,0.8888888888888888,9
III-IV,1,normal-vs-normal,B cell,VPREB3,7,0.764244238730269,0.7047100675692405,0.8509174556910838,9,0.7777777777777778,10
III-IV,1,normal-vs-normal,B cell dividing,MS4A1,5,0.9704524992349575,0.9064122876250045,0.9988436825358158,5,1.0,1
III-IV,1,normal-vs-normal,B cell dividing,CD79A,5,0.958894548228376,0.9334110494204167,0.9854187778887953,5,1.0,2
III-IV,1,normal-vs-normal,B cell dividing,HMGB2,5,0.9480130489974077,0.931792750122921,0.9703284203752665,5,1.0,3
III-IV,1,normal-vs-normal,B cell dividing,HMGN2,5,0.9390937324116532,0.8934992704615847,0.9861332429588747,5,1.0,4
III-IV,1,normal-vs-normal,B cell dividing,HMGA1,5,0.9326797217316223,0.8958143012394452,0.9913678261795312,5,1.0,5
III-IV,1,normal-vs-normal,B cell dividing,CD79B,5,0.9270568217339902,0.8472242630688985,0.9899612315048197,5,1.0,6
III-IV,1,normal-vs-normal,B cell dividing,STMN1,5,0.9219979782633028,0.8867351090587625,0.9821646616590155,5,1.0,7
III-IV,1,normal-vs-normal,B cell dividing,CD22,5,0.9018989050363292,0.8477374377456428,0.9488871862000602,5,1.0,8
III-IV,1,normal-vs-normal,B cell dividing,LIMD2,5,0.8990568492366297,0.8431542172162322,0.9456212266988813,5,1.0,9
III-IV,1,normal-vs-normal,B cell dividing,CORO1A,5,0.8981222050123385,0.8485867659532799,0.9416066416119572,5,1.0,10
III-IV,1,normal-vs-normal,DC mature,BIRC3,8,0.9277495940604252,0.7947966366320189,0.990012188193541,8,1.0,1
III-IV,1,normal-vs-normal,DC mature,MARCKSL1,8,0.9144360484376833,0.8254286417897946,0.9659658916075325,8,1.0,2
III-IV,1,normal-vs-normal,DC mature,CD83,8,0.9036459818799587,0.8363457815738351,0.9485961329083886,8,1.0,3
III-IV,1,normal-vs-normal,DC mature,TXN,8,0.8979548598707895,0.8243976937311684,0.9856075193362278,8,1.0,4
III-IV,1,normal-vs-normal,DC mature,LAMP3,8,0.8941628631287989,0.7128241225840387,0.9987427017273235,8,1.0,5
III-IV,1,normal-vs-normal,DC mature,HLA-DPB1,8,0.8939207195514355,0.8443402431572392,0.9213349047386885,8,1.0,6
III-IV,1,normal-vs-normal,DC mature,RASSF4,8,0.8857597082807395,0.8082589731379198,0.9876540352523393,8,1.0,7
III-IV,1,normal-vs-normal,DC mature,FSCN1,8,0.8800570412439379,0.7976191867165687,0.9749622704475506,8,1.0,8
III-IV,1,normal-vs-normal,DC mature,CCR7,8,0.8785138326000452,0.7298573184679638,0.9862458390925606,8,1.0,9
III-IV,1,normal-vs-normal,DC mature,CD74,8,0.8752641054299546,0.816018890422842,0.9184423419721449,8,1.0,10
III-IV,1,normal-vs-normal,Endothelial cell arterial,EPAS1,3,0.9642954551514963,0.9569020530363631,0.9730481616306887,3,1.0,1
III-IV,1,normal-vs-normal,Endothelial cell arterial,AQP1,3,0.9439066332188454,0.8773540409842182,0.9962462455674426,3,1.0,2
III-IV,1,normal-vs-normal,Endothelial cell arterial,PTPRB,3,0.9308663142807699,0.8737876838960661,0.9947020873574642,3,1.0,3
III-IV,1,normal-vs-normal,Endothelial cell arterial,HEG1,3,0.925712550496641,0.8587080769604327,0.9921026822138147,3,1.0,4
III-IV,1,normal-vs-normal,Endothelial cell arterial,IFITM3,3,0.9185831539638879,0.8694657470961986,0.9555468911977453,3,1.0,5
III-IV,1,normal-vs-normal,Endothelial cell arterial,CD93,3,0.9056368645348405,0.8609054821153568,0.9888013102394599,3,1.0,6
III-IV,1,normal-vs-normal,Endothelial cell arterial,CDH5,3,0.9027212631995335,0.8437295131398915,0.9868192054374446,3,1.0,7
III-IV,1,normal-vs-normal,Endothelial cell arterial,IFI27,3,0.9016951704916303,0.8270253621972552,0.9398377848560159,3,1.0,8
III-IV,1,normal-vs-normal,Endothelial cell arterial,PECAM1,3,0.9009981880133084,0.8376052659068868,0.9399897624663476,3,1.0,9
III-IV,1,normal-vs-normal,Endothelial cell arterial,TM4SF1,3,0.900633264945382,0.8405048824436957,0.9717730510252305,3,1.0,10
III-IV,1,normal-vs-normal,Endothelial cell capillary,CAVIN2,6,0.8632304090163246,0.7763374235177729,0.9700403537647174,6,1.0,1
III-IV,1,normal-vs-normal,Endothelial cell capillary,CAV1,6,0.8492960007427479,0.725923208130655,0.9184144848256749,6,1.0,2
III-IV,1,normal-vs-normal,Endothelial cell capillary,RAMP2,6,0.8473651645127745,0.7643238409674331,0.9439655209735561,6,1.0,3
III-IV,1,normal-vs-normal,Endothelial cell capillary,IFI27,6,0.8432624012438109,0.7190411549134655,0.9688302266328759,6,1.0,4
III-IV,1,normal-vs-normal,Endothelial cell capillary,SPARC,6,0.8241116943261272,0.7478124270798666,0.8850089115481284,6,1.0,5
III-IV,1,normal-vs-normal,Endothelial cell capillary,TM4SF1,6,0.785311335933694,0.6526370787594633,0.8813569353514622,6,1.0,6
III-IV,1,normal-vs-normal,Endothelial cell capillary,RNASE1,6,0.7680899709396316,0.6510420546767132,0.9131386380342157,6,1.0,7
III-IV,1,normal-vs-normal,Endothelial cell capillary,IFITM3,6,0.7663509507843296,0.6679235942390027,0.9294314027450559,6,1.0,8
III-IV,1,normal-vs-normal,Endothelial cell capillary,SLC9A3R2,6,0.728803293517963,0.6559298117655056,0.7993181780004074,6,1.0,9
III-IV,1,normal-vs-normal,Endothelial cell capillary,PECAM1,5,0.9003762066469492,0.8306945785800268,0.9654543114093067,6,0.8333333333333334,10
III-IV,1,normal-vs-normal,Endothelial cell lymphatic,CCL21,7,0.9933325581662235,0.9821946604687077,0.9999999985201276,7,1.0,1
III-IV,1,normal-vs-normal,Endothelial cell lymphatic,TFPI,7,0.9839865258289837,0.9693772985005675,0.9976908846235417,7,1.0,2
III-IV,1,normal-vs-normal,Endothelial cell lymphatic,MMRN1,7,0.974950298959493,0.8951657030568971,0.9999359766662648,7,1.0,3
III-IV,1,normal-vs-normal,Endothelial cell lymphatic,PROX1,7,0.9510857607801102,0.8305405535194421,0.9999999968691192,7,1.0,4
III-IV,1,normal-vs-normal,Endothelial cell lymphatic,TFF3,7,0.940284130415613,0.7495051162927211,0.9997332390695852,7,1.0,5
III-IV,1,normal-vs-normal,Endothelial cell lymphatic,TM4SF1,7,0.9387850858373156,0.9092095778357077,0.969286865379202,7,1.0,6
III-IV,1,normal-vs-normal,Endothelial cell lymphatic,APP,7,0.9323720060001099,0.8769503534535056,0.9540690727589312,7,1.0,7
III-IV,1,normal-vs-normal,Endothelial cell lymphatic,IGFBP7,7,0.9284838801422686,0.9152163932001846,0.9557489899276901,7,1.0,8
III-IV,1,normal-vs-normal,Endothelial cell lymphatic,CAVIN2,7,0.9219075083381719,0.7938806219477278,0.9865983866221323,7,1.0,9
III-IV,1,normal-vs-normal,Endothelial cell lymphatic,PDPN,7,0.9084609474047155,0.6589967352559485,0.9904685011213351,7,1.0,10
III-IV,1,normal-vs-normal,Endothelial cell venous,VWF,9,0.9511422200048442,0.8327508990885195,0.9999999968691192,9,1.0,1
III-IV,1,normal-vs-normal,Endothelial cell venous,PECAM1,9,0.9148113309376291,0.8309955644656533,0.9941660027716276,9,1.0,2
III-IV,1,normal-vs-normal,Endothelial cell venous,SPARCL1,9,0.9053732132839595,0.8271976182412349,0.9858374358276351,9,1.0,3
III-IV,1,normal-vs-normal,Endothelial cell venous,HSPG2,9,0.89690571879088,0.6996602037201602,0.9978448249390002,9,1.0,4
III-IV,1,normal-vs-normal,Endothelial cell venous,IFI27,9,0.8736676422285008,0.7594318994544057,0.968572518773004,9,1.0,5
III-IV,1,normal-vs-normal,Endothelial cell venous,AQP1,9,0.8695956444241131,0.7438680737744495,0.9646922260719647,9,1.0,6
III-IV,1,normal-vs-normal,Endothelial cell venous,EPAS1,9,0.8654693297656303,0.6775157541379513,0.9737239847958566,9,1.0,7
III-IV,1,normal-vs-normal,Endothelial cell venous,IGFBP7,9,0.8651774891866406,0.6794109951616428,0.9617386896058074,9,1.0,8
III-IV,1,normal-vs-normal,Endothelial cell venous,TM4SF1,9,0.8635560816548264,0.6869530281274078,0.9909185314707486,9,1.0,9
III-IV,1,normal-vs-normal,Endothelial cell venous,CLEC14A,9,0.8631765659900078,0.7183508753675789,0.9435682833908098,9,1.0,10
III-IV,1,normal-vs-normal,Fibroblast adventitial,DCN,7,0.9614058028306219,0.925956447618657,0.9885406661289894,7,1.0,1
III-IV,1,normal-vs-normal,Fibroblast adventitial,C1R,7,0.9384487941746861,0.8268776700473531,0.9951475297981265,7,1.0,2
III-IV,1,normal-vs-normal,Fibroblast adventitial,C1S,7,0.9295595425325622,0.760204339817949,0.9930901989561199,7,1.0,3
III-IV,1,normal-vs-normal,Fibroblast adventitial,CCDC80,7,0.9274326305918326,0.8431108878567509,0.9975589205275134,7,1.0,4
III-IV,1,normal-vs-normal,Fibroblast adventitial,BGN,7,0.9256370095382253,0.8726601709202665,0.9673164312268869,7,1.0,5
III-IV,1,normal-vs-normal,Fibroblast adventitial,LUM,7,0.9249807093790956,0.7972806247721278,0.9733309750674776,7,1.0,6
III-IV,1,normal-vs-normal,Fibroblast adventitial,MGP,7,0.9180792410983231,0.8286039511467127,0.9837961999057345,7,1.0,7
III-IV,1,normal-vs-normal,Fibroblast adventitial,TIMP1,7,0.9174169034732438,0.8177338116544159,0.9665883475379846,7,1.0,8
III-IV,1,normal-vs-normal,Fibroblast adventitial,MMP2,7,0.914225362468431,0.7892084620276779,0.9874300208816551,7,1.0,9
III-IV,1,normal-vs-normal,Fibroblast adventitial,COL6A2,7,0.914120561561642,0.8067971373220482,0.9732825051973528,7,1.0,10
III-IV,1,normal-vs-normal,Fibroblast alveolar,DCN,7,0.9539630714488754,0.9014217309023549,1.0000000020845485,7,1.0,1
III-IV,1,normal-vs-normal,Fibroblast alveolar,LUM,7,0.9490589072318985,0.9181849101898666,0.9649910162838933,7,1.0,2
III-IV,1,normal-vs-normal,Fibroblast alveolar,MGP,7,0.925009128661244,0.8500952546817154,0.9762594716440597,7,1.0,3
III-IV,1,normal-vs-normal,Fibroblast alveolar,C1S,7,0.923882011963256,0.8618255504165011,0.9776169190538235,7,1.0,4
III-IV,1,normal-vs-normal,Fibroblast alveolar,MMP2,7,0.9182235288108991,0.8258821720451544,0.9960821908763754,7,1.0,5
III-IV,1,normal-vs-normal,Fibroblast alveolar,FBLN1,7,0.9151244929599452,0.8604634287802174,0.9483275767079844,7,1.0,6
III-IV,1,normal-vs-normal,Fibroblast alveolar,MFAP4,7,0.91463843575826,0.8105508394752992,0.9793500641253843,7,1.0,7
III-IV,1,normal-vs-normal,Fibroblast alveolar,COL1A2,7,0.9093792854512465,0.8719423400698902,0.930581348037904,7,1.0,8
III-IV,1,normal-vs-normal,Fibroblast alveolar,C1R,7,0.9072679642795223,0.8354792951654925,0.9439047471259706,7,1.0,9
III-IV,1,normal-vs-normal,Fibroblast alveolar,A2M,7,0.9041100707319084,0.8450149358513749,0.9603576301697824,7,1.0,10
III-IV,1,normal-vs-normal,Fibroblast peribronchial,COL1A1,8,0.9752668401912387,0.9602688151427763,0.990706287594005,8,1.0,1
III-IV,1,normal-vs-normal,Fibroblast peribronchial,COL1A2,8,0.9751283451302838,0.9646506333705489,0.986080132976019,8,1.0,2
III-IV,1,normal-vs-normal,Fibroblast peribronchial,COL3A1,8,0.9750008196129458,0.9478698228246285,0.9946843629963514,8,1.0,3
III-IV,1,normal-vs-normal,Fibroblast peribronchial,COL6A3,8,0.9662611163044244,0.9301224310374927,0.9946214891871018,8,1.0,4
III-IV,1,normal-vs-normal,Fibroblast peribronchial,LUM,8,0.9651430649536117,0.9427952856536547,0.9999999966053305,8,1.0,5
III-IV,1,normal-vs-normal,Fibroblast peribronchial,CTHRC1,8,0.9510745067388952,0.9063836749234673,0.9967818316703356,8,1.0,6
III-IV,1,normal-vs-normal,Fibroblast peribronchial,DCN,8,0.9493342347056037,0.9270529606158375,0.9995521676269503,8,1.0,7
III-IV,1,normal-vs-normal,Fibroblast peribronchial,SPARC,8,0.9481709851167033,0.9290830837587878,0.9666933394877426,8,1.0,8
III-IV,1,normal-vs-normal,Fibroblast peribronchial,COL5A1,8,0.942669724584299,0.925006955084487,0.9690883355359966,8,1.0,9
III-IV,1,normal-vs-normal,Fibroblast peribronchial,COL6A2,8,0.938873962890747,0.897867217543572,0.9790209823387671,8,1.0,10
III-IV,1,normal-vs-normal,Macrophage,FTL,9,0.9265896546412795,0.7587226703924658,0.9682522242552593,9,1.0,1
III-IV,1,normal-vs-normal,Macrophage,TYROBP,9,0.9091321660596479,0.8661407203211083,0.942644736301491,9,1.0,2
III-IV,1,normal-vs-normal,Macrophage,CTSB,9,0.9016330839140134,0.8096556037404323,0.9591485051257091,9,1.0,3
III-IV,1,normal-vs-normal,Macrophage,FCER1G,9,0.9007020314404834,0.8409699120215607,0.9428076772759297,9,1.0,4
III-IV,1,normal-vs-normal,Macrophage,C1QA,9,0.8944261312507972,0.8496791788726007,0.9249403379523811,9,1.0,5
III-IV,1,normal-vs-normal,Macrophage,C1QB,9,0.8844813855512886,0.8501706658218884,0.9107406432011121,9,1.0,6
III-IV,1,normal-vs-normal,Macrophage,CTSD,9,0.8830230289167452,0.7796643704541385,0.9431983226608953,9,1.0,7
III-IV,1,normal-vs-normal,Macrophage,LYZ,9,0.877873740965716,0.8225743726573597,0.933398953072758,9,1.0,8
III-IV,1,normal-vs-normal,Macrophage,NPC2,9,0.8760330308197761,0.7900830362147176,0.9309170047375152,9,1.0,9
III-IV,1,normal-vs-normal,Macrophage,C1QC,9,0.8759518671762953,0.8380861957350803,0.9050151529339504,9,1.0,10
III-IV,1,normal-vs-normal,Macrophage alveolar,APOC1,8,0.8886845080196564,0.7036920032002418,0.9765636024057561,8,1.0,1
III-IV,1,normal-vs-normal,Macrophage alveolar,CTSD,8,0.8663949661097301,0.6584235019320956,0.978253160771622,8,1.0,2
III-IV,1,normal-vs-normal,Macrophage alveolar,APOE,8,0.8644051009349213,0.6695470345297371,0.9601188221817625,8,1.0,3
III-IV,1,normal-vs-normal,Macrophage alveolar,LYZ,8,0.8475652034190035,0.7046741557280106,0.9462711211511577,8,1.0,4
III-IV,1,normal-vs-normal,Macrophage alveolar,C1QA,8,0.8466628817815065,0.7033567848772202,0.987690841948141,8,1.0,5
III-IV,1,normal-vs-normal,Macrophage alveolar,GPNMB,8,0.8367083032857336,0.6726622475684401,0.9589395917516459,8,1.0,6
III-IV,1,normal-vs-normal,Macrophage alveolar,C1QB,8,0.8339830595664558,0.6951921832734628,0.9827747880079784,8,1.0,7
III-IV,1,normal-vs-normal,Macrophage alveolar,MRC1,8,0.8209244621801077,0.6715542675181354,0.9692681167702006,8,1.0,8
III-IV,1,normal-vs-normal,Macrophage alveolar,MARCO,8,0.8162206788337943,0.6760898110162115,0.9609401012409786,8,1.0,9
III-IV,1,normal-vs-normal,Macrophage alveolar,MS4A7,8,0.8038903542436189,0.6526474641777651,0.9616345788133313,8,1.0,10
III-IV,1,normal-vs-normal,Mast cell,TPSB2,9,0.9938800713223654,0.9821862512756072,1.000000000614529,9,1.0,1
III-IV,1,normal-vs-normal,Mast cell,CPA3,9,0.989640328221784,0.9598451546966916,0.9999958631366329,9,1.0,2
III-IV,1,normal-vs-normal,Mast cell,TPSAB1,9,0.9757535029803308,0.8501271785187939,1.000000000614529,9,1.0,3
III-IV,1,normal-vs-normal,Mast cell,MS4A2,9,0.9657168599205515,0.9153434513396844,0.9998610502451484,9,1.0,4
III-IV,1,normal-vs-normal,Mast cell,HPGDS,9,0.9306223996378508,0.7873768709971978,0.9791327837256253,9,1.0,5
III-IV,1,normal-vs-normal,Mast cell,GATA2,9,0.92181805803673,0.7743397246905545,0.9775278940784563,9,1.0,6
III-IV,1,normal-vs-normal,Mast cell,SLC18A2,9,0.920809611076325,0.8204729503796836,0.9856406835000884,9,1.0,7
III-IV,1,normal-vs-normal,Mast cell,KIT,9,0.9171086625167385,0.7206229228866107,0.9983670180098095,9,1.0,8
III-IV,1,normal-vs-normal,Mast cell,VWA5A,9,0.9061655276750611,0.7855014309755276,0.9897714748277217,9,1.0,9
III-IV,1,normal-vs-normal,Mast cell,CLU,9,0.868230707395576,0.7262503979598532,0.9515572742575963,9,1.0,10
III-IV,1,normal-vs-normal,Mesothelial,KRT8,3,0.9565500349052872,0.9034901449616083,0.9999356971245807,3,1.0,1
III-IV,1,normal-vs-normal,Mesothelial,CCDC80,3,0.937123133278785,0.9029416099261312,0.9567055653326727,3,1.0,2
III-IV,1,normal-vs-normal,Mesothelial,TIMP1,3,0.9350107815040838,0.9148026484951208,0.9707721577892027,3,1.0,3
III-IV,1,normal-vs-normal,Mesothelial,IGFBP6,3,0.9229518201263202,0.8307680847966504,0.9804518511754333,3,1.0,4
III-IV,1,normal-vs-normal,Mesothelial,KRT18,3,0.9103785697325574,0.8382466900828438,0.9999742777571083,3,1.0,5
III-IV,1,normal-vs-normal,Mesothelial,MT2A,3,0.8987579792509094,0.8186068205992587,0.9735645631801144,3,1.0,6
III-IV,1,normal-vs-normal,Mesothelial,S100A10,3,0.8975301336519638,0.8404447274079673,0.9691222214554511,3,1.0,7
III-IV,1,normal-vs-normal,Mesothelial,IFI27,3,0.8965152683006256,0.8170167796066646,0.9543315021611594,3,1.0,8
III-IV,1,normal-vs-normal,Mesothelial,COL6A1,3,0.8824756318739041,0.7972618335219048,0.9575953463640787,3,1.0,9
III-IV,1,normal-vs-normal,Mesothelial,CD151,3,0.881622955185489,0.8057222272755269,0.9671022139429652,3,1.0,10
III-IV,1,normal-vs-normal,Monocyte classical,LYZ,9,0.8696855223306902,0.7921442460420303,0.932193797846958,9,1.0,1
III-IV,1,normal-vs-normal,Monocyte classical,S100A9,9,0.8590072013223612,0.6764483083579305,0.9856642916829161,9,1.0,2
III-IV,1,normal-vs-normal,Monocyte classical,FCN1,9,0.84512136188907,0.683966183286254,0.9624643507247393,9,1.0,3
III-IV,1,normal-vs-normal,Monocyte classical,TYROBP,9,0.8259763057303403,0.7514670596522883,0.8714035291005087,9,1.0,4
III-IV,1,normal-vs-normal,Monocyte classical,IL1B,9,0.8220671299769533,0.7158374592878161,0.9634504132100282,9,1.0,5
III-IV,1,normal-vs-normal,Monocyte classical,FCER1G,9,0.8132011869594739,0.7269547478012013,0.903847268927462,9,1.0,6
III-IV,1,normal-vs-normal,Monocyte classical,CTSS,9,0.8115771555865481,0.7008786695211426,0.900016409651546,9,1.0,7
III-IV,1,normal-vs-normal,Monocyte classical,AIF1,9,0.8020777755515661,0.6524956192530552,0.8587608337245989,9,1.0,8
III-IV,1,normal-vs-normal,Monocyte classical,SOD2,9,0.7992530248198035,0.7284913020824972,0.9100870303999649,9,1.0,9
III-IV,1,normal-vs-normal,Monocyte classical,SERPINA1,9,0.7978997399930426,0.6680983651883156,0.8694740244012504,9,1.0,10
III-IV,1,normal-vs-normal,Monocyte non-classical,LST1,5,0.9698822829845023,0.9120169065212231,0.9949583022323546,5,1.0,1
III-IV,1,normal-vs-normal,Monocyte non-classical,LILRB2,5,0.9650055188829674,0.9222742808348986,0.9894684477000855,5,1.0,2
III-IV,1,normal-vs-normal,Monocyte non-classical,CTSS,5,0.9576388248472881,0.9236227333033237,0.9816063004013866,5,1.0,3
III-IV,1,normal-vs-normal,Monocyte non-classical,FCGR3A,5,0.9540461915103956,0.9422877264515608,0.9742040604088964,5,1.0,4
III-IV,1,normal-vs-normal,Monocyte non-classical,AIF1,5,0.9473602591220953,0.916095605279909,0.9880838978450078,5,1.0,5
III-IV,1,normal-vs-normal,Monocyte non-classical,SERPINA1,5,0.940433235627977,0.8849411245775667,0.9701534391211271,5,1.0,6
III-IV,1,normal-vs-normal,Monocyte non-classical,FCER1G,5,0.9344898833199731,0.8969044116580575,0.9677293597732447,5,1.0,7
III-IV,1,normal-vs-normal,Monocyte non-classical,FCN1,5,0.929874819740018,0.7562694324853739,0.9896759439965771,5,1.0,8
III-IV,1,normal-vs-normal,Monocyte non-classical,S100A4,5,0.9273994687179907,0.8757212101377525,0.9631346167034157,5,1.0,9
III-IV,1,normal-vs-normal,Monocyte non-classical,MS4A7,5,0.9236965832870707,0.8314661051133959,0.9713741474419966,5,1.0,10
III-IV,1,normal-vs-normal,NK cell,NKG7,9,0.8944432780149781,0.7924763370515604,0.9479389893158519,9,1.0,1
III-IV,1,normal-vs-normal,NK cell,KLRD1,9,0.8892369520240189,0.8308056239912469,0.9866052958836242,9,1.0,2
III-IV,1,normal-vs-normal,NK cell,GNLY,9,0.8547320074464655,0.7397444438647257,0.9426281162978506,9,1.0,3
III-IV,1,normal-vs-normal,NK cell,PRF1,9,0.8480902457437317,0.7321456515528241,0.9057932744793125,9,1.0,4
III-IV,1,normal-vs-normal,NK cell,CCL5,9,0.833078632077312,0.7368984969012569,0.9309730969382536,9,1.0,5
III-IV,1,normal-vs-normal,NK cell,CD247,9,0.8099570806700798,0.7105663013317284,0.9066483920476434,9,1.0,6
III-IV,1,normal-vs-normal,NK cell,GZMA,9,0.7976472836489572,0.6870561356970174,0.8517331053101539,9,1.0,7
III-IV,1,normal-vs-normal,NK cell,GZMB,9,0.7938620690789019,0.7070577242388311,0.8962547302021413,9,1.0,8
III-IV,1,normal-vs-normal,NK cell,CST7,9,0.7931135134675769,0.7028543796660492,0.886175651174154,9,1.0,9
III-IV,1,normal-vs-normal,NK cell,CCL4,9,0.7810042772566193,0.6921337108267035,0.8893970327848075,9,1.0,10
III-IV,1,normal-vs-normal,NK cell dividing,GZMA,8,0.9147323666137814,0.7725969456212148,0.9884549446648602,8,1.0,1
III-IV,1,normal-vs-normal,NK cell dividing,HMGB2,8,0.9090505565323759,0.8643546489177089,0.9812691523571464,8,1.0,2
III-IV,1,normal-vs-normal,NK cell dividing,CCL5,8,0.9060772149207927,0.8322657515339963,0.9642877169888473,8,1.0,3
III-IV,1,normal-vs-normal,NK cell dividing,STMN1,8,0.8973239885139652,0.8040073640211118,0.982828830092254,8,1.0,4
III-IV,1,normal-vs-normal,NK cell dividing,CD247,8,0.8953131537996306,0.7448251624655187,0.9883492255255432,8,1.0,5
III-IV,1,normal-vs-normal,NK cell dividing,KLRD1,8,0.885337062657485,0.8205855744551355,0.9792274413893476,8,1.0,6
III-IV,1,normal-vs-normal,NK cell dividing,TRDC,8,0.8802920605233671,0.7443504901959179,0.9507818744395581,8,1.0,7
III-IV,1,normal-vs-normal,NK cell dividing,NKG7,8,0.8791481248085604,0.7030032703413918,0.9578831105906579,8,1.0,8
III-IV,1,normal-vs-normal,NK cell dividing,CD7,8,0.859247543072364,0.6617791164698733,0.963341599428348,8,1.0,9
III-IV,1,normal-vs-normal,NK cell dividing,HMGN2,8,0.8457976321696146,0.7309419797309862,0.9583613983717163,8,1.0,10
III-IV,1,normal-vs-normal,Neutrophils,CXCL8,8,0.912318063746298,0.7898510560618283,0.9784512790983595,8,1.0,1
III-IV,1,normal-vs-normal,Neutrophils,NAMPT,8,0.8056561677231954,0.6878725080220844,0.9671332772544076,8,1.0,2
III-IV,1,normal-vs-normal,Neutrophils,G0S2,7,0.8722742492253879,0.7183893284956732,0.9803375204890585,8,0.875,3
III-IV,1,normal-vs-normal,Neutrophils,S100A8,7,0.8648206338289589,0.7704360840670578,0.9781229704093214,8,0.875,4
III-IV,1,normal-vs-normal,Neutrophils,SOD2,7,0.8324917858083444,0.6803346833042281,0.9137761569523246,8,0.875,5
III-IV,1,normal-vs-normal,Neutrophils,CSF3R,7,0.8321417022919174,0.6806396204521576,0.972063108927553,8,0.875,6
III-IV,1,normal-vs-normal,Neutrophils,FCGR3B,7,0.817579499837603,0.6593765155380336,0.9568731497038327,8,0.875,7
III-IV,1,normal-vs-normal,Neutrophils,AQP9,7,0.8112003094655135,0.7130927326791761,0.9156942145498966,8,0.875,8
III-IV,1,normal-vs-normal,Neutrophils,BCL2A1,7,0.782340889356747,0.7137286107891012,0.8446201709545681,8,0.875,9
III-IV,1,normal-vs-normal,Neutrophils,S100A9,6,0.8664512386385951,0.7608441205608741,0.9863582820458096,8,0.75,10
III-IV,1,normal-vs-normal,Pericyte,IGFBP7,8,0.9568736423453175,0.9414276056508741,0.9729195864701256,8,1.0,1
III-IV,1,normal-vs-normal,Pericyte,CALD1,8,0.9491963783942234,0.8719753089614725,0.9970891118083641,8,1.0,2
III-IV,1,normal-vs-normal,Pericyte,COL4A1,8,0.9486433059405229,0.8714575303504212,0.978280335482671,8,1.0,3
III-IV,1,normal-vs-normal,Pericyte,NOTCH3,8,0.9417713215382478,0.8531591449010102,0.9955544622817967,8,1.0,4
III-IV,1,normal-vs-normal,Pericyte,SPARC,8,0.9406112163245937,0.9085025453276497,0.971614661021776,8,1.0,5
III-IV,1,normal-vs-normal,Pericyte,COL1A2,8,0.9401915896606257,0.8839682226266206,0.9832064431725244,8,1.0,6
III-IV,1,normal-vs-normal,Pericyte,PDGFRB,8,0.9340217767662058,0.8637372990274879,0.9803348777153407,8,1.0,7
III-IV,1,normal-vs-normal,Pericyte,COL18A1,8,0.9323297238864926,0.8188897250249594,0.9832453889681989,8,1.0,8
III-IV,1,normal-vs-normal,Pericyte,COL4A2,8,0.928688072793038,0.7914275978040548,0.9816519952590232,8,1.0,9
III-IV,1,normal-vs-normal,Pericyte,MYL9,8,0.9197112244098757,0.8202673883795764,0.9692770511821425,8,1.0,10
III-IV,1,normal-vs-normal,Plasma cell,MZB1,9,0.9126112727882391,0.7739611248111821,0.9953498339151583,9,1.0,1
III-IV,1,normal-vs-normal,Plasma cell,IGKC,9,0.8854626804571324,0.8383535874848306,0.9347699183807299,9,1.0,2
III-IV,1,normal-vs-normal,Plasma cell,DERL3,9,0.8721031017305456,0.714012649065722,0.9598089013959623,9,1.0,3
III-IV,1,normal-vs-normal,Plasma cell,FKBP11,9,0.8474747391337392,0.6739891158864483,0.9244284178028348,9,1.0,4
III-IV,1,normal-vs-normal,Plasma cell,JCHAIN,9,0.8471748067203554,0.7451385806269651,0.9350451522642936,9,1.0,5
III-IV,1,normal-vs-normal,Plasma cell,IGHG1,9,0.8364373165752438,0.7010240351400813,0.9167671346490827,9,1.0,6
III-IV,1,normal-vs-normal,Plasma cell,CD79A,9,0.8264824428468979,0.6650260872855723,0.9345888826417934,9,1.0,7
III-IV,1,normal-vs-normal,Plasma cell,IGHG3,9,0.8138081717954654,0.7078479432766884,0.9283862518731619,9,1.0,8
III-IV,1,normal-vs-normal,Plasma cell,IGHG4,9,0.7993403824061545,0.6522430832538767,0.9239795899127394,9,1.0,9
III-IV,1,normal-vs-normal,Plasma cell,IGLC2,9,0.7736417611636166,0.6800353146291609,0.8437094131583068,9,1.0,10
III-IV,1,normal-vs-normal,Plasma cell dividing,SEC11C,5,0.9726865203303298,0.9425366750167388,0.9938801193102875,5,1.0,1
III-IV,1,normal-vs-normal,Plasma cell dividing,JCHAIN,5,0.9469502400986644,0.910711641252561,0.9852142473284106,5,1.0,2
III-IV,1,normal-vs-normal,Plasma cell dividing,IGKC,5,0.94182450387134,0.8998067066455153,0.9802252470194899,5,1.0,3
III-IV,1,normal-vs-normal,Plasma cell dividing,HSP90B1,5,0.9362542967819728,0.8561982565334982,0.9817570119693154,5,1.0,4
III-IV,1,normal-vs-normal,Plasma cell dividing,XBP1,5,0.9267416634151031,0.786948741304505,0.9904425237104335,5,1.0,5
III-IV,1,normal-vs-normal,Plasma cell dividing,CD79A,5,0.9207678030484839,0.8308985236370775,0.9850542568637112,5,1.0,6
III-IV,1,normal-vs-normal,Plasma cell dividing,MANF,5,0.8939883155204831,0.7469978051859548,0.9622634848850345,5,1.0,7
III-IV,1,normal-vs-normal,Plasma cell dividing,PIM2,5,0.8898882716867277,0.7956078981212359,0.9881149248550404,5,1.0,8
III-IV,1,normal-vs-normal,Plasma cell dividing,NME1,5,0.8795309133958302,0.8145825645286581,0.9577204783916807,5,1.0,9
III-IV,1,normal-vs-normal,Plasma cell dividing,POU2AF1,5,0.8793666074768813,0.8056809490800165,0.9662114566587503,5,1.0,10
III-IV,1,normal-vs-normal,Smooth muscle cell,TAGLN,5,0.9756842934416732,0.9400147830214108,0.9982638945906303,5,1.0,1
III-IV,1,normal-vs-normal,Smooth muscle cell,MYL9,5,0.9546253153631798,0.8809534740080333,1.0000000045030568,5,1.0,2
III-IV,1,normal-vs-normal,Smooth muscle cell,ACTA2,5,0.9499373463277493,0.8953438002432351,0.997685188752237,5,1.0,3
III-IV,1,normal-vs-normal,Smooth muscle cell,TPM2,5,0.9377256697733947,0.8823280477877424,1.0000000045030568,5,1.0,4
III-IV,1,normal-vs-normal,Smooth muscle cell,MYH11,5,0.9359641601645972,0.8940201551573794,1.0000000045030568,5,1.0,5
III-IV,1,normal-vs-normal,Smooth muscle cell,ADIRF,5,0.9308434484212101,0.8945711338376626,0.9924652376827412,5,1.0,6
III-IV,1,normal-vs-normal,Smooth muscle cell,CALD1,5,0.9113579013151814,0.8440948454870134,0.9753894493243177,5,1.0,7
III-IV,1,normal-vs-normal,Smooth muscle cell,DSTN,5,0.909838846688656,0.8503076012013264,0.9989463778112265,5,1.0,8
III-IV,1,normal-vs-normal,Smooth muscle cell,BGN,5,0.8831103598997988,0.8563951473125696,0.9698677089073501,5,1.0,9
III-IV,1,normal-vs-normal,Smooth muscle cell,SPARCL1,5,0.8820348014061823,0.7838945934568989,0.9745935559627371,5,1.0,10
III-IV,1,normal-vs-normal,T cell CD4,IL7R,9,0.8023125157586973,0.6884249139181455,0.8840953124427069,9,1.0,1
III-IV,1,normal-vs-normal,T cell CD4,TRAC,9,0.7314485096747525,0.6552590290431431,0.7983729244704941,9,1.0,2
III-IV,1,normal-vs-normal,T cell CD4,CD3D,7,0.7249999437874762,0.6561767716052126,0.7834745511362696,9,0.7777777777777778,3
III-IV,1,normal-vs-normal,T cell CD4,SPOCK2,7,0.724298125129845,0.6601059727992377,0.7869062155452743,9,0.7777777777777778,4
III-IV,1,normal-vs-normal,T cell CD4,TRBC2,7,0.7197486928245571,0.6524032134468419,0.787616141504509,9,0.7777777777777778,5
III-IV,1,normal-vs-normal,T cell CD4,LTB,7,0.7177688931264009,0.6658319867922426,0.8006675970958483,9,0.7777777777777778,6
III-IV,1,normal-vs-normal,T cell CD4,CD2,7,0.713017147456414,0.6577048169894263,0.8026611072191822,9,0.7777777777777778,7
III-IV,1,normal-vs-normal,T cell CD4,CD3E,6,0.7524316331072106,0.714237071640607,0.7710427548306492,9,0.6666666666666666,8
III-IV,1,normal-vs-normal,T cell CD4,CXCR4,6,0.711168557463954,0.6814290640864609,0.7341100709657435,9,0.6666666666666666,9
III-IV,1,normal-vs-normal,T cell CD4,IL32,6,0.7060324780197421,0.6665995736333459,0.7980190099708487,9,0.6666666666666666,10
III-IV,1,normal-vs-normal,T cell CD4 dividing,HMGB2,9,0.9094961839701639,0.8326341183176293,0.9502392856749529,9,1.0,1
III-IV,1,normal-vs-normal,T cell CD4 dividing,STMN1,9,0.8864532951928692,0.7848557602833943,0.942341336259705,9,1.0,2
III-IV,1,normal-vs-normal,T cell CD4 dividing,TRAC,9,0.8743067244984644,0.787149810135251,0.9570977707578117,9,1.0,3
III-IV,1,normal-vs-normal,T cell CD4 dividing,MKI67,9,0.8558326772761522,0.7337197684152449,0.9098081463843759,9,1.0,4
III-IV,1,normal-vs-normal,T cell CD4 dividing,CD3D,9,0.8554428753292569,0.8098498464267176,0.9161882520096278,9,1.0,5
III-IV,1,normal-vs-normal,T cell CD4 dividing,SPOCK2,9,0.8372505007757113,0.6774365766816383,0.9227124940542516,9,1.0,6
III-IV,1,normal-vs-normal,T cell CD4 dividing,HMGN2,9,0.8303845779151325,0.7274164807424487,0.9245172033277725,9,1.0,7
III-IV,1,normal-vs-normal,T cell CD4 dividing,TOP2A,9,0.8232369982768544,0.7181915807799357,0.8978214460033415,9,1.0,8
III-IV,1,normal-vs-normal,T cell CD4 dividing,NUSAP1,9,0.8212907935455243,0.7116236738998819,0.9151087121904973,9,1.0,9
III-IV,1,normal-vs-normal,T cell CD4 dividing,CD3G,9,0.8186764810861075,0.6633979234151173,0.930716181207832,9,1.0,10
III-IV,1,normal-vs-normal,T cell CD8 activated,IL7R,9,0.8556647667840802,0.7026360757665088,0.9579956793283024,9,1.0,1
III-IV,1,normal-vs-normal,T cell CD8 activated,CXCR4,9,0.7660700940545933,0.6736773606490724,0.8567189663388839,9,1.0,2
III-IV,1,normal-vs-normal,T cell CD8 activated,ZFP36L2,8,0.7490151691710691,0.6766867215565185,0.8073427209712143,9,0.8888888888888888,3
III-IV,1,normal-vs-normal,T cell CD8 activated,BTG1,8,0.7361583331607242,0.6530600092340316,0.8219091535890373,9,0.8888888888888888,4
III-IV,1,normal-vs-normal,T cell CD8 activated,TNFAIP3,8,0.7157953715804594,0.6512450849294006,0.8350904557393691,9,0.8888888888888888,5
III-IV,1,normal-vs-normal,T cell CD8 activated,TRAC,8,0.7055839788364554,0.6565393379104721,0.7474612499002544,9,0.8888888888888888,6
III-IV,1,normal-vs-normal,T cell CD8 activated,CD2,7,0.715518791198966,0.6647036992402071,0.7648619818596698,9,0.7777777777777778,7
III-IV,1,normal-vs-normal,T cell CD8 activated,SPOCK2,7,0.7110030622276239,0.658328632552683,0.7637298323497203,9,0.7777777777777778,8
III-IV,1,normal-vs-normal,T cell CD8 activated,CD3E,7,0.703478751665254,0.655553100370842,0.7476193407551889,9,0.7777777777777778,9
III-IV,1,normal-vs-normal,T cell CD8 activated,CD69,6,0.739115518387759,0.6699721867947818,0.8170915593049084,9,0.6666666666666666,10
III-IV,1,normal-vs-normal,T cell CD8 dividing,GZMA,7,0.9162305963755416,0.8693351137000129,0.9471270599798034,7,1.0,1
III-IV,1,normal-vs-normal,T cell CD8 dividing,HMGB2,7,0.9097122033812901,0.8649130171398992,0.946548553595427,7,1.0,2
III-IV,1,normal-vs-normal,T cell CD8 dividing,CCL5,7,0.9072242521028177,0.869623534855475,0.9389212978934042,7,1.0,3
III-IV,1,normal-vs-normal,T cell CD8 dividing,CD3D,7,0.9017029254194189,0.7166306816352701,0.9623684381145831,7,1.0,4
III-IV,1,normal-vs-normal,T cell CD8 dividing,NKG7,7,0.901519566067691,0.8638301429845491,0.9430552942543567,7,1.0,5
III-IV,1,normal-vs-normal,T cell CD8 dividing,STMN1,7,0.89904513320646,0.8543588711489636,0.9510142446261421,7,1.0,6
III-IV,1,normal-vs-normal,T cell CD8 dividing,CD8A,7,0.8976613993631231,0.7605297858051037,0.9715492556832896,7,1.0,7
III-IV,1,normal-vs-normal,T cell CD8 dividing,CD2,7,0.8797049692197516,0.8092776230411152,0.9058487010734043,7,1.0,8
III-IV,1,normal-vs-normal,T cell CD8 dividing,TRAC,7,0.8767533400307738,0.7942162132385779,0.9096188676491512,7,1.0,9
III-IV,1,normal-vs-normal,T cell CD8 dividing,TRBC2,7,0.8688860592983892,0.7644337163101853,0.926549811411008,7,1.0,10
III-IV,1,normal-vs-normal,T cell CD8 effector memory,CCL5,9,0.840550839220663,0.7589113568576596,0.8671875175414363,9,1.0,1
III-IV,1,normal-vs-normal,T cell CD8 effector memory,GZMK,9,0.7660941261290776,0.6758113269369397,0.8495542311982265,9,1.0,2
III-IV,1,normal-vs-normal,T cell CD8 effector memory,CD8A,9,0.7463259994132447,0.665951449914558,0.8092035491192382,9,1.0,3
III-IV,1,normal-vs-normal,T cell CD8 effector memory,GZMA,8,0.7710631312113425,0.6994997166539516,0.8212120817100118,9,0.8888888888888888,4
III-IV,1,normal-vs-normal,T cell CD8 effector memory,CD3D,8,0.7488946572496529,0.6859854311127183,0.7880611281277935,9,0.8888888888888888,5
III-IV,1,normal-vs-normal,T cell CD8 effector memory,NKG7,8,0.7354684142832989,0.6929876428908571,0.7814601148718416,9,0.8888888888888888,6
III-IV,1,normal-vs-normal,T cell CD8 effector memory,CCL4,8,0.732413607092506,0.6755345498989078,0.8155438481998305,9,0.8888888888888888,7
III-IV,1,normal-vs-normal,T cell CD8 effector memory,TRBC2,8,0.7302250807242291,0.6558324829214842,0.8273427365967657,9,0.8888888888888888,8
III-IV,1,normal-vs-normal,T cell CD8 effector memory,CD2,8,0.7238406454823667,0.662468298228883,0.7662758653555625,9,0.8888888888888888,9
III-IV,1,normal-vs-normal,T cell CD8 effector memory,CXCR4,7,0.7474857165758318,0.6595938439115154,0.8228473416369396,9,0.7777777777777778,10
III-IV,1,normal-vs-normal,T cell CD8 naive,TRAC,8,0.7484570158788306,0.655994383534409,0.8094388868693985,8,1.0,1
III-IV,1,normal-vs-normal,T cell CD8 naive,TRBC2,8,0.7269592388828907,0.6822294839353871,0.8251312704881407,8,1.0,2
III-IV,1,normal-vs-normal,T cell CD8 naive,CCL5,7,0.8058631530752395,0.7608396292502905,0.8404826793746826,8,0.875,3
III-IV,1,normal-vs-normal,T cell CD8 naive,CD3D,7,0.7721879294754954,0.6843354615095351,0.8299993403771802,8,0.875,4
III-IV,1,normal-vs-normal,T cell CD8 naive,CD3E,7,0.7675455343480266,0.7196281894650004,0.8031993297736143,8,0.875,5
III-IV,1,normal-vs-normal,T cell CD8 naive,CD2,7,0.7483567573499138,0.6878218859032602,0.842015975703643,8,0.875,6
III-IV,1,normal-vs-normal,T cell CD8 naive,CD3G,7,0.7331785701391311,0.6534061825947804,0.8557827459431012,8,0.875,7
III-IV,1,normal-vs-normal,T cell CD8 naive,IL7R,7,0.7330902701453429,0.6508740991941916,0.85682362426927,8,0.875,8
III-IV,1,normal-vs-normal,T cell CD8 naive,GZMK,6,0.7576893183191123,0.6582713166650755,0.8604840626560478,8,0.75,9
III-IV,1,normal-vs-normal,T cell CD8 naive,IL32,6,0.7468823995751088,0.6924761347106283,0.8101430618613373,8,0.75,10
III-IV,1,normal-vs-normal,T cell CD8 terminally exhausted,CCL5,9,0.8928658677448836,0.8216043353866658,0.9296790584326436,9,1.0,1
III-IV,1,normal-vs-normal,T cell CD8 terminally exhausted,GZMA,9,0.8684162749941863,0.8325412631344351,0.8981123040481657,9,1.0,2
III-IV,1,normal-vs-normal,T cell CD8 terminally exhausted,NKG7,9,0.8661301858545205,0.8059261645850496,0.928686507053668,9,1.0,3
III-IV,1,normal-vs-normal,T cell CD8 terminally exhausted,CD8A,9,0.8498378651346441,0.756967376546638,0.9186357166740426,9,1.0,4
III-IV,1,normal-vs-normal,T cell CD8 terminally exhausted,TRAC,9,0.8341378327979155,0.7822042012854585,0.8654391632368655,9,1.0,5
III-IV,1,normal-vs-normal,T cell CD8 terminally exhausted,GZMB,9,0.8124967289777194,0.6977467108239511,0.8966723216193985,9,1.0,6
III-IV,1,normal-vs-normal,T cell CD8 terminally exhausted,TRBC2,9,0.8047870443735847,0.7569103524406625,0.8551375141954112,9,1.0,7
III-IV,1,normal-vs-normal,T cell CD8 terminally exhausted,IL32,9,0.7981434706672675,0.7571647266616623,0.8350276738402576,9,1.0,8
III-IV,1,normal-vs-normal,T cell CD8 terminally exhausted,CD2,9,0.7963680143146785,0.6702782875198359,0.8786911347127716,9,1.0,9
III-IV,1,normal-vs-normal,T cell CD8 terminally exhausted,GZMH,9,0.7721974913859844,0.6543593023341503,0.8285053739643915,9,1.0,10
III-IV,1,normal-vs-normal,T cell NK-like,NKG7,8,0.8861762224527164,0.7680657191712624,0.9535324616010036,8,1.0,1
III-IV,1,normal-vs-normal,T cell NK-like,CCL5,8,0.8787340897703393,0.8493127688343578,0.9197044144962888,8,1.0,2
III-IV,1,normal-vs-normal,T cell NK-like,CST7,8,0.7935396141005757,0.7014081787612796,0.8861889938376077,8,1.0,3
III-IV,1,normal-vs-normal,T cell NK-like,CD8A,8,0.7434049414774674,0.6512030775111289,0.8285915350499773,8,1.0,4
III-IV,1,normal-vs-normal,T cell NK-like,GZMH,7,0.8499334425890298,0.7579795369488629,0.9500364328950825,8,0.875,5
III-IV,1,normal-vs-normal,T cell NK-like,GZMA,7,0.8223317928032852,0.79320640930132,0.8692735688480335,8,0.875,6
III-IV,1,normal-vs-normal,T cell NK-like,CD3D,7,0.781603000002099,0.7116493813334733,0.8416536664310184,8,0.875,7
III-IV,1,normal-vs-normal,T cell NK-like,PRF1,7,0.7758621010147125,0.6666670102596816,0.8814348185828615,8,0.875,8
III-IV,1,normal-vs-normal,T cell NK-like,CCL4,7,0.7712033661869147,0.703274296773288,0.8464370364759974,8,0.875,9
III-IV,1,normal-vs-normal,T cell NK-like,IL32,7,0.7686945512425523,0.7074766420333229,0.8419094605872236,8,0.875,10
III-IV,1,normal-vs-normal,T cell regulatory,TRAC,9,0.8330808073288765,0.7719050400781219,0.8798049362019059,9,1.0,1
III-IV,1,normal-vs-normal,T cell regulatory,SPOCK2,9,0.8016695618538066,0.7297664313892276,0.8669939305494754,9,1.0,2
III-IV,1,normal-vs-normal,T cell regulatory,IL32,9,0.801616655998892,0.6542589190394633,0.8464588923209921,9,1.0,3
III-IV,1,normal-vs-normal,T cell regulatory,CD2,9,0.7973279696796326,0.7311010501106466,0.8490132808121242,9,1.0,4
III-IV,1,normal-vs-normal,T cell regulatory,TRBC2,9,0.7679256851637257,0.6675728529251035,0.8203181045973649,9,1.0,5
III-IV,1,normal-vs-normal,T cell regulatory,CD3D,9,0.7654893066232423,0.6656810821063542,0.8306176822347867,9,1.0,6
III-IV,1,normal-vs-normal,T cell regulatory,CTLA4,9,0.7535231647591312,0.6563629254070317,0.8417901285204917,9,1.0,7
III-IV,1,normal-vs-normal,T cell regulatory,LTB,9,0.7449281410754361,0.6914238920750806,0.8067316148834126,9,1.0,8
III-IV,1,normal-vs-normal,T cell regulatory,TIGIT,8,0.7586665786718103,0.6801905607801156,0.8518481784380716,9,0.8888888888888888,9
III-IV,1,normal-vs-normal,T cell regulatory,ICOS,8,0.7428690500086821,0.6778157419631311,0.8692197038049164,9,0.8888888888888888,10
III-IV,1,normal-vs-normal,cDC1,HLA-DPB1,9,0.937888355387687,0.8558992493272809,0.9721078297121071,9,1.0,1
III-IV,1,normal-vs-normal,cDC1,HLA-DPA1,9,0.9334344542173023,0.8558657569877659,0.9706987506874155,9,1.0,2
III-IV,1,normal-vs-normal,cDC1,CPVL,9,0.9325402852785734,0.7034351866027845,0.9948208106264455,9,1.0,3
III-IV,1,normal-vs-normal,cDC1,CST3,9,0.9171522338324911,0.708484593549068,0.984877162663264,9,1.0,4
III-IV,1,normal-vs-normal,cDC1,HLA-DQA1,9,0.9165864015528685,0.8518072301245603,0.9572962437734089,9,1.0,5
III-IV,1,normal-vs-normal,cDC1,CD74,9,0.9157639577126311,0.8009205651403869,0.9664500896068081,9,1.0,6
III-IV,1,normal-vs-normal,cDC1,HLA-DRA,9,0.9149257671006469,0.8253396556313798,0.9512362175197459,9,1.0,7
III-IV,1,normal-vs-normal,cDC1,SNX3,9,0.9098208882930368,0.6885565509065359,0.9912741300738274,9,1.0,8
III-IV,1,normal-vs-normal,cDC1,HLA-DQB1,9,0.9074974058133523,0.7641184945867039,0.9568962484051227,9,1.0,9
III-IV,1,normal-vs-normal,cDC1,LGALS2,9,0.9070765568904157,0.8358314721990663,0.9587531927121994,9,1.0,10
III-IV,1,normal-vs-normal,cDC2,HLA-DPB1,9,0.9225323946846833,0.8592264746168817,0.9545876450516119,9,1.0,1
III-IV,1,normal-vs-normal,cDC2,HLA-DPA1,9,0.9218918648150797,0.8758578408224656,0.9515644010337614,9,1.0,2
III-IV,1,normal-vs-normal,cDC2,HLA-DRA,9,0.920326232132503,0.8514646772815366,0.9594655252693627,9,1.0,3
III-IV,1,normal-vs-normal,cDC2,HLA-DQB1,9,0.916253944485789,0.8609195684317461,0.9638763267547863,9,1.0,4
III-IV,1,normal-vs-normal,cDC2,HLA-DQA1,9,0.9154702333427278,0.8921085231808074,0.9592570082514178,9,1.0,5
III-IV,1,normal-vs-normal,cDC2,HLA-DRB1,9,0.9093034252286049,0.8274729667701716,0.9531381909533407,9,1.0,6
III-IV,1,normal-vs-normal,cDC2,LST1,9,0.8946070209768698,0.779242131347265,0.95663966623719,9,1.0,7
III-IV,1,normal-vs-normal,cDC2,CD74,9,0.8944206055062904,0.7794348801089828,0.9443524559261474,9,1.0,8
III-IV,1,normal-vs-normal,cDC2,HLA-DMB,9,0.879994400270211,0.791088197140547,0.9534117715603532,9,1.0,9
III-IV,1,normal-vs-normal,cDC2,AIF1,9,0.8704026578169093,0.6908906378872643,0.9446978389383689,9,1.0,10
III-IV,1,normal-vs-normal,myeloid dividing,TUBA1B,8,0.9209166253900337,0.8720601428440227,0.9584670103853542,8,1.0,1
III-IV,1,normal-vs-normal,myeloid dividing,CAPG,8,0.9151245623867124,0.815158360785413,0.9650322586106166,8,1.0,2
III-IV,1,normal-vs-normal,myeloid dividing,LAPTM5,8,0.9145478297269221,0.8804155169127554,0.9515136597394439,8,1.0,3
III-IV,1,normal-vs-normal,myeloid dividing,TYROBP,8,0.906173197951074,0.8587898137902724,0.9458950538631977,8,1.0,4
III-IV,1,normal-vs-normal,myeloid dividing,AIF1,8,0.9056658072873309,0.6868695790159386,0.9691217748070206,8,1.0,5
III-IV,1,normal-vs-normal,myeloid dividing,MS4A6A,8,0.9047633132371855,0.8190725966928316,0.9652560552262561,8,1.0,6
III-IV,1,normal-vs-normal,myeloid dividing,CTSB,8,0.9047116645699755,0.824903625413511,0.9580624346804006,8,1.0,7
III-IV,1,normal-vs-normal,myeloid dividing,C1QA,8,0.9000892610234605,0.8463544130934987,0.9714151460332072,8,1.0,8
III-IV,1,normal-vs-normal,myeloid dividing,LYZ,8,0.9000578268422126,0.8225656329350843,0.9348548066267988,8,1.0,9
III-IV,1,normal-vs-normal,myeloid dividing,S100A11,8,0.897206745754566,0.835006040462397,0.945964089010455,8,1.0,10
III-IV,1,normal-vs-normal,pDC,JCHAIN,9,0.8955597970952033,0.7798631040408208,0.9878778399721342,9,1.0,1
III-IV,1,normal-vs-normal,pDC,PLAC8,9,0.887944294631118,0.7187207360623293,0.9707609032181763,9,1.0,2
III-IV,1,normal-vs-normal,pDC,GZMB,9,0.8811386035773816,0.7253811166965425,0.9864952977803837,9,1.0,3
III-IV,1,normal-vs-normal,pDC,PLD4,9,0.8809842814569616,0.7473119460429907,0.9979739589047899,9,1.0,4
III-IV,1,normal-vs-normal,pDC,IRF7,9,0.8776233280701301,0.7645050318627215,0.9999904080375802,9,1.0,5
III-IV,1,normal-vs-normal,pDC,LILRA4,9,0.8535955156168341,0.6530935084005959,1.0000000041318018,9,1.0,6
III-IV,1,normal-vs-normal,pDC,MPEG1,9,0.8475684818861929,0.6641159467363305,0.9693040028490508,9,1.0,7
III-IV,1,normal-vs-normal,pDC,TCF4,9,0.8471589504283892,0.7204943116815883,0.9959490506574018,9,1.0,8
III-IV,1,normal-vs-normal,pDC,GPR183,9,0.8408117437202587,0.6699888401678322,0.9451325960991527,9,1.0,9
III-IV,1,normal-vs-normal,pDC,IRF8,9,0.8382184366219376,0.7206274145486868,0.9644932142367341,9,1.0,10
III-IV,1,normal-vs-normal,stromal dividing,TPM2,2,0.9887895248936129,0.9857545294292455,0.9918245203579803,2,1.0,1
III-IV,1,normal-vs-normal,stromal dividing,ACTA2,2,0.9870991806532216,0.9849544491414814,0.9892439121649617,2,1.0,2
III-IV,1,normal-vs-normal,stromal dividing,LGALS1,2,0.9861444301790026,0.9825092996047823,0.9897795607532228,2,1.0,3
III-IV,1,normal-vs-normal,stromal dividing,TAGLN,2,0.9851335073942564,0.9809946216093054,0.9892723931792076,2,1.0,4
III-IV,1,normal-vs-normal,stromal dividing,TRIP13,2,0.984912813788577,0.9774912156390825,0.9923344119380714,2,1.0,5
III-IV,1,normal-vs-normal,stromal dividing,SNAI2,2,0.9848575251377811,0.9755055047725657,0.9942095455029967,2,1.0,6
III-IV,1,normal-vs-normal,stromal dividing,TPM1,2,0.9841859573862743,0.97923753255367,0.9891343822188787,2,1.0,7
III-IV,1,normal-vs-normal,stromal dividing,CKAP4,2,0.9826299657318944,0.975233038205161,0.9900268932586279,2,1.0,8
III-IV,1,normal-vs-normal,stromal dividing,SPARC,2,0.9818588465722511,0.9806048373030913,0.9831128558414108,2,1.0,9
III-IV,1,normal-vs-normal,stromal dividing,MYL9,2,0.9797608192709737,0.9738740989846638,0.9856475395572837,2,1.0,10
III-IV,1,tumor-vs-all,AT2,SFTPB,8,0.9774004050643437,0.8825195069445023,0.9992264502038812,8,1.0,1
III-IV,1,tumor-vs-all,AT2,SFTPD,8,0.9563621574860889,0.910944461661321,0.9967551656979367,8,1.0,2
III-IV,1,tumor-vs-all,AT2,SLC34A2,8,0.9520880414555847,0.7951749500615722,0.9986012705294997,8,1.0,3
III-IV,1,tumor-vs-all,AT2,SFTPA2,8,0.9469406447478488,0.8812299257296241,0.9821743811652744,8,1.0,4
III-IV,1,tumor-vs-all,AT2,SFTPA1,8,0.942511525388512,0.8859069630657969,0.9782704811451627,8,1.0,5
III-IV,1,tumor-vs-all,AT2,NAPSA,8,0.9355775341884223,0.6557642942866689,0.9982572683478336,8,1.0,6
III-IV,1,tumor-vs-all,AT2,SLPI,8,0.9327777655864925,0.8753758444170499,0.9822015394299434,8,1.0,7
III-IV,1,tumor-vs-all,AT2,MUC1,8,0.9315606600004548,0.8676791371028013,0.9941553898219553,8,1.0,8
III-IV,1,tumor-vs-all,AT2,CXCL17,8,0.9230483224719491,0.8528311891769412,0.9690243827722677,8,1.0,9
III-IV,1,tumor-vs-all,AT2,RNASE1,8,0.91760004247817,0.7801660657728847,0.9744654652158107,8,1.0,10
III-IV,1,tumor-vs-all,AT2_AT1,EMP2,5,0.8932698448546388,0.7241185804362986,0.9900795911840059,5,1.0,1
III-IV,1,tumor-vs-all,AT2_AT1,SFTA2,5,0.8903341379112358,0.8028589330721315,0.94515828015345,5,1.0,2
III-IV,1,tumor-vs-all,AT2_AT1,SFTPB,5,0.8781144157651479,0.8002214090916653,0.9401478770679056,5,1.0,3
III-IV,1,tumor-vs-all,AT2_AT1,HOPX,5,0.875761851796612,0.8064604922251426,0.9329318686355582,5,1.0,4
III-IV,1,tumor-vs-all,AT2_AT1,GPRC5A,5,0.8632119957502568,0.7636710491321184,0.9816820524912627,5,1.0,5
III-IV,1,tumor-vs-all,AT2_AT1,KRT7,5,0.8617079035950042,0.7450383411532818,0.9446994733499702,5,1.0,6
III-IV,1,tumor-vs-all,AT2_AT1,RNASE1,5,0.857414874310677,0.6889682894351813,0.9694175662148198,5,1.0,7
III-IV,1,tumor-vs-all,AT2_AT1,TSPAN13,5,0.8552540792449005,0.7209321637235541,0.9437120069186496,5,1.0,8
III-IV,1,tumor-vs-all,AT2_AT1,CYP4B1,5,0.850936955147868,0.6774213305795823,0.9852817964260793,5,1.0,9
III-IV,1,tumor-vs-all,AT2_AT1,EPCAM,5,0.842396492351918,0.7305739094300581,0.94073167082112,5,1.0,10
III-IV,1,tumor-vs-all,Ciliated,CAPS,8,0.9740731661795105,0.868712571743518,0.999421859024342,8,1.0,1
III-IV,1,tumor-vs-all,Ciliated,TPPP3,8,0.9687069555011896,0.8987985011017015,0.9996060877725865,8,1.0,2
III-IV,1,tumor-vs-all,Ciliated,C9orf24,8,0.9654754904731634,0.8725308302343538,0.9999953049323835,8,1.0,3
III-IV,1,tumor-vs-all,Ciliated,RSPH1,8,0.96190426511111,0.8744933910743965,0.9999479584142741,8,1.0,4
III-IV,1,tumor-vs-all,Ciliated,FAM183A,8,0.9478341872513368,0.7800314985076066,1.0000000013578398,8,1.0,5
III-IV,1,tumor-vs-all,Ciliated,TSPAN1,8,0.9376879994407106,0.82426236393646,0.9923758361038916,8,1.0,6
III-IV,1,tumor-vs-all,Ciliated,C1orf194,8,0.9321780136940317,0.7162867261785055,0.9997503873855655,8,1.0,7
III-IV,1,tumor-vs-all,Ciliated,PIFO,8,0.9294964878736655,0.7792414247073509,0.9993264913868147,8,1.0,8
III-IV,1,tumor-vs-all,Ciliated,SNTN,8,0.9211393392603034,0.7498716856593427,0.9956797138502854,8,1.0,9
III-IV,1,tumor-vs-all,Ciliated,C9orf116,8,0.9150213036665009,0.7146172144036107,0.9976549993650039,8,1.0,10
III-IV,1,tumor-vs-all,Club/AT2,AGER,1,0.9229878138067285,0.9229878138067285,0.9229878138067285,1,1.0,1
III-IV,1,tumor-vs-all,Club/AT2,EMP2,1,0.8938436211592776,0.8938436211592776,0.8938436211592776,1,1.0,2
III-IV,1,tumor-vs-all,Club/AT2,CLDN18,1,0.8650266315386087,0.8650266315386087,0.8650266315386087,1,1.0,3
III-IV,1,tumor-vs-all,Club/AT2,GPRC5A,1,0.864784149430451,0.864784149430451,0.864784149430451,1,1.0,4
III-IV,1,tumor-vs-all,Club/AT2,AQP4,1,0.8615934887656909,0.8615934887656909,0.8615934887656909,1,1.0,5
III-IV,1,tumor-vs-all,Club/AT2,CYP4B1,1,0.8596319807742122,0.8596319807742122,0.8596319807742122,1,1.0,6
III-IV,1,tumor-vs-all,Club/AT2,CAV1,1,0.8591205025961132,0.8591205025961132,0.8591205025961132,1,1.0,7
III-IV,1,tumor-vs-all,Club/AT2,ANXA3,1,0.8591072911285059,0.8591072911285059,0.8591072911285059,1,1.0,8
III-IV,1,tumor-vs-all,Club/AT2,RTKN2,1,0.8590954262567838,0.8590954262567838,0.8590954262567838,1,1.0,9
III-IV,1,tumor-vs-all,Club/AT2,CAV2,1,0.856756093226186,0.856756093226186,0.856756093226186,1,1.0,10
III-IV,1,tumor-vs-all,Tumor AT2_LUAD,SFTPB,9,0.8179078149005482,0.6537985678890994,0.9176244842291499,9,1.0,1
III-IV,1,tumor-vs-all,Tumor AT2_LUAD,NAPSA,8,0.8205474820751443,0.7360732568699181,0.8687887061208628,9,0.8888888888888888,2
III-IV,1,tumor-vs-all,Tumor AT2_LUAD,SFTA2,8,0.8167805650723683,0.6961094300028866,0.9618343720431248,9,0.8888888888888888,3
III-IV,1,tumor-vs-all,Tumor AT2_LUAD,WFDC2,8,0.7780270485331183,0.6777344567535628,0.874632069369403,9,0.8888888888888888,4
III-IV,1,tumor-vs-all,Tumor AT2_LUAD,SFTPA2,8,0.7716377928256049,0.6547645810574797,0.89160226581376,9,0.8888888888888888,5
III-IV,1,tumor-vs-all,Tumor AT2_LUAD,SFTPA1,8,0.7590336549157887,0.6577104170275504,0.9122346292625813,9,0.8888888888888888,6
III-IV,1,tumor-vs-all,Tumor AT2_LUAD,MUC1,7,0.7706482390788232,0.7271188115670321,0.8734148988104282,9,0.7777777777777778,7
III-IV,1,tumor-vs-all,Tumor AT2_LUAD,RNASE1,7,0.7613745565414273,0.6660315386035284,0.8456622766256447,9,0.7777777777777778,8
III-IV,1,tumor-vs-all,Tumor AT2_LUAD,SERPINA1,7,0.7297926017103127,0.6684182714901107,0.7949136310616685,9,0.7777777777777778,9
III-IV,1,tumor-vs-all,Tumor AT2_LUAD,KRT18,7,0.7272975055052523,0.6677985088334544,0.7971453088228969,9,0.7777777777777778,10
III-IV,1,tumor-vs-all,Tumor EMT_mitotic,PERP,4,0.803318353958437,0.709125802785512,0.904452306334688,4,1.0,1
III-IV,1,tumor-vs-all,Tumor EMT_mitotic,MGST1,4,0.7728281351142539,0.660150338771857,0.8864313015618501,4,1.0,2
III-IV,1,tumor-vs-all,Tumor EMT_mitotic,C19orf33,3,0.8177484687270606,0.7209888812311163,0.9527281764836886,4,0.75,3
III-IV,1,tumor-vs-all,Tumor EMT_mitotic,TXN,3,0.7954163341672856,0.7567392049010453,0.859454724869136,4,0.75,4
III-IV,1,tumor-vs-all,Tumor EMT_mitotic,S100A10,3,0.7841650499024686,0.6882935117969705,0.8758990731054177,4,0.75,5
III-IV,1,tumor-vs-all,Tumor EMT_mitotic,SEC61G,3,0.7833001368199987,0.6560743981088093,0.8943963162979246,4,0.75,6
III-IV,1,tumor-vs-all,Tumor EMT_mitotic,S100A6,3,0.7811725362270227,0.7174982956790099,0.8354378973768865,4,0.75,7
III-IV,1,tumor-vs-all,Tumor EMT_mitotic,KRT18,3,0.7804442829433107,0.7175530737270758,0.8851252545601324,4,0.75,8
III-IV,1,tumor-vs-all,Tumor EMT_mitotic,PLAU,3,0.7707499881671064,0.7554282114960651,0.7976908594071419,4,0.75,9
III-IV,1,tumor-vs-all,Tumor EMT_mitotic,RPL37,3,0.7647202431558539,0.6615280601621335,0.8966118548857436,4,0.75,10
III-IV,1,tumor-vs-all,Tumor LUAD,KRT8,9,0.8053738906053197,0.6837137530879466,0.9696202574980848,9,1.0,1
III-IV,1,tumor-vs-all,Tumor LUAD,KRT18,9,0.7894535468311706,0.6863412268178736,0.9028828089251163,9,1.0,2
III-IV,1,tumor-vs-all,Tumor LUAD,KRT7,9,0.7851739312531546,0.6733685295205843,0.9798781337612702,9,1.0,3
III-IV,1,tumor-vs-all,Tumor LUAD,KRT19,8,0.8081442410993073,0.7093711079715597,0.9079575198033044,9,0.8888888888888888,4
III-IV,1,tumor-vs-all,Tumor LUAD,EPCAM,8,0.8031375715759119,0.6556878143735908,0.975273520695663,9,0.8888888888888888,5
III-IV,1,tumor-vs-all,Tumor LUAD,MGST1,8,0.7528217075063681,0.6536500240156501,0.8885609862686964,9,0.8888888888888888,6
III-IV,1,tumor-vs-all,Tumor LUAD,PERP,8,0.7346915347029767,0.6558279451620199,0.8750328452485433,9,0.8888888888888888,7
III-IV,1,tumor-vs-all,Tumor LUAD,S100A6,7,0.7776424378048505,0.662997943449492,0.939476070386934,9,0.7777777777777778,8
III-IV,1,tumor-vs-all,Tumor LUAD,SPINT2,7,0.7582220174509615,0.6509557230514813,0.8717538918754874,9,0.7777777777777778,9
III-IV,1,tumor-vs-all,Tumor LUAD,OCIAD2,7,0.7201842461314676,0.6622443722602475,0.9481557161384165,9,0.7777777777777778,10
III-IV,1,tumor-vs-all,Tumor LUAD_AT2_Club,AGR2,7,0.8053208423922885,0.65216762872118,0.9333704455557061,9,0.7777777777777778,1
III-IV,1,tumor-vs-all,Tumor LUAD_AT2_Club,MGST1,7,0.762929216716839,0.6557553961436411,0.9038441185871978,9,0.7777777777777778,2
III-IV,1,tumor-vs-all,Tumor LUAD_AT2_Club,ELF3,7,0.7464513320046012,0.6656603890645176,0.8387914308227908,9,0.7777777777777778,3
III-IV,1,tumor-vs-all,Tumor LUAD_AT2_Club,MUC1,7,0.7422376274801606,0.6744446896077804,0.8687784032704419,9,0.7777777777777778,4
III-IV,1,tumor-vs-all,Tumor LUAD_AT2_Club,KRT19,7,0.7296817405619541,0.6588584876821384,0.890552604294075,9,0.7777777777777778,5
III-IV,1,tumor-vs-all,Tumor LUAD_AT2_Club,KLK11,7,0.7002013954287329,0.6510876690173673,0.7703136116290616,9,0.7777777777777778,6
III-IV,1,tumor-vs-all,Tumor LUAD_AT2_Club,WFDC2,6,0.8691396051113648,0.6993895381318034,0.9712003288888672,9,0.6666666666666666,7
III-IV,1,tumor-vs-all,Tumor LUAD_AT2_Club,LCN2,6,0.8272280321083912,0.6788737583415908,0.9292563731715094,9,0.6666666666666666,8
III-IV,1,tumor-vs-all,Tumor LUAD_AT2_Club,SFTPB,6,0.8232661228546675,0.6559493902936336,0.9445209127918929,9,0.6666666666666666,9
III-IV,1,tumor-vs-all,Tumor LUAD_AT2_Club,KRT18,6,0.7634369389113024,0.6758969518500582,0.8928974646511554,9,0.6666666666666666,10
III-IV,1,tumor-vs-all,Tumor LUAD_mitotic,KRT8,5,0.9073484164839984,0.8482397469345201,0.952264450699336,5,1.0,1
III-IV,1,tumor-vs-all,Tumor LUAD_mitotic,KRT19,5,0.8926381013363607,0.8670170861385711,0.9123286725829767,5,1.0,2
III-IV,1,tumor-vs-all,Tumor LUAD_mitotic,KRT18,5,0.8875977010850826,0.7787441709187473,0.9546689461027179,5,1.0,3
III-IV,1,tumor-vs-all,Tumor LUAD_mitotic,EPCAM,5,0.8094488915012615,0.7256041469309689,0.9206917033495146,5,1.0,4
III-IV,1,tumor-vs-all,Tumor LUAD_mitotic,LGALS3,5,0.7429781541575008,0.6764536967424378,0.7905815429214246,5,1.0,5
III-IV,1,tumor-vs-all,Tumor LUAD_mitotic,KRT7,4,0.908333716290234,0.808575925776156,0.9617895977123709,5,0.8,6
III-IV,1,tumor-vs-all,Tumor LUAD_mitotic,S100A6,4,0.8655951148298342,0.8245290734870593,0.8903170129472889,5,0.8,7
III-IV,1,tumor-vs-all,Tumor LUAD_mitotic,CLDN3,4,0.8245044564717109,0.7715274172727846,0.9148531620340431,5,0.8,8
III-IV,1,tumor-vs-all,Tumor LUAD_mitotic,ELF3,4,0.8117672958693668,0.6768051000882866,0.9331961105324991,5,0.8,9
III-IV,1,tumor-vs-all,Tumor LUAD_mitotic,AGR2,4,0.8059672416617157,0.7505000174143202,0.8611498784447963,5,0.8,10
III-IV,1,tumor-vs-all,Tumor LUAD_mitotic_LUSC,KRT19,7,0.8306566051119088,0.6546488975330114,0.9849081121104504,8,0.875,1
III-IV,1,tumor-vs-all,Tumor LUAD_mitotic_LUSC,KRT18,7,0.7890196892962733,0.6522625417461347,0.9628636777511301,8,0.875,2
III-IV,1,tumor-vs-all,Tumor LUAD_mitotic_LUSC,KRT8,6,0.8638147528260717,0.7477093597113962,0.9778462418408582,8,0.75,3
III-IV,1,tumor-vs-all,Tumor LUAD_mitotic_LUSC,PERP,6,0.84079250424529,0.6867341607948203,0.9634395354804001,8,0.75,4
III-IV,1,tumor-vs-all,Tumor LUAD_mitotic_LUSC,EPCAM,6,0.8059130040694491,0.7221000237397662,0.9001235055584179,8,0.75,5
III-IV,1,tumor-vs-all,Tumor LUAD_mitotic_LUSC,HMGA1,6,0.7990961147514287,0.6705285511952237,0.970283661830184,8,0.75,6
III-IV,1,tumor-vs-all,Tumor LUAD_mitotic_LUSC,MGST1,6,0.7967730929010518,0.6501049042291323,0.9342112711993594,8,0.75,7
III-IV,1,tumor-vs-all,Tumor LUAD_mitotic_LUSC,KLF5,6,0.7915828411669875,0.6517361740323572,0.9512569656300791,8,0.75,8
III-IV,1,tumor-vs-all,Tumor LUAD_mitotic_LUSC,SFN,6,0.7913886779091115,0.6653035094668494,0.9392131398781214,8,0.75,9
III-IV,1,tumor-vs-all,Tumor LUAD_mitotic_LUSC,RAB25,6,0.7800533695442134,0.7096996103787162,0.9021518323474923,8,0.75,10
III-IV,1,tumor-vs-all,Tumor LUSC,KRT5,3,0.8741024526574406,0.6939976814482408,0.973815467442733,3,1.0,1
III-IV,1,tumor-vs-all,Tumor LUSC,DSP,3,0.8436225261909014,0.7327345379740265,0.9815862326417454,3,1.0,2
III-IV,1,tumor-vs-all,Tumor LUSC,TP63,3,0.8354012799132563,0.657255176288146,0.9542902091810871,3,1.0,3
III-IV,1,tumor-vs-all,Tumor LUSC,SFN,3,0.8169238878241302,0.6791336498022787,0.9578890293597205,3,1.0,4
III-IV,1,tumor-vs-all,Tumor LUSC,DST,3,0.770498199198752,0.673293636094549,0.9459715128769413,3,1.0,5
III-IV,1,tumor-vs-all,Tumor LUSC,NCKAP1,3,0.7468080545083314,0.703789493951273,0.8302528466060566,3,1.0,6
III-IV,1,tumor-vs-all,Tumor LUSC,PPL,3,0.6968240732074227,0.6640232473379095,0.727625036021204,3,1.0,7
III-IV,1,tumor-vs-all,Tumor LUSC,KRT15,2,0.9708208887814875,0.9546085866332845,0.9870331909296907,3,0.6666666666666666,8
III-IV,1,tumor-vs-all,Tumor LUSC,PRNP,2,0.9323890048192622,0.9209776957116232,0.9438003139269012,3,0.6666666666666666,9
III-IV,1,tumor-vs-all,Tumor LUSC,CLDN1,2,0.910207495946431,0.8404639934921263,0.9799509984007359,3,0.6666666666666666,10
III-IV,1,tumor-vs-all,Tumor LUSC2,AKR1C3,2,0.9432545683239535,0.9306077056506553,0.9559014309972516,2,1.0,1
III-IV,1,tumor-vs-all,Tumor LUSC2,AKR1C2,2,0.9031595607525691,0.8216025336257545,0.9847165878793838,2,1.0,2
III-IV,1,tumor-vs-all,Tumor LUSC2,SPP1,2,0.8998918772805137,0.8193885750134294,0.9803951795475979,2,1.0,3
III-IV,1,tumor-vs-all,Tumor LUSC2,AKR1C1,2,0.8855335899230508,0.8610505561838788,0.9100166236622228,2,1.0,4
III-IV,1,tumor-vs-all,Tumor LUSC2,NQO1,2,0.8844414919900936,0.7997230854098981,0.9691598985702892,2,1.0,5
III-IV,1,tumor-vs-all,Tumor LUSC2,AKR1B10,2,0.8615359836901756,0.8576698360946837,0.8654021312856675,2,1.0,6
III-IV,1,tumor-vs-all,Tumor LUSC2,SPINT2,2,0.8562418571931754,0.7770861454018253,0.9353975689845253,2,1.0,7
III-IV,1,tumor-vs-all,Tumor LUSC2,CD9,2,0.8361094382669774,0.7953129400483897,0.876905936485565,2,1.0,8
III-IV,1,tumor-vs-all,Tumor LUSC2,GPX2,2,0.828754050248178,0.7958568194347824,0.8616512810615738,2,1.0,9
III-IV,1,tumor-vs-all,Tumor LUSC2,PERP,2,0.8269298332334655,0.8016879952053974,0.8521716712615336,2,1.0,10
III-IV,1,tumor-vs-all,Tumor LUSC_LUAD,PERP,7,0.8947403024457504,0.7946649509937299,0.9558857522646477,7,1.0,1
III-IV,1,tumor-vs-all,Tumor LUSC_LUAD,SPINT2,7,0.8877803676935648,0.8124402763756036,0.993455608798773,7,1.0,2
III-IV,1,tumor-vs-all,Tumor LUSC_LUAD,S100A11,7,0.8828026208054963,0.8252832271031266,0.9819678618423274,7,1.0,3
III-IV,1,tumor-vs-all,Tumor LUSC_LUAD,KRT8,7,0.8800916797854903,0.7919879208650655,0.9838268583722266,7,1.0,4
III-IV,1,tumor-vs-all,Tumor LUSC_LUAD,SFN,7,0.8796034006807042,0.6700908045900043,0.9968160321885765,7,1.0,5
III-IV,1,tumor-vs-all,Tumor LUSC_LUAD,DSP,7,0.8753958528702637,0.7419722342081441,0.9717412476956004,7,1.0,6
III-IV,1,tumor-vs-all,Tumor LUSC_LUAD,KRT19,7,0.8749343646015239,0.7297072114593155,0.9874827756085139,7,1.0,7
III-IV,1,tumor-vs-all,Tumor LUSC_LUAD,LAMB3,7,0.8662501796520691,0.7061927689115367,0.9941666102948483,7,1.0,8
III-IV,1,tumor-vs-all,Tumor LUSC_LUAD,S100A6,7,0.8651505031441606,0.6728752226674424,0.9460282548631247,7,1.0,9
III-IV,1,tumor-vs-all,Tumor LUSC_LUAD,S100A16,7,0.8589061765600883,0.7061772975220529,0.9980344684375566,7,1.0,10
III-IV,1,tumor-vs-all,Tumor LUSC_LUAD_mitotic,KRT8,7,0.7826832259991,0.7116123569206234,0.8815523808271083,7,1.0,1
III-IV,1,tumor-vs-all,Tumor LUSC_LUAD_mitotic,KRT7,7,0.7755704178656541,0.6791163681924965,0.9170499750306594,7,1.0,2
III-IV,1,tumor-vs-all,Tumor LUSC_LUAD_mitotic,IFI27,7,0.7620676217573398,0.6906387360046601,0.884493348799006,7,1.0,3
III-IV,1,tumor-vs-all,Tumor LUSC_LUAD_mitotic,KRT18,6,0.8157153452011316,0.7066419866930612,0.8881228036948512,7,0.8571428571428571,4
III-IV,1,tumor-vs-all,Tumor LUSC_LUAD_mitotic,TUBA1C,6,0.755651205976373,0.6780637471651261,0.8635013995837553,7,0.8571428571428571,5
III-IV,1,tumor-vs-all,Tumor LUSC_LUAD_mitotic,TXNDC17,6,0.74870306349413,0.6608546074074249,0.8764435257661146,7,0.8571428571428571,6
III-IV,1,tumor-vs-all,Tumor LUSC_LUAD_mitotic,OCIAD2,6,0.7461179231878611,0.6510527063183963,0.869327907736292,7,0.8571428571428571,7
III-IV,1,tumor-vs-all,Tumor LUSC_LUAD_mitotic,CCNB1,6,0.7161298758029632,0.6648110040601313,0.8421645027226778,7,0.8571428571428571,8
III-IV,1,tumor-vs-all,Tumor LUSC_LUAD_mitotic,PTTG1,6,0.6959550387751458,0.6541503110336404,0.8653121976543563,7,0.8571428571428571,9
III-IV,1,tumor-vs-all,Tumor LUSC_LUAD_mitotic,SFN,5,0.8528944173473828,0.6763366757227025,0.9451261895360341,7,0.7142857142857143,10
III-IV,1,tumor-vs-all,Tumor LUSC_mitotic,RPL37,2,0.8586312636020503,0.7569260994854389,0.9603364277186619,3,0.6666666666666666,1
III-IV,1,tumor-vs-all,Tumor LUSC_mitotic,GAPDH,2,0.754669145297552,0.7395156407537004,0.7698226498414036,3,0.6666666666666666,2
III-IV,1,tumor-vs-all,Tumor LUSC_mitotic,RPL7,2,0.7494398720676616,0.7101293711134796,0.7887503730218436,3,0.6666666666666666,3
III-IV,1,tumor-vs-all,Tumor LUSC_mitotic,PLAA,2,0.7483816223112826,0.684605947075033,0.8121572975475322,3,0.6666666666666666,4
III-IV,1,tumor-vs-all,Tumor LUSC_mitotic,RPS29,2,0.7278540789858157,0.7214471724815212,0.73426098549011,3,0.6666666666666666,5
III-IV,1,tumor-vs-all,Tumor LUSC_mitotic,ERH,2,0.7214449177100777,0.7197089614498874,0.7231808739702679,3,0.6666666666666666,6
III-IV,1,tumor-vs-all,Tumor LUSC_mitotic,RPS18,2,0.7146786872713018,0.7131194712160246,0.7162379033265789,3,0.6666666666666666,7
III-IV,1,tumor-vs-all,Tumor LUSC_mitotic,RPS27,2,0.7127605104618402,0.7034200287875507,0.7221009921361297,3,0.6666666666666666,8
III-IV,1,tumor-vs-all,Tumor LUSC_mitotic,GNLY,2,0.6813820580781134,0.6515995398037538,0.711164576352473,3,0.6666666666666666,9
III-IV,1,tumor-vs-all,Tumor LUSC_mitotic,KRT8,2,0.6803916787410698,0.6676369731644369,0.6931463843177026,3,0.6666666666666666,10
III-IV,1,tumor-vs-all,Tumor LUSC_mitotic2,SPP1,2,0.8573821707609479,0.7639705327927455,0.9507938087291504,2,1.0,1
III-IV,1,tumor-vs-all,Tumor LUSC_mitotic2,CLDN1,2,0.7762645616259961,0.7441202321178016,0.8084088911341906,2,1.0,2
III-IV,1,tumor-vs-all,Tumor LUSC_mitotic2,PFN2,2,0.750868165932147,0.7371897146818752,0.7645466171824189,2,1.0,3
III-IV,1,tumor-vs-all,Tumor LUSC_mitotic2,NQO1,2,0.7497254473459047,0.7363974924640985,0.763053402227711,2,1.0,4
III-IV,1,tumor-vs-all,Tumor LUSC_mitotic2,PERP,2,0.7315557393210672,0.6993836463008274,0.7637278323413071,2,1.0,5
III-IV,1,tumor-vs-all,Tumor LUSC_mitotic2,MAN1B1-DT,2,0.6536009060097532,0.650655437969024,0.6565463740504822,2,1.0,6
III-IV,1,tumor-vs-all,Tumor LUSC_mitotic2,GCLC,1,0.9611388005894512,0.9611388005894512,0.9611388005894512,2,0.5,7
III-IV,1,tumor-vs-all,Tumor LUSC_mitotic2,SLC2A1,1,0.951857902228664,0.951857902228664,0.951857902228664,2,0.5,8
III-IV,1,tumor-vs-all,Tumor LUSC_mitotic2,PFKFB3,1,0.9513786869548699,0.9513786869548699,0.9513786869548699,2,0.5,9
III-IV,1,tumor-vs-all,Tumor LUSC_mitotic2,VEGFA,1,0.9403952285661934,0.9403952285661934,0.9403952285661934,2,0.5,10
III-IV,1,tumor-vs-all,Tumor LUSC_mitotic_LUAD,GART,3,0.8894295604618287,0.8342983042472039,0.9206527760457981,3,1.0,1
III-IV,1,tumor-vs-all,Tumor LUSC_mitotic_LUAD,BEX2,3,0.8752151089386411,0.7327340503673477,0.961061180856697,3,1.0,2
III-IV,1,tumor-vs-all,Tumor LUSC_mitotic_LUAD,SOX4,3,0.8730999877145412,0.7724271645147935,0.9390016754087003,3,1.0,3
III-IV,1,tumor-vs-all,Tumor LUSC_mitotic_LUAD,CDC27,3,0.8719027103131772,0.8350241281756426,0.9378969452159233,3,1.0,4
III-IV,1,tumor-vs-all,Tumor LUSC_mitotic_LUAD,SERPINB5,3,0.8629503126451068,0.6619701507254893,0.9636318771609921,3,1.0,5
III-IV,1,tumor-vs-all,Tumor LUSC_mitotic_LUAD,QTRT2,3,0.8539008184166429,0.7748660715391766,0.9590359114028374,3,1.0,6
III-IV,1,tumor-vs-all,Tumor LUSC_mitotic_LUAD,MTAP,3,0.8490183273216015,0.701641746285505,0.963941707688837,3,1.0,7
III-IV,1,tumor-vs-all,Tumor LUSC_mitotic_LUAD,GRSF1,3,0.848401170493528,0.7310899019961786,0.9909908252074621,3,1.0,8
III-IV,1,tumor-vs-all,Tumor LUSC_mitotic_LUAD,TSTD1,3,0.8482377228708425,0.7589394866096298,0.9227387356898524,3,1.0,9
III-IV,1,tumor-vs-all,Tumor LUSC_mitotic_LUAD,ARPC1A,3,0.8459081946447795,0.7803155005628851,0.9003900530248283,3,1.0,10
III-IV,1,tumor-vs-all,Tumor NSCLC_mixed,ELF3,4,0.9218449791748167,0.8169928753024969,0.9678706025457567,4,1.0,1
III-IV,1,tumor-vs-all,Tumor NSCLC_mixed,KRT19,4,0.9210739444896265,0.883436623313681,0.9669966314605735,4,1.0,2
III-IV,1,tumor-vs-all,Tumor NSCLC_mixed,TACSTD2,4,0.9145183183726486,0.829157348254105,0.9586992592179556,4,1.0,3
III-IV,1,tumor-vs-all,Tumor NSCLC_mixed,SPINT2,4,0.8932919770076863,0.8361481306166416,0.956950287798035,4,1.0,4
III-IV,1,tumor-vs-all,Tumor NSCLC_mixed,S100P,4,0.891218415354321,0.8211858029246468,0.9697643713555688,4,1.0,5
III-IV,1,tumor-vs-all,Tumor NSCLC_mixed,CLDN4,4,0.8904502515927717,0.7652106208572267,0.9538832359543201,4,1.0,6
III-IV,1,tumor-vs-all,Tumor NSCLC_mixed,MAL2,4,0.8803071022150306,0.7604045277143411,0.9793403638239019,4,1.0,7
III-IV,1,tumor-vs-all,Tumor NSCLC_mixed,LGALS3,4,0.8776825638222694,0.833877825852658,0.9246592068235062,4,1.0,8
III-IV,1,tumor-vs-all,Tumor NSCLC_mixed,CEACAM6,4,0.8761654866189927,0.7422163155513232,0.9486371154182126,4,1.0,9
III-IV,1,tumor-vs-all,Tumor NSCLC_mixed,JUP,4,0.8709786807641531,0.7214633713507903,0.9281774530353417,4,1.0,10
III-IV,2,normal-vs-normal,B cell,MS4A1,2,0.8905579571760087,0.8333333342676457,0.9477825800843718,2,1.0,1
III-IV,2,normal-vs-normal,B cell,CD79A,2,0.8565089127806125,0.8251828525492793,0.8878349730119456,2,1.0,2
III-IV,2,normal-vs-normal,B cell,CD37,2,0.829340042906104,0.8189680318606183,0.8397120539515898,2,1.0,3
III-IV,2,normal-vs-normal,B cell,HLA-DRA,2,0.7823014828970447,0.7540284527876892,0.8105745130064004,2,1.0,4
III-IV,2,normal-vs-normal,B cell,CD74,2,0.7760972794534831,0.7463706118813259,0.8058239470256401,2,1.0,5
III-IV,2,normal-vs-normal,B cell,IGKC,2,0.7658540699790805,0.6992684330580944,0.8324397069000665,2,1.0,6
III-IV,2,normal-vs-normal,B cell,CD83,2,0.7208490522646183,0.673291016002508,0.7684070885267285,2,1.0,7
III-IV,2,normal-vs-normal,B cell,HLA-DPB1,2,0.7184377709140259,0.7179090203970616,0.7189665214309903,2,1.0,8
III-IV,2,normal-vs-normal,B cell,VPREB3,2,0.7132394537883,0.6764789050813078,0.7500000024952921,2,1.0,9
III-IV,2,normal-vs-normal,B cell,HLA-DQA1,2,0.6937438117597919,0.6653855722124445,0.7221020513071393,2,1.0,10
III-IV,2,normal-vs-normal,B cell dividing,SPIB,1,0.9966658056053682,0.9966658056053682,0.9966658056053682,1,1.0,1
III-IV,2,normal-vs-normal,B cell dividing,PAX5,1,0.9964562677677101,0.9964562677677101,0.9964562677677101,1,1.0,2
III-IV,2,normal-vs-normal,B cell dividing,E2F7,1,0.9951806556432949,0.9951806556432949,0.9951806556432949,1,1.0,3
III-IV,2,normal-vs-normal,B cell dividing,MS4A1,1,0.9938338378470846,0.9938338378470846,0.9938338378470846,1,1.0,4
III-IV,2,normal-vs-normal,B cell dividing,BANK1,1,0.9937470022039411,0.9937470022039411,0.9937470022039411,1,1.0,5
III-IV,2,normal-vs-normal,B cell dividing,CCDC189,1,0.9880795171818746,0.9880795171818746,0.9880795171818746,1,1.0,6
III-IV,2,normal-vs-normal,B cell dividing,CDCA4,1,0.9878818228352383,0.9878818228352383,0.9878818228352383,1,1.0,7
III-IV,2,normal-vs-normal,B cell dividing,FAM111A,1,0.9875987053821067,0.9875987053821067,0.9875987053821067,1,1.0,8
III-IV,2,normal-vs-normal,B cell dividing,CEP295,1,0.9858956335224645,0.9858956335224645,0.9858956335224645,1,1.0,9
III-IV,2,normal-vs-normal,B cell dividing,RMI1,1,0.9858187554403376,0.9858187554403376,0.9858187554403376,1,1.0,10
III-IV,2,normal-vs-normal,DC mature,CCL17,1,0.9999999986728259,0.9999999986728259,0.9999999986728259,1,1.0,1
III-IV,2,normal-vs-normal,DC mature,FSCN1,1,0.9999999986728259,0.9999999986728259,0.9999999986728259,1,1.0,2
III-IV,2,normal-vs-normal,DC mature,CSF2RA,1,0.9999532346025578,0.9999532346025578,0.9999532346025578,1,1.0,3
III-IV,2,normal-vs-normal,DC mature,LAD1,1,0.9999064705322899,0.9999064705322899,0.9999064705322899,1,1.0,4
III-IV,2,normal-vs-normal,DC mature,LAMP3,1,0.9997431935892288,0.9997431935892288,0.9997431935892288,1,1.0,5
III-IV,2,normal-vs-normal,DC mature,WFDC21P,1,0.9995014237200899,0.9995014237200899,0.9995014237200899,1,1.0,6
III-IV,2,normal-vs-normal,DC mature,CDKN1A,1,0.9991956583572139,0.9991956583572139,0.9991956583572139,1,1.0,7
III-IV,2,normal-vs-normal,DC mature,NFKB1,1,0.9991788032608452,0.9991788032608452,0.9991788032608452,1,1.0,8
III-IV,2,normal-vs-normal,DC mature,GPR157,1,0.9989293024828657,0.9989293024828657,0.9989293024828657,1,1.0,9
III-IV,2,normal-vs-normal,DC mature,TXN,1,0.9986446388975364,0.9986446388975364,0.9986446388975364,1,1.0,10
III-IV,2,normal-vs-normal,Endothelial cell venous,A2M,2,0.9999999999714475,0.9999999986728259,1.0000000012700692,2,1.0,1
III-IV,2,normal-vs-normal,Endothelial cell venous,ADGRL4,2,0.9999999999714475,0.9999999986728259,1.0000000012700692,2,1.0,2
III-IV,2,normal-vs-normal,Endothelial cell venous,CDH5,2,0.9999999999714475,0.9999999986728259,1.0000000012700692,2,1.0,3
III-IV,2,normal-vs-normal,Endothelial cell venous,CLDN5,2,0.9999999999714475,0.9999999986728259,1.0000000012700692,2,1.0,4
III-IV,2,normal-vs-normal,Endothelial cell venous,CLEC14A,2,0.9999999999714475,0.9999999986728259,1.0000000012700692,2,1.0,5
III-IV,2,normal-vs-normal,Endothelial cell venous,ESAM,2,0.9999999999714475,0.9999999986728259,1.0000000012700692,2,1.0,6
III-IV,2,normal-vs-normal,Endothelial cell venous,PLVAP,2,0.9999999999714475,0.9999999986728259,1.0000000012700692,2,1.0,7
III-IV,2,normal-vs-normal,Endothelial cell venous,RAMP2,2,0.9999999999714475,0.9999999986728259,1.0000000012700692,2,1.0,8
III-IV,2,normal-vs-normal,Endothelial cell venous,VWF,2,0.9999999999714475,0.9999999986728259,1.0000000012700692,2,1.0,9
III-IV,2,normal-vs-normal,Endothelial cell venous,CRIP2,2,0.999448610338864,0.9988972194076589,1.0000000012700692,2,1.0,10
III-IV,2,normal-vs-normal,Fibroblast alveolar,APOD,1,1.0000000012700692,1.0000000012700692,1.0000000012700692,1,1.0,1
III-IV,2,normal-vs-normal,Fibroblast alveolar,ASPN,1,1.0000000012700692,1.0000000012700692,1.0000000012700692,1,1.0,2
III-IV,2,normal-vs-normal,Fibroblast alveolar,BGN,1,1.0000000012700692,1.0000000012700692,1.0000000012700692,1,1.0,3
III-IV,2,normal-vs-normal,Fibroblast alveolar,BICC1,1,1.0000000012700692,1.0000000012700692,1.0000000012700692,1,1.0,4
III-IV,2,normal-vs-normal,Fibroblast alveolar,CCL11,1,1.0000000012700692,1.0000000012700692,1.0000000012700692,1,1.0,5
III-IV,2,normal-vs-normal,Fibroblast alveolar,CCN1,1,1.0000000012700692,1.0000000012700692,1.0000000012700692,1,1.0,6
III-IV,2,normal-vs-normal,Fibroblast alveolar,COL1A1,1,1.0000000012700692,1.0000000012700692,1.0000000012700692,1,1.0,7
III-IV,2,normal-vs-normal,Fibroblast alveolar,COL1A2,1,1.0000000012700692,1.0000000012700692,1.0000000012700692,1,1.0,8
III-IV,2,normal-vs-normal,Fibroblast alveolar,COL3A1,1,1.0000000012700692,1.0000000012700692,1.0000000012700692,1,1.0,9
III-IV,2,normal-vs-normal,Fibroblast alveolar,COL5A2,1,1.0000000012700692,1.0000000012700692,1.0000000012700692,1,1.0,10
III-IV,2,normal-vs-normal,Fibroblast peribronchial,BGN,1,0.9999999964715944,0.9999999964715944,0.9999999964715944,1,1.0,1
III-IV,2,normal-vs-normal,Fibroblast peribronchial,COL1A1,1,0.9999999964715944,0.9999999964715944,0.9999999964715944,1,1.0,2
III-IV,2,normal-vs-normal,Fibroblast peribronchial,COL1A2,1,0.9999999964715944,0.9999999964715944,0.9999999964715944,1,1.0,3
III-IV,2,normal-vs-normal,Fibroblast peribronchial,COL3A1,1,0.9999999964715944,0.9999999964715944,0.9999999964715944,1,1.0,4
III-IV,2,normal-vs-normal,Fibroblast peribronchial,COL5A1,1,0.9999999964715944,0.9999999964715944,0.9999999964715944,1,1.0,5
III-IV,2,normal-vs-normal,Fibroblast peribronchial,COL5A2,1,0.9999999964715944,0.9999999964715944,0.9999999964715944,1,1.0,6
III-IV,2,normal-vs-normal,Fibroblast peribronchial,COL6A2,1,0.9999999964715944,0.9999999964715944,0.9999999964715944,1,1.0,7
III-IV,2,normal-vs-normal,Fibroblast peribronchial,COL6A3,1,0.9999999964715944,0.9999999964715944,0.9999999964715944,1,1.0,8
III-IV,2,normal-vs-normal,Fibroblast peribronchial,ISLR,1,0.9999999964715944,0.9999999964715944,0.9999999964715944,1,1.0,9
III-IV,2,normal-vs-normal,Fibroblast peribronchial,LUM,1,0.9999999964715944,0.9999999964715944,0.9999999964715944,1,1.0,10
III-IV,2,normal-vs-normal,Macrophage,FTL,2,0.9376267807915106,0.8970772983483619,0.9781762632346592,2,1.0,1
III-IV,2,normal-vs-normal,Macrophage,AIF1,2,0.8994729500321674,0.8530961190291144,0.9458497810352205,2,1.0,2
III-IV,2,normal-vs-normal,Macrophage,TYROBP,2,0.8969596847895676,0.8401620494012433,0.9537573201778918,2,1.0,3
III-IV,2,normal-vs-normal,Macrophage,S100A11,2,0.8881927971070789,0.8313160139705389,0.945069580243619,2,1.0,4
III-IV,2,normal-vs-normal,Macrophage,FCER1G,2,0.8759931908718637,0.7902346051111265,0.9617517766326009,2,1.0,5
III-IV,2,normal-vs-normal,Macrophage,SPI1,2,0.8587549123828142,0.7969209768260939,0.9205888479395344,2,1.0,6
III-IV,2,normal-vs-normal,Macrophage,C1QA,2,0.8568861389753724,0.8396288092788972,0.8741434686718476,2,1.0,7
III-IV,2,normal-vs-normal,Macrophage,CTSD,2,0.8471555382897733,0.7366306374994918,0.9576804390800547,2,1.0,8
III-IV,2,normal-vs-normal,Macrophage,SPP1,2,0.8461482137879535,0.7802632249277343,0.9120332026481727,2,1.0,9
III-IV,2,normal-vs-normal,Macrophage,FTH1,2,0.843635632734061,0.7436196108380996,0.9436516546300223,2,1.0,10
III-IV,2,normal-vs-normal,Macrophage alveolar,RNASE1,1,0.9406050846859038,0.9406050846859038,0.9406050846859038,1,1.0,1
III-IV,2,normal-vs-normal,Macrophage alveolar,FTL,1,0.9049118913590097,0.9049118913590097,0.9049118913590097,1,1.0,2
III-IV,2,normal-vs-normal,Macrophage alveolar,SPP1,1,0.8803925940221276,0.8803925940221276,0.8803925940221276,1,1.0,3
III-IV,2,normal-vs-normal,Macrophage alveolar,EGR1,1,0.8727451053988693,0.8727451053988693,0.8727451053988693,1,1.0,4
III-IV,2,normal-vs-normal,Macrophage alveolar,SLC11A1,1,0.8695989781843156,0.8695989781843156,0.8695989781843156,1,1.0,5
III-IV,2,normal-vs-normal,Macrophage alveolar,PSAP,1,0.8656060545129821,0.8656060545129821,0.8656060545129821,1,1.0,6
III-IV,2,normal-vs-normal,Macrophage alveolar,ABL2,1,0.8498665345852661,0.8498665345852661,0.8498665345852661,1,1.0,7
III-IV,2,normal-vs-normal,Macrophage alveolar,SGK1,1,0.8493594611413466,0.8493594611413466,0.8493594611413466,1,1.0,8
III-IV,2,normal-vs-normal,Macrophage alveolar,NEAT1,1,0.8419762087878666,0.8419762087878666,0.8419762087878666,1,1.0,9
III-IV,2,normal-vs-normal,Macrophage alveolar,C1QA,1,0.8325255807618847,0.8325255807618847,0.8325255807618847,1,1.0,10
III-IV,2,normal-vs-normal,Mast cell,TPSAB1,2,0.9999999986654882,0.9999999968021135,1.000000000528863,2,1.0,1
III-IV,2,normal-vs-normal,Mast cell,TPSB2,2,0.9999999986654882,0.9999999968021135,1.000000000528863,2,1.0,2
III-IV,2,normal-vs-normal,Mast cell,CPA3,2,0.9924661757305677,0.985595232871207,0.9993371185899285,2,1.0,3
III-IV,2,normal-vs-normal,Mast cell,CLU,2,0.9675784578861869,0.9386359061811,0.9965210095912738,2,1.0,4
III-IV,2,normal-vs-normal,Mast cell,VWA5A,2,0.9466845329539031,0.8937233020658959,0.9996457638419102,2,1.0,5
III-IV,2,normal-vs-normal,Mast cell,MS4A2,2,0.9284293834617147,0.8571428590892156,0.9997159078342137,2,1.0,6
III-IV,2,normal-vs-normal,Mast cell,GATA2,2,0.9017960898714585,0.8671957644760736,0.9363964152668435,2,1.0,7
III-IV,2,normal-vs-normal,Mast cell,HPGDS,2,0.8803947601660611,0.8247082207914767,0.9360812995406455,2,1.0,8
III-IV,2,normal-vs-normal,Mast cell,ANXA1,2,0.8507844005997276,0.7857847368671041,0.9157840643323509,2,1.0,9
III-IV,2,normal-vs-normal,Mast cell,SLC18A2,2,0.8499999986003134,0.7000000003985133,0.9999999968021135,2,1.0,10
III-IV,2,normal-vs-normal,Monocyte classical,FTH1,2,0.9155772502207877,0.9072745484202677,0.9238799520213078,2,1.0,1
III-IV,2,normal-vs-normal,Monocyte classical,IL1B,2,0.9047005414400053,0.8831115240017327,0.926289558878278,2,1.0,2
III-IV,2,normal-vs-normal,Monocyte classical,TYROBP,2,0.8936821263817252,0.8924585347662006,0.8949057179972496,2,1.0,3
III-IV,2,normal-vs-normal,Monocyte classical,FTL,2,0.8862356502136981,0.8801329286435294,0.8923383717838668,2,1.0,4
III-IV,2,normal-vs-normal,Monocyte classical,PLAUR,2,0.8833446014686857,0.8666094564216837,0.9000797465156875,2,1.0,5
III-IV,2,normal-vs-normal,Monocyte classical,CXCL8,2,0.874472730334766,0.8302136791804375,0.9187317814890945,2,1.0,6
III-IV,2,normal-vs-normal,Monocyte classical,SOD2,2,0.8677124574949098,0.8292775886861752,0.9061473263036445,2,1.0,7
III-IV,2,normal-vs-normal,Monocyte classical,S100A9,2,0.8655147554313942,0.8434477886691065,0.8875817221936818,2,1.0,8
III-IV,2,normal-vs-normal,Monocyte classical,G0S2,2,0.8647344146324119,0.8339556230062926,0.8955132062585311,2,1.0,9
III-IV,2,normal-vs-normal,Monocyte classical,FCER1G,2,0.8644462478436082,0.819641848621728,0.9092506470654885,2,1.0,10
III-IV,2,normal-vs-normal,NK cell,GNLY,2,0.924589361339926,0.9103877387373562,0.9387909839424957,2,1.0,1
III-IV,2,normal-vs-normal,NK cell,NKG7,2,0.8556487214815983,0.8088197924391384,0.9024776505240583,2,1.0,2
III-IV,2,normal-vs-normal,NK cell,CD7,2,0.8432244978836221,0.8198789310646504,0.8665700647025937,2,1.0,3
III-IV,2,normal-vs-normal,NK cell,CCL5,2,0.8291258448104565,0.8071052273421827,0.8511464622787303,2,1.0,4
III-IV,2,normal-vs-normal,NK cell,PRF1,2,0.7922492770699137,0.7691064060050801,0.8153921481347474,2,1.0,5
III-IV,2,normal-vs-normal,NK cell,KLRD1,2,0.7833485930356754,0.7736210652835435,0.7930761207878072,2,1.0,6
III-IV,2,normal-vs-normal,NK cell,TRDC,2,0.7717460045911331,0.7014377157854894,0.8420542933967767,2,1.0,7
III-IV,2,normal-vs-normal,NK cell,CTSW,2,0.7715738417952356,0.7402574162044462,0.8028902673860249,2,1.0,8
III-IV,2,normal-vs-normal,NK cell,GZMB,2,0.7696496616911834,0.7071409736731359,0.832158349709231,2,1.0,9
III-IV,2,normal-vs-normal,NK cell,GZMA,2,0.7616923996380038,0.6970351534951955,0.826349645780812,2,1.0,10
III-IV,2,normal-vs-normal,NK cell dividing,GNLY,1,0.9555746814642379,0.9555746814642379,0.9555746814642379,1,1.0,1
III-IV,2,normal-vs-normal,NK cell dividing,GZMA,1,0.9505684121095027,0.9505684121095027,0.9505684121095027,1,1.0,2
III-IV,2,normal-vs-normal,NK cell dividing,KRT86,1,0.9177503258930855,0.9177503258930855,0.9177503258930855,1,1.0,3
III-IV,2,normal-vs-normal,NK cell dividing,NKG7,1,0.9158861741105407,0.9158861741105407,0.9158861741105407,1,1.0,4
III-IV,2,normal-vs-normal,NK cell dividing,CD7,1,0.9105201336479982,0.9105201336479982,0.9105201336479982,1,1.0,5
III-IV,2,normal-vs-normal,NK cell dividing,CTSW,1,0.9067360291747636,0.9067360291747636,0.9067360291747636,1,1.0,6
III-IV,2,normal-vs-normal,NK cell dividing,TRDC,1,0.9057025876461045,0.9057025876461045,0.9057025876461045,1,1.0,7
III-IV,2,normal-vs-normal,NK cell dividing,IL2RB,1,0.8771368952775497,0.8771368952775497,0.8771368952775497,1,1.0,8
III-IV,2,normal-vs-normal,NK cell dividing,KLRC1,1,0.8761529891281945,0.8761529891281945,0.8761529891281945,1,1.0,9
III-IV,2,normal-vs-normal,NK cell dividing,CD96,1,0.8685973107213364,0.8685973107213364,0.8685973107213364,1,1.0,10
III-IV,2,normal-vs-normal,Neutrophils,CXCL8,1,0.9559868121970918,0.9559868121970918,0.9559868121970918,1,1.0,1
III-IV,2,normal-vs-normal,Neutrophils,NAMPT,1,0.9494268074334545,0.9494268074334545,0.9494268074334545,1,1.0,2
III-IV,2,normal-vs-normal,Neutrophils,CSF3R,1,0.9361649739105803,0.9361649739105803,0.9361649739105803,1,1.0,3
III-IV,2,normal-vs-normal,Neutrophils,BCL2A1,1,0.9307879178395768,0.9307879178395768,0.9307879178395768,1,1.0,4
III-IV,2,normal-vs-normal,Neutrophils,SLC25A37,1,0.9270381412884149,0.9270381412884149,0.9270381412884149,1,1.0,5
III-IV,2,normal-vs-normal,Neutrophils,SOD2,1,0.9244304560886583,0.9244304560886583,0.9244304560886583,1,1.0,6
III-IV,2,normal-vs-normal,Neutrophils,G0S2,1,0.9219698226551862,0.9219698226551862,0.9219698226551862,1,1.0,7
III-IV,2,normal-vs-normal,Neutrophils,FCGR3B,1,0.9045680997451562,0.9045680997451562,0.9045680997451562,1,1.0,8
III-IV,2,normal-vs-normal,Neutrophils,AQP9,1,0.9027434900443705,0.9027434900443705,0.9027434900443705,1,1.0,9
III-IV,2,normal-vs-normal,Neutrophils,FTH1,1,0.8713646965056789,0.8713646965056789,0.8713646965056789,1,1.0,10
III-IV,2,normal-vs-normal,Plasma cell,XBP1,1,0.9929422516253613,0.9929422516253613,0.9929422516253613,1,1.0,1
III-IV,2,normal-vs-normal,Plasma cell,SSR4,1,0.9827026542090699,0.9827026542090699,0.9827026542090699,1,1.0,2
III-IV,2,normal-vs-normal,Plasma cell,MZB1,1,0.9646239679662316,0.9646239679662316,0.9646239679662316,1,1.0,3
III-IV,2,normal-vs-normal,Plasma cell,JCHAIN,1,0.9612451476011572,0.9612451476011572,0.9612451476011572,1,1.0,4
III-IV,2,normal-vs-normal,Plasma cell,DERL3,1,0.9396378764463545,0.9396378764463545,0.9396378764463545,1,1.0,5
III-IV,2,normal-vs-normal,Plasma cell,IGKC,1,0.93554508278213,0.93554508278213,0.93554508278213,1,1.0,6
III-IV,2,normal-vs-normal,Plasma cell,SEC11C,1,0.9276514446374229,0.9276514446374229,0.9276514446374229,1,1.0,7
III-IV,2,normal-vs-normal,Plasma cell,FKBP11,1,0.9244908466994016,0.9244908466994016,0.9244908466994016,1,1.0,8
III-IV,2,normal-vs-normal,Plasma cell,SLAMF7,1,0.9112129433001391,0.9112129433001391,0.9112129433001391,1,1.0,9
III-IV,2,normal-vs-normal,Plasma cell,CD79A,1,0.9091723163924024,0.9091723163924024,0.9091723163924024,1,1.0,10
III-IV,2,normal-vs-normal,Plasma cell dividing,HERPUD1,1,0.9853488052114199,0.9853488052114199,0.9853488052114199,1,1.0,1
III-IV,2,normal-vs-normal,Plasma cell dividing,MZB1,1,0.9809310281514538,0.9809310281514538,0.9809310281514538,1,1.0,2
III-IV,2,normal-vs-normal,Plasma cell dividing,CLPTM1L,1,0.9801592599568664,0.9801592599568664,0.9801592599568664,1,1.0,3
III-IV,2,normal-vs-normal,Plasma cell dividing,JCHAIN,1,0.9765468962034691,0.9765468962034691,0.9765468962034691,1,1.0,4
III-IV,2,normal-vs-normal,Plasma cell dividing,FKBP11,1,0.974378764049207,0.974378764049207,0.974378764049207,1,1.0,5
III-IV,2,normal-vs-normal,Plasma cell dividing,DERL3,1,0.9730793084388009,0.9730793084388009,0.9730793084388009,1,1.0,6
III-IV,2,normal-vs-normal,Plasma cell dividing,SEC11C,1,0.9693468088253892,0.9693468088253892,0.9693468088253892,1,1.0,7
III-IV,2,normal-vs-normal,Plasma cell dividing,TMEM258,1,0.960159476750032,0.960159476750032,0.960159476750032,1,1.0,8
III-IV,2,normal-vs-normal,Plasma cell dividing,CD79A,1,0.9593033062430582,0.9593033062430582,0.9593033062430582,1,1.0,9
III-IV,2,normal-vs-normal,Plasma cell dividing,SSR2,1,0.9586151727646325,0.9586151727646325,0.9586151727646325,1,1.0,10
III-IV,2,normal-vs-normal,T cell CD4,TRAC,2,0.6924297210951889,0.6864572795421913,0.6984021626481866,2,1.0,1
III-IV,2,normal-vs-normal,T cell CD4,LTB,2,0.6855739547596346,0.6541217740952637,0.7170261354240054,2,1.0,2
III-IV,2,normal-vs-normal,T cell CD4,IL7R,1,0.7448910749484946,0.7448910749484946,0.7448910749484946,2,0.5,3
III-IV,2,normal-vs-normal,T cell CD4,SPOCK2,1,0.714811842191653,0.714811842191653,0.714811842191653,2,0.5,4
III-IV,2,normal-vs-normal,T cell CD4,CD3E,1,0.7072831783158355,0.7072831783158355,0.7072831783158355,2,0.5,5
III-IV,2,normal-vs-normal,T cell CD4,CD2,1,0.7072367363642176,0.7072367363642176,0.7072367363642176,2,0.5,6
III-IV,2,normal-vs-normal,T cell CD4,TRBC2,1,0.6808449801323757,0.6808449801323757,0.6808449801323757,2,0.5,7
III-IV,2,normal-vs-normal,T cell CD4,CD3D,1,0.6793707267493319,0.6793707267493319,0.6793707267493319,2,0.5,8
III-IV,2,normal-vs-normal,T cell CD4,TCF7,1,0.6776987671274989,0.6776987671274989,0.6776987671274989,2,0.5,9
III-IV,2,normal-vs-normal,T cell CD4,CD7,1,0.6637538483275142,0.6637538483275142,0.6637538483275142,2,0.5,10
III-IV,2,normal-vs-normal,T cell CD4 dividing,IL2RG,2,0.893148167447445,0.8480600998621486,0.9382362350327413,2,1.0,1
III-IV,2,normal-vs-normal,T cell CD4 dividing,TRAC,2,0.8927396105510363,0.8689012193834125,0.9165780017186601,2,1.0,2
III-IV,2,normal-vs-normal,T cell CD4 dividing,RAC2,2,0.8845033209422235,0.8066310976950164,0.9623755441894305,2,1.0,3
III-IV,2,normal-vs-normal,T cell CD4 dividing,CORO1A,2,0.8735769534856781,0.8098365716213821,0.937317335349974,2,1.0,4
III-IV,2,normal-vs-normal,T cell CD4 dividing,CD2,2,0.8695912188324071,0.855694062652086,0.8834883750127281,2,1.0,5
III-IV,2,normal-vs-normal,T cell CD4 dividing,TUBA1B,2,0.8557962835363107,0.8290396017044958,0.8825529653681256,2,1.0,6
III-IV,2,normal-vs-normal,T cell CD4 dividing,STMN1,2,0.8536303603839954,0.8523716338814538,0.854889086886537,2,1.0,7
III-IV,2,normal-vs-normal,T cell CD4 dividing,TRBC2,2,0.8494391323738677,0.8331640191350318,0.8657142456127036,2,1.0,8
III-IV,2,normal-vs-normal,T cell CD4 dividing,CD3D,2,0.8450511195200145,0.8289827797041435,0.8611194593358857,2,1.0,9
III-IV,2,normal-vs-normal,T cell CD4 dividing,CD3E,2,0.8439746683626339,0.8131406871643075,0.8748086495609602,2,1.0,10
III-IV,2,normal-vs-normal,T cell CD8 activated,IL7R,2,0.7923255699805032,0.7368078961946478,0.8478432437663586,2,1.0,1
III-IV,2,normal-vs-normal,T cell CD8 activated,ZFP36,2,0.7618644188513779,0.6779539983020032,0.8457748394007525,2,1.0,2
III-IV,2,normal-vs-normal,T cell CD8 activated,CD2,2,0.7341976401671826,0.6605010802696838,0.8078942000646815,2,1.0,3
III-IV,2,normal-vs-normal,T cell CD8 activated,JUN,2,0.7327057804987371,0.6826549886011279,0.7827565723963463,2,1.0,4
III-IV,2,normal-vs-normal,T cell CD8 activated,ZFP36L2,2,0.7196942101885891,0.6869445857696906,0.7524438346074876,2,1.0,5
III-IV,2,normal-vs-normal,T cell CD8 activated,CCL5,2,0.6728002688733575,0.6545265684466254,0.6910739693000897,2,1.0,6
III-IV,2,normal-vs-normal,T cell CD8 activated,CAMK4,2,0.6591136820310574,0.6517327612272308,0.6664946028348839,2,1.0,7
III-IV,2,normal-vs-normal,T cell CD8 activated,CXCR4,1,0.962721148756473,0.962721148756473,0.962721148756473,2,0.5,8
III-IV,2,normal-vs-normal,T cell CD8 activated,CITED2,1,0.9200983645262549,0.9200983645262549,0.9200983645262549,2,0.5,9
III-IV,2,normal-vs-normal,T cell CD8 activated,CD69,1,0.8597434704652817,0.8597434704652817,0.8597434704652817,2,0.5,10
III-IV,2,normal-vs-normal,T cell CD8 dividing,STMN1,2,0.9202809466170832,0.8742899340196989,0.9662719592144674,2,1.0,1
III-IV,2,normal-vs-normal,T cell CD8 dividing,HMGN2,2,0.9052581280443982,0.8568838880477707,0.9536323680410257,2,1.0,2
III-IV,2,normal-vs-normal,T cell CD8 dividing,HMGB2,2,0.9039433389861311,0.8695446768588045,0.9383420011134577,2,1.0,3
III-IV,2,normal-vs-normal,T cell CD8 dividing,GZMA,2,0.9033780621058545,0.8739811415789792,0.9327749826327296,2,1.0,4
III-IV,2,normal-vs-normal,T cell CD8 dividing,GZMB,2,0.8969545712236343,0.8633136566547848,0.9305954857924839,2,1.0,5
III-IV,2,normal-vs-normal,T cell CD8 dividing,NKG7,2,0.8641160782841906,0.8559482764634058,0.8722838801049755,2,1.0,6
III-IV,2,normal-vs-normal,T cell CD8 dividing,HNRNPA2B1,2,0.8615246469135966,0.8044041887069873,0.9186451051202061,2,1.0,7
III-IV,2,normal-vs-normal,T cell CD8 dividing,TYMS,2,0.8490314149086375,0.8417435947984712,0.8563192350188038,2,1.0,8
III-IV,2,normal-vs-normal,T cell CD8 dividing,PCLAF,2,0.8459908857424703,0.7266091782220944,0.9653725932628462,2,1.0,9
III-IV,2,normal-vs-normal,T cell CD8 dividing,CCL5,2,0.8403725733725582,0.7901370940552026,0.8906080526899139,2,1.0,10
III-IV,2,normal-vs-normal,T cell CD8 effector memory,CCL5,2,0.8335270290399954,0.8135050660921138,0.8535489919878771,2,1.0,1
III-IV,2,normal-vs-normal,T cell CD8 effector memory,GZMA,2,0.7260460411071021,0.7130294409781366,0.7390626412360677,2,1.0,2
III-IV,2,normal-vs-normal,T cell CD8 effector memory,CD2,2,0.7174672978140031,0.7138905805521921,0.721044015075814,2,1.0,3
III-IV,2,normal-vs-normal,T cell CD8 effector memory,CD3E,2,0.7002359301199178,0.6941792171771336,0.706292643062702,2,1.0,4
III-IV,2,normal-vs-normal,T cell CD8 effector memory,TRAC,2,0.695305838257462,0.678167165738483,0.7124445107764408,2,1.0,5
III-IV,2,normal-vs-normal,T cell CD8 effector memory,CD8A,2,0.6951531588585056,0.6827993010535617,0.7075070166634496,2,1.0,6
III-IV,2,normal-vs-normal,T cell CD8 effector memory,TRBC2,2,0.6762081567824348,0.6520079257658764,0.7004083877989933,2,1.0,7
III-IV,2,normal-vs-normal,T cell CD8 effector memory,IL32,2,0.6714019343961176,0.6674430014245829,0.6753608673676523,2,1.0,8
III-IV,2,normal-vs-normal,T cell CD8 effector memory,NKG7,2,0.6610105107108698,0.6570492788657833,0.6649717425559563,2,1.0,9
III-IV,2,normal-vs-normal,T cell CD8 effector memory,CD3D,1,0.7949780207551442,0.7949780207551442,0.7949780207551442,2,0.5,10
III-IV,2,normal-vs-normal,T cell CD8 naive,GIMAP7,2,0.8388928444541224,0.7673934283265287,0.910392260581716,2,1.0,1
III-IV,2,normal-vs-normal,T cell CD8 naive,CD3E,2,0.7628702589399194,0.6985518882755027,0.8271886296043363,2,1.0,2
III-IV,2,normal-vs-normal,T cell CD8 naive,GZMM,2,0.7251206275392061,0.6659957474940362,0.784245507584376,2,1.0,3
III-IV,2,normal-vs-normal,T cell CD8 naive,CCL5,2,0.7178638247110327,0.6717884292619487,0.7639392201601167,2,1.0,4
III-IV,2,normal-vs-normal,T cell CD8 naive,DNAJB1,2,0.7076484600864617,0.6943480587971699,0.7209488613757535,2,1.0,5
III-IV,2,normal-vs-normal,T cell CD8 naive,PTPRC,2,0.6961128577785676,0.6858600421809643,0.7063656733761708,2,1.0,6
III-IV,2,normal-vs-normal,T cell CD8 naive,CD3D,2,0.680598145226342,0.6752342072146422,0.6859620832380418,2,1.0,7
III-IV,2,normal-vs-normal,T cell CD8 naive,RPS27,2,0.6698979196308437,0.6527384380891657,0.6870574011725218,2,1.0,8
III-IV,2,normal-vs-normal,T cell CD8 naive,LAT,2,0.6652134872076159,0.6624994412412423,0.6679275331739895,2,1.0,9
III-IV,2,normal-vs-normal,T cell CD8 naive,GZMK,1,0.923177549552692,0.923177549552692,0.923177549552692,2,0.5,10
III-IV,2,normal-vs-normal,T cell CD8 terminally exhausted,CCL5,2,0.9017381408104643,0.8857916444757841,0.9176846371451445,2,1.0,1
III-IV,2,normal-vs-normal,T cell CD8 terminally exhausted,GZMA,2,0.869355595466385,0.819509894688363,0.919201296244407,2,1.0,2
III-IV,2,normal-vs-normal,T cell CD8 terminally exhausted,NKG7,2,0.8599076484620184,0.8265339336053426,0.8932813633186942,2,1.0,3
III-IV,2,normal-vs-normal,T cell CD8 terminally exhausted,GZMB,2,0.817719290181279,0.8099349499767271,0.8255036303858309,2,1.0,4
III-IV,2,normal-vs-normal,T cell CD8 terminally exhausted,CD8A,2,0.8082387925506547,0.8072130463015399,0.8092645387997696,2,1.0,5
III-IV,2,normal-vs-normal,T cell CD8 terminally exhausted,TRAC,2,0.8068063183212313,0.7943321431316382,0.8192804935108243,2,1.0,6
III-IV,2,normal-vs-normal,T cell CD8 terminally exhausted,CD3D,2,0.7651631205485548,0.7446315695934402,0.7856946715036695,2,1.0,7
III-IV,2,normal-vs-normal,T cell CD8 terminally exhausted,CD52,2,0.7619805811835793,0.6943109992617956,0.8296501631053629,2,1.0,8
III-IV,2,normal-vs-normal,T cell CD8 terminally exhausted,PRF1,2,0.756119774052215,0.7255865941153432,0.7866529539890869,2,1.0,9
III-IV,2,normal-vs-normal,T cell CD8 terminally exhausted,HCST,2,0.740908751596407,0.7277457613171182,0.7540717418756958,2,1.0,10
III-IV,2,normal-vs-normal,T cell NK-like,NKG7,2,0.898578318251537,0.8517837855094279,0.9453728509936461,2,1.0,1
III-IV,2,normal-vs-normal,T cell NK-like,FGFBP2,2,0.8879639078446215,0.873026386430651,0.902901429258592,2,1.0,2
III-IV,2,normal-vs-normal,T cell NK-like,GZMH,2,0.8793277122947292,0.8521717926854132,0.9064836319040452,2,1.0,3
III-IV,2,normal-vs-normal,T cell NK-like,GNLY,2,0.8355228573435081,0.8100355613666819,0.8610101533203344,2,1.0,4
III-IV,2,normal-vs-normal,T cell NK-like,CCL5,2,0.8330933937944043,0.8215584988967927,0.8446282886920159,2,1.0,5
III-IV,2,normal-vs-normal,T cell NK-like,CST7,2,0.7743280258246769,0.7332572006954465,0.8153988509539072,2,1.0,6
III-IV,2,normal-vs-normal,T cell NK-like,KLRD1,2,0.7658681971511968,0.7597009135533875,0.7720354807490061,2,1.0,7
III-IV,2,normal-vs-normal,T cell NK-like,CCL4,2,0.7466787970565458,0.6916991025622263,0.8016584915508652,2,1.0,8
III-IV,2,normal-vs-normal,T cell NK-like,CTSW,2,0.706268997573231,0.6987345793724232,0.7138034157740387,2,1.0,9
III-IV,2,normal-vs-normal,T cell NK-like,CD8A,1,0.8350676916626643,0.8350676916626643,0.8350676916626643,2,0.5,10
III-IV,2,normal-vs-normal,T cell regulatory,IL32,2,0.869137996484042,0.835964980993074,0.90231101197501,2,1.0,1
III-IV,2,normal-vs-normal,T cell regulatory,TRAC,2,0.8316245498507597,0.8283657792104532,0.8348833204910663,2,1.0,2
III-IV,2,normal-vs-normal,T cell regulatory,LTB,2,0.7810302542630579,0.7472743819108459,0.81478612661527,2,1.0,3
III-IV,2,normal-vs-normal,T cell regulatory,TRBC2,2,0.7664119252472306,0.7650859549585888,0.7677378955358725,2,1.0,4
III-IV,2,normal-vs-normal,T cell regulatory,CTLA4,2,0.763870518996844,0.7619973663582041,0.7657436716354837,2,1.0,5
III-IV,2,normal-vs-normal,T cell regulatory,SPOCK2,2,0.7504463495778956,0.6849715099195035,0.8159211892362876,2,1.0,6
III-IV,2,normal-vs-normal,T cell regulatory,TNFRSF4,2,0.7404152569519422,0.65937050907696,0.8214600048269243,2,1.0,7
III-IV,2,normal-vs-normal,T cell regulatory,TIGIT,2,0.7372749941025365,0.721108518676985,0.7534414695280881,2,1.0,8
III-IV,2,normal-vs-normal,T cell regulatory,CD7,2,0.7367594996532929,0.7165117093839477,0.7570072899226382,2,1.0,9
III-IV,2,normal-vs-normal,T cell regulatory,CD3D,2,0.72559577214347,0.6822767709933054,0.7689147732936346,2,1.0,10
III-IV,2,normal-vs-normal,cDC2,HLA-DPB1,1,0.9715190683747077,0.9715190683747077,0.9715190683747077,1,1.0,1
III-IV,2,normal-vs-normal,cDC2,HLA-DRA,1,0.9590688821472989,0.9590688821472989,0.9590688821472989,1,1.0,2
III-IV,2,normal-vs-normal,cDC2,HLA-DPA1,1,0.9518682676794579,0.9518682676794579,0.9518682676794579,1,1.0,3
III-IV,2,normal-vs-normal,cDC2,LST1,1,0.9283896402568881,0.9283896402568881,0.9283896402568881,1,1.0,4
III-IV,2,normal-vs-normal,cDC2,CD74,1,0.9212059168250399,0.9212059168250399,0.9212059168250399,1,1.0,5
III-IV,2,normal-vs-normal,cDC2,HLA-DMA,1,0.9209654106703952,0.9209654106703952,0.9209654106703952,1,1.0,6
III-IV,2,normal-vs-normal,cDC2,HLA-DQA2,1,0.9156486738739922,0.9156486738739922,0.9156486738739922,1,1.0,7
III-IV,2,normal-vs-normal,cDC2,HLA-DQB1,1,0.9148857368680559,0.9148857368680559,0.9148857368680559,1,1.0,8
III-IV,2,normal-vs-normal,cDC2,AIF1,1,0.8897399456432888,0.8897399456432888,0.8897399456432888,1,1.0,9
III-IV,2,normal-vs-normal,cDC2,HLA-DRB5,1,0.8896345650719106,0.8896345650719106,0.8896345650719106,1,1.0,10
III-IV,2,normal-vs-normal,myeloid dividing,CAPG,2,0.9604615918148134,0.9486351545490598,0.972288029080567,2,1.0,1
III-IV,2,normal-vs-normal,myeloid dividing,NPC2,2,0.9592422494486038,0.9392140130123442,0.9792704858848634,2,1.0,2
III-IV,2,normal-vs-normal,myeloid dividing,LAPTM5,2,0.9591882352605429,0.9376994011665941,0.9806770693544916,2,1.0,3
III-IV,2,normal-vs-normal,myeloid dividing,TUBA1B,2,0.9557086391347911,0.9485327727750068,0.9628845054945753,2,1.0,4
III-IV,2,normal-vs-normal,myeloid dividing,FCER1G,2,0.9497023294847236,0.9251535689447858,0.9742510900246611,2,1.0,5
III-IV,2,normal-vs-normal,myeloid dividing,TYROBP,2,0.9484179982802046,0.9208441317538674,0.9759918648065417,2,1.0,6
III-IV,2,normal-vs-normal,myeloid dividing,S100A11,2,0.9479500029170688,0.919333591755726,0.9765664140784115,2,1.0,7
III-IV,2,normal-vs-normal,myeloid dividing,ALOX5AP,2,0.94722226724281,0.9148527469895787,0.9795917874960413,2,1.0,8
III-IV,2,normal-vs-normal,myeloid dividing,AIF1,2,0.9467554698120273,0.9254651982111248,0.9680457414129297,2,1.0,9
III-IV,2,normal-vs-normal,myeloid dividing,C1QC,2,0.943949105231529,0.9030220136377692,0.9848761968252888,2,1.0,10
III-IV,2,tumor-vs-all,AT2,CXCL17,1,0.9999999999868482,0.9999999999868482,0.9999999999868482,1,1.0,1
III-IV,2,tumor-vs-all,AT2,NAPSA,1,0.9999999999868482,0.9999999999868482,0.9999999999868482,1,1.0,2
III-IV,2,tumor-vs-all,AT2,PIGR,1,0.9999999999868482,0.9999999999868482,0.9999999999868482,1,1.0,3
III-IV,2,tumor-vs-all,AT2,SFTPA1,1,0.9999999999868482,0.9999999999868482,0.9999999999868482,1,1.0,4
III-IV,2,tumor-vs-all,AT2,SFTPA2,1,0.9999999999868482,0.9999999999868482,0.9999999999868482,1,1.0,5
III-IV,2,tumor-vs-all,AT2,SFTPB,1,0.9999999999868482,0.9999999999868482,0.9999999999868482,1,1.0,6
III-IV,2,tumor-vs-all,AT2,WFDC2,1,0.9999999999868482,0.9999999999868482,0.9999999999868482,1,1.0,7
III-IV,2,tumor-vs-all,AT2,LTF,1,0.9999890470209849,0.9999890470209849,0.9999890470209849,1,1.0,8
III-IV,2,tumor-vs-all,AT2,SCGB3A2,1,0.9999890470209849,0.9999890470209849,0.9999890470209849,1,1.0,9
III-IV,2,tumor-vs-all,AT2,CYP2B7P,1,0.9999750747160094,0.9999750747160094,0.9999750747160094,1,1.0,10
III-IV,2,tumor-vs-all,Ciliated,CAPS,1,0.9917373976898028,0.9917373976898028,0.9917373976898028,1,1.0,1
III-IV,2,tumor-vs-all,Ciliated,C9orf24,1,0.9861842919053172,0.9861842919053172,0.9861842919053172,1,1.0,2
III-IV,2,tumor-vs-all,Ciliated,RSPH1,1,0.9852670117093757,0.9852670117093757,0.9852670117093757,1,1.0,3
III-IV,2,tumor-vs-all,Ciliated,PSENEN,1,0.9852650590986572,0.9852650590986572,0.9852650590986572,1,1.0,4
III-IV,2,tumor-vs-all,Ciliated,TPPP3,1,0.9848303040080334,0.9848303040080334,0.9848303040080334,1,1.0,5
III-IV,2,tumor-vs-all,Ciliated,C20orf85,1,0.9725814915254645,0.9725814915254645,0.9725814915254645,1,1.0,6
III-IV,2,tumor-vs-all,Ciliated,C5orf49,1,0.9724542948024028,0.9724542948024028,0.9724542948024028,1,1.0,7
III-IV,2,tumor-vs-all,Ciliated,FAM183A,1,0.9720507592172428,0.9720507592172428,0.9720507592172428,1,1.0,8
III-IV,2,tumor-vs-all,Ciliated,C9orf116,1,0.971404652062666,0.971404652062666,0.971404652062666,1,1.0,9
III-IV,2,tumor-vs-all,Ciliated,MORN2,1,0.9680805290845074,0.9680805290845074,0.9680805290845074,1,1.0,10
III-IV,2,tumor-vs-all,Tumor AT2_LUAD,MALAT1,1,0.9879785331619845,0.9879785331619845,0.9879785331619845,1,1.0,1
III-IV,2,tumor-vs-all,Tumor AT2_LUAD,FOXQ1,1,0.975852970998637,0.975852970998637,0.975852970998637,1,1.0,2
III-IV,2,tumor-vs-all,Tumor AT2_LUAD,ITGA2,1,0.9749211983151144,0.9749211983151144,0.9749211983151144,1,1.0,3
III-IV,2,tumor-vs-all,Tumor AT2_LUAD,HIST1H2BG,1,0.9699227162905804,0.9699227162905804,0.9699227162905804,1,1.0,4
III-IV,2,tumor-vs-all,Tumor AT2_LUAD,EPS8L2,1,0.9678224970505942,0.9678224970505942,0.9678224970505942,1,1.0,5
III-IV,2,tumor-vs-all,Tumor AT2_LUAD,WSB1,1,0.9650412220263839,0.9650412220263839,0.9650412220263839,1,1.0,6
III-IV,2,tumor-vs-all,Tumor AT2_LUAD,LCMT1,1,0.9645162312992072,0.9645162312992072,0.9645162312992072,1,1.0,7
III-IV,2,tumor-vs-all,Tumor AT2_LUAD,TRIM16,1,0.9631480182061792,0.9631480182061792,0.9631480182061792,1,1.0,8
III-IV,2,tumor-vs-all,Tumor AT2_LUAD,SLC25A37,1,0.9572444447823871,0.9572444447823871,0.9572444447823871,1,1.0,9
III-IV,2,tumor-vs-all,Tumor AT2_LUAD,INTS6,1,0.9531856404058408,0.9531856404058408,0.9531856404058408,1,1.0,10
III-IV,2,tumor-vs-all,Tumor EMT_mitotic,NDRG1,1,0.9238165791388734,0.9238165791388734,0.9238165791388734,1,1.0,1
III-IV,2,tumor-vs-all,Tumor EMT_mitotic,SLC2A1,1,0.9171068474963895,0.9171068474963895,0.9171068474963895,1,1.0,2
III-IV,2,tumor-vs-all,Tumor EMT_mitotic,ADM,1,0.9149374309438215,0.9149374309438215,0.9149374309438215,1,1.0,3
III-IV,2,tumor-vs-all,Tumor EMT_mitotic,MT2A,1,0.907463389871581,0.907463389871581,0.907463389871581,1,1.0,4
III-IV,2,tumor-vs-all,Tumor EMT_mitotic,LOX,1,0.9024502549617618,0.9024502549617618,0.9024502549617618,1,1.0,5
III-IV,2,tumor-vs-all,Tumor EMT_mitotic,PLOD2,1,0.882540635153046,0.882540635153046,0.882540635153046,1,1.0,6
III-IV,2,tumor-vs-all,Tumor EMT_mitotic,STC1,1,0.8816381193150281,0.8816381193150281,0.8816381193150281,1,1.0,7
III-IV,2,tumor-vs-all,Tumor EMT_mitotic,IL1R2,1,0.8570450678970126,0.8570450678970126,0.8570450678970126,1,1.0,8
III-IV,2,tumor-vs-all,Tumor EMT_mitotic,BASP1,1,0.8563779486450186,0.8563779486450186,0.8563779486450186,1,1.0,9
III-IV,2,tumor-vs-all,Tumor EMT_mitotic,ERO1A,1,0.8468186037776558,0.8468186037776558,0.8468186037776558,1,1.0,10
III-IV,2,tumor-vs-all,Tumor LUAD,S100P,1,0.8982384710361336,0.8982384710361336,0.8982384710361336,1,1.0,1
III-IV,2,tumor-vs-all,Tumor LUAD,KRT18,1,0.8820244737770493,0.8820244737770493,0.8820244737770493,1,1.0,2
III-IV,2,tumor-vs-all,Tumor LUAD,KRT7,1,0.8715126156503089,0.8715126156503089,0.8715126156503089,1,1.0,3
III-IV,2,tumor-vs-all,Tumor LUAD,KRT8,1,0.8444267146254285,0.8444267146254285,0.8444267146254285,1,1.0,4
III-IV,2,tumor-vs-all,Tumor LUAD,S100A16,1,0.8312866439000046,0.8312866439000046,0.8312866439000046,1,1.0,5
III-IV,2,tumor-vs-all,Tumor LUAD,C15orf48,1,0.7654232522308522,0.7654232522308522,0.7654232522308522,1,1.0,6
III-IV,2,tumor-vs-all,Tumor LUAD,S100A9,1,0.7607878087904943,0.7607878087904943,0.7607878087904943,1,1.0,7
III-IV,2,tumor-vs-all,Tumor LUAD,GNG4,1,0.7602028346349281,0.7602028346349281,0.7602028346349281,1,1.0,8
III-IV,2,tumor-vs-all,Tumor LUAD,CD24,1,0.7574756587332487,0.7574756587332487,0.7574756587332487,1,1.0,9
III-IV,2,tumor-vs-all,Tumor LUAD,S100A14,1,0.7566206224242901,0.7566206224242901,0.7566206224242901,1,1.0,10
III-IV,2,tumor-vs-all,Tumor LUAD_AT2_Club,S100P,2,0.8196676578500888,0.7170758914412205,0.922259424258957,2,1.0,1
III-IV,2,tumor-vs-all,Tumor LUAD_AT2_Club,KRT8,2,0.8023696055420286,0.7618072678054306,0.8429319432786265,2,1.0,2
III-IV,2,tumor-vs-all,Tumor LUAD_AT2_Club,KRT7,2,0.7920970482805731,0.719275690715057,0.8649184058460894,2,1.0,3
III-IV,2,tumor-vs-all,Tumor LUAD_AT2_Club,S100A9,2,0.7877832801839622,0.7324788773327222,0.843087683035202,2,1.0,4
III-IV,2,tumor-vs-all,Tumor LUAD_AT2_Club,PDZK1IP1,2,0.7847976560656689,0.7064637080889357,0.8631316040424021,2,1.0,5
III-IV,2,tumor-vs-all,Tumor LUAD_AT2_Club,KRT19,2,0.7787587651853078,0.6778454661836647,0.879672064186951,2,1.0,6
III-IV,2,tumor-vs-all,Tumor LUAD_AT2_Club,C15orf48,2,0.7725008948088018,0.7112067714239333,0.8337950181936703,2,1.0,7
III-IV,2,tumor-vs-all,Tumor LUAD_AT2_Club,CSTB,2,0.7639770489193787,0.6819565182287388,0.8459975796100186,2,1.0,8
III-IV,2,tumor-vs-all,Tumor LUAD_AT2_Club,TCIM,2,0.7638858188561873,0.7133928162852086,0.8143788214271661,2,1.0,9
III-IV,2,tumor-vs-all,Tumor LUAD_AT2_Club,KRT18,2,0.7580597658056571,0.7488842745313787,0.7672352570799355,2,1.0,10
III-IV,2,tumor-vs-all,Tumor LUAD_mitotic,ZFAS1,1,0.9886510384142458,0.9886510384142458,0.9886510384142458,1,1.0,1
III-IV,2,tumor-vs-all,Tumor LUAD_mitotic,KRT19,1,0.9526934171506335,0.9526934171506335,0.9526934171506335,1,1.0,2
III-IV,2,tumor-vs-all,Tumor LUAD_mitotic,MUC1,1,0.9430526775686487,0.9430526775686487,0.9430526775686487,1,1.0,3
III-IV,2,tumor-vs-all,Tumor LUAD_mitotic,S100A14,1,0.9430179273567008,0.9430179273567008,0.9430179273567008,1,1.0,4
III-IV,2,tumor-vs-all,Tumor LUAD_mitotic,KRT7,1,0.9426161765680547,0.9426161765680547,0.9426161765680547,1,1.0,5
III-IV,2,tumor-vs-all,Tumor LUAD_mitotic,HSPB1,1,0.9423832220600888,0.9423832220600888,0.9423832220600888,1,1.0,6
III-IV,2,tumor-vs-all,Tumor LUAD_mitotic,CLDN4,1,0.9364061802384475,0.9364061802384475,0.9364061802384475,1,1.0,7
III-IV,2,tumor-vs-all,Tumor LUAD_mitotic,MDK,1,0.9343220539366109,0.9343220539366109,0.9343220539366109,1,1.0,8
III-IV,2,tumor-vs-all,Tumor LUAD_mitotic,S100A6,1,0.9287966333013649,0.9287966333013649,0.9287966333013649,1,1.0,9
III-IV,2,tumor-vs-all,Tumor LUAD_mitotic,KRT8,1,0.918842756427421,0.918842756427421,0.918842756427421,1,1.0,10
III-IV,2,tumor-vs-all,Tumor LUSC_LUAD,KRT7,1,0.94164691814795,0.94164691814795,0.94164691814795,1,1.0,1
III-IV,2,tumor-vs-all,Tumor LUSC_LUAD,FAM83A,1,0.9261922558249294,0.9261922558249294,0.9261922558249294,1,1.0,2
III-IV,2,tumor-vs-all,Tumor LUSC_LUAD,KRT18,1,0.9135853816564729,0.9135853816564729,0.9135853816564729,1,1.0,3
III-IV,2,tumor-vs-all,Tumor LUSC_LUAD,S100P,1,0.9012746196583773,0.9012746196583773,0.9012746196583773,1,1.0,4
III-IV,2,tumor-vs-all,Tumor LUSC_LUAD,PERP,1,0.8938518047187848,0.8938518047187848,0.8938518047187848,1,1.0,5
III-IV,2,tumor-vs-all,Tumor LUSC_LUAD,F3,1,0.8923841923842959,0.8923841923842959,0.8923841923842959,1,1.0,6
III-IV,2,tumor-vs-all,Tumor LUSC_LUAD,GPRC5A,1,0.8920579415230241,0.8920579415230241,0.8920579415230241,1,1.0,7
III-IV,2,tumor-vs-all,Tumor LUSC_LUAD,KRT8,1,0.8917420461034955,0.8917420461034955,0.8917420461034955,1,1.0,8
III-IV,2,tumor-vs-all,Tumor LUSC_LUAD,HPCAL1,1,0.8907516616564094,0.8907516616564094,0.8907516616564094,1,1.0,9
III-IV,2,tumor-vs-all,Tumor LUSC_LUAD,SLC2A1,1,0.8900791126865877,0.8900791126865877,0.8900791126865877,1,1.0,10
III-IV,2,tumor-vs-all,Tumor LUSC_LUAD_mitotic,KRT18,1,0.9534612449074262,0.9534612449074262,0.9534612449074262,1,1.0,1
III-IV,2,tumor-vs-all,Tumor LUSC_LUAD_mitotic,KRT7,1,0.9526318282600085,0.9526318282600085,0.9526318282600085,1,1.0,2
III-IV,2,tumor-vs-all,Tumor LUSC_LUAD_mitotic,KRT8,1,0.9521703411452037,0.9521703411452037,0.9521703411452037,1,1.0,3
III-IV,2,tumor-vs-all,Tumor LUSC_LUAD_mitotic,S100P,1,0.9346889343756587,0.9346889343756587,0.9346889343756587,1,1.0,4
III-IV,2,tumor-vs-all,Tumor LUSC_LUAD_mitotic,S100A16,1,0.9032699088792232,0.9032699088792232,0.9032699088792232,1,1.0,5
III-IV,2,tumor-vs-all,Tumor LUSC_LUAD_mitotic,S100A14,1,0.9028330465299943,0.9028330465299943,0.9028330465299943,1,1.0,6
III-IV,2,tumor-vs-all,Tumor LUSC_LUAD_mitotic,EPCAM,1,0.9006003478798693,0.9006003478798693,0.9006003478798693,1,1.0,7
III-IV,2,tumor-vs-all,Tumor LUSC_LUAD_mitotic,SLC7A5,1,0.8956767019035174,0.8956767019035174,0.8956767019035174,1,1.0,8
III-IV,2,tumor-vs-all,Tumor LUSC_LUAD_mitotic,CD24,1,0.8941778124143366,0.8941778124143366,0.8941778124143366,1,1.0,9
III-IV,2,tumor-vs-all,Tumor LUSC_LUAD_mitotic,HPCAL1,1,0.8904196828786853,0.8904196828786853,0.8904196828786853,1,1.0,10
