interacting_pair,sender_cell_type,receiver_cell_type,eligible_datasets,supporting_datasets,rank_sum,ligand_deg,receptor_deg,datasets,prevalence,activity,time,cluster,activity_cluster_0,eligible_cluster_0,activity_cluster_2,eligible_cluster_2,testable_other_clusters,max_other_activity,specificity
APP_CD74,Fibroblast peribronchial,Plasma cell,2,2.0,1.8113636363636365,True,False,Deng_Liu_LUAD_2024;UKIM-V-2,1.0,0.9056818181818183,I-II,1,0.0,5,0.0,4.0,2,0.0,0.9056818181818183
CD44_TYROBP,Plasma cell,myeloid dividing,2,2.0,1.8089471099887766,False,True,Deng_Liu_LUAD_2024;UKIM-V-2,1.0,0.9044735549943883,I-II,1,0.0,7,0.0,2.0,2,0.0,0.9044735549943883
PTPRC_MRC1,T cell regulatory,T cell regulatory,2,2.0,1.7819409371492705,True,False,Deng_Liu_LUAD_2024;UKIM-V-2,1.0,0.8909704685746352,I-II,1,0.0,8,0.0,4.0,2,0.0,0.8909704685746352
PTPRC_CD22,T cell regulatory,Macrophage alveolar,2,2.0,1.746029741863075,True,False,Deng_Liu_LUAD_2024;UKIM-V-2,1.0,0.8730148709315375,I-II,1,0.0,7,0.0,4.0,2,0.0,0.8730148709315375
APP_CD74,T cell CD4,cDC2,2,2.0,1.9742564534231202,False,True,Deng_Liu_LUAD_2024;UKIM-V-2,1.0,0.9871282267115601,I-II,1,0.1206639181120273,8,0.0,4.0,2,0.1206639181120273,0.8664643085995328
APP_CD74,B cell,B cell,2,2.0,1.9593364197530865,False,True,Deng_Liu_LUAD_2024;UKIM-V-2,1.0,0.9796682098765432,I-II,1,0.11931333522888826,8,0.0,4.0,2,0.11931333522888826,0.860354874647655
APP_CD74,T cell CD4,B cell,2,2.0,1.9561868686868689,False,True,Deng_Liu_LUAD_2024;UKIM-V-2,1.0,0.9780934343434344,I-II,1,0.11888683537105488,8,0.0,4.0,2,0.11888683537105488,0.8592065989723796
HLA-E_KLRC2,B cell,NK cell,2,2.0,1.717817059483726,True,True,Deng_Liu_LUAD_2024;UKIM-V-2,1.0,0.858908529741863,I-II,1,0.0,8,0.0,4.0,2,0.0,0.858908529741863
APP_CD74,T cell CD4,myeloid dividing,2,2.0,1.9363566217732884,False,True,Deng_Liu_LUAD_2024;UKIM-V-2,1.0,0.9681783108866442,I-II,1,0.11821154392948535,8,0.0,2.0,2,0.11821154392948535,0.8499667669571589
PTPRC_CD22,NK cell,B cell,2,2.0,1.92260101010101,True,True,Deng_Liu_LUAD_2024;UKIM-V-2,1.0,0.961300505050505,I-II,1,0.11606127381290873,8,0.0,4.0,2,0.11606127381290873,0.8452392312375963
APP_CD74,T cell CD4,Macrophage,2,2.0,1.9265642536475869,False,True,Deng_Liu_LUAD_2024;UKIM-V-2,1.0,0.9632821268237934,I-II,1,0.1183892522035826,8,0.0,4.0,2,0.1183892522035826,0.8448928746202109
PTPRC_CD22,T cell CD4,B cell,2,2.0,1.911019921436588,True,True,Deng_Liu_LUAD_2024;UKIM-V-2,1.0,0.955509960718294,I-II,1,0.11163633778788741,8,0.0,4.0,2,0.11163633778788741,0.8438736229304066
CD52_SIGLEC10,T cell CD4,Monocyte classical,2,2.0,1.6751297699214365,True,True,Deng_Liu_LUAD_2024;UKIM-V-2,1.0,0.8375648849607182,I-II,1,0.0,8,0.0,4.0,2,0.0,0.8375648849607182
APP_CD74,B cell,Macrophage alveolar,2,2.0,1.9384399551066216,False,True,Deng_Liu_LUAD_2024;UKIM-V-2,1.0,0.9692199775533108,I-II,1,0.13595190706365004,7,0.0,4.0,2,0.13595190706365004,0.8332680704896608
APP_CD74,T cell CD4,Macrophage alveolar,2,2.0,1.9334806397306397,False,True,Deng_Liu_LUAD_2024;UKIM-V-2,1.0,0.9667403198653198,I-II,1,0.13542385962061823,7,0.0,4.0,2,0.13542385962061823,0.8313164602447016
PTPRC_CD22,NK cell,Mast cell,2,2.0,1.8892676767676768,True,True,Deng_Liu_LUAD_2024;UKIM-V-2,1.0,0.9446338383838384,I-II,1,0.11472846175717942,8,0.0,4.0,2,0.11472846175717942,0.829905376626659
PTPRC_CD22,T cell CD4,Mast cell,2,2.0,1.8656846240179574,True,True,Deng_Liu_LUAD_2024;UKIM-V-2,1.0,0.9328423120089787,I-II,1,0.10969931760022747,8,0.0,4.0,2,0.10969931760022747,0.8231429944087513
CD44_TYROBP,Plasma cell,Mast cell,2,2.0,1.628591470258137,False,True,Deng_Liu_LUAD_2024;UKIM-V-2,1.0,0.8142957351290685,I-II,1,0.0,7,0.0,4.0,2,0.0,0.8142957351290685
CD44_TYROBP,Mast cell,Plasma cell,2,2.0,1.6207947530864197,True,False,Deng_Liu_LUAD_2024;UKIM-V-2,1.0,0.8103973765432099,I-II,1,0.0,7,0.0,4.0,2,0.0,0.8103973765432099
PTPRC_CD22,B cell,B cell,2,2.0,1.7912948933782267,False,True,Deng_Liu_LUAD_2024;UKIM-V-2,1.0,0.8956474466891133,I-II,1,0.10410150696616434,8,0.0,4.0,2,0.10410150696616434,0.791545939722949
PTPRC_MRC1,T cell CD4 dividing,T cell regulatory,2,2.0,1.7406355218855218,True,False,Deng_Liu_LUAD_2024;UKIM-V-2,1.0,0.8703177609427609,I-II,1,0.09372334375888541,8,0.0,3.0,2,0.09372334375888541,0.7765944171838755
PTPRC_CD22,T cell regulatory,Macrophage,2,2.0,1.743476430976431,True,False,Deng_Liu_LUAD_2024;UKIM-V-2,1.0,0.8717382154882155,I-II,1,0.10717592592592592,8,0.0,4.0,2,0.10717592592592592,0.7645622895622896
PTPRC_CD22,Monocyte classical,B cell,2,2.0,1.7355920314253648,False,True,Deng_Liu_LUAD_2024;UKIM-V-2,1.0,0.8677960157126824,I-II,1,0.10655388114870629,8,0.0,4.0,2,0.10655388114870629,0.7612421345639762
APP_CD74,B cell,cDC2,2,2.0,1.9758627946127945,False,True,Deng_Liu_LUAD_2024;UKIM-V-2,1.0,0.9879313973063972,I-II,1,0.2427978706236974,8,0.0,4.0,2,0.2427978706236974,0.7451335266826998
PTPRC_CD22,T cell CD4 dividing,Macrophage alveolar,2,2.0,1.6927258698092031,True,False,Deng_Liu_LUAD_2024;UKIM-V-2,1.0,0.8463629349046016,I-II,1,0.10390348917502742,7,0.0,3.0,2,0.10390348917502742,0.7424594457295741
CD52_SIGLEC10,B cell,B cell,2,2.0,1.6540333894500563,True,False,Deng_Liu_LUAD_2024;UKIM-V-2,1.0,0.8270166947250281,I-II,1,0.09402544782485073,8,0.0,4.0,2,0.09402544782485073,0.7329912469001774
APP_CD74,B cell,myeloid dividing,2,2.0,1.940165544332211,False,True,Deng_Liu_LUAD_2024;UKIM-V-2,1.0,0.9700827721661055,I-II,1,0.23909893376667765,8,0.0,2.0,2,0.23909893376667765,0.7309838383994278
APP_CD74,B cell,Macrophage,2,2.0,1.930969416386083,False,True,Deng_Liu_LUAD_2024;UKIM-V-2,1.0,0.9654847081930416,I-II,1,0.23839779199407699,8,0.0,4.0,2,0.23839779199407699,0.7270869161989646
PLAU_PLAUR,Mast cell,Monocyte classical,2,2.0,1.6067375140291806,False,True,Deng_Liu_LUAD_2024;UKIM-V-2,1.0,0.8033687570145903,I-II,1,0.07801393232868922,8,0.0,4.0,2,0.07801393232868922,0.7253548246859011
PTPRC_CD22,T cell regulatory,myeloid dividing,2,2.0,1.7613285634118967,True,False,Deng_Liu_LUAD_2024;UKIM-V-2,1.0,0.8806642817059483,I-II,1,0.16252605549921934,8,0.0,2.0,2,0.16252605549921934,0.7181382262067291
CD44_TYROBP,Macrophage alveolar,Plasma cell,2,2.0,1.4248597081930416,True,False,Deng_Liu_LUAD_2024;UKIM-V-2,1.0,0.7124298540965208,I-II,1,0.0,7,0.0,4.0,2,0.0,0.7124298540965208
PTPRC_CD22,Macrophage alveolar,B cell,2,2.0,1.6260732323232323,True,True,Deng_Liu_LUAD_2024;UKIM-V-2,1.0,0.8130366161616162,I-II,1,0.10565010764044032,7,0.0,4.0,2,0.10565010764044032,0.7073865085211758
CD44_TYROBP,T cell CD4,Mast cell,2,2.0,1.8572039842873176,False,True,Deng_Liu_LUAD_2024;UKIM-V-2,1.0,0.9286019921436588,I-II,1,0.22299791968364846,8,0.0,4.0,2,0.22299791968364846,0.7056040724600103
CD44_TYROBP,T cell CD4 dividing,Mast cell,2,2.0,1.845142396184063,True,True,Deng_Liu_LUAD_2024;UKIM-V-2,1.0,0.9225711980920315,I-II,1,0.21708587840426768,8,0.0,3.0,2,0.21708587840426768,0.7054853196877637
CD44_TYROBP,T cell regulatory,Mast cell,2,2.0,1.8472222222222223,False,True,Deng_Liu_LUAD_2024;UKIM-V-2,1.0,0.9236111111111112,I-II,1,0.22526060572199658,8,0.0,4.0,2,0.22526060572199658,0.6983505053891146
CD44_TYROBP,T cell CD8 effector memory,Mast cell,2,2.0,1.8440867003367003,False,True,Deng_Liu_LUAD_2024;UKIM-V-2,1.0,0.9220433501683502,I-II,1,0.22409044214424792,8,0.0,4.0,2,0.22409044214424792,0.6979529080241023
PTPRC_CD22,Macrophage,B cell,2,2.0,1.5804538439955107,False,True,Deng_Liu_LUAD_2024;UKIM-V-2,1.0,0.7902269219977553,I-II,1,0.09237276087574638,8,0.0,4.0,2,0.09237276087574638,0.6978541611220089
ANXA1_FPR2,Mast cell,myeloid dividing,2,2.0,1.7130225869809204,True,True,Deng_Liu_LUAD_2024;UKIM-V-2,1.0,0.8565112934904602,I-II,1,0.17367205957451826,8,0.0,2.0,2,0.17367205957451826,0.6828392339159419
CD44_TYROBP,myeloid dividing,Plasma cell,2,2.0,1.3629980359147025,True,False,Deng_Liu_LUAD_2024;UKIM-V-2,1.0,0.6814990179573512,I-II,1,0.0,7,0.0,2.0,2,0.0,0.6814990179573512
CD44_TYROBP,B cell,Mast cell,2,2.0,1.7774901795735127,False,True,Deng_Liu_LUAD_2024;UKIM-V-2,1.0,0.8887450897867564,I-II,1,0.21189746009651814,8,0.0,4.0,2,0.21189746009651814,0.6768476296902383
PTPRC_MRC1,B cell,cDC2,2,2.0,1.8515502244668913,False,True,Deng_Liu_LUAD_2024;UKIM-V-2,1.0,0.9257751122334457,I-II,1,0.25041149352531283,8,0.0,4.0,2,0.25041149352531283,0.6753636187081329
PTPRC_MRC1,NK cell,cDC2,2,2.0,1.947509820426487,True,True,Deng_Liu_LUAD_2024;UKIM-V-2,1.0,0.9737549102132435,I-II,1,0.3008494048349087,8,0.0,4.0,2,0.3008494048349087,0.6729055053783348
PTPRC_MRC1,cDC2,T cell regulatory,2,2.0,1.4954615600448933,True,False,Deng_Liu_LUAD_2024;UKIM-V-2,1.0,0.7477307800224466,I-II,1,0.07506397497867501,8,0.0,4.0,2,0.07506397497867501,0.6726668050437716
PLAU_PLAUR,Mast cell,Macrophage,2,2.0,1.462969977553311,False,True,Deng_Liu_LUAD_2024;UKIM-V-2,1.0,0.7314849887766555,I-II,1,0.06054520898493034,8,0.0,4.0,2,0.06054520898493034,0.6709397797917251
PTPRC_MRC1,Macrophage alveolar,cDC2,2,2.0,1.716989337822671,True,True,Deng_Liu_LUAD_2024;UKIM-V-2,1.0,0.8584946689113355,I-II,1,0.18835473767711663,7,0.0,4.0,2,0.18835473767711663,0.6701399312342189
PTPRC_MRC1,T cell CD4,cDC2,2,2.0,1.9356832210998878,True,True,Deng_Liu_LUAD_2024;UKIM-V-2,1.0,0.9678416105499439,I-II,1,0.29905178301263785,8,0.0,4.0,2,0.29905178301263785,0.6687898275373061
PVR_CD96,Macrophage alveolar,T cell CD8 effector memory,2,2.0,1.4537107182940516,True,True,Deng_Liu_LUAD_2024;UKIM-V-2,1.0,0.7268553591470258,I-II,1,0.06870709614525367,7,0.0,4.0,2,0.06870709614525367,0.6581482630017721
PTPRC_MRC1,Plasma cell,Macrophage alveolar,2,2.0,1.7495650953984287,False,True,Deng_Liu_LUAD_2024;UKIM-V-2,1.0,0.8747825476992144,I-II,1,0.0,7,0.224151758220075,4.0,2,0.224151758220075,0.6506307894791394
PTPRC_CD22,T cell CD4 dividing,Macrophage,2,2.0,1.6953212682379348,True,False,Deng_Liu_LUAD_2024;UKIM-V-2,1.0,0.8476606341189674,I-II,1,0.18720498476340472,8,0.19725738396624473,3.0,2,0.19725738396624473,0.6504032501527227
PTPRC_CD22,T cell CD8 effector memory,B cell,2,2.0,1.9269921436588104,True,True,Deng_Liu_LUAD_2024;UKIM-V-2,1.0,0.9634960718294052,I-II,1,0.3141831634434966,8,0.0,4.0,2,0.3141831634434966,0.6493129083859086
CD44_TYROBP,Mast cell,T cell CD4 dividing,2,2.0,1.631625280583614,True,False,Deng_Liu_LUAD_2024;UKIM-V-2,1.0,0.815812640291807,I-II,1,0.1667878704428271,8,0.0,3.0,2,0.1667878704428271,0.6490247698489799
PVR_CD96,myeloid dividing,T cell CD8 effector memory,2,2.0,1.4122895622895624,False,True,Deng_Liu_LUAD_2024;UKIM-V-2,1.0,0.7061447811447812,I-II,1,0.05903468865510378,8,0.0,2.0,2,0.05903468865510378,0.6471100924896774
CD44_TYROBP,NK cell,Mast cell,2,2.0,1.7227483164983166,False,True,Deng_Liu_LUAD_2024;UKIM-V-2,1.0,0.8613741582491583,I-II,1,0.21507177901880942,8,0.0,4.0,2,0.21507177901880942,0.6463023792303488
PTPRC_CD22,Macrophage alveolar,Mast cell,2,2.0,1.488980078563412,True,True,Deng_Liu_LUAD_2024;UKIM-V-2,1.0,0.744490039281706,I-II,1,0.10057272838051912,7,0.0,4.0,2,0.10057272838051912,0.6439173109011869
PTPRC_MRC1,Monocyte classical,cDC2,2,2.0,1.7982323232323232,False,True,Deng_Liu_LUAD_2024;UKIM-V-2,1.0,0.8991161616161616,I-II,1,0.2599208359825524,8,0.0,4.0,2,0.2599208359825524,0.6391953256336091
ANXA1_FPR2,Macrophage alveolar,myeloid dividing,2,2.0,1.5928626543209876,True,True,Deng_Liu_LUAD_2024;UKIM-V-2,1.0,0.7964313271604938,I-II,1,0.15747288770986995,7,0.0,2.0,2,0.15747288770986995,0.6389584394506238
CD86_CTLA4,cDC2,T cell CD8 effector memory,2,2.0,1.4581369248035916,True,False,Deng_Liu_LUAD_2024;UKIM-V-2,1.0,0.7290684624017958,I-II,1,0.0904079119136407,8,0.0,4.0,2,0.0904079119136407,0.6386605504881551
CD44_TYROBP,Mast cell,T cell CD4,2,2.0,1.6096275252525252,True,False,Deng_Liu_LUAD_2024;UKIM-V-2,1.0,0.8048137626262626,I-II,1,0.16682080648585987,8,0.0,4.0,2,0.16682080648585987,0.6379929561404027
PTPRC_CD22,T cell CD8 effector memory,Mast cell,2,2.0,1.8943813131313132,True,True,Deng_Liu_LUAD_2024;UKIM-V-2,1.0,0.9471906565656566,I-II,1,0.310996615053814,8,0.0,4.0,2,0.310996615053814,0.6361940415118426
PVR_CD96,Macrophage,T cell CD8 effector memory,2,2.0,1.3821548821548821,False,True,Deng_Liu_LUAD_2024;UKIM-V-2,1.0,0.6910774410774411,I-II,1,0.05679556440147853,8,0.0,4.0,2,0.05679556440147853,0.6342818766759626
PTPRC_CD22,cDC2,Macrophage alveolar,2,2.0,1.4196303310886644,True,False,Deng_Liu_LUAD_2024;UKIM-V-2,1.0,0.7098151655443322,I-II,1,0.08223323449368374,7,0.0,4.0,2,0.08223323449368374,0.6275819310506485
CD52_SIGLEC10,Macrophage alveolar,B cell,2,2.0,1.472509820426487,True,False,Deng_Liu_LUAD_2024;UKIM-V-2,1.0,0.7362549102132435,I-II,1,0.11143831999675048,7,0.07555379746835443,4.0,2,0.11143831999675048,0.624816590216493
CXCL2_DPP4,Macrophage,T cell CD4,2,2.0,1.3281320145903481,True,False,Deng_Liu_LUAD_2024;UKIM-V-2,1.0,0.6640660072951741,I-II,1,0.039948820017059995,8,0.0,4.0,2,0.039948820017059995,0.624117187278114
PTPRC_CD22,Mast cell,B cell,2,2.0,1.411311026936027,False,True,Deng_Liu_LUAD_2024;UKIM-V-2,1.0,0.7056555134680135,I-II,1,0.08295422234859255,8,0.0,4.0,2,0.08295422234859255,0.622701291119421
PTPRC_MRC1,Mast cell,Monocyte classical,2,2.0,1.4842803030303031,False,True,Deng_Liu_LUAD_2024;UKIM-V-2,1.0,0.7421401515151516,I-II,1,0.1273504862593141,8,0.0,4.0,2,0.1273504862593141,0.6147896652558374
PTPRC_MRC1,B cell,Monocyte classical,2,2.0,1.800631313131313,False,True,Deng_Liu_LUAD_2024;UKIM-V-2,1.0,0.9003156565656565,I-II,1,0.1947811995394359,8,0.28619228457992263,4.0,2,0.28619228457992263,0.6141233719857339
PTPRC_MRC1,Macrophage,cDC2,2,2.0,1.6868195847362515,False,True,Deng_Liu_LUAD_2024;UKIM-V-2,1.0,0.8434097923681257,I-II,1,0.2297885098260215,8,0.0,4.0,2,0.2297885098260215,0.6136212825421042
ANXA1_FPR2,Macrophage,myeloid dividing,2,2.0,1.4498737373737374,True,True,Deng_Liu_LUAD_2024;UKIM-V-2,1.0,0.7249368686868687,I-II,1,0.11663520374325691,8,0.0,2.0,2,0.11663520374325691,0.6083016649436118
ANXA1_FPR3,T cell CD8 effector memory,Macrophage alveolar,2,2.0,1.563043630751964,False,True,Deng_Liu_LUAD_2024;UKIM-V-2,1.0,0.781521815375982,I-II,1,0.17632055877929906,7,0.0,4.0,2,0.17632055877929906,0.6052012565966829
PTPRC_MRC1,Macrophage alveolar,Monocyte classical,2,2.0,1.6501227553310889,True,True,Deng_Liu_LUAD_2024;UKIM-V-2,1.0,0.8250613776655444,I-II,1,0.19195829679396006,7,0.22105035786251143,4.0,2,0.22105035786251143,0.6040110198030331
CD44_TYROBP,Monocyte classical,Plasma cell,2,2.0,1.512405303030303,True,False,Deng_Liu_LUAD_2024;UKIM-V-2,1.0,0.7562026515151515,I-II,1,0.0,7,0.156235238545111,4.0,2,0.156235238545111,0.5999674129700405
PTPRC_MRC1,Plasma cell,myeloid dividing,2,2.0,1.1984813411896744,False,True,Deng_Liu_LUAD_2024;UKIM-V-2,1.0,0.5992406705948372,I-II,1,0.0,7,0.0,2.0,2,0.0,0.5992406705948372
CD99_PILRA,T cell CD8 effector memory,Monocyte classical,2,2.0,1.4948162177328843,False,True,Deng_Liu_LUAD_2024;UKIM-V-2,1.0,0.7474081088664422,I-II,1,0.15055675533010565,8,0.0,4.0,2,0.15055675533010565,0.5968513535363364
CD52_SIGLEC10,T cell CD4 dividing,B cell,2,2.0,1.546043771043771,True,False,Deng_Liu_LUAD_2024;UKIM-V-2,1.0,0.7730218855218856,I-II,1,0.17957799229177268,8,0.0,3.0,2,0.17957799229177268,0.5934438932301129
PVR_CD96,Macrophage alveolar,T cell CD4,2,2.0,1.300273569023569,True,True,Deng_Liu_LUAD_2024;UKIM-V-2,1.0,0.6501367845117845,I-II,1,0.058227385352776315,7,0.0,4.0,2,0.058227385352776315,0.5919093991590082
ANXA1_FPR3,T cell CD4,Macrophage alveolar,2,2.0,1.5257821268237934,False,True,Deng_Liu_LUAD_2024;UKIM-V-2,1.0,0.7628910634118967,I-II,1,0.17671620696165344,7,0.0,4.0,2,0.17671620696165344,0.5861748564502433
CD99_PILRA,T cell CD8 effector memory,myeloid dividing,2,2.0,1.310297418630752,False,True,Deng_Liu_LUAD_2024;UKIM-V-2,1.0,0.655148709315376,I-II,1,0.0691904920212766,8,0.0,2.0,2,0.0691904920212766,0.5859582172940995
HLA-E_CD94:NKG2A,Macrophage,T cell CD8 effector memory,2,2.0,1.4772446689113354,True,False,Deng_Liu_LUAD_2024;UKIM-V-2,1.0,0.7386223344556677,I-II,1,0.15291489790637294,8,0.0,4.0,2,0.15291489790637294,0.5857074365492948
CD44_TYROBP,Mast cell,Fibroblast peribronchial,2,2.0,1.606909371492705,True,False,Deng_Liu_LUAD_2024;UKIM-V-2,1.0,0.8034546857463525,I-II,1,0.21922937246664062,6,0.0,4.0,2,0.21922937246664062,0.5842253132797118
CD44_TYROBP,Macrophage,Plasma cell,2,2.0,1.4469556677890012,True,False,Deng_Liu_LUAD_2024;UKIM-V-2,1.0,0.7234778338945006,I-II,1,0.0,7,0.14188710439300897,4.0,2,0.14188710439300897,0.5815907295014916
ANXA1_FPR2,Macrophage alveolar,Monocyte classical,2,2.0,1.7141414141414142,True,True,Deng_Liu_LUAD_2024;UKIM-V-2,1.0,0.8570707070707071,I-II,1,0.2770261060888684,7,0.10145739910313901,4.0,2,0.2770261060888684,0.5800446009818387
PTPRC_MRC1,Plasma cell,cDC2,2,2.0,1.1564920033670034,False,True,Deng_Liu_LUAD_2024;UKIM-V-2,1.0,0.5782460016835017,I-II,1,0.0,7,0.0,4.0,2,0.0,0.5782460016835017
CD99_PILRA,NK cell,Monocyte classical,2,2.0,1.4552574354657688,False,True,Deng_Liu_LUAD_2024;UKIM-V-2,1.0,0.7276287177328844,I-II,1,0.1499431551152616,8,0.0,4.0,2,0.1499431551152616,0.5776855626176228
PECAM1_CD38,Macrophage alveolar,Plasma cell,2,2.0,1.293013468013468,True,True,Deng_Liu_LUAD_2024;UKIM-V-2,1.0,0.646506734006734,I-II,1,0.0,7,0.06979196568742711,4.0,2,0.06979196568742711,0.5767147683193069
CD86_CTLA4,cDC2,T cell CD4,2,2.0,1.549249438832772,True,False,Deng_Liu_LUAD_2024;UKIM-V-2,1.0,0.774624719416386,I-II,1,0.1998208613247154,8,0.11198791882530298,4.0,2,0.1998208613247154,0.5748038580916706
PVR_CD96,myeloid dividing,T cell CD4,2,2.0,1.2462436868686868,False,True,Deng_Liu_LUAD_2024;UKIM-V-2,1.0,0.6231218434343434,I-II,1,0.04963392095535968,8,0.0,2.0,2,0.04963392095535968,0.5734879224789837
PTPRC_MRC1,Mast cell,cDC2,2,2.0,1.5369037598204265,False,True,Deng_Liu_LUAD_2024;UKIM-V-2,1.0,0.7684518799102132,I-II,1,0.19556635681691134,8,0.0,4.0,2,0.19556635681691134,0.5728855230933019
PTPRC_MRC1,myeloid dividing,T cell regulatory,2,2.0,1.27317620650954,True,False,Deng_Liu_LUAD_2024;UKIM-V-2,1.0,0.63658810325477,I-II,1,0.06436593687802104,8,0.0,2.0,2,0.06436593687802104,0.5722221663767489
ANXA1_FPR2,Macrophage alveolar,Macrophage alveolar,2,2.0,1.6740425084175086,True,True,Deng_Liu_LUAD_2024;UKIM-V-2,1.0,0.8370212542087543,I-II,1,0.26547514526049343,7,0.07847533632286996,4.0,2,0.26547514526049343,0.5715461089482609
PTPRC_MRC1,T cell CD4,Monocyte classical,2,2.0,1.8871913580246913,True,True,Deng_Liu_LUAD_2024;UKIM-V-2,1.0,0.9435956790123456,I-II,1,0.24976049409192935,8,0.37457247836979723,4.0,2,0.37457247836979723,0.5690232006425484
PVR_TIGIT,Macrophage,T cell regulatory,2,2.0,1.2625771604938272,False,True,Deng_Liu_LUAD_2024;UKIM-V-2,1.0,0.6312885802469136,I-II,1,0.06571651976116008,8,0.0,4.0,2,0.06571651976116008,0.5655720604857535
CD52_SIGLEC10,cDC2,Monocyte classical,2,2.0,1.3027918069584736,True,True,Deng_Liu_LUAD_2024;UKIM-V-2,1.0,0.6513959034792368,I-II,1,0.07102999715666762,8,0.08744394618834081,4.0,2,0.08744394618834081,0.563951957290896
ANXA1_FPR2,Mast cell,Macrophage alveolar,2,2.0,1.7846064814814815,True,True,Deng_Liu_LUAD_2024;UKIM-V-2,1.0,0.8923032407407407,I-II,1,0.32903928264376653,7,0.0,4.0,2,0.32903928264376653,0.5632639580969743
VEGFA_FLT1,Monocyte classical,Macrophage alveolar,2,2.0,1.1250946969696969,True,True,Deng_Liu_LUAD_2024;UKIM-V-2,1.0,0.5625473484848484,I-II,1,0.0,7,0.0,4.0,2,0.0,0.5625473484848484
CD99_PILRA,NK cell,myeloid dividing,2,2.0,1.2594030583613915,False,True,Deng_Liu_LUAD_2024;UKIM-V-2,1.0,0.6297015291806958,I-II,1,0.0691904920212766,8,0.0,2.0,2,0.0691904920212766,0.5605110371594192
PLAU_PLAUR,Mast cell,myeloid dividing,2,2.0,1.2103956228956227,False,True,Deng_Liu_LUAD_2024;UKIM-V-2,1.0,0.6051978114478114,I-II,1,0.04535115154961615,8,0.0,2.0,2,0.04535115154961615,0.5598466598981953
PLAU_PLAUR,Mast cell,cDC2,2,2.0,1.1976571268237934,False,True,Deng_Liu_LUAD_2024;UKIM-V-2,1.0,0.5988285634118967,I-II,1,0.03955786181404606,8,0.0,4.0,2,0.03955786181404606,0.5592707015978506
PVR_CD96,Macrophage,T cell CD4,2,2.0,1.2130050505050505,False,True,Deng_Liu_LUAD_2024;UKIM-V-2,1.0,0.6065025252525252,I-II,1,0.04767912994029002,8,0.0,4.0,2,0.04767912994029002,0.5588233953122352
PTPRC_MRC1,NK cell,Monocyte classical,2,2.0,1.904783950617284,True,True,Deng_Liu_LUAD_2024;UKIM-V-2,1.0,0.952391975308642,I-II,1,0.36976419304564656,8,0.3963585172473586,4.0,2,0.3963585172473586,0.5560334580612833
PTPRC_MRC1,T cell CD8 effector memory,Monocyte classical,2,2.0,1.9053065375982041,True,True,Deng_Liu_LUAD_2024;UKIM-V-2,1.0,0.9526532687991021,I-II,1,0.3892368216787852,8,0.4008220822396154,4.0,2,0.4008220822396154,0.5518311865594867
PTPRC_CD22,T cell CD4 dividing,myeloid dividing,2,2.0,1.71415544332211,True,False,Deng_Liu_LUAD_2024;UKIM-V-2,1.0,0.857077721661055,I-II,1,0.30664929713207234,8,0.0,2.0,2,0.30664929713207234,0.5504284245289827
CD44_TYROBP,Fibroblast peribronchial,Mast cell,2,2.0,1.6472923681257015,False,True,Deng_Liu_LUAD_2024;UKIM-V-2,1.0,0.8236461840628507,I-II,1,0.2735776084110262,6,0.0,4.0,2,0.2735776084110262,0.5500685756518245
PTPRC_CD22,cDC2,Macrophage,2,2.0,1.4287037037037038,True,False,Deng_Liu_LUAD_2024;UKIM-V-2,1.0,0.7143518518518519,I-II,1,0.16558076916626396,8,0.0,4.0,2,0.16558076916626396,0.5487710826855879
PTPRC_MRC1,T cell CD8 effector memory,cDC2,2,2.0,1.951192480359147,True,True,Deng_Liu_LUAD_2024;UKIM-V-2,1.0,0.9755962401795735,I-II,1,0.4289856001817949,8,0.0,4.0,2,0.4289856001817949,0.5466106399977786
PVR_CD96,Macrophage alveolar,NK cell,2,2.0,1.1752981200897867,True,True,Deng_Liu_LUAD_2024;UKIM-V-2,1.0,0.5876490600448934,I-II,1,0.04161420041431414,7,0.0,4.0,2,0.04161420041431414,0.5460348596305792
ANXA1_FPR2,myeloid dividing,myeloid dividing,2,2.0,1.4843364197530864,True,True,Deng_Liu_LUAD_2024;UKIM-V-2,1.0,0.7421682098765432,I-II,1,0.19740993720920041,8,0.0,2.0,2,0.19740993720920041,0.5447582726673428
CXCL2_DPP4,Macrophage,T cell CD4 dividing,2,2.0,1.20459455667789,True,False,Deng_Liu_LUAD_2024;UKIM-V-2,1.0,0.602297278338945,I-II,1,0.05757271335629545,8,0.0,3.0,2,0.05757271335629545,0.5447245649826495
PTPRC_MRC1,B cell,myeloid dividing,2,2.0,1.8610479797979798,False,True,Deng_Liu_LUAD_2024;UKIM-V-2,1.0,0.9305239898989899,I-II,1,0.38700891803376236,8,0.0,2.0,2,0.38700891803376236,0.5435150718652275
ANXA1_FPR2,Macrophage,Macrophage alveolar,2,2.0,1.5355218855218855,True,True,Deng_Liu_LUAD_2024;UKIM-V-2,1.0,0.7677609427609428,I-II,1,0.2282665048413696,7,0.12801133679735474,4.0,2,0.2282665048413696,0.5394944379195732
ANXA1_FPR3,NK cell,Macrophage alveolar,2,2.0,1.4073723344556677,False,True,Deng_Liu_LUAD_2024;UKIM-V-2,1.0,0.7036861672278338,I-II,1,0.165481548288253,7,0.0,4.0,2,0.165481548288253,0.5382046189395808
PTPRC_MRC1,Monocyte classical,Monocyte classical,2,2.0,1.72038790684624,False,True,Deng_Liu_LUAD_2024;UKIM-V-2,1.0,0.86019395342312,I-II,1,0.3077419409027443,8,0.32209606680100217,4.0,2,0.32209606680100217,0.5380978866221178
CD99_PILRA,T cell CD4,Monocyte classical,2,2.0,1.3490179573512906,False,True,Deng_Liu_LUAD_2024;UKIM-V-2,1.0,0.6745089786756453,I-II,1,0.13797571682063425,8,0.0,4.0,2,0.13797571682063425,0.536533261855011
PTPRC_MRC1,Plasma cell,Macrophage,2,2.0,1.5758768237934904,False,True,Deng_Liu_LUAD_2024;UKIM-V-2,1.0,0.7879384118967452,I-II,1,0.0,7,0.258544531159263,4.0,2,0.258544531159263,0.5293938807374822
VEGFA_NRP1,Mast cell,Fibroblast peribronchial,2,2.0,1.23491512345679,True,True,Deng_Liu_LUAD_2024;UKIM-V-2,1.0,0.617457561728395,I-II,1,0.0902456949153555,6,0.0,4.0,2,0.0902456949153555,0.5272118668130396
ANXA1_FPR2,Monocyte classical,myeloid dividing,2,2.0,1.360206228956229,True,True,Deng_Liu_LUAD_2024;UKIM-V-2,1.0,0.6801031144781144,I-II,1,0.15404201491637912,8,0.0,2.0,2,0.15404201491637912,0.5260610995617353
PVR_CD96,myeloid dividing,NK cell,2,2.0,1.1192515432098766,False,True,Deng_Liu_LUAD_2024;UKIM-V-2,1.0,0.5596257716049383,I-II,1,0.035452800682399775,8,0.0,2.0,2,0.035452800682399775,0.5241729709225386
APP_TNFRSF21,Fibroblast peribronchial,Mast cell,2,2.0,1.152760241301908,True,False,Deng_Liu_LUAD_2024;UKIM-V-2,1.0,0.576380120650954,I-II,1,0.05239311104435767,6,0.0,4.0,2,0.05239311104435767,0.5239870096065964
RARRES2_CMKLR1,Fibroblast peribronchial,Macrophage alveolar,2,2.0,1.3479131593714926,True,False,Deng_Liu_LUAD_2024;UKIM-V-2,1.0,0.6739565796857463,I-II,1,0.15028537098227696,5,0.0,4.0,2,0.15028537098227696,0.5236712087034694
VEGFA_NRP1,Mast cell,Macrophage,2,2.0,1.3270447530864198,True,True,Deng_Liu_LUAD_2024;UKIM-V-2,1.0,0.6635223765432099,I-II,1,0.14169985895786247,8,0.0,4.0,2,0.14169985895786247,0.5218225175853475
PTPRC_MRC1,Macrophage,Monocyte classical,2,2.0,1.6103184624017959,False,True,Deng_Liu_LUAD_2024;UKIM-V-2,1.0,0.8051592312008979,I-II,1,0.2592538756293226,8,0.2858441758399455,4.0,2,0.2858441758399455,0.5193150553609525
ANXA1_FPR3,Monocyte classical,Monocyte classical,2,2.0,1.5731341189674524,True,True,Deng_Liu_LUAD_2024;UKIM-V-2,1.0,0.7865670594837262,I-II,1,0.2679775684549907,8,0.1797945205479452,4.0,2,0.2679775684549907,0.5185894910287354
PTPRC_CD22,myeloid dividing,Macrophage alveolar,2,2.0,1.1751437991021323,True,False,Deng_Liu_LUAD_2024;UKIM-V-2,1.0,0.5875718995510661,I-II,1,0.06970226248019822,7,0.0,2.0,2,0.06970226248019822,0.517869637070868
APP_CD74,Monocyte classical,B cell,2,2.0,1.9759960718294052,False,True,Deng_Liu_LUAD_2024;UKIM-V-2,1.0,0.9879980359147026,I-II,1,0.4719175199005845,8,0.46489427061222294,4.0,2,0.4719175199005845,0.5160805160141181
CXCL2_DPP4,Macrophage,Mast cell,2,2.0,1.216989337822671,True,False,Deng_Liu_LUAD_2024;UKIM-V-2,1.0,0.6084946689113355,I-II,1,0.09276626942712565,8,0.0,4.0,2,0.09276626942712565,0.5157283994842099
CXCL2_DPP4,Monocyte classical,T cell CD4,2,2.0,1.1342206790123457,True,False,Deng_Liu_LUAD_2024;UKIM-V-2,1.0,0.5671103395061728,I-II,1,0.051642024452658516,8,0.0,4.0,2,0.051642024452658516,0.5154683150535143
PVR_CD96,Macrophage alveolar,T cell regulatory,2,2.0,1.135483305274972,True,True,Deng_Liu_LUAD_2024;UKIM-V-2,1.0,0.567741652637486,I-II,1,0.05406393435964092,7,0.0,4.0,2,0.05406393435964092,0.513677718277845
CCL20_CCR6,Monocyte classical,cDC2,2,2.0,1.2032933501683503,True,True,Deng_Liu_LUAD_2024;UKIM-V-2,1.0,0.6016466750841751,I-II,1,0.0880569606534976,8,0.0,4.0,2,0.0880569606534976,0.5135897144306776
ANXA1_FPR2,Mast cell,Monocyte classical,2,2.0,1.8151936026936026,True,True,Deng_Liu_LUAD_2024;UKIM-V-2,1.0,0.9075968013468013,I-II,1,0.3942373653717763,8,0.0,4.0,2,0.3942373653717763,0.5133594359750251
CCL3_CCR1,Macrophage,Monocyte classical,2,2.0,1.5450126262626263,True,True,Deng_Liu_LUAD_2024;UKIM-V-2,1.0,0.7725063131313131,I-II,1,0.2604630907246721,8,0.0,4.0,2,0.2604630907246721,0.512043222406641
PLAU_PLAUR,Mast cell,Macrophage alveolar,2,2.0,1.1182484567901234,False,True,Deng_Liu_LUAD_2024;UKIM-V-2,1.0,0.5591242283950617,I-II,1,0.05053007839473577,7,0.0,4.0,2,0.05053007839473577,0.5085941500003259
PVR_CD96,Macrophage,NK cell,2,2.0,1.080681818181818,False,True,Deng_Liu_LUAD_2024;UKIM-V-2,1.0,0.540340909090909,I-II,1,0.0326805516064828,8,0.0,4.0,2,0.0326805516064828,0.5076603574844263
CD44_TYROBP,Mast cell,Mast cell,2,2.0,1.9156670875420874,True,True,Deng_Liu_LUAD_2024;UKIM-V-2,1.0,0.9578335437710437,I-II,1,0.4508521806630498,8,0.0,4.0,2,0.4508521806630498,0.5069813631079939
CD99_PILRA,T cell CD4,myeloid dividing,2,2.0,1.1380225869809204,False,True,Deng_Liu_LUAD_2024;UKIM-V-2,1.0,0.5690112934904602,I-II,1,0.0622298869680851,8,0.0,2.0,2,0.0622298869680851,0.5067814065223751
VEGFA_FLT1,cDC2,cDC2,2,2.0,1.2042157687991022,True,True,Deng_Liu_LUAD_2024;UKIM-V-2,1.0,0.6021078843995511,I-II,1,0.08678618982014451,8,0.09691455696202532,4.0,2,0.09691455696202532,0.5051933274375258
ANXA1_FPR2,Macrophage,Monocyte classical,2,2.0,1.5955246913580248,True,True,Deng_Liu_LUAD_2024;UKIM-V-2,1.0,0.7977623456790124,I-II,1,0.2936398070911971,8,0.14436702881435995,4.0,2,0.2936398070911971,0.5041225385878153
ANXA1_FPR2,cDC2,myeloid dividing,2,2.0,1.3707140852974187,True,True,Deng_Liu_LUAD_2024;UKIM-V-2,1.0,0.6853570426487093,I-II,1,0.18150261757135525,8,0.0,2.0,2,0.18150261757135525,0.5038544250773541
ANXA1_FPR3,Macrophage alveolar,Monocyte classical,2,2.0,1.721134960718294,True,True,Deng_Liu_LUAD_2024;UKIM-V-2,1.0,0.860567480359147,I-II,1,0.3567787075330813,7,0.15351913084553614,4.0,2,0.3567787075330813,0.5037887728260657
PTPRC_MRC1,T cell CD4,myeloid dividing,2,2.0,1.9395131874298541,True,True,Deng_Liu_LUAD_2024;UKIM-V-2,1.0,0.9697565937149271,I-II,1,0.46731518569052416,8,0.0,2.0,2,0.46731518569052416,0.5024414080244028
CD99_PILRA,Mast cell,Monocyte classical,2,2.0,1.2774060044893378,False,True,Deng_Liu_LUAD_2024;UKIM-V-2,1.0,0.6387030022446689,I-II,1,0.13668831456766603,8,0.0,4.0,2,0.13668831456766603,0.5020146876770029
PTPRC_CD22,cDC2,myeloid dividing,2,2.0,1.4516133557800224,True,False,Deng_Liu_LUAD_2024;UKIM-V-2,1.0,0.7258066778900112,I-II,1,0.22436253128121147,8,0.0,2.0,2,0.22436253128121147,0.5014441466087998
CCL20_CCR6,Macrophage,cDC2,2,2.0,1.063674943883277,True,True,Deng_Liu_LUAD_2024;UKIM-V-2,1.0,0.5318374719416386,I-II,1,0.032591697469434175,8,0.0,4.0,2,0.032591697469434175,0.49924577447220436
HLA-E_CD94:NKG2A,Macrophage alveolar,T cell CD8 effector memory,2,2.0,1.314702581369248,True,False,Deng_Liu_LUAD_2024;UKIM-V-2,1.0,0.657351290684624,I-II,1,0.15820434430205013,7,0.0,4.0,2,0.15820434430205013,0.49914694638257384
ANXA1_FPR3,Macrophage alveolar,Macrophage alveolar,2,2.0,1.7191568462401796,True,True,Deng_Liu_LUAD_2024;UKIM-V-2,1.0,0.8595784231200898,I-II,1,0.3609280672714865,7,0.08295964125560538,4.0,2,0.3609280672714865,0.4986503558486033
CD86_CTLA4,myeloid dividing,T cell CD8 effector memory,2,2.0,1.110209736251403,True,False,Deng_Liu_LUAD_2024;UKIM-V-2,1.0,0.5551048681257015,I-II,1,0.05720072220252562,8,0.0,2.0,2,0.05720072220252562,0.4979041459231759
VEGFA_NRP1,cDC2,Macrophage alveolar,2,2.0,1.1997124017957352,True,True,Deng_Liu_LUAD_2024;UKIM-V-2,1.0,0.5998562008978676,I-II,1,0.10199816215323552,7,0.05933544303797468,4.0,2,0.10199816215323552,0.4978580387446321
VEGFA_FLT1,Monocyte classical,myeloid dividing,2,2.0,1.2033529741863074,True,False,Deng_Liu_LUAD_2024;UKIM-V-2,1.0,0.6016764870931537,I-II,1,0.10464024036473016,8,0.0,2.0,2,0.10464024036473016,0.4970362467284235
PTPRC_MRC1,Monocyte classical,myeloid dividing,2,2.0,1.8096029741863076,False,True,Deng_Liu_LUAD_2024;UKIM-V-2,1.0,0.9048014870931538,I-II,1,0.40865689947804096,8,0.0,2.0,2,0.40865689947804096,0.4961445876151128
ANXA1_FPR2,Monocyte classical,Monocyte classical,2,2.0,1.514786756453423,True,True,Deng_Liu_LUAD_2024;UKIM-V-2,1.0,0.7573933782267115,I-II,1,0.26132550671948507,8,0.0,4.0,2,0.26132550671948507,0.4960678715072264
CD86_CTLA4,Monocyte classical,T cell CD4,2,2.0,1.0842171717171718,True,False,Deng_Liu_LUAD_2024;UKIM-V-2,1.0,0.5421085858585859,I-II,1,0.04668396360534546,8,0.0,4.0,2,0.04668396360534546,0.49542462225324047
PTPRC_CD22,T cell regulatory,Mast cell,2,2.0,1.890923120089787,True,True,Deng_Liu_LUAD_2024;UKIM-V-2,1.0,0.9454615600448935,I-II,1,0.4502609034064017,8,0.0,4.0,2,0.4502609034064017,0.4952006566384918
PTPRC_MRC1,Macrophage,myeloid dividing,2,2.0,1.7035879629629629,False,True,Deng_Liu_LUAD_2024;UKIM-V-2,1.0,0.8517939814814814,I-II,1,0.35691381963697405,8,0.0,2.0,2,0.35691381963697405,0.4948801618445074
CXCL2_DPP4,Monocyte classical,T cell CD4 dividing,2,2.0,0.9883838383838384,True,False,Deng_Liu_LUAD_2024;UKIM-V-2,1.0,0.4941919191919192,I-II,1,0.0,8,0.0,3.0,2,0.0,0.4941919191919192
ICAM1_integrin_aXb2_complex,Monocyte classical,NK cell,2,2.0,1.0873982884399551,True,False,Deng_Liu_LUAD_2024;UKIM-V-2,1.0,0.5436991442199776,I-II,1,0.04963392095535968,8,0.0,4.0,2,0.04963392095535968,0.4940652232646179
ANXA1_FPR3,Macrophage,Macrophage alveolar,2,2.0,1.6264344837261504,True,True,Deng_Liu_LUAD_2024;UKIM-V-2,1.0,0.8132172418630752,I-II,1,0.31947453193847836,7,0.15836088804912613,4.0,2,0.31947453193847836,0.49374270992459685
PTPRC_MRC1,Mast cell,myeloid dividing,2,2.0,1.5600589225589225,False,True,Deng_Liu_LUAD_2024;UKIM-V-2,1.0,0.7800294612794613,I-II,1,0.2863428614107966,8,0.0,2.0,2,0.2863428614107966,0.49368659986866464
VEGFA_NRP2,cDC2,Macrophage,2,2.0,1.3159476711560045,True,True,Deng_Liu_LUAD_2024;UKIM-V-2,1.0,0.6579738355780023,I-II,1,0.16433645914440353,8,0.09968354430379747,4.0,2,0.16433645914440353,0.49363737643359873
CCL3_CCR1,Monocyte classical,Monocyte classical,2,2.0,1.3745686026936026,True,True,Deng_Liu_LUAD_2024;UKIM-V-2,1.0,0.6872843013468013,I-II,1,0.19376140511360512,8,0.0,4.0,2,0.19376140511360512,0.4935228962331962
CD99_PILRA,Macrophage,Monocyte classical,2,2.0,1.264621913580247,False,True,Deng_Liu_LUAD_2024;UKIM-V-2,1.0,0.6323109567901235,I-II,1,0.1400580932632609,8,0.0,4.0,2,0.1400580932632609,0.4922528635268626
CD99_PILRA,Macrophage alveolar,Monocyte classical,2,2.0,1.1298085016835016,False,True,Deng_Liu_LUAD_2024;UKIM-V-2,1.0,0.5649042508417508,I-II,1,0.0743937609163654,7,0.0,4.0,2,0.0743937609163654,0.4905104899253854
PECAM1_CD38,myeloid dividing,Plasma cell,2,2.0,0.980885241301908,True,True,Deng_Liu_LUAD_2024;UKIM-V-2,1.0,0.490442620650954,I-II,1,0.0,7,0.0,2.0,2,0.0,0.490442620650954
HBEGF_EGFR,Monocyte classical,Fibroblast peribronchial,2,2.0,1.1474572109988777,True,False,Deng_Liu_LUAD_2024;UKIM-V-2,1.0,0.5737286054994388,I-II,1,0.08336314709865837,6,0.0,4.0,2,0.08336314709865837,0.49036545840078044
PVR_CD96,myeloid dividing,T cell regulatory,2,2.0,1.0731586700336702,False,True,Deng_Liu_LUAD_2024;UKIM-V-2,1.0,0.5365793350168351,I-II,1,0.04639963036678988,8,0.0,2.0,2,0.04639963036678988,0.4901797046500452
PTPRC_MRC1,NK cell,myeloid dividing,2,2.0,1.950834736251403,True,True,Deng_Liu_LUAD_2024;UKIM-V-2,1.0,0.9754173681257015,I-II,1,0.48566199297558765,8,0.0,2.0,2,0.48566199297558765,0.4897553751501138
VEGFA_NRP1,Mast cell,Macrophage alveolar,2,2.0,1.1586069023569023,True,True,Deng_Liu_LUAD_2024;UKIM-V-2,1.0,0.5793034511784512,I-II,1,0.08997891888018776,7,0.0,4.0,2,0.08997891888018776,0.4893245322982634
ICAM1_integrin_aXb2_complex,Monocyte classical,Mast cell,2,2.0,1.0706193883277217,True,False,Deng_Liu_LUAD_2024;UKIM-V-2,1.0,0.5353096941638609,I-II,1,0.046452942849019054,8,0.0,4.0,2,0.046452942849019054,0.4888567513148418
CCL20_CCR6,Monocyte classical,T cell regulatory,2,2.0,1.140347923681257,True,True,Deng_Liu_LUAD_2024;UKIM-V-2,1.0,0.5701739618406285,I-II,1,0.08159066581618764,8,0.0,4.0,2,0.08159066581618764,0.4885832960244409
TNF_TNFRSF1B,Macrophage,cDC2,2,2.0,1.0174803591470258,True,True,Deng_Liu_LUAD_2024;UKIM-V-2,1.0,0.5087401795735129,I-II,1,0.020378874856486796,8,0.0,4.0,2,0.020378874856486796,0.4883613047170261
ANXA1_FPR3,Monocyte classical,Macrophage alveolar,2,2.0,1.5568707912457913,True,True,Deng_Liu_LUAD_2024;UKIM-V-2,1.0,0.7784353956228957,I-II,1,0.2905797143696319,7,0.0,4.0,2,0.2905797143696319,0.48785568125326373
CD52_SIGLEC10,Macrophage alveolar,Monocyte classical,2,2.0,1.5525322671156006,True,True,Deng_Liu_LUAD_2024;UKIM-V-2,1.0,0.7762661335578003,I-II,1,0.28926889460142674,7,0.10680379746835443,4.0,2,0.28926889460142674,0.48699723895637353
VEGFA_FLT1,cDC2,Macrophage alveolar,2,2.0,0.9736742424242424,True,True,Deng_Liu_LUAD_2024;UKIM-V-2,1.0,0.4868371212121212,I-II,1,0.0,7,0.0,4.0,2,0.0,0.4868371212121212
VEGFA_NRP1,cDC2,myeloid dividing,2,2.0,1.2253893097643098,True,True,Deng_Liu_LUAD_2024;UKIM-V-2,1.0,0.6126946548821549,I-II,1,0.12603147451167734,8,0.0,2.0,2,0.12603147451167734,0.48666318037047757
VEGFA_NRP1,Mast cell,myeloid dividing,2,2.0,1.2195110830527498,True,True,Deng_Liu_LUAD_2024;UKIM-V-2,1.0,0.6097555415263749,I-II,1,0.12348658270497037,8,0.0,2.0,2,0.12348658270497037,0.48626895882140453
VEGFA_NRP1,cDC2,Macrophage,2,2.0,1.352932098765432,True,True,Deng_Liu_LUAD_2024;UKIM-V-2,1.0,0.676466049382716,I-II,1,0.15527995133409478,8,0.1903134585602985,4.0,2,0.1903134585602985,0.4861525908224176
VEGFA_NRP2,Macrophage,Macrophage,2,2.0,1.09484778338945,True,True,Deng_Liu_LUAD_2024;UKIM-V-2,1.0,0.547423891694725,I-II,1,0.06326480382851282,8,0.0379746835443038,4.0,2,0.06326480382851282,0.4841590878662122
TNF_TNFRSF1B,Monocyte classical,cDC2,2,2.0,0.9641694725028058,True,True,Deng_Liu_LUAD_2024;UKIM-V-2,1.0,0.4820847362514029,I-II,1,0.0,8,0.0,4.0,2,0.0,0.4820847362514029
CD86_CTLA4,myeloid dividing,T cell CD4,2,2.0,1.2531776094276093,True,False,Deng_Liu_LUAD_2024;UKIM-V-2,1.0,0.6265888047138046,I-II,1,0.14499564924529942,8,0.0,2.0,2,0.14499564924529942,0.48159315546850523
VEGFA_FLT1,cDC2,Monocyte classical,2,2.0,1.0781881313131314,True,False,Deng_Liu_LUAD_2024;UKIM-V-2,1.0,0.5390940656565657,I-II,1,0.03336803596100332,8,0.05775316455696203,4.0,2,0.05775316455696203,0.4813409010996037
HFE_TFRC,Macrophage,Macrophage alveolar,2,2.0,1.0923190235690237,False,True,Deng_Liu_LUAD_2024;UKIM-V-2,1.0,0.5461595117845118,I-II,1,0.06501076404403103,7,0.0,4.0,2,0.06501076404403103,0.4811487477404808
PTPRC_MRC1,T cell CD8 effector memory,myeloid dividing,2,2.0,1.9544332210998878,True,True,Deng_Liu_LUAD_2024;UKIM-V-2,1.0,0.9772166105499439,I-II,1,0.49654153336087825,8,0.0,2.0,2,0.49654153336087825,0.48067507718906566
VEGFA_NRP2,Mast cell,Macrophage,2,2.0,1.280611672278339,True,True,Deng_Liu_LUAD_2024;UKIM-V-2,1.0,0.6403058361391695,I-II,1,0.15964060150215365,8,0.0,4.0,2,0.15964060150215365,0.4806652346370158
HFE_TFRC,Macrophage alveolar,Macrophage alveolar,2,2.0,1.096524270482604,False,True,Deng_Liu_LUAD_2024;UKIM-V-2,1.0,0.548262135241302,I-II,1,0.0682805962874203,7,0.0,4.0,2,0.0682805962874203,0.4799815389538817
PLAU_PLAUR,Monocyte classical,Macrophage,2,2.0,1.5447951739618406,True,True,Deng_Liu_LUAD_2024;UKIM-V-2,1.0,0.7723975869809203,I-II,1,0.2704423775881286,8,0.2926284657653833,4.0,2,0.2926284657653833,0.479769121215537
VEGFA_NRP1,cDC2,Monocyte classical,2,2.0,1.0218925364758698,True,False,Deng_Liu_LUAD_2024;UKIM-V-2,1.0,0.5109462682379349,I-II,1,0.031284257759817524,8,0.0,4.0,2,0.031284257759817524,0.47966201047811735
PDGFD_PDGFR_complex,NK cell,Fibroblast peribronchial,2,2.0,1.0605183782267116,True,False,Deng_Liu_LUAD_2024;UKIM-V-2,1.0,0.5302591891133558,I-II,1,0.05171444605566816,6,0.0,4.0,2,0.05171444605566816,0.4785447430576876
CD86_CTLA4,B cell,T cell regulatory,2,2.0,1.4243546576879909,False,True,Deng_Liu_LUAD_2024;UKIM-V-2,1.0,0.7121773288439954,I-II,1,0.23368327783746345,8,0.18259045749987998,4.0,2,0.23368327783746345,0.478494051006532
CD99_PILRA,Mast cell,myeloid dividing,2,2.0,1.0432800224466892,False,True,Deng_Liu_LUAD_2024;UKIM-V-2,1.0,0.5216400112233446,I-II,1,0.04325964095744681,8,0.0,2.0,2,0.04325964095744681,0.47838037026589775
TNF_TNFRSF1B,myeloid dividing,cDC2,2,2.0,1.0219135802469135,True,True,Deng_Liu_LUAD_2024;UKIM-V-2,1.0,0.5109567901234567,I-II,1,0.03269709146574818,8,0.0,2.0,2,0.03269709146574818,0.47825969865770857
ANXA1_FPR1,Macrophage alveolar,Macrophage alveolar,2,2.0,1.711496913580247,True,True,Deng_Liu_LUAD_2024;UKIM-V-2,1.0,0.8557484567901235,I-II,1,0.37836782460711593,7,0.10426008968609865,4.0,2,0.37836782460711593,0.4773806321830075
CXCL2_DPP4,Macrophage alveolar,T cell CD4,2,2.0,0.9967697811447811,True,False,Deng_Liu_LUAD_2024;UKIM-V-2,1.0,0.49838489057239055,I-II,1,0.02197489743693895,7,0.0,4.0,2,0.02197489743693895,0.4764099931354516
PVR_CD96,Macrophage,T cell regulatory,2,2.0,1.0353745791245792,False,True,Deng_Liu_LUAD_2024;UKIM-V-2,1.0,0.5176872895622896,I-II,1,0.04394725618424794,8,0.0,4.0,2,0.04394725618424794,0.47374003337804166
CD44_TYROBP,Macrophage alveolar,T cell CD4 dividing,2,2.0,1.4357253086419752,True,False,Deng_Liu_LUAD_2024;UKIM-V-2,1.0,0.7178626543209876,I-II,1,0.24460921888068562,7,0.0,3.0,2,0.24460921888068562,0.47325343544030196
VEGFA_FLT1,Mast cell,cDC2,2,2.0,1.163520622895623,True,True,Deng_Liu_LUAD_2024;UKIM-V-2,1.0,0.5817603114478115,I-II,1,0.10881029739823347,8,0.0,4.0,2,0.10881029739823347,0.47295001404957804
CD44_TYROBP,Macrophage alveolar,T cell CD4,2,2.0,1.401736111111111,True,False,Deng_Liu_LUAD_2024;UKIM-V-2,1.0,0.7008680555555555,I-II,1,0.22804467771766296,7,0.0,4.0,2,0.22804467771766296,0.4728233778378926
VEGFA_NRP1,cDC2,Fibroblast peribronchial,2,2.0,1.2744107744107744,True,True,Deng_Liu_LUAD_2024;UKIM-V-2,1.0,0.6372053872053872,I-II,1,0.16472893653600323,6,0.0,4.0,2,0.16472893653600323,0.472476450669384
CCL3_CCR1,Monocyte classical,myeloid dividing,2,2.0,1.3948933782267114,True,True,Deng_Liu_LUAD_2024;UKIM-V-2,1.0,0.6974466891133557,I-II,1,0.22513514324838632,8,0.0,2.0,2,0.22513514324838632,0.4723115458649694
PVR_TIGIT,myeloid dividing,T cell regulatory,2,2.0,1.2909862514029182,False,True,Deng_Liu_LUAD_2024;UKIM-V-2,1.0,0.6454931257014591,I-II,1,0.17330060182147355,8,0.0,2.0,2,0.17330060182147355,0.47219252387998556
CD99_PILRA,B cell,Monocyte classical,2,2.0,1.1695461560044893,False,True,Deng_Liu_LUAD_2024;UKIM-V-2,1.0,0.5847730780022447,I-II,1,0.11281571408502858,8,0.0,4.0,2,0.11281571408502858,0.4719573639172161
VEGFA_FLT1,Mast cell,Macrophage alveolar,2,2.0,0.9436026936026937,True,True,Deng_Liu_LUAD_2024;UKIM-V-2,1.0,0.47180134680134683,I-II,1,0.0,7,0.0,4.0,2,0.0,0.47180134680134683
ANXA1_FPR1,T cell CD8 effector memory,Macrophage,2,2.0,1.5661475869809203,False,True,Deng_Liu_LUAD_2024;UKIM-V-2,1.0,0.7830737934904601,I-II,1,0.3120622408985211,8,0.1206896551724138,4.0,2,0.3120622408985211,0.47101155259193905
CCL20_CCR6,Monocyte classical,T cell CD4,2,2.0,1.0935044893378225,True,True,Deng_Liu_LUAD_2024;UKIM-V-2,1.0,0.5467522446689113,I-II,1,0.07600658503681208,8,0.0,4.0,2,0.07600658503681208,0.4707456596320992
TNF_TNFRSF1B,cDC2,cDC2,2,2.0,0.9405829124579125,True,True,Deng_Liu_LUAD_2024;UKIM-V-2,1.0,0.47029145622895624,I-II,1,0.0,8,0.0,4.0,2,0.0,0.47029145622895624
VEGFA_NRP1,Mast cell,Monocyte classical,2,2.0,0.9851080246913579,True,False,Deng_Liu_LUAD_2024;UKIM-V-2,1.0,0.49255401234567897,I-II,1,0.022794680443934175,8,0.0,4.0,2,0.022794680443934175,0.4697593319017448
PTPRC_CD22,Plasma cell,B cell,2,2.0,0.9391589506172839,False,True,Deng_Liu_LUAD_2024;UKIM-V-2,1.0,0.46957947530864197,I-II,1,0.0,7,0.0,4.0,2,0.0,0.46957947530864197
CD99_PILRA,myeloid dividing,myeloid dividing,2,2.0,1.0478114478114477,True,True,Deng_Liu_LUAD_2024;UKIM-V-2,1.0,0.5239057239057239,I-II,1,0.05445894281914894,8,0.0,2.0,2,0.05445894281914894,0.46944678108657495
THY1_ADGRE2,Fibroblast peribronchial,Macrophage alveolar,2,2.0,1.1294577721661057,True,False,Deng_Liu_LUAD_2024;UKIM-V-2,1.0,0.5647288860830528,I-II,1,0.09630519675578252,5,0.0,4.0,2,0.09630519675578252,0.4684236893272703
PVR_TIGIT,Macrophage alveolar,T cell regulatory,2,2.0,1.3383908529741864,True,True,Deng_Liu_LUAD_2024;UKIM-V-2,1.0,0.6691954264870932,I-II,1,0.20091548185347358,7,0.0,4.0,2,0.20091548185347358,0.4682799446336196
VEGFA_FLT1,cDC2,myeloid dividing,2,2.0,1.069020061728395,True,False,Deng_Liu_LUAD_2024;UKIM-V-2,1.0,0.5345100308641975,I-II,1,0.0663642288249397,8,0.0,2.0,2,0.0663642288249397,0.46814580203925776
PTPRC_MRC1,Macrophage alveolar,myeloid dividing,2,2.0,1.731530583613917,True,True,Deng_Liu_LUAD_2024;UKIM-V-2,1.0,0.8657652918069585,I-II,1,0.3980490178059673,7,0.0,2.0,2,0.3980490178059673,0.4677162740009912
ANXA1_FPR2,Monocyte classical,Macrophage alveolar,2,2.0,1.4585858585858587,True,True,Deng_Liu_LUAD_2024;UKIM-V-2,1.0,0.7292929292929293,I-II,1,0.26294705603513796,7,0.0,4.0,2,0.26294705603513796,0.46634587325779137
CD52_SIGLEC10,B cell,Monocyte classical,2,2.0,1.7179503367003366,True,True,Deng_Liu_LUAD_2024;UKIM-V-2,1.0,0.8589751683501683,I-II,1,0.28853664112705807,8,0.39321350481375605,4.0,2,0.39321350481375605,0.46576166353641224
ANXA1_FPR3,Macrophage,Monocyte classical,2,2.0,1.6452160493827162,True,True,Deng_Liu_LUAD_2024;UKIM-V-2,1.0,0.8226080246913581,I-II,1,0.35927588300881874,8,0.1695205479452055,4.0,2,0.35927588300881874,0.46333214168253933
ANXA1_FPR1,Macrophage,Macrophage alveolar,2,2.0,1.6009259259259259,True,True,Deng_Liu_LUAD_2024;UKIM-V-2,1.0,0.8004629629629629,I-II,1,0.3391579298248373,7,0.1353330184222957,4.0,2,0.3391579298248373,0.46130503313812565
PLAU_PLAUR,Monocyte classical,Monocyte classical,2,2.0,1.6567269921436587,True,True,Deng_Liu_LUAD_2024;UKIM-V-2,1.0,0.8283634960718294,I-II,1,0.36865831686921213,8,0.30716308006912096,4.0,2,0.36865831686921213,0.4597051792026172
ANXA1_FPR1,T cell CD4,Macrophage,2,2.0,1.531965488215488,False,True,Deng_Liu_LUAD_2024;UKIM-V-2,1.0,0.765982744107744,I-II,1,0.30629110303440904,8,0.11856400566839868,4.0,2,0.30629110303440904,0.459691641073335
TNF_TNFRSF1B,Macrophage,Monocyte classical,2,2.0,1.1749649270482603,True,True,Deng_Liu_LUAD_2024;UKIM-V-2,1.0,0.5874824635241301,I-II,1,0.12825104001514326,8,0.0,4.0,2,0.12825104001514326,0.4592314235089869
CD44_TYROBP,cDC2,Mast cell,2,2.0,1.7717382154882155,True,True,Deng_Liu_LUAD_2024;UKIM-V-2,1.0,0.8858691077441078,I-II,1,0.42748588827386524,8,0.0,4.0,2,0.42748588827386524,0.4583832194702425
ICAM1_integrin_aXb2_complex,Monocyte classical,Macrophage alveolar,2,2.0,1.240053310886644,True,False,Deng_Liu_LUAD_2024;UKIM-V-2,1.0,0.620026655443322,I-II,1,0.1622191435016255,7,0.03401898734177215,4.0,2,0.1622191435016255,0.45780751194169655
PVR_CD96,Macrophage alveolar,T cell CD4 dividing,2,2.0,1.079517396184063,True,True,Deng_Liu_LUAD_2024;UKIM-V-2,1.0,0.5397586980920315,I-II,1,0.08272528632296776,7,0.0,3.0,2,0.08272528632296776,0.4570334117690637
CCL3_CCR1,Monocyte classical,Macrophage,2,2.0,1.507442480359147,True,True,Deng_Liu_LUAD_2024;UKIM-V-2,1.0,0.7537212401795735,I-II,1,0.2972800327615359,8,0.0,4.0,2,0.2972800327615359,0.4564412074180376
CXCL2_DPP4,Monocyte classical,Mast cell,2,2.0,1.0048540965207633,True,False,Deng_Liu_LUAD_2024;UKIM-V-2,1.0,0.5024270482603816,I-II,1,0.04639963036678988,8,0.0,4.0,2,0.04639963036678988,0.45602741789359175
TNF_TNFRSF1B,myeloid dividing,Monocyte classical,2,2.0,1.1785283389450056,True,True,Deng_Liu_LUAD_2024;UKIM-V-2,1.0,0.5892641694725028,I-II,1,0.1334092867069981,8,0.0,2.0,2,0.1334092867069981,0.45585488276550473
VEGFA_FLT1,Mast cell,Monocyte classical,2,2.0,1.0460086980920313,True,False,Deng_Liu_LUAD_2024;UKIM-V-2,1.0,0.5230043490460157,I-II,1,0.0678509343763581,8,0.0,4.0,2,0.0678509343763581,0.4551534146696576
PDGFD_PDGFRB,NK cell,Fibroblast peribronchial,2,2.0,1.0724712401795735,True,True,Deng_Liu_LUAD_2024;UKIM-V-2,1.0,0.5362356200897868,I-II,1,0.08113115801427384,6,0.0,4.0,2,0.08113115801427384,0.4551044620755129
PTPRC_CD22,cDC2,Mast cell,2,2.0,1.6823583052749718,True,True,Deng_Liu_LUAD_2024;UKIM-V-2,1.0,0.8411791526374859,I-II,1,0.3886666698890152,8,0.0,4.0,2,0.3886666698890152,0.45251248274847067
CD52_SIGLEC10,Macrophage alveolar,Macrophage,2,2.0,1.4645552749719415,True,False,Deng_Liu_LUAD_2024;UKIM-V-2,1.0,0.7322776374859707,I-II,1,0.2797842685660353,7,0.10205696202531646,4.0,2,0.2797842685660353,0.45249336891993547
CXCL16_CXCR6,Macrophage alveolar,T cell CD4,2,2.0,1.3794753086419753,True,False,Deng_Liu_LUAD_2024;UKIM-V-2,1.0,0.6897376543209877,I-II,1,0.2387801869852567,7,0.05044843049327354,4.0,2,0.2387801869852567,0.45095746733573094
CCL20_CCR6,Monocyte classical,B cell,2,2.0,1.1505751964085298,True,False,Deng_Liu_LUAD_2024;UKIM-V-2,1.0,0.5752875982042649,I-II,1,0.12445308404104437,8,0.0,4.0,2,0.12445308404104437,0.4508345141632205
ANXA1_FPR2,myeloid dividing,Macrophage alveolar,2,2.0,1.5694514590347923,True,True,Deng_Liu_LUAD_2024;UKIM-V-2,1.0,0.7847257295173962,I-II,1,0.33390955908949416,7,0.0,2.0,2,0.33390955908949416,0.450816170427902
VEGFA_NRP1,Monocyte classical,Monocyte classical,2,2.0,1.1658529741863075,True,False,Deng_Liu_LUAD_2024;UKIM-V-2,1.0,0.5829264870931538,I-II,1,0.0792672610782236,8,0.13232168162494096,4.0,2,0.13232168162494096,0.4506048054682128
VEGFA_NRP1,Monocyte classical,Macrophage,2,2.0,1.449523007856341,True,True,Deng_Liu_LUAD_2024;UKIM-V-2,1.0,0.7247615039281705,I-II,1,0.24999725028576344,8,0.2750126313208924,4.0,2,0.2750126313208924,0.44974887260727814
CD44_TYROBP,Monocyte classical,T cell CD4 dividing,2,2.0,1.5251648428731763,True,False,Deng_Liu_LUAD_2024;UKIM-V-2,1.0,0.7625824214365882,I-II,1,0.31338821866852995,8,0.20697527948354588,3.0,2,0.31338821866852995,0.4491942027680582
ICAM1_integrin_aXb2_complex,Macrophage,NK cell,2,2.0,0.9628647586980921,True,False,Deng_Liu_LUAD_2024;UKIM-V-2,1.0,0.48143237934904604,I-II,1,0.032751634916121694,8,0.0,4.0,2,0.032751634916121694,0.4486807444329243
PTPRC_CD22,cDC2,B cell,2,2.0,1.7654250841750843,True,True,Deng_Liu_LUAD_2024;UKIM-V-2,1.0,0.8827125420875421,I-II,1,0.4345872323840836,8,0.315641124552417,4.0,2,0.4345872323840836,0.44812530970345854
VEGFA_NRP2,Monocyte classical,Mast cell,2,2.0,0.9610760381593715,True,False,Deng_Liu_LUAD_2024;UKIM-V-2,1.0,0.48053801907968574,I-II,1,0.03248182166092614,8,0.0,4.0,2,0.03248182166092614,0.44805619741875957
CCL3_CCR1,Monocyte classical,Macrophage alveolar,2,2.0,1.3864548260381593,True,True,Deng_Liu_LUAD_2024;UKIM-V-2,1.0,0.6932274130190796,I-II,1,0.24543424400080038,7,0.0,4.0,2,0.24543424400080038,0.44779316901827926
CD86_CTLA4,Macrophage,T cell CD4,2,2.0,1.136205808080808,True,False,Deng_Liu_LUAD_2024;UKIM-V-2,1.0,0.568102904040404,I-II,1,0.12039591786313168,8,0.07678165325512037,4.0,2,0.12039591786313168,0.4477069861772723
PTPRC_CD22,myeloid dividing,Macrophage,2,2.0,1.182912457912458,True,False,Deng_Liu_LUAD_2024;UKIM-V-2,1.0,0.591456228956229,I-II,1,0.14500773335704728,8,0.0,2.0,2,0.14500773335704728,0.44644849559918165
TNF_TNFRSF1B,cDC2,Monocyte classical,2,2.0,1.1092241863075196,True,True,Deng_Liu_LUAD_2024;UKIM-V-2,1.0,0.5546120931537598,I-II,1,0.10848719847123106,8,0.0,4.0,2,0.10848719847123106,0.44612489468252875
PVR_CD96,Macrophage,T cell CD4 dividing,2,2.0,0.9728745791245792,False,True,Deng_Liu_LUAD_2024;UKIM-V-2,1.0,0.4864372895622896,I-II,1,0.04076627807790731,8,0.0,3.0,2,0.04076627807790731,0.44567101148438226
GAS6_AXL,Plasma cell,cDC2,2,2.0,0.9786861672278339,False,True,Deng_Liu_LUAD_2024;UKIM-V-2,1.0,0.48934308361391693,I-II,1,0.0,7,0.045405487823107694,4.0,2,0.045405487823107694,0.4439375957908092
ICAM1_integrin_aXb2_complex,Monocyte classical,Monocyte classical,2,2.0,1.4442445286195287,True,False,Deng_Liu_LUAD_2024;UKIM-V-2,1.0,0.7221222643097643,I-II,1,0.27835553516852035,8,0.14481491751523234,4.0,2,0.27835553516852035,0.443766729141244
APP_FPR2,Fibroblast peribronchial,myeloid dividing,2,2.0,1.0917999438832773,True,True,Deng_Liu_LUAD_2024;UKIM-V-2,1.0,0.5458999719416386,I-II,1,0.10264017777294294,6,0.0,2.0,2,0.10264017777294294,0.4432597941686957
ICAM1_integrin_aXb2_complex,Macrophage,Mast cell,2,2.0,0.9437815656565657,True,False,Deng_Liu_LUAD_2024;UKIM-V-2,1.0,0.47189078282828284,I-II,1,0.02896644867785044,8,0.0,4.0,2,0.02896644867785044,0.4429243341504324
VEGFA_NRP1,Monocyte classical,Macrophage alveolar,2,2.0,1.3304363075196408,True,True,Deng_Liu_LUAD_2024;UKIM-V-2,1.0,0.6652181537598204,I-II,1,0.17322795492468512,7,0.22242279945946913,4.0,2,0.22242279945946913,0.4427953543003513
VEGFA_NRP1,Macrophage,Fibroblast peribronchial,2,2.0,1.036500420875421,True,True,Deng_Liu_LUAD_2024;UKIM-V-2,1.0,0.5182502104377105,I-II,1,0.07549020254168744,6,0.0,4.0,2,0.07549020254168744,0.44276000789602304
EREG_EGFR,Monocyte classical,Fibroblast peribronchial,2,2.0,1.2047313411896745,True,False,Deng_Liu_LUAD_2024;UKIM-V-2,1.0,0.6023656705948373,I-II,1,0.15966491660288304,6,0.0,4.0,2,0.15966491660288304,0.4427007539919542
PTPRC_CD22,T cell regulatory,B cell,2,2.0,1.923898709315376,True,True,Deng_Liu_LUAD_2024;UKIM-V-2,1.0,0.961949354657688,I-II,1,0.5193560593361819,8,0.38241759847173074,4.0,2,0.5193560593361819,0.44259329532150615
VEGFA_NRP2,Monocyte classical,Macrophage,2,2.0,1.4223484848484849,True,True,Deng_Liu_LUAD_2024;UKIM-V-2,1.0,0.7111742424242424,I-II,1,0.25858671170450265,8,0.2689069946126295,4.0,2,0.2689069946126295,0.4422672478116129
VEGFA_NRP1,Macrophage,Macrophage alveolar,2,2.0,0.9417929292929292,True,True,Deng_Liu_LUAD_2024;UKIM-V-2,1.0,0.4708964646464646,I-II,1,0.028852161271891903,7,0.014240506329113924,4.0,2,0.028852161271891903,0.44204430337457273
CXCL16_CXCR6,Monocyte classical,T cell CD8 effector memory,2,2.0,1.0772867564534232,True,True,Deng_Liu_LUAD_2024;UKIM-V-2,1.0,0.5386433782267116,I-II,1,0.09789455752666426,8,0.0,4.0,2,0.09789455752666426,0.44074882070004734
CD44_TYROBP,Plasma cell,Macrophage alveolar,2,2.0,1.8312710437710438,False,True,Deng_Liu_LUAD_2024;UKIM-V-2,1.0,0.9156355218855219,I-II,1,0.0,7,0.4750596380955836,4.0,2,0.4750596380955836,0.4405758837899383
PVR_CD96,myeloid dividing,T cell CD4 dividing,2,2.0,1.0149200336700337,False,True,Deng_Liu_LUAD_2024;UKIM-V-2,1.0,0.5074600168350168,I-II,1,0.06809264533569073,8,0.0,2.0,2,0.06809264533569073,0.43936737149932614
VEGFA_NRP1,Monocyte classical,myeloid dividing,2,2.0,1.3111847643097643,True,True,Deng_Liu_LUAD_2024;UKIM-V-2,1.0,0.6555923821548821,I-II,1,0.2165447279288124,8,0.0,2.0,2,0.2165447279288124,0.43904765422606973
VEGFA_FLT1,Macrophage,cDC2,2,2.0,0.9481200897867564,True,True,Deng_Liu_LUAD_2024;UKIM-V-2,1.0,0.4740600448933782,I-II,1,0.01151549616150128,8,0.03639240506329114,4.0,2,0.03639240506329114,0.43766763983008705
PTPRC_MRC1,cDC2,cDC2,2,2.0,1.8279601571268238,True,True,Deng_Liu_LUAD_2024;UKIM-V-2,1.0,0.9139800785634119,I-II,1,0.4764217119355648,8,0.3294615856072206,4.0,2,0.4764217119355648,0.4375583666278471
TNFSF13B_TNFRSF13C,T cell CD4,B cell,2,2.0,0.9639941077441078,False,True,Deng_Liu_LUAD_2024;UKIM-V-2,1.0,0.4819970538720539,I-II,1,0.045120130793289734,8,0.0,4.0,2,0.045120130793289734,0.43687692307876413
VEGFA_NRP1,Macrophage,Macrophage,2,2.0,1.137135241301908,True,True,Deng_Liu_LUAD_2024;UKIM-V-2,1.0,0.568567620650954,I-II,1,0.062426209283677515,8,0.13253095794741782,4.0,2,0.13253095794741782,0.4360366627035362
VEGFA_NRP1,Macrophage,myeloid dividing,2,2.0,0.9364583333333334,True,True,Deng_Liu_LUAD_2024;UKIM-V-2,1.0,0.4682291666666667,I-II,1,0.032396407230921936,8,0.0,2.0,2,0.032396407230921936,0.43583275943574473
CCL3_CCR1,Macrophage alveolar,Monocyte classical,2,2.0,0.9106271043771044,True,True,Deng_Liu_LUAD_2024;UKIM-V-2,1.0,0.4553135521885522,I-II,1,0.01955806490921646,7,0.0,4.0,2,0.01955806490921646,0.4357554872793357
CXCL16_CXCR6,Monocyte classical,T cell regulatory,2,2.0,1.0837647306397307,True,True,Deng_Liu_LUAD_2024;UKIM-V-2,1.0,0.5418823653198653,I-II,1,0.10693583492175832,8,0.07950949367088607,4.0,2,0.10693583492175832,0.43494653039810705
CXCL2_DPP4,Macrophage alveolar,T cell CD4 dividing,2,2.0,0.8641308922558922,True,False,Deng_Liu_LUAD_2024;UKIM-V-2,1.0,0.4320654461279461,I-II,1,0.0,7,0.0,3.0,2,0.0,0.4320654461279461
VEGFA_NRP2,cDC2,Macrophage alveolar,2,2.0,1.0165719696969697,True,True,Deng_Liu_LUAD_2024;UKIM-V-2,1.0,0.5082859848484849,I-II,1,0.07707466943730004,7,0.06645569620253164,4.0,2,0.07707466943730004,0.43121131541118485
ICAM1_integrin_aXb2_complex,Macrophage,Macrophage alveolar,2,2.0,1.1227798821548822,True,False,Deng_Liu_LUAD_2024;UKIM-V-2,1.0,0.5613899410774411,I-II,1,0.13089215847094599,7,0.0680379746835443,4.0,2,0.13089215847094599,0.4304977826064951
TNF_TNFRSF1B,Monocyte classical,Monocyte classical,2,2.0,1.1364127384960718,True,True,Deng_Liu_LUAD_2024;UKIM-V-2,1.0,0.5682063692480359,I-II,1,0.13804470052167403,8,0.0,4.0,2,0.13804470052167403,0.43016166872636186
ANXA1_FPR2,cDC2,Macrophage alveolar,2,2.0,1.4651094276094274,True,True,Deng_Liu_LUAD_2024;UKIM-V-2,1.0,0.7325547138047137,I-II,1,0.3024101337526539,7,0.21464916192005357,4.0,2,0.3024101337526539,0.4301445800520598
APP_TNFRSF21,Fibroblast peribronchial,Macrophage alveolar,2,2.0,1.048348063973064,True,False,Deng_Liu_LUAD_2024;UKIM-V-2,1.0,0.524174031986532,I-II,1,0.09423038724835811,5,0.0,4.0,2,0.09423038724835811,0.4299436447381739
CD44_TYROBP,Monocyte classical,T cell CD4,2,2.0,1.4852553310886645,True,False,Deng_Liu_LUAD_2024;UKIM-V-2,1.0,0.7426276655443322,I-II,1,0.31273547007251395,8,0.16160840812470478,4.0,2,0.31273547007251395,0.4298921954718183
VEGFA_FLT1,Monocyte classical,cDC2,2,2.0,1.33513608305275,True,True,Deng_Liu_LUAD_2024;UKIM-V-2,1.0,0.667568041526375,I-II,1,0.1349259287792908,8,0.2379554002260184,4.0,2,0.2379554002260184,0.42961264130035653
CD99_PILRA,myeloid dividing,Monocyte classical,2,2.0,1.2858235129068463,True,True,Deng_Liu_LUAD_2024;UKIM-V-2,1.0,0.6429117564534231,I-II,1,0.21451108358577103,8,0.0,2.0,2,0.21451108358577103,0.4284006728676521
PECAM1_CD38,Macrophage alveolar,Mast cell,2,2.0,0.9381102693602694,True,False,Deng_Liu_LUAD_2024;UKIM-V-2,1.0,0.4690551346801347,I-II,1,0.040874565506587135,7,0.0,4.0,2,0.040874565506587135,0.4281805691735476
ANXA1_FPR1,Monocyte classical,Macrophage,2,2.0,1.5586840628507295,True,True,Deng_Liu_LUAD_2024;UKIM-V-2,1.0,0.7793420314253647,I-II,1,0.3515048211594477,8,0.16715871516296646,4.0,2,0.3515048211594477,0.42783721026591703
VEGFA_NRP1,Monocyte classical,Fibroblast peribronchial,2,2.0,1.3902988215488215,True,True,Deng_Liu_LUAD_2024;UKIM-V-2,1.0,0.6951494107744107,I-II,1,0.267349486730697,6,0.0,4.0,2,0.267349486730697,0.42779992404371375
CXCL16_CXCR6,Mast cell,T cell regulatory,2,2.0,0.9792473344556678,True,True,Deng_Liu_LUAD_2024;UKIM-V-2,1.0,0.4896236672278339,I-II,1,0.06182470855843048,8,0.0,4.0,2,0.06182470855843048,0.42779895866940343
CD86_CTLA4,Macrophage,T cell CD8 effector memory,2,2.0,0.9687640291806958,True,False,Deng_Liu_LUAD_2024;UKIM-V-2,1.0,0.4843820145903479,I-II,1,0.058049248740099535,8,0.0,4.0,2,0.058049248740099535,0.4263327658502484
CCL3_CCR1,Macrophage,Macrophage alveolar,2,2.0,1.5482744107744109,True,True,Deng_Liu_LUAD_2024;UKIM-V-2,1.0,0.7741372053872054,I-II,1,0.34857959382135045,7,0.0,4.0,2,0.34857959382135045,0.425557611565855
CD52_SIGLEC10,B cell,Macrophage,2,2.0,1.6391694725028059,True,False,Deng_Liu_LUAD_2024;UKIM-V-2,1.0,0.8195847362514029,I-II,1,0.2808508382063804,8,0.3946550402346388,4.0,2,0.3946550402346388,0.4249296960167641
CCL3_CCR1,Macrophage alveolar,myeloid dividing,2,2.0,0.9390993265993266,True,True,Deng_Liu_LUAD_2024;UKIM-V-2,1.0,0.4695496632996633,I-II,1,0.04497645851500268,7,0.0,2.0,2,0.04497645851500268,0.4245732047846606
LTA_TNFRSF1B,T cell CD4 dividing,Monocyte classical,2,2.0,1.0186132154882155,False,True,Deng_Liu_LUAD_2024;UKIM-V-2,1.0,0.5093066077441077,I-II,1,0.08475447298307691,8,0.0,3.0,2,0.08475447298307691,0.4245521347610308
CXCL2_DPP4,Macrophage alveolar,Mast cell,2,2.0,0.8802258698092031,True,False,Deng_Liu_LUAD_2024;UKIM-V-2,1.0,0.44011293490460157,I-II,1,0.01592266135911288,7,0.0,4.0,2,0.01592266135911288,0.4241902735454887
PECAM1_CD38,Macrophage,Plasma cell,2,2.0,0.9875,True,True,Deng_Liu_LUAD_2024;UKIM-V-2,1.0,0.49375,I-II,1,0.0,7,0.07049940921970159,4.0,2,0.07049940921970159,0.4232505907802984
APP_TNFRSF21,Fibroblast peribronchial,Monocyte classical,2,2.0,1.0962015993265992,True,False,Deng_Liu_LUAD_2024;UKIM-V-2,1.0,0.5481007996632996,I-II,1,0.12491382645703634,6,0.0,4.0,2,0.12491382645703634,0.42318697320626325
CD86_CTLA4,Macrophage alveolar,T cell regulatory,2,2.0,1.5837612233445566,True,True,Deng_Liu_LUAD_2024;UKIM-V-2,1.0,0.7918806116722783,I-II,1,0.3694483548069858,7,0.2975545547901006,4.0,2,0.3694483548069858,0.4224322568652925
VEGFA_FLT1,Mast cell,myeloid dividing,2,2.0,1.041831509539843,True,False,Deng_Liu_LUAD_2024;UKIM-V-2,1.0,0.5209157547699215,I-II,1,0.09871934906380551,8,0.0,2.0,2,0.09871934906380551,0.42219640570611594
CD99_PILRA,T cell regulatory,Monocyte classical,2,2.0,1.0902707631874298,False,True,Deng_Liu_LUAD_2024;UKIM-V-2,1.0,0.5451353815937149,I-II,1,0.12326083243805905,8,0.0,4.0,2,0.12326083243805905,0.4218745491556558
CD99_PILRA,Macrophage,myeloid dividing,2,2.0,1.0270868406285074,False,True,Deng_Liu_LUAD_2024;UKIM-V-2,1.0,0.5135434203142537,I-II,1,0.0929339952714475,8,0.0,2.0,2,0.0929339952714475,0.4206094250428062
PTPRC_MRC1,T cell regulatory,Monocyte classical,2,2.0,1.904678731762065,True,True,Deng_Liu_LUAD_2024;UKIM-V-2,1.0,0.9523393658810325,I-II,1,0.5330550615939713,8,0.3967722116919692,4.0,2,0.5330550615939713,0.4192843042870612
PTPRC_MRC1,Plasma cell,Monocyte classical,2,2.0,1.0731271043771042,False,True,Deng_Liu_LUAD_2024;UKIM-V-2,1.0,0.5365635521885521,I-II,1,0.0,7,0.11758264919906962,4.0,2,0.11758264919906962,0.4189809029894825
ANXA1_FPR2,myeloid dividing,Monocyte classical,2,2.0,1.6265923120089787,True,True,Deng_Liu_LUAD_2024;UKIM-V-2,1.0,0.8132961560044893,I-II,1,0.39455725340392456,8,0.0,2.0,2,0.39455725340392456,0.4187389026005648
CD86_CTLA4,Monocyte classical,T cell CD8 effector memory,2,2.0,0.9219416386083052,True,False,Deng_Liu_LUAD_2024;UKIM-V-2,1.0,0.4609708193041526,I-II,1,0.042596673301108896,8,0.0,4.0,2,0.042596673301108896,0.41837414600304373
HLA-E_CD94:NKG2C,Plasma cell,NK cell,2,2.0,1.1928451178451178,False,False,Deng_Liu_LUAD_2024;UKIM-V-2,1.0,0.5964225589225589,I-II,1,0.0,7,0.1782055790091317,4.0,2,0.1782055790091317,0.4182169799134272
ICAM1_integrin_aXb2_complex,Mast cell,Monocyte classical,2,2.0,1.1522867564534232,False,False,Deng_Liu_LUAD_2024;UKIM-V-2,1.0,0.5761433782267116,I-II,1,0.15913538664916665,8,0.0,4.0,2,0.15913538664916665,0.4170079915775449
VEGFA_NRP2,cDC2,myeloid dividing,2,2.0,1.030138187429854,True,True,Deng_Liu_LUAD_2024;UKIM-V-2,1.0,0.515069093714927,I-II,1,0.09856411289977644,8,0.0,2.0,2,0.09856411289977644,0.4165049808151506
VEGFA_FLT1,Monocyte classical,Macrophage,2,2.0,1.0654496352413019,True,False,Deng_Liu_LUAD_2024;UKIM-V-2,1.0,0.5327248176206509,I-II,1,0.08310298990342477,8,0.11632026452527161,4.0,2,0.11632026452527161,0.4164045530953793
CCL3_CCR1,Macrophage alveolar,Macrophage,2,2.0,1.0968434343434343,True,True,Deng_Liu_LUAD_2024;UKIM-V-2,1.0,0.5484217171717172,I-II,1,0.13205898565532687,7,0.0,4.0,2,0.13205898565532687,0.4163627315163903
ANXA1_FPR1,NK cell,Macrophage,2,2.0,1.4113706509539843,False,True,Deng_Liu_LUAD_2024;UKIM-V-2,1.0,0.7056853254769921,I-II,1,0.28965144667885817,8,0.1288379782711384,4.0,2,0.28965144667885817,0.41603387879813397
PLAU_PLAUR,Monocyte classical,Macrophage alveolar,2,2.0,1.208915544332211,True,True,Deng_Liu_LUAD_2024;UKIM-V-2,1.0,0.6044577721661055,I-II,1,0.18887421736295168,7,0.14240506329113925,4.0,2,0.18887421736295168,0.41558355480315384
VEGFA_FLT1,cDC2,Macrophage,2,2.0,0.9270237093153759,True,False,Deng_Liu_LUAD_2024;UKIM-V-2,1.0,0.46351185465768796,I-II,1,0.04795529849070704,8,0.0,4.0,2,0.04795529849070704,0.41555655616698095
CCL3_CCR1,Macrophage alveolar,Macrophage alveolar,2,2.0,0.923800505050505,True,True,Deng_Liu_LUAD_2024;UKIM-V-2,1.0,0.4619002525252525,I-II,1,0.04685271894739662,7,0.0,4.0,2,0.04685271894739662,0.4150475335778559
CXCL2_DPP4,myeloid dividing,T cell CD4,2,2.0,0.8295279180695847,True,False,Deng_Liu_LUAD_2024;UKIM-V-2,1.0,0.41476395903479235,I-II,1,0.0,8,0.0,2.0,2,0.0,0.41476395903479235
CD44_TYROBP,Macrophage,T cell CD4 dividing,2,2.0,1.4609918630751964,True,False,Deng_Liu_LUAD_2024;UKIM-V-2,1.0,0.7304959315375982,I-II,1,0.3161662419194407,8,0.18721461187214614,3.0,2,0.3161662419194407,0.41432968961815747
ENTPD1_ADORA3,cDC2,Macrophage,2,2.0,0.9236111111111112,True,True,Deng_Liu_LUAD_2024;UKIM-V-2,1.0,0.4618055555555556,I-II,1,0.04807688940991796,8,0.0,4.0,2,0.04807688940991796,0.41372866614563764
ANXA1_FPR3,T cell CD4 dividing,Macrophage alveolar,2,2.0,1.029233305274972,False,True,Deng_Liu_LUAD_2024;UKIM-V-2,1.0,0.514616652637486,I-II,1,0.10114481129786526,7,0.0,3.0,2,0.10114481129786526,0.4134718413396208
TNF_TNFRSF1B,B cell,Monocyte classical,2,2.0,1.016354517396184,False,True,Deng_Liu_LUAD_2024;UKIM-V-2,1.0,0.508177258698092,I-II,1,0.09482611540036784,8,0.0,4.0,2,0.09482611540036784,0.4133511432977242
PECAM1_CD38,Monocyte classical,Plasma cell,2,2.0,0.9490916105499438,False,True,Deng_Liu_LUAD_2024;UKIM-V-2,1.0,0.4745458052749719,I-II,1,0.0,7,0.06248262730879539,4.0,2,0.06248262730879539,0.41206317796617653
ANXA1_FPR1,T cell CD8 effector memory,Macrophage alveolar,2,2.0,1.5431292087542088,False,True,Deng_Liu_LUAD_2024;UKIM-V-2,1.0,0.7715646043771044,I-II,1,0.3595405058086169,7,0.0,4.0,2,0.3595405058086169,0.4120240985684875
CD99_PILRA,B cell,myeloid dividing,2,2.0,0.9010030864197531,False,True,Deng_Liu_LUAD_2024;UKIM-V-2,1.0,0.45050154320987656,I-II,1,0.038522273936170214,8,0.0,2.0,2,0.038522273936170214,0.41197926927370637
VEGFA_NRP2,Mast cell,Macrophage alveolar,2,2.0,1.0108866442199775,True,True,Deng_Liu_LUAD_2024;UKIM-V-2,1.0,0.5054433221099888,I-II,1,0.09506575120084323,7,0.0,4.0,2,0.09506575120084323,0.4103775709091455
PTPRC_MRC1,T cell regulatory,myeloid dividing,2,2.0,1.9523428731762065,True,True,Deng_Liu_LUAD_2024;UKIM-V-2,1.0,0.9761714365881032,I-II,1,0.5660485793670249,8,0.0,2.0,2,0.5660485793670249,0.41012285722107833
ANXA1_FPR3,NK cell,cDC2,2,2.0,1.6531214927048261,False,True,Deng_Liu_LUAD_2024;UKIM-V-2,1.0,0.8265607463524131,I-II,1,0.4166822537975035,8,0.341806578139979,4.0,2,0.4166822537975035,0.40987849255490955
PLAU_PLAUR,Monocyte classical,myeloid dividing,2,2.0,1.313155864197531,True,True,Deng_Liu_LUAD_2024;UKIM-V-2,1.0,0.6565779320987655,I-II,1,0.24684444018914609,8,0.0,2.0,2,0.24684444018914609,0.4097334919096194
ANXA1_FPR1,Macrophage alveolar,Macrophage,2,2.0,1.7259083894500562,True,True,Deng_Liu_LUAD_2024;UKIM-V-2,1.0,0.8629541947250281,I-II,1,0.453501901728749,7,0.2417785977703451,4.0,2,0.453501901728749,0.4094522929962791
ANXA1_FPR3,T cell CD4 dividing,cDC2,2,2.0,1.42994879349046,False,True,Deng_Liu_LUAD_2024;UKIM-V-2,1.0,0.71497439674523,I-II,1,0.2929433142761139,8,0.30560852273867894,3.0,2,0.30560852273867894,0.40936587400655106
VEGFA_NRP2,Mast cell,myeloid dividing,2,2.0,1.0172278338945007,True,True,Deng_Liu_LUAD_2024;UKIM-V-2,1.0,0.5086139169472503,I-II,1,0.10001455497932676,8,0.0,2.0,2,0.10001455497932676,0.40859936196792357
CD86_CTLA4,Macrophage,T cell regulatory,2,2.0,1.7204335016835017,True,True,Deng_Liu_LUAD_2024;UKIM-V-2,1.0,0.8602167508417509,I-II,1,0.4520800459342239,8,0.3879300155228821,4.0,2,0.4520800459342239,0.40813670490752696
CD99_PILRA,myeloid dividing,cDC2,2,2.0,1.02537177328844,True,True,Deng_Liu_LUAD_2024;UKIM-V-2,1.0,0.51268588664422,I-II,1,0.10463854743009585,8,0.0,2.0,2,0.10463854743009585,0.40804733921412417
SEMA3C_NRP2,Macrophage alveolar,Macrophage,2,2.0,0.8574705387205388,True,True,Deng_Liu_LUAD_2024;UKIM-V-2,1.0,0.4287352693602694,I-II,1,0.020975902812047087,7,0.0,4.0,2,0.020975902812047087,0.4077593665482223
LTC4_byLTC4S_CYSLTR2,Mast cell,cDC2,2,2.0,0.8140116442199775,False,False,Deng_Liu_LUAD_2024;UKIM-V-2,1.0,0.40700582210998876,I-II,1,0.0,8,0.0,4.0,2,0.0,0.40700582210998876
ICAM1_integrin_aXb2_complex,Monocyte classical,myeloid dividing,2,2.0,1.223712822671156,True,False,Deng_Liu_LUAD_2024;UKIM-V-2,1.0,0.611856411335578,I-II,1,0.2050283892573736,8,0.0,2.0,2,0.2050283892573736,0.4068280220782044
ANXA1_FPR1,T cell CD4,Macrophage alveolar,2,2.0,1.5181467452300788,False,True,Deng_Liu_LUAD_2024;UKIM-V-2,1.0,0.7590733726150394,I-II,1,0.35409481056381686,7,0.0,4.0,2,0.35409481056381686,0.4049785620512225
TNF_TNFRSF1B,T cell CD4 dividing,cDC2,2,2.0,0.8474431818181818,False,True,Deng_Liu_LUAD_2024;UKIM-V-2,1.0,0.4237215909090909,I-II,1,0.018800229621125143,8,0.0,3.0,2,0.018800229621125143,0.40492136128796574
CD44_TYROBP,Macrophage,T cell CD4,2,2.0,1.4285108024691358,True,False,Deng_Liu_LUAD_2024;UKIM-V-2,1.0,0.7142554012345679,I-II,1,0.3098143229597474,8,0.14820500708549836,4.0,2,0.3098143229597474,0.40444107827482045
CD99_PILRA,T cell CD4 dividing,myeloid dividing,2,2.0,1.2269956509539843,True,True,Deng_Liu_LUAD_2024;UKIM-V-2,1.0,0.6134978254769922,I-II,1,0.20918443257899197,8,0.0,2.0,2,0.20918443257899197,0.40431339289800017
CXCL16_CXCR6,cDC2,T cell CD4,2,2.0,1.1927434062850728,True,False,Deng_Liu_LUAD_2024;UKIM-V-2,1.0,0.5963717031425364,I-II,1,0.19208985107242665,8,0.1399701599865973,4.0,2,0.19208985107242665,0.40428185207010975
VEGFA_NRP2,Mast cell,Fibroblast peribronchial,2,2.0,1.1070601851851851,True,True,Deng_Liu_LUAD_2024;UKIM-V-2,1.0,0.5535300925925926,I-II,1,0.14927109343871023,6,0.0,4.0,2,0.14927109343871023,0.4042589991538823
ANXA1_FPR3,Plasma cell,cDC2,2,2.0,0.9363145342312009,False,True,Deng_Liu_LUAD_2024;UKIM-V-2,1.0,0.46815726711560046,I-II,1,0.0,7,0.06536798328698946,4.0,2,0.06536798328698946,0.402789283828611
HFE_TFRC,Macrophage,Macrophage,2,2.0,0.8825722502805836,False,True,Deng_Liu_LUAD_2024;UKIM-V-2,1.0,0.4412861251402918,I-II,1,0.03863377878874041,8,0.0,4.0,2,0.03863377878874041,0.4026523463515514
ANXA1_FPR3,T cell CD8 effector memory,cDC2,2,2.0,1.7554398148148147,False,True,Deng_Liu_LUAD_2024;UKIM-V-2,1.0,0.8777199074074074,I-II,1,0.47596172670287595,8,0.40851614626929356,4.0,2,0.47596172670287595,0.4017581807045314
HLA-E_CD94:NKG2C,B cell,NK cell,2,2.0,1.717817059483726,True,False,Deng_Liu_LUAD_2024;UKIM-V-2,1.0,0.858908529741863,I-II,1,0.45808760125986614,8,0.3620750554448189,4.0,2,0.45808760125986614,0.4008209284819969
CXCL16_CXCR6,Macrophage,T cell CD4,2,2.0,1.197713243546577,True,False,Deng_Liu_LUAD_2024;UKIM-V-2,1.0,0.5988566217732885,I-II,1,0.19902966242324197,8,0.18042080820087514,4.0,2,0.19902966242324197,0.39982695935004653
CCL3_CCR1,Macrophage,myeloid dividing,2,2.0,1.5690025252525253,True,True,Deng_Liu_LUAD_2024;UKIM-V-2,1.0,0.7845012626262626,I-II,1,0.3848460694952853,8,0.0,2.0,2,0.3848460694952853,0.3996551931309773
CD99_PILRA,cDC2,Monocyte classical,2,2.0,1.0165544332211,False,True,Deng_Liu_LUAD_2024;UKIM-V-2,1.0,0.50827721661055,I-II,1,0.10887726891232254,8,0.0,4.0,2,0.10887726891232254,0.3993999476982275
CD86_CTLA4,Monocyte classical,T cell regulatory,2,2.0,1.6774480920314254,True,True,Deng_Liu_LUAD_2024;UKIM-V-2,1.0,0.8387240460157127,I-II,1,0.43994093642759935,8,0.37799746189286776,4.0,2,0.43994093642759935,0.39878310958811336
TNF_TNFRSF1B,T cell CD4,cDC2,2,2.0,0.7972081930415263,False,True,Deng_Liu_LUAD_2024;UKIM-V-2,1.0,0.3986040965207632,I-II,1,0.0,8,0.0,4.0,2,0.0,0.3986040965207632
APP_TNFRSF21,Fibroblast peribronchial,cDC2,2,2.0,1.139888468013468,True,False,Deng_Liu_LUAD_2024;UKIM-V-2,1.0,0.569944234006734,I-II,1,0.1716403961217423,6,0.0,4.0,2,0.1716403961217423,0.3983038378849917
ICAM1_integrin_aXb2_complex,Monocyte classical,Macrophage,2,2.0,1.4039772727272728,True,False,Deng_Liu_LUAD_2024;UKIM-V-2,1.0,0.7019886363636364,I-II,1,0.3039889818338457,8,0.11890805013054255,4.0,2,0.3039889818338457,0.3979996545297907
PECAM1_CD38,Macrophage alveolar,NK cell,2,2.0,1.1707281144781145,True,False,Deng_Liu_LUAD_2024;UKIM-V-2,1.0,0.5853640572390573,I-II,1,0.18768375512784555,7,0.0,4.0,2,0.18768375512784555,0.39768030211121175
PLAU_PLAUR,Monocyte classical,cDC2,2,2.0,1.278412598204265,True,True,Deng_Liu_LUAD_2024;UKIM-V-2,1.0,0.6392062991021324,I-II,1,0.24172378103631034,8,0.13963607594936708,4.0,2,0.24172378103631034,0.39748251806582213
APP_CD74,myeloid dividing,B cell,2,2.0,1.9796647025813692,True,True,Deng_Liu_LUAD_2024;UKIM-V-2,1.0,0.9898323512906846,I-II,1,0.5938438177917241,8,0.0,2.0,2,0.5938438177917241,0.39598853349896046
CD52_SIGLEC10,T cell CD4 dividing,Monocyte classical,2,2.0,1.6221836419753086,True,True,Deng_Liu_LUAD_2024;UKIM-V-2,1.0,0.8110918209876543,I-II,1,0.41520637805103533,8,0.1875306823760432,3.0,2,0.41520637805103533,0.395885442936619
VEGFA_NRP2,cDC2,Mast cell,2,2.0,0.8158634960718294,True,False,Deng_Liu_LUAD_2024;UKIM-V-2,1.0,0.4079317480359147,I-II,1,0.012964026023727517,8,0.0,4.0,2,0.012964026023727517,0.39496772201218716
TNF_TNFRSF1B,B cell,cDC2,2,2.0,0.8361076038159372,False,True,Deng_Liu_LUAD_2024;UKIM-V-2,1.0,0.4180538019079686,I-II,1,0.023201301186375815,8,0.0,4.0,2,0.023201301186375815,0.3948525007215928
VEGFA_NRP2,Monocyte classical,myeloid dividing,2,2.0,1.1633768237934905,True,True,Deng_Liu_LUAD_2024;UKIM-V-2,1.0,0.5816884118967452,I-II,1,0.18687714850796722,8,0.0,2.0,2,0.18687714850796722,0.39481126338877803
CSF1_CSF1R,Mast cell,Macrophage alveolar,2,2.0,0.951921997755331,True,True,Deng_Liu_LUAD_2024;UKIM-V-2,1.0,0.4759609988776655,I-II,1,0.08119766095795357,7,0.0,4.0,2,0.08119766095795357,0.39476333791971197
HLA-E_KLRC1,Macrophage alveolar,NK cell,2,2.0,1.5929047418630753,True,True,Deng_Liu_LUAD_2024;UKIM-V-2,1.0,0.7964523709315376,I-II,1,0.4016956866386069,7,0.3304149782563107,4.0,2,0.4016956866386069,0.39475668429293076
HFE_TFRC,Macrophage alveolar,Macrophage,2,2.0,0.884553872053872,False,True,Deng_Liu_LUAD_2024;UKIM-V-2,1.0,0.442276936026936,I-II,1,0.047930460213656115,7,0.0,4.0,2,0.047930460213656115,0.3943464758132799
THBS2_CD36,Fibroblast peribronchial,cDC2,2,2.0,1.3670244107744107,True,False,Deng_Liu_LUAD_2024;UKIM-V-2,1.0,0.6835122053872054,I-II,1,0.2893086852608277,6,0.0,4.0,2,0.2893086852608277,0.39420352012637766
CCL3_CCR1,Macrophage,Macrophage,2,2.0,1.6331123737373736,True,True,Deng_Liu_LUAD_2024;UKIM-V-2,1.0,0.8165561868686868,I-II,1,0.42255861521810517,8,0.0,4.0,2,0.42255861521810517,0.39399757165058163
PTPRC_CD22,myeloid dividing,myeloid dividing,2,2.0,1.21856411335578,True,False,Deng_Liu_LUAD_2024;UKIM-V-2,1.0,0.60928205667789,I-II,1,0.21600090894469726,8,0.0,2.0,2,0.21600090894469726,0.3932811477331928
CD52_SIGLEC10,T cell CD4,cDC2,2,2.0,1.733084315375982,True,True,Deng_Liu_LUAD_2024;UKIM-V-2,1.0,0.866542157687991,I-II,1,0.47400732634695847,8,0.3556739293314587,4.0,2,0.47400732634695847,0.39253483134103256
APP_CD74,myeloid dividing,Monocyte classical,2,2.0,1.9431958473625142,True,True,Deng_Liu_LUAD_2024;UKIM-V-2,1.0,0.9715979236812571,I-II,1,0.579148492681709,8,0.0,2.0,2,0.579148492681709,0.3924494309995481
TNFSF13B_TNFRSF17,myeloid dividing,Plasma cell,2,2.0,0.7829896184062851,True,True,Deng_Liu_LUAD_2024;UKIM-V-2,1.0,0.39149480920314256,I-II,1,0.0,7,0.0,2.0,2,0.0,0.39149480920314256
LTA_TNFRSF1B,T cell CD4 dividing,cDC2,2,2.0,0.828128507295174,False,True,Deng_Liu_LUAD_2024;UKIM-V-2,1.0,0.414064253647587,I-II,1,0.02262724837351703,8,0.0,3.0,2,0.02262724837351703,0.39143700527406994
CXCL14_CXCR4,Fibroblast peribronchial,T cell CD8 effector memory,2,2.0,1.8566358024691358,False,True,Deng_Liu_LUAD_2024;UKIM-V-2,1.0,0.9283179012345679,I-II,1,0.5376664493668674,6,0.0,4.0,2,0.5376664493668674,0.39065145186770056
PTPRC_MRC1,cDC2,Monocyte classical,2,2.0,1.7872439674523009,True,True,Deng_Liu_LUAD_2024;UKIM-V-2,1.0,0.8936219837261504,I-II,1,0.5035275355393388,8,0.3516996974462309,4.0,2,0.5035275355393388,0.3900944481868116
TNF_TNFRSF1B,T cell CD8 effector memory,cDC2,2,2.0,0.8397376543209876,False,True,Deng_Liu_LUAD_2024;UKIM-V-2,1.0,0.4198688271604938,I-II,1,0.03008993494068121,8,0.0,4.0,2,0.03008993494068121,0.3897788922198126
TNF_TNFRSF1B,T cell CD4,Monocyte classical,2,2.0,0.9835928731762065,False,True,Deng_Liu_LUAD_2024;UKIM-V-2,1.0,0.49179643658810324,I-II,1,0.10298469212638749,8,0.0,4.0,2,0.10298469212638749,0.38881174446171574
LTA_TNFRSF1B,T cell regulatory,Monocyte classical,2,2.0,0.9482814253647587,False,True,Deng_Liu_LUAD_2024;UKIM-V-2,1.0,0.47414071268237934,I-II,1,0.0854830769068756,8,0.0,4.0,2,0.0854830769068756,0.3886576357755037
APP_CD74,Macrophage,Monocyte classical,2,2.0,1.94337822671156,True,True,Deng_Liu_LUAD_2024;UKIM-V-2,1.0,0.97168911335578,I-II,1,0.5838588074600675,8,0.45512891421464574,4.0,2,0.5838588074600675,0.38783030589571255
ICAM1_integrin_aXb2_complex,Macrophage alveolar,Monocyte classical,2,2.0,0.9910528900112233,False,False,Deng_Liu_LUAD_2024;UKIM-V-2,1.0,0.49552644500561166,I-II,1,0.08619117535717731,7,0.10836776427115036,4.0,2,0.10836776427115036,0.3871586807344613
ANXA1_FPR2,cDC2,Monocyte classical,2,2.0,1.513692480359147,True,True,Deng_Liu_LUAD_2024;UKIM-V-2,1.0,0.7568462401795735,I-II,1,0.3705774572032361,8,0.34495496150521565,4.0,2,0.3705774572032361,0.3862687829763374
CD99_PILRA,T cell CD8 effector memory,Macrophage alveolar,2,2.0,1.524098625140292,False,True,Deng_Liu_LUAD_2024;UKIM-V-2,1.0,0.762049312570146,I-II,1,0.3758319987911062,7,0.08912556053811659,4.0,2,0.3758319987911062,0.3862173137790398
ICAM1_integrin_aXb2_complex,Macrophage,Monocyte classical,2,2.0,1.3581474466891132,True,False,Deng_Liu_LUAD_2024;UKIM-V-2,1.0,0.6790737233445566,I-II,1,0.2940390614260734,8,0.20001322925324228,4.0,2,0.2940390614260734,0.38503466191848323
ICAM1_integrin_aXb2_complex,cDC2,Macrophage alveolar,2,2.0,0.9494002525252525,True,False,Deng_Liu_LUAD_2024;UKIM-V-2,1.0,0.47470012626262625,I-II,1,0.0896882006873395,7,0.015031645569620253,4.0,2,0.0896882006873395,0.38501192557528674
VEGFA_FLT1,Monocyte classical,Monocyte classical,2,2.0,1.21763468013468,True,False,Deng_Liu_LUAD_2024;UKIM-V-2,1.0,0.60881734006734,I-II,1,0.06466161694785524,8,0.22408804105403513,4.0,2,0.22408804105403513,0.3847292990133049
CXCL16_CXCR6,Monocyte classical,T cell CD4 dividing,2,2.0,0.970496632996633,True,True,Deng_Liu_LUAD_2024;UKIM-V-2,1.0,0.4852483164983165,I-II,1,0.10054708984984745,8,0.04746835443037975,3.0,2,0.10054708984984745,0.38470122664846906
VEGFA_NRP1,cDC2,cDC2,2,2.0,0.8426101290684624,True,False,Deng_Liu_LUAD_2024;UKIM-V-2,1.0,0.4213050645342312,I-II,1,0.03669153548762824,8,0.0,4.0,2,0.03669153548762824,0.38461352904660295
PLAU_PLAUR,myeloid dividing,Mast cell,2,2.0,1.3064955106621774,True,True,Deng_Liu_LUAD_2024;UKIM-V-2,1.0,0.6532477553310887,I-II,1,0.26867210545526016,8,0.0,2.0,2,0.26867210545526016,0.38457564987582854
CD99_PILRA,T cell CD4 dividing,Monocyte classical,2,2.0,1.4160353535353534,True,True,Deng_Liu_LUAD_2024;UKIM-V-2,1.0,0.7080176767676767,I-II,1,0.3234545169784922,8,0.0,3.0,2,0.3234545169784922,0.3845631597891845
Histamine_byHDC_HRH1,Mast cell,Fibroblast peribronchial,2,2.0,1.238590768799102,False,False,Deng_Liu_LUAD_2024;UKIM-V-2,1.0,0.619295384399551,I-II,1,0.23573323329459597,6,0.0,4.0,2,0.23573323329459597,0.38356215110495506
TNF_TNFRSF1B,Macrophage,Macrophage,2,2.0,0.8677784792368125,True,True,Deng_Liu_LUAD_2024;UKIM-V-2,1.0,0.43388923961840625,I-II,1,0.05051942398917989,8,0.050129900803023146,4.0,2,0.05051942398917989,0.38336981562922634
CD99_PILRA,Monocyte classical,Monocyte classical,2,2.0,1.002774270482604,False,True,Deng_Liu_LUAD_2024;UKIM-V-2,1.0,0.501387135241302,I-II,1,0.11801771065279015,8,0.0,4.0,2,0.11801771065279015,0.3833694245885118
VEGFA_NRP2,Mast cell,Mast cell,2,2.0,0.8010381593714927,True,False,Deng_Liu_LUAD_2024;UKIM-V-2,1.0,0.40051907968574635,I-II,1,0.017365097588978185,8,0.0,4.0,2,0.017365097588978185,0.38315398209676815
APP_FPR2,Fibroblast peribronchial,Macrophage alveolar,2,2.0,1.2047383557800224,True,True,Deng_Liu_LUAD_2024;UKIM-V-2,1.0,0.6023691778900112,I-II,1,0.21925951089702228,5,0.0,4.0,2,0.21925951089702228,0.38310966699298893
CD99_PILRA,Plasma cell,Macrophage alveolar,2,2.0,0.7891379068462402,False,True,Deng_Liu_LUAD_2024;UKIM-V-2,1.0,0.3945689534231201,I-II,1,0.0,7,0.011771300448430493,4.0,2,0.011771300448430493,0.3827976529746896
ICAM1_integrin_aXb2_complex,Macrophage,Macrophage,2,2.0,1.3089962121212122,True,False,Deng_Liu_LUAD_2024;UKIM-V-2,1.0,0.6544981060606061,I-II,1,0.2722170783950863,8,0.1735757692828978,4.0,2,0.2722170783950863,0.3822810276655198
HBEGF_EGFR,Macrophage,Fibroblast peribronchial,2,2.0,0.7925855780022446,True,False,Deng_Liu_LUAD_2024;UKIM-V-2,1.0,0.3962927890011223,I-II,1,0.014574563082025769,6,0.0,4.0,2,0.014574563082025769,0.38171822591909654
HLA-E_CD94:NKG2C,T cell CD4,NK cell,2,2.0,1.6554573512906847,False,False,Deng_Liu_LUAD_2024;UKIM-V-2,1.0,0.8277286756453424,I-II,1,0.44608994868704943,8,0.32374187391837594,4.0,2,0.44608994868704943,0.38163872695829293
CD52_SIGLEC10,cDC2,myeloid dividing,2,2.0,1.1522832491582493,True,True,Deng_Liu_LUAD_2024;UKIM-V-2,1.0,0.5761416245791247,I-II,1,0.19454401722338588,8,0.0,2.0,2,0.19454401722338588,0.3815976073557388
ANXA1_FPR3,Macrophage alveolar,cDC2,2,2.0,1.8506313131313132,True,True,Deng_Liu_LUAD_2024;UKIM-V-2,1.0,0.9253156565656566,I-II,1,0.5438205566163942,7,0.4657637308824678,4.0,2,0.5438205566163942,0.38149509994926245
AREG_EGFR,cDC2,Fibroblast peribronchial,2,2.0,1.364699074074074,True,False,Deng_Liu_LUAD_2024;UKIM-V-2,1.0,0.682349537037037,I-II,1,0.30170157139816695,6,0.0,4.0,2,0.30170157139816695,0.3806479656388701
CTSG_FPR1,Mast cell,Macrophage,2,2.0,1.0315340909090909,True,True,Deng_Liu_LUAD_2024;UKIM-V-2,1.0,0.5157670454545454,I-II,1,0.13597046035183338,8,0.0,4.0,2,0.13597046035183338,0.3797965851027121
AREG_EGFR,Mast cell,Fibroblast peribronchial,2,2.0,1.4646604938271606,True,False,Deng_Liu_LUAD_2024;UKIM-V-2,1.0,0.7323302469135803,I-II,1,0.3526251957199502,6,0.0,4.0,2,0.3526251957199502,0.37970505119363007
PTPRC_MRC1,Mast cell,Macrophage alveolar,2,2.0,1.8799593153759822,False,True,Deng_Liu_LUAD_2024;UKIM-V-2,1.0,0.9399796576879911,I-II,1,0.5604278701644145,7,0.0,4.0,2,0.5604278701644145,0.37955178752357654
HLA-E_CD94:NKG2C,Mast cell,NK cell,2,2.0,1.490698653198653,False,False,Deng_Liu_LUAD_2024;UKIM-V-2,1.0,0.7453493265993265,I-II,1,0.366227632245685,8,0.0,4.0,2,0.366227632245685,0.3791216943536415
VEGFA_NRP1,Monocyte classical,cDC2,2,2.0,0.9814604377104377,True,False,Deng_Liu_LUAD_2024;UKIM-V-2,1.0,0.49073021885521884,I-II,1,0.0859475009388786,8,0.11236419461502126,4.0,2,0.11236419461502126,0.3783660242401976
VEGFA_NRP1,Mast cell,cDC2,2,2.0,0.8376473063973064,True,False,Deng_Liu_LUAD_2024;UKIM-V-2,1.0,0.4188236531986532,I-II,1,0.04051097120421383,8,0.0,4.0,2,0.04051097120421383,0.3783126819944394
TGFB3_TGFBR3,Fibroblast peribronchial,NK cell,2,2.0,0.7563973063973064,True,True,Deng_Liu_LUAD_2024;UKIM-V-2,1.0,0.3781986531986532,I-II,1,0.0,6,0.0,4.0,2,0.0,0.3781986531986532
VEGFA_FLT1,Mast cell,Macrophage,2,2.0,0.9148393658810325,True,False,Deng_Liu_LUAD_2024;UKIM-V-2,1.0,0.45741968294051627,I-II,1,0.079299540750188,8,0.0,4.0,2,0.079299540750188,0.3781201421903283
ICAM1_integrin_aXb2_complex,Macrophage,myeloid dividing,2,2.0,1.1079545454545454,True,False,Deng_Liu_LUAD_2024;UKIM-V-2,1.0,0.5539772727272727,I-II,1,0.17647094606288619,8,0.0,2.0,2,0.17647094606288619,0.37750632666438655
ANXA1_FPR3,Plasma cell,Macrophage,2,2.0,0.9777918069584736,False,True,Deng_Liu_LUAD_2024;UKIM-V-2,1.0,0.4888959034792368,I-II,1,0.0,7,0.11163938326597994,4.0,2,0.11163938326597994,0.37725652021325684
CD99_PILRA,Mast cell,Macrophage alveolar,2,2.0,1.314074775533109,False,True,Deng_Liu_LUAD_2024;UKIM-V-2,1.0,0.6570373877665545,I-II,1,0.2806586337608691,7,0.0,4.0,2,0.2806586337608691,0.37637875400568543
LipoxinA4_byALOX5_FPR2,Mast cell,Monocyte classical,2,2.0,0.994570707070707,False,True,Deng_Liu_LUAD_2024;UKIM-V-2,1.0,0.4972853535353535,I-II,1,0.1209861971523494,8,0.0,4.0,2,0.1209861971523494,0.37629915638300415
CXCL16_CXCR6,Monocyte classical,T cell CD4,2,2.0,0.908824354657688,True,False,Deng_Liu_LUAD_2024;UKIM-V-2,1.0,0.454412177328844,I-II,1,0.07817623649865978,8,0.0,4.0,2,0.07817623649865978,0.3762359408301842
HLA-E_KLRC1,Macrophage,NK cell,2,2.0,1.7008382435465768,True,True,Deng_Liu_LUAD_2024;UKIM-V-2,1.0,0.8504191217732884,I-II,1,0.47428395718008437,8,0.34526381036706905,4.0,2,0.47428395718008437,0.376135164593204
ICAM1_integrin_aXb2_complex,Mast cell,Macrophage,2,2.0,1.0630751964085299,False,False,Deng_Liu_LUAD_2024;UKIM-V-2,1.0,0.5315375982042649,I-II,1,0.15559180102834425,8,0.0,4.0,2,0.15559180102834425,0.3759457971759207
CD99_PILRA,T cell CD4,Macrophage alveolar,2,2.0,1.3804854096520764,False,True,Deng_Liu_LUAD_2024;UKIM-V-2,1.0,0.6902427048260382,I-II,1,0.314727175784031,7,0.05941704035874439,4.0,2,0.314727175784031,0.37551552904200725
CD99_PILRA,B cell,Macrophage alveolar,2,2.0,1.2115495230078563,False,True,Deng_Liu_LUAD_2024;UKIM-V-2,1.0,0.6057747615039282,I-II,1,0.23038447563643275,7,0.06502242152466367,4.0,2,0.23038447563643275,0.37539028586749545
PTPRC_MRC1,Mast cell,Macrophage,2,2.0,1.77959455667789,False,True,Deng_Liu_LUAD_2024;UKIM-V-2,1.0,0.889797278338945,I-II,1,0.5149333477230399,8,0.0,4.0,2,0.5149333477230399,0.37486393061590506
CXCL14_CXCR4,Fibroblast peribronchial,B cell,2,2.0,1.8463313692480359,False,True,Deng_Liu_LUAD_2024;UKIM-V-2,1.0,0.9231656846240179,I-II,1,0.5484749380297388,6,0.0,4.0,2,0.5484749380297388,0.37469074659427914
VEGFA_FLT1,Macrophage,Monocyte classical,2,2.0,0.7759118967452301,True,False,Deng_Liu_LUAD_2024;UKIM-V-2,1.0,0.38795594837261504,I-II,1,0.0,8,0.013449367088607595,4.0,2,0.013449367088607595,0.37450658128400743
LTA_TNFRSF1B,T cell regulatory,cDC2,2,2.0,0.7488496071829405,False,True,Deng_Liu_LUAD_2024;UKIM-V-2,1.0,0.37442480359147023,I-II,1,0.0,8,0.0,4.0,2,0.0,0.37442480359147023
TNF_TNFRSF1B,myeloid dividing,Macrophage,2,2.0,0.8729692760942761,True,True,Deng_Liu_LUAD_2024;UKIM-V-2,1.0,0.43648463804713805,I-II,1,0.06218788160165596,8,0.0,2.0,2,0.06218788160165596,0.3742967564454821
TNFSF13B_TNFRSF13C,Macrophage alveolar,B cell,2,2.0,1.3034231200897868,True,True,Deng_Liu_LUAD_2024;UKIM-V-2,1.0,0.6517115600448934,I-II,1,0.27761072393608704,7,0.0610533774208786,4.0,2,0.27761072393608704,0.37410083610880634
ICAM1_integrin_aXb2_complex,Fibroblast peribronchial,Monocyte classical,2,2.0,1.075273569023569,False,False,Deng_Liu_LUAD_2024;UKIM-V-2,1.0,0.5376367845117845,I-II,1,0.1635451888772582,6,0.0,4.0,2,0.1635451888772582,0.3740915956345263
ENTPD1_ADORA3,cDC2,myeloid dividing,2,2.0,0.8099361672278339,True,False,Deng_Liu_LUAD_2024;UKIM-V-2,1.0,0.40496808361391695,I-II,1,0.031113531896270384,8,0.0,2.0,2,0.031113531896270384,0.3738545517176466
ANXA1_FPR3,Monocyte classical,cDC2,2,2.0,1.7517080527497195,True,True,Deng_Liu_LUAD_2024;UKIM-V-2,1.0,0.8758540263748598,I-II,1,0.5021218041809543,8,0.39170753865973873,4.0,2,0.5021218041809543,0.37373222219390545
ANXA1_FPR1,Macrophage alveolar,Monocyte classical,2,2.0,1.8618651795735128,True,True,Deng_Liu_LUAD_2024;UKIM-V-2,1.0,0.9309325897867564,I-II,1,0.5573210217812358,7,0.469539901178971,4.0,2,0.5573210217812358,0.37361156800552064
CD86_CTLA4,myeloid dividing,T cell regulatory,2,2.0,1.757982603815937,True,True,Deng_Liu_LUAD_2024;UKIM-V-2,1.0,0.8789913019079685,I-II,1,0.5056035761298083,8,0.0,2.0,2,0.5056035761298083,0.37338772577816015
CXCL16_CXCR6,Mast cell,T cell CD4 dividing,2,2.0,0.8548260381593715,True,True,Deng_Liu_LUAD_2024;UKIM-V-2,1.0,0.42741301907968576,I-II,1,0.054360961046346315,8,0.0,3.0,2,0.054360961046346315,0.37305205803333946
TNF_TNFRSF1B,T cell CD8 effector memory,Monocyte classical,2,2.0,1.0245019640852975,False,True,Deng_Liu_LUAD_2024;UKIM-V-2,1.0,0.5122509820426487,I-II,1,0.13935609570729565,8,0.0,4.0,2,0.13935609570729565,0.37289488633535306
ANXA1_FPR3,T cell regulatory,cDC2,2,2.0,1.0653759820426487,False,True,Deng_Liu_LUAD_2024;UKIM-V-2,1.0,0.5326879910213244,I-II,1,0.16076960481383293,8,0.08702814650737456,4.0,2,0.16076960481383293,0.3719183862074914
WNT5A_SFRP2,cDC2,Fibroblast peribronchial,2,2.0,1.178202160493827,False,True,Deng_Liu_LUAD_2024;UKIM-V-2,1.0,0.5891010802469135,I-II,1,0.21718412949179614,6,0.0,4.0,2,0.21718412949179614,0.37191695075511744
CD99_PILRA,Macrophage,Macrophage alveolar,2,2.0,1.3030723905723907,False,True,Deng_Liu_LUAD_2024;UKIM-V-2,1.0,0.6515361952861953,I-II,1,0.28007921269967107,7,0.04288116591928251,4.0,2,0.28007921269967107,0.37145698258652426
VEGFA_NRP2,Monocyte classical,Fibroblast peribronchial,2,2.0,1.2637556116722783,True,True,Deng_Liu_LUAD_2024;UKIM-V-2,1.0,0.6318778058361392,I-II,1,0.26066499998669207,6,0.0,4.0,2,0.26066499998669207,0.3712128058494471
PLAU_PLAUR,cDC2,Macrophage alveolar,2,2.0,1.2770798260381593,True,True,Deng_Liu_LUAD_2024;UKIM-V-2,1.0,0.6385399130190796,I-II,1,0.2677060030574667,7,0.15793693591417382,4.0,2,0.2677060030574667,0.3708339099616129
HBEGF_EGFR,Macrophage alveolar,Fibroblast peribronchial,2,2.0,0.8261644219977553,True,False,Deng_Liu_LUAD_2024;UKIM-V-2,1.0,0.41308221099887765,I-II,1,0.042519946808510636,5,0.0,4.0,2,0.042519946808510636,0.37056226419036703
VEGFA_FLT1,Macrophage,myeloid dividing,2,2.0,0.7532512626262626,True,False,Deng_Liu_LUAD_2024;UKIM-V-2,1.0,0.3766256313131313,I-II,1,0.006148706283764572,8,0.0,2.0,2,0.006148706283764572,0.37047692502936674
CTSG_FPR1,Mast cell,Monocyte classical,2,2.0,1.4218469416386084,True,True,Deng_Liu_LUAD_2024;UKIM-V-2,1.0,0.7109234708193042,I-II,1,0.34068008683196194,8,0.0,4.0,2,0.34068008683196194,0.37024338398734224
HLA-E_KLRC2,myeloid dividing,NK cell,2,2.0,1.3892817059483726,True,True,Deng_Liu_LUAD_2024;UKIM-V-2,1.0,0.6946408529741863,I-II,1,0.32487080348188435,8,0.0,2.0,2,0.32487080348188435,0.36977004949230197
CD99_PILRA,Plasma cell,Monocyte classical,2,2.0,0.7391905162738496,False,True,Deng_Liu_LUAD_2024;UKIM-V-2,1.0,0.3695952581369248,I-II,1,0.0,7,0.0,4.0,2,0.0,0.3695952581369248
ANXA1_FPR3,Macrophage alveolar,myeloid dividing,2,2.0,1.7675154320987656,True,True,Deng_Liu_LUAD_2024;UKIM-V-2,1.0,0.8837577160493828,I-II,1,0.5156717036097671,7,0.0,2.0,2,0.5156717036097671,0.3680860124396157
CCL20_CCR6,Monocyte classical,myeloid dividing,2,2.0,0.8510521885521886,True,False,Deng_Liu_LUAD_2024;UKIM-V-2,1.0,0.4255260942760943,I-II,1,0.05755405025514371,8,0.0,2.0,2,0.05755405025514371,0.3679720440209506
CTSG_FPR1,Mast cell,cDC2,2,2.0,1.3252209595959594,True,True,Deng_Liu_LUAD_2024;UKIM-V-2,1.0,0.6626104797979797,I-II,1,0.29476878177861016,8,0.0,4.0,2,0.29476878177861016,0.36784169801936956
ICAM1_integrin_aXb2_complex,Macrophage alveolar,Macrophage,2,2.0,0.9073793490460157,False,False,Deng_Liu_LUAD_2024;UKIM-V-2,1.0,0.45368967452300785,I-II,1,0.08616326581601545,7,0.07359164509127437,4.0,2,0.08616326581601545,0.3675264087069924
ANXA1_FPR3,Macrophage,cDC2,2,2.0,1.7998912738496071,True,True,Deng_Liu_LUAD_2024;UKIM-V-2,1.0,0.8999456369248036,I-II,1,0.5344511144861944,8,0.3856869939331529,4.0,2,0.5344511144861944,0.36549452243860914
ANXA1_FPR3,T cell CD4,cDC2,2,2.0,1.7146640011223346,False,True,Deng_Liu_LUAD_2024;UKIM-V-2,1.0,0.8573320005611673,I-II,1,0.491968984917959,8,0.40660526202307,4.0,2,0.491968984917959,0.36536301564320833
TNF_TNFRSF1B,T cell CD4 dividing,Monocyte classical,2,2.0,1.0254349046015712,False,True,Deng_Liu_LUAD_2024;UKIM-V-2,1.0,0.5127174523007856,I-II,1,0.1485652180138302,8,0.0,3.0,2,0.1485652180138302,0.36415223428695537
CD86_CTLA4,cDC2,T cell regulatory,2,2.0,1.8566498316498317,True,True,Deng_Liu_LUAD_2024;UKIM-V-2,1.0,0.9283249158249158,I-II,1,0.5648020001862044,8,0.4748113195059277,4.0,2,0.5648020001862044,0.3635229156387114
SEMA3C_NRP2,Fibroblast peribronchial,Macrophage,2,2.0,0.7802609427609428,True,True,Deng_Liu_LUAD_2024;UKIM-V-2,1.0,0.3901304713804714,I-II,1,0.02674041353855382,6,0.0,4.0,2,0.02674041353855382,0.3633900578419176
ANXA1_FPR1,Macrophage alveolar,myeloid dividing,2,2.0,1.74871632996633,True,True,Deng_Liu_LUAD_2024;UKIM-V-2,1.0,0.874358164983165,I-II,1,0.5116324784143792,7,0.0,2.0,2,0.5116324784143792,0.3627256865687858
HLA-E_CD94:NKG2C,T cell CD8 effector memory,NK cell,2,2.0,1.655594135802469,False,False,Deng_Liu_LUAD_2024;UKIM-V-2,1.0,0.8277970679012345,I-II,1,0.46548501259684394,8,0.34584222109720375,4.0,2,0.46548501259684394,0.3623120553043906
CXCL16_CXCR6,cDC2,T cell CD8 effector memory,2,2.0,1.3319058641975308,True,True,Deng_Liu_LUAD_2024;UKIM-V-2,1.0,0.6659529320987654,I-II,1,0.3060178885181768,8,0.18626371194554114,4.0,2,0.3060178885181768,0.3599350435805886
ICAM1_integrin_aXb2_complex,Mast cell,Macrophage alveolar,2,2.0,0.8666842031425365,False,False,Deng_Liu_LUAD_2024;UKIM-V-2,1.0,0.43334210157126823,I-II,1,0.07524517843635918,7,0.0,4.0,2,0.07524517843635918,0.35809692313490904
APP_FPR2,Fibroblast peribronchial,Monocyte classical,2,2.0,1.2693111672278339,True,True,Deng_Liu_LUAD_2024;UKIM-V-2,1.0,0.6346555836139169,I-II,1,0.276716938213856,6,0.0,4.0,2,0.276716938213856,0.35793864540006093
CD44_TYROBP,Macrophage alveolar,Fibroblast peribronchial,2,2.0,1.3975624298540965,True,False,Deng_Liu_LUAD_2024;UKIM-V-2,1.0,0.6987812149270483,I-II,1,0.3408943213931731,5,0.0,4.0,2,0.3408943213931731,0.35788689353387515
HLA-E_CD94:NKG2C,T cell CD4 dividing,NK cell,2,2.0,1.5996422558922558,False,False,Deng_Liu_LUAD_2024;UKIM-V-2,1.0,0.7998211279461279,I-II,1,0.4420026805283619,8,0.2543693906471422,3.0,2,0.4420026805283619,0.35781844741776603
ANXA1_FPR1,NK cell,Macrophage alveolar,2,2.0,1.3780864197530862,False,True,Deng_Liu_LUAD_2024;UKIM-V-2,1.0,0.6890432098765431,I-II,1,0.33129661357729595,7,0.0,4.0,2,0.33129661357729595,0.35774659629924715
THBS2_CD36,Fibroblast peribronchial,myeloid dividing,2,2.0,1.4820356341189673,True,True,Deng_Liu_LUAD_2024;UKIM-V-2,1.0,0.7410178170594837,I-II,1,0.3836587918969753,6,0.0,2.0,2,0.3836587918969753,0.35735902516250834
PLAU_PLAUR,Macrophage alveolar,Macrophage,2,2.0,1.4974747474747474,True,True,Deng_Liu_LUAD_2024;UKIM-V-2,1.0,0.7487373737373737,I-II,1,0.39147545509714304,7,0.2979777180509797,4.0,2,0.39147545509714304,0.35726191864023066
HLA-E_CD94:NKG2C,Macrophage alveolar,NK cell,2,2.0,1.3550014029180697,True,False,Deng_Liu_LUAD_2024;UKIM-V-2,1.0,0.6775007014590348,I-II,1,0.3206074494979444,7,0.2354121080469655,4.0,2,0.3206074494979444,0.35689325196109045
ICAM1_integrin_aXb2_complex,cDC2,Macrophage,2,2.0,1.1402427048260382,True,False,Deng_Liu_LUAD_2024;UKIM-V-2,1.0,0.5701213524130191,I-II,1,0.21404731198615023,8,0.07381713889775636,4.0,2,0.21404731198615023,0.35607404042686885
PTPRC_CD22,myeloid dividing,B cell,2,2.0,1.656527076318743,True,True,Deng_Liu_LUAD_2024;UKIM-V-2,1.0,0.8282635381593715,I-II,1,0.4728798117072873,8,0.0,2.0,2,0.4728798117072873,0.35538372645208416
PECAM1_CD38,Macrophage,NK cell,2,2.0,0.8209175084175084,True,False,Deng_Liu_LUAD_2024;UKIM-V-2,1.0,0.4104587542087542,I-II,1,0.05549829400056867,8,0.0,4.0,2,0.05549829400056867,0.35496046020818556
ICAM1_integrin_aXb2_complex,Plasma cell,Monocyte classical,2,2.0,0.7098063973063973,False,False,Deng_Liu_LUAD_2024;UKIM-V-2,1.0,0.35490319865319864,I-II,1,0.0,7,0.0,4.0,2,0.0,0.35490319865319864
VEGFA_NRP2,cDC2,Fibroblast peribronchial,2,2.0,1.1344241021324355,True,True,Deng_Liu_LUAD_2024;UKIM-V-2,1.0,0.5672120510662177,I-II,1,0.212397259862988,6,0.0,4.0,2,0.212397259862988,0.3548147912032298
ICAM1_integrin_aXb2_complex,cDC2,Monocyte classical,2,2.0,1.1970187991021324,True,False,Deng_Liu_LUAD_2024;UKIM-V-2,1.0,0.5985093995510662,I-II,1,0.24397721850554696,8,0.09588050770435833,4.0,2,0.24397721850554696,0.3545321810455192
CD99_PILRA,NK cell,Macrophage alveolar,2,2.0,1.4810500841750842,False,True,Deng_Liu_LUAD_2024;UKIM-V-2,1.0,0.7405250420875421,I-II,1,0.3863573430542134,7,0.05717488789237668,4.0,2,0.3863573430542134,0.35416769903332873
HLA-E_CD94:NKG2C,Macrophage,NK cell,2,2.0,1.4968995510662177,True,False,Deng_Liu_LUAD_2024;UKIM-V-2,1.0,0.7484497755331089,I-II,1,0.39451324700305057,8,0.264313845212046,4.0,2,0.39451324700305057,0.3539365285300583
CD44_TYROBP,myeloid dividing,T cell CD4 dividing,2,2.0,1.3771569865319866,True,False,Deng_Liu_LUAD_2024;UKIM-V-2,1.0,0.6885784932659933,I-II,1,0.334685163206086,8,0.0,2.0,2,0.334685163206086,0.3538933300599073
CD86_CTLA4,Monocyte classical,T cell CD4 dividing,2,2.0,1.5218504489337823,True,True,Deng_Liu_LUAD_2024;UKIM-V-2,1.0,0.7609252244668911,I-II,1,0.4076261359830118,8,0.3703472765257269,3.0,2,0.4076261359830118,0.35329908848387936
ANXA1_FPR1,Macrophage,Macrophage,2,2.0,1.6251613355780021,True,True,Deng_Liu_LUAD_2024;UKIM-V-2,1.0,0.8125806677890011,I-II,1,0.45943058180886676,8,0.15759329239489844,4.0,2,0.45943058180886676,0.3531500859801343
CCL5_CCR1,T cell CD4 dividing,Macrophage,2,2.0,1.1369107744107745,False,True,Deng_Liu_LUAD_2024;UKIM-V-2,1.0,0.5684553872053872,I-II,1,0.21551296302561496,8,0.08438818565400845,3.0,2,0.21551296302561496,0.3529424241797723
CD52_SIGLEC10,cDC2,cDC2,2,2.0,1.405874719416386,True,True,Deng_Liu_LUAD_2024;UKIM-V-2,1.0,0.702937359708193,I-II,1,0.20930948390423143,8,0.3500031324307002,4.0,2,0.3500031324307002,0.35293422727749285
CD52_SIGLEC10,T cell CD4 dividing,Macrophage,2,2.0,1.53013468013468,True,False,Deng_Liu_LUAD_2024;UKIM-V-2,1.0,0.76506734006734,I-II,1,0.41258744785991996,8,0.1921944035346097,3.0,2,0.41258744785991996,0.35247989220742004
CD86_CTLA4,Macrophage alveolar,T cell CD4 dividing,2,2.0,1.3449214365881033,True,True,Deng_Liu_LUAD_2024;UKIM-V-2,1.0,0.6724607182940516,I-II,1,0.3216406028771471,7,0.2563221978545465,3.0,2,0.3216406028771471,0.35082011541690455
CD44_TYROBP,myeloid dividing,T cell CD4,2,2.0,1.3413790684624018,True,False,Deng_Liu_LUAD_2024;UKIM-V-2,1.0,0.6706895342312009,I-II,1,0.3200594235964998,8,0.0,2.0,2,0.3200594235964998,0.3506301106347011
CD99_PILRA,T cell regulatory,myeloid dividing,2,2.0,0.8137310606060606,False,True,Deng_Liu_LUAD_2024;UKIM-V-2,1.0,0.4068655303030303,I-II,1,0.05630817819148936,8,0.0,2.0,2,0.05630817819148936,0.35055735211154093
HLA-E_CD94:NKG2C,T cell regulatory,NK cell,2,2.0,1.6762626262626261,False,False,Deng_Liu_LUAD_2024;UKIM-V-2,1.0,0.8381313131313131,I-II,1,0.4877268155582862,8,0.36021392062123614,4.0,2,0.4877268155582862,0.3504044975730269
RARRES2_CMKLR1,Fibroblast peribronchial,myeloid dividing,2,2.0,1.4252420033670035,True,True,Deng_Liu_LUAD_2024;UKIM-V-2,1.0,0.7126210016835017,I-II,1,0.3630701939549932,6,0.0,2.0,2,0.3630701939549932,0.34955080772850855
CD86_CTLA4,Macrophage,T cell CD4 dividing,2,2.0,1.5500420875420875,True,True,Deng_Liu_LUAD_2024;UKIM-V-2,1.0,0.7750210437710437,I-II,1,0.4254982360716683,8,0.3871057895053691,3.0,2,0.4254982360716683,0.34952280769937544
HBEGF_ERBB2,Monocyte classical,Fibroblast peribronchial,2,2.0,0.9724677328843996,True,False,Deng_Liu_LUAD_2024;UKIM-V-2,1.0,0.4862338664421998,I-II,1,0.13725004549472758,6,0.0,4.0,2,0.13725004549472758,0.3489838209474722
PTPRC_MRC1,Macrophage alveolar,Macrophage,2,2.0,1.8633838383838386,True,True,Deng_Liu_LUAD_2024;UKIM-V-2,1.0,0.9316919191919193,I-II,1,0.5837848781239235,7,0.3525773200279325,4.0,2,0.5837848781239235,0.34790704106799575
CD86_CTLA4,B cell,T cell CD4 dividing,2,2.0,1.1091435185185183,False,True,Deng_Liu_LUAD_2024;UKIM-V-2,1.0,0.5545717592592592,I-II,1,0.20682764296280381,8,0.14129650126416607,3.0,2,0.20682764296280381,0.34774411629645535
PLAU_PLAUR,cDC2,Macrophage,2,2.0,1.5881769079685748,True,True,Deng_Liu_LUAD_2024;UKIM-V-2,1.0,0.7940884539842874,I-II,1,0.44644369571015957,8,0.3684544634500809,4.0,2,0.44644369571015957,0.34764475827412783
CXCL2_DPP4,myeloid dividing,Mast cell,2,2.0,0.6950968013468013,True,False,Deng_Liu_LUAD_2024;UKIM-V-2,1.0,0.34754840067340065,I-II,1,0.0,8,0.0,2.0,2,0.0,0.34754840067340065
WNT5A_SFRP2,myeloid dividing,Fibroblast peribronchial,2,2.0,1.1241266835016837,False,True,Deng_Liu_LUAD_2024;UKIM-V-2,1.0,0.5620633417508418,I-II,1,0.2149541420307305,6,0.0,2.0,2,0.2149541420307305,0.34710919972011134
ANXA1_FPR1,Macrophage alveolar,cDC2,2,2.0,1.8222362514029182,True,True,Deng_Liu_LUAD_2024;UKIM-V-2,1.0,0.9111181257014591,I-II,1,0.5640180772780052,7,0.4166691414512208,4.0,2,0.5640180772780052,0.3471000484234539
VEGFA_NRP2,Monocyte classical,Macrophage alveolar,2,2.0,1.1453633557800225,True,True,Deng_Liu_LUAD_2024;UKIM-V-2,1.0,0.5726816778900112,I-II,1,0.1529415763725417,7,0.2256634059422517,4.0,2,0.2256634059422517,0.3470182719477595
HBEGF_EGFR,cDC2,Fibroblast peribronchial,2,2.0,0.8078843995510663,True,False,Deng_Liu_LUAD_2024;UKIM-V-2,1.0,0.40394219977553314,I-II,1,0.05734427545171036,6,0.0,4.0,2,0.05734427545171036,0.3465979243238228
ANXA1_FPR3,Fibroblast peribronchial,Macrophage alveolar,2,2.0,1.0886503928170594,False,True,Deng_Liu_LUAD_2024;UKIM-V-2,1.0,0.5443251964085297,I-II,1,0.19906140948658788,5,0.0,4.0,2,0.19906140948658788,0.3452637869219418
VEGFA_NRP1,Macrophage,Monocyte classical,2,2.0,0.6973414702581369,True,False,Deng_Liu_LUAD_2024;UKIM-V-2,1.0,0.34867073512906843,I-II,1,0.005334606443042179,8,0.0,4.0,2,0.005334606443042179,0.34333612868602625
HLA-E_CD94:NKG2C,NK cell,NK cell,2,2.0,1.6612373737373738,False,False,Deng_Liu_LUAD_2024;UKIM-V-2,1.0,0.8306186868686869,I-II,1,0.48763197578096973,8,0.3652288435915957,4.0,2,0.48763197578096973,0.34298671108771717
CD99_PILRA,Macrophage alveolar,Macrophage alveolar,2,2.0,1.1723765432098765,False,True,Deng_Liu_LUAD_2024;UKIM-V-2,1.0,0.5861882716049382,I-II,1,0.2437191757222846,7,0.0397982062780269,4.0,2,0.2437191757222846,0.3424690958826536
CD40LG_CD40,T cell CD4,cDC2,2,2.0,0.8365670594837262,True,True,Deng_Liu_LUAD_2024;UKIM-V-2,1.0,0.4182835297418631,I-II,1,0.0758950507567714,8,0.0,4.0,2,0.0758950507567714,0.3423884789850917
CD86_CTLA4,cDC2,T cell CD4 dividing,2,2.0,1.7719065656565656,True,True,Deng_Liu_LUAD_2024;UKIM-V-2,1.0,0.8859532828282828,I-II,1,0.5435870546529272,8,0.4868185149332401,3.0,2,0.5435870546529272,0.34236622817535556
SEMA3C_NRP2,Macrophage,Macrophage,2,2.0,0.7074074074074075,True,True,Deng_Liu_LUAD_2024;UKIM-V-2,1.0,0.35370370370370374,I-II,1,0.011595594665471385,8,0.0,4.0,2,0.011595594665471385,0.34210810903823236
CXCL16_CXCR6,cDC2,T cell regulatory,2,2.0,1.3150392817059484,True,True,Deng_Liu_LUAD_2024;UKIM-V-2,1.0,0.6575196408529742,I-II,1,0.3154210957205566,8,0.297866766263725,4.0,2,0.3154210957205566,0.3420985451324176
ICAM1_integrin_aXb2_complex,Macrophage alveolar,Macrophage alveolar,2,2.0,0.7199565095398429,False,False,Deng_Liu_LUAD_2024;UKIM-V-2,1.0,0.35997825476992146,I-II,1,0.016649168904682935,7,0.01819620253164557,4.0,2,0.01819620253164557,0.3417820522382759
FCER2_integrin_aXb2_complex,B cell,Monocyte classical,2,2.0,0.8202406004489338,False,False,Deng_Liu_LUAD_2024;UKIM-V-2,1.0,0.4101203002244669,I-II,1,0.06934395917808468,8,0.0,4.0,2,0.06934395917808468,0.3407763410463822
PTPRC_MRC1,myeloid dividing,cDC2,2,2.0,1.7396534792368126,True,True,Deng_Liu_LUAD_2024;UKIM-V-2,1.0,0.8698267396184063,I-II,1,0.5290725821226672,8,0.0,2.0,2,0.5290725821226672,0.3407541574957391
CD86_CTLA4,Macrophage alveolar,T cell CD4,2,2.0,0.7733200056116722,True,False,Deng_Liu_LUAD_2024;UKIM-V-2,1.0,0.3866600028058361,I-II,1,0.04671115709693897,7,0.0,4.0,2,0.04671115709693897,0.33994884570889716
PTPRC_CD22,T cell CD4 dividing,Mast cell,2,2.0,1.8629699775533108,True,True,Deng_Liu_LUAD_2024;UKIM-V-2,1.0,0.9314849887766554,I-II,1,0.5915872914405647,8,0.0,3.0,2,0.5915872914405647,0.33989769733609076
APP_TNFRSF21,Fibroblast peribronchial,Macrophage,2,2.0,1.222152076318743,True,True,Deng_Liu_LUAD_2024;UKIM-V-2,1.0,0.6110760381593715,I-II,1,0.27166992522965555,6,0.0,4.0,2,0.27166992522965555,0.33940611292971595
ICAM1_integrin_aXb2_complex,Monocyte classical,cDC2,2,2.0,1.3270061728395062,True,False,Deng_Liu_LUAD_2024;UKIM-V-2,1.0,0.6635030864197531,I-II,1,0.32433068782097924,8,0.09489419699345349,4.0,2,0.32433068782097924,0.33917239859877385
VEGFA_NRP1,Fibroblast peribronchial,Macrophage,2,2.0,0.7888257575757576,False,True,Deng_Liu_LUAD_2024;UKIM-V-2,1.0,0.3944128787878788,I-II,1,0.05541013114216487,6,0.0,4.0,2,0.05541013114216487,0.3390027476457139
ANXA1_FPR3,Macrophage,myeloid dividing,2,2.0,1.6796787317620652,True,True,Deng_Liu_LUAD_2024;UKIM-V-2,1.0,0.8398393658810326,I-II,1,0.5008736278388946,8,0.0,2.0,2,0.5008736278388946,0.33896573804213803
CCL3_CCR1,myeloid dividing,Monocyte classical,2,2.0,1.1076774691358025,True,True,Deng_Liu_LUAD_2024;UKIM-V-2,1.0,0.5538387345679012,I-II,1,0.21505999569423637,8,0.0,2.0,2,0.21505999569423637,0.33877873887366483
VEGFA_NRP2,Macrophage,myeloid dividing,2,2.0,0.7065025252525252,True,True,Deng_Liu_LUAD_2024;UKIM-V-2,1.0,0.3532512626262626,I-II,1,0.014782566283592707,8,0.0,2.0,2,0.014782566283592707,0.3384686963426699
CTSG_FPR1,Mast cell,myeloid dividing,2,2.0,1.0982253086419753,True,True,Deng_Liu_LUAD_2024;UKIM-V-2,1.0,0.5491126543209877,I-II,1,0.21070287161968607,8,0.0,2.0,2,0.21070287161968607,0.3384097827013016
PLAU_PLAUR,Fibroblast peribronchial,Mast cell,2,2.0,1.4039246632996631,True,True,Deng_Liu_LUAD_2024;UKIM-V-2,1.0,0.7019623316498316,I-II,1,0.36470554081217027,6,0.0,4.0,2,0.36470554081217027,0.3372567908376613
Histamine_byHDC_HRH2,Mast cell,cDC2,2,2.0,1.2809203142536476,False,False,Deng_Liu_LUAD_2024;UKIM-V-2,1.0,0.6404601571268238,I-II,1,0.30331432119951535,8,0.0,4.0,2,0.30331432119951535,0.33714583592730846
PLAU_PLAUR,Macrophage alveolar,Monocyte classical,2,2.0,1.625550645342312,True,True,Deng_Liu_LUAD_2024;UKIM-V-2,1.0,0.812775322671156,I-II,1,0.47574752446678537,7,0.3120812605011869,4.0,2,0.47574752446678537,0.3370277982043707
CXCL16_CXCR6,Macrophage alveolar,T cell CD8 effector memory,2,2.0,1.4906074635241302,True,True,Deng_Liu_LUAD_2024;UKIM-V-2,1.0,0.7453037317620651,I-II,1,0.40856970754717714,7,0.08015695067264574,4.0,2,0.40856970754717714,0.33673402421488796
CXCL2_DPP4,myeloid dividing,T cell CD4 dividing,2,2.0,0.671134960718294,True,False,Deng_Liu_LUAD_2024;UKIM-V-2,1.0,0.335567480359147,I-II,1,0.0,8,0.0,2.0,2,0.0,0.335567480359147
TNF_TNFRSF1B,Monocyte classical,Macrophage,2,2.0,0.7950056116722783,True,True,Deng_Liu_LUAD_2024;UKIM-V-2,1.0,0.3975028058361392,I-II,1,0.062005037356774574,8,0.0543221539914974,4.0,2,0.062005037356774574,0.3354977684793646
ICAM1_integrin_aXb2_complex,Fibroblast peribronchial,Macrophage alveolar,2,2.0,0.7183677048260382,False,False,Deng_Liu_LUAD_2024;UKIM-V-2,1.0,0.3591838524130191,I-II,1,0.02379808903619159,5,0.0,4.0,2,0.02379808903619159,0.3353857633768275
PTPRC_CD22,myeloid dividing,Mast cell,2,2.0,1.5282687991021324,True,True,Deng_Liu_LUAD_2024;UKIM-V-2,1.0,0.7641343995510662,I-II,1,0.42886076237447457,8,0.0,2.0,2,0.42886076237447457,0.33527363717659164
NECTIN2_TIGIT,Macrophage alveolar,T cell regulatory,2,2.0,1.2779180695847363,False,True,Deng_Liu_LUAD_2024;UKIM-V-2,1.0,0.6389590347923682,I-II,1,0.30389698082094735,7,0.22319010603485612,4.0,2,0.30389698082094735,0.3350620539714208
APP_TNFRSF21,Fibroblast peribronchial,myeloid dividing,2,2.0,1.1227202581369249,True,False,Deng_Liu_LUAD_2024;UKIM-V-2,1.0,0.5613601290684624,I-II,1,0.2263327858378136,6,0.0,2.0,2,0.2263327858378136,0.33502734323064887
PTPRC_MRC1,B cell,Macrophage,2,2.0,1.9345328282828285,False,True,Deng_Liu_LUAD_2024;UKIM-V-2,1.0,0.9672664141414142,I-II,1,0.6328609879289213,8,0.4645287118132244,4.0,2,0.6328609879289213,0.3344054262124929
CD99_PILRA,Monocyte classical,myeloid dividing,2,2.0,0.7275498035914703,False,True,Deng_Liu_LUAD_2024;UKIM-V-2,1.0,0.36377490179573513,I-II,1,0.029961768617021278,8,0.0,2.0,2,0.029961768617021278,0.33381313317871386
CD44_TYROBP,Macrophage alveolar,Mast cell,2,2.0,1.847422138047138,True,True,Deng_Liu_LUAD_2024;UKIM-V-2,1.0,0.923711069023569,I-II,1,0.5902574326443386,7,0.0,4.0,2,0.5902574326443386,0.3334536363792304
ANXA1_FPR3,T cell regulatory,Macrophage,2,2.0,1.099182800224467,False,True,Deng_Liu_LUAD_2024;UKIM-V-2,1.0,0.5495914001122335,I-II,1,0.2169639734478286,8,0.13409157789213205,4.0,2,0.2169639734478286,0.3326274266644049
ANXA1_FPR3,T cell CD4 dividing,Macrophage,2,2.0,1.4580737934904602,False,True,Deng_Liu_LUAD_2024;UKIM-V-2,1.0,0.7290368967452301,I-II,1,0.39707258123927436,8,0.3206313312306838,3.0,2,0.39707258123927436,0.33196431550595573
PLAU_PLAUR,Macrophage alveolar,Macrophage alveolar,2,2.0,1.1569093714927048,True,True,Deng_Liu_LUAD_2024;UKIM-V-2,1.0,0.5784546857463524,I-II,1,0.24654295333561002,7,0.14556962025316456,4.0,2,0.24654295333561002,0.33191173241074234
ANXA1_FPR3,Fibroblast peribronchial,cDC2,2,2.0,1.437675364758698,False,True,Deng_Liu_LUAD_2024;UKIM-V-2,1.0,0.718837682379349,I-II,1,0.3869273763500856,6,0.0,4.0,2,0.3869273763500856,0.33191030602926336
ICAM1_integrin_aXb2_complex,cDC2,myeloid dividing,2,2.0,0.9202300785634119,True,False,Deng_Liu_LUAD_2024;UKIM-V-2,1.0,0.46011503928170594,I-II,1,0.12873564786534392,8,0.0,2.0,2,0.12873564786534392,0.331379391416362
Histamine_byHDC_HRH2,Mast cell,Macrophage,2,2.0,1.2093258978675645,False,False,Deng_Liu_LUAD_2024;UKIM-V-2,1.0,0.6046629489337823,I-II,1,0.27400320010012597,8,0.0,4.0,2,0.27400320010012597,0.3306597488336563
PTPRC_MRC1,Macrophage,Macrophage,2,2.0,1.8434343434343434,False,True,Deng_Liu_LUAD_2024;UKIM-V-2,1.0,0.9217171717171717,I-II,1,0.5914926274531302,8,0.4305761706945218,4.0,2,0.5914926274531302,0.33022454426404146
HLA-E_CD94:NKG2C,Monocyte classical,NK cell,2,2.0,1.438787177328844,False,False,Deng_Liu_LUAD_2024;UKIM-V-2,1.0,0.719393588664422,I-II,1,0.3896309669923996,8,0.25846513172248575,4.0,2,0.3896309669923996,0.32976262167202247
VEGFA_NRP1,myeloid dividing,Macrophage,2,2.0,0.8023358585858587,False,True,Deng_Liu_LUAD_2024;UKIM-V-2,1.0,0.4011679292929293,I-II,1,0.07158400590278953,8,0.0,2.0,2,0.07158400590278953,0.3295839233901398
ICAM1_integrin_aXb2_complex,myeloid dividing,Macrophage alveolar,2,2.0,0.8266905162738496,True,False,Deng_Liu_LUAD_2024;UKIM-V-2,1.0,0.4133452581369248,I-II,1,0.08423888235053312,7,0.0,2.0,2,0.08423888235053312,0.3291063757863917
PTPRC_MRC1,Macrophage alveolar,Macrophage alveolar,2,2.0,1.933263187429854,True,True,Deng_Liu_LUAD_2024;UKIM-V-2,1.0,0.966631593714927,I-II,1,0.6376599324992428,7,0.3189600507186061,4.0,2,0.6376599324992428,0.3289716612156842
CD52_SIGLEC10,T cell CD4,myeloid dividing,2,2.0,1.5956404320987654,True,True,Deng_Liu_LUAD_2024;UKIM-V-2,1.0,0.7978202160493827,I-II,1,0.46913482690809677,8,0.0,2.0,2,0.46913482690809677,0.3286853891412859
PTPRC_MRC1,T cell regulatory,cDC2,2,2.0,1.948982884399551,True,True,Deng_Liu_LUAD_2024;UKIM-V-2,1.0,0.9744914421997755,I-II,1,0.6458433724782818,8,0.392820358789879,4.0,2,0.6458433724782818,0.32864806972149363
CD86_CTLA4,myeloid dividing,T cell CD4 dividing,2,2.0,1.614976150392817,True,True,Deng_Liu_LUAD_2024;UKIM-V-2,1.0,0.8074880751964085,I-II,1,0.478996918386187,8,0.0,2.0,2,0.478996918386187,0.3284911568102215
VEGFA_NRP2,Macrophage,Macrophage alveolar,2,2.0,0.6925189393939394,True,True,Deng_Liu_LUAD_2024;UKIM-V-2,1.0,0.3462594696969697,I-II,1,0.01787237499492262,7,0.01661392405063291,4.0,2,0.01787237499492262,0.3283870947020471
ANXA1_FPR1,Macrophage,Monocyte classical,2,2.0,1.802104377104377,True,True,Deng_Liu_LUAD_2024;UKIM-V-2,1.0,0.9010521885521885,I-II,1,0.5729028393083386,8,0.45234888066015855,4.0,2,0.5729028393083386,0.32814934924384986
PTPRC_MRC1,Macrophage,Macrophage alveolar,2,2.0,1.921057800224467,False,True,Deng_Liu_LUAD_2024;UKIM-V-2,1.0,0.9605289001122335,I-II,1,0.6324141301579057,7,0.368833143934463,4.0,2,0.6324141301579057,0.32811476995432776
ICAM1_integrin_aXb2_complex,myeloid dividing,Monocyte classical,2,2.0,1.0923961840628507,True,False,Deng_Liu_LUAD_2024;UKIM-V-2,1.0,0.5461980920314253,I-II,1,0.2181107656054588,8,0.0,2.0,2,0.2181107656054588,0.3280873264259665
LipoxinA4_byALOX5_FPR2,Mast cell,Macrophage alveolar,2,2.0,0.8809308361391694,False,True,Deng_Liu_LUAD_2024;UKIM-V-2,1.0,0.4404654180695847,I-II,1,0.11254548186725635,7,0.0,4.0,2,0.11254548186725635,0.3279199362023284
PECAM1_CD38,cDC2,Plasma cell,2,2.0,0.7514309764309763,True,True,Deng_Liu_LUAD_2024;UKIM-V-2,1.0,0.37571548821548817,I-II,1,0.0,7,0.04828200066292978,4.0,2,0.04828200066292978,0.3274334875525584
CSF1_CSF1R,Mast cell,Macrophage,2,2.0,1.3134048821548823,True,True,Deng_Liu_LUAD_2024;UKIM-V-2,1.0,0.6567024410774411,I-II,1,0.329445426329828,8,0.0,4.0,2,0.329445426329828,0.32725701474761315
PECAM1_CD38,Plasma cell,Plasma cell,2,2.0,0.7811658249158249,True,True,Deng_Liu_LUAD_2024;UKIM-V-2,1.0,0.39058291245791243,I-II,1,0.0,7,0.06391104347287528,4.0,2,0.06391104347287528,0.32667186898503714
ANXA1_FPR1,Plasma cell,Monocyte classical,2,2.0,0.9072776374859708,False,True,Deng_Liu_LUAD_2024;UKIM-V-2,1.0,0.4536388187429854,I-II,1,0.0,7,0.12725635033876126,4.0,2,0.12725635033876126,0.32638246840422414
Histamine_byHDC_HRH2,Mast cell,Monocyte classical,2,2.0,1.2924137205387205,False,False,Deng_Liu_LUAD_2024;UKIM-V-2,1.0,0.6462068602693603,I-II,1,0.3203137318730881,8,0.0,4.0,2,0.3203137318730881,0.32589312839627216
VEGFA_NRP2,Macrophage,Fibroblast peribronchial,2,2.0,0.8402356902356902,True,True,Deng_Liu_LUAD_2024;UKIM-V-2,1.0,0.4201178451178451,I-II,1,0.09539438972961571,6,0.0,4.0,2,0.09539438972961571,0.3247234553882294
TNF_TNFRSF1B,cDC2,Macrophage,2,2.0,0.7641028338945006,True,True,Deng_Liu_LUAD_2024;UKIM-V-2,1.0,0.3820514169472503,I-II,1,0.05209183846595783,8,0.05821917808219178,4.0,2,0.05821917808219178,0.3238322388650585
PDGFD_PDGFRB,Macrophage alveolar,Fibroblast peribronchial,2,2.0,0.6473835578002245,False,True,Deng_Liu_LUAD_2024;UKIM-V-2,1.0,0.32369177890011225,I-II,1,0.0,5,0.0,4.0,2,0.0,0.32369177890011225
ANXA1_FPR1,T cell CD4 dividing,Macrophage,2,2.0,1.0344065656565657,False,True,Deng_Liu_LUAD_2024;UKIM-V-2,1.0,0.5172032828282829,I-II,1,0.1936768662991731,8,0.09234766178554558,3.0,2,0.1936768662991731,0.32352641652910974
PTPRC_MRC1,cDC2,myeloid dividing,2,2.0,1.837324635241302,True,True,Deng_Liu_LUAD_2024;UKIM-V-2,1.0,0.918662317620651,I-II,1,0.5964035189710172,8,0.0,2.0,2,0.5964035189710172,0.3222587986496338
CD99_PILRA,cDC2,myeloid dividing,2,2.0,0.7263082210998878,False,True,Deng_Liu_LUAD_2024;UKIM-V-2,1.0,0.3631541105499439,I-II,1,0.0411610704787234,8,0.0,2.0,2,0.0411610704787234,0.3219930400712205
VEGFA_FLT1,Macrophage,Macrophage alveolar,2,2.0,0.6433396464646465,True,True,Deng_Liu_LUAD_2024;UKIM-V-2,1.0,0.32166982323232324,I-II,1,0.0,7,0.0,4.0,2,0.0,0.32166982323232324
THBS1_CD36,Fibroblast peribronchial,Macrophage,2,2.0,0.8916806958473624,True,True,Deng_Liu_LUAD_2024;UKIM-V-2,1.0,0.4458403479236812,I-II,1,0.12435616085939015,6,0.0,4.0,2,0.12435616085939015,0.32148418706429105
TNFSF13B_TNFRSF17,Macrophage alveolar,Plasma cell,2,2.0,0.8097081930415264,True,True,Deng_Liu_LUAD_2024;UKIM-V-2,1.0,0.4048540965207632,I-II,1,0.0,7,0.08348423682787076,4.0,2,0.08348423682787076,0.32136985969289245
CD99_PILRA,Macrophage alveolar,myeloid dividing,2,2.0,0.812142255892256,False,True,Deng_Liu_LUAD_2024;UKIM-V-2,1.0,0.406071127946128,I-II,1,0.08479446174594438,7,0.0,2.0,2,0.08479446174594438,0.3212766662001836
ProstaglandinE2_byPTGES_PTGER4,Fibroblast peribronchial,cDC2,2,2.0,0.6418771043771043,False,True,Deng_Liu_LUAD_2024;UKIM-V-2,1.0,0.32093855218855216,I-II,1,0.0,6,0.0,4.0,2,0.0,0.32093855218855216
TNFSF13B_TNFRSF13C,Macrophage,B cell,2,2.0,1.4237934904601572,True,True,Deng_Liu_LUAD_2024;UKIM-V-2,1.0,0.7118967452300786,I-II,1,0.3910365937858022,8,0.2510793141235135,4.0,2,0.3910365937858022,0.32086015144427643
ANXA1_FPR1,Macrophage,myeloid dividing,2,2.0,1.654412177328844,True,True,Deng_Liu_LUAD_2024;UKIM-V-2,1.0,0.827206088664422,I-II,1,0.5071454155023095,8,0.0,2.0,2,0.5071454155023095,0.3200606731621125
ICAM1_integrin_aXb2_complex,Macrophage,cDC2,2,2.0,1.2213559203142537,True,False,Deng_Liu_LUAD_2024;UKIM-V-2,1.0,0.6106779601571268,I-II,1,0.29131120800622606,8,0.1478975524708048,4.0,2,0.29131120800622606,0.31936675215090077
CXCL16_CXCR6,cDC2,T cell CD4 dividing,2,2.0,1.2465558361391693,True,True,Deng_Liu_LUAD_2024;UKIM-V-2,1.0,0.6232779180695847,I-II,1,0.3048130216413186,8,0.21015152357198877,3.0,2,0.3048130216413186,0.31846489642826603
APP_TNFRSF21,Fibroblast peribronchial,Fibroblast peribronchial,2,2.0,1.1706930415263748,True,False,Deng_Liu_LUAD_2024;UKIM-V-2,1.0,0.5853465207631874,I-II,1,0.2675078880052106,6,0.0,4.0,2,0.2675078880052106,0.3178386327579768
TNFSF13B_TNFRSF13C,Monocyte classical,B cell,2,2.0,1.3846941638608303,True,True,Deng_Liu_LUAD_2024;UKIM-V-2,1.0,0.6923470819304152,I-II,1,0.37487193661359,8,0.22152243602007174,4.0,2,0.37487193661359,0.3174751453168252
ICAM1_integrin_aXb2_complex,Mast cell,myeloid dividing,2,2.0,0.8208789281705948,False,False,Deng_Liu_LUAD_2024;UKIM-V-2,1.0,0.4104394640852974,I-II,1,0.09323254832270453,8,0.0,2.0,2,0.09323254832270453,0.31720691576259286
PTPRC_MRC1,myeloid dividing,myeloid dividing,2,2.0,1.7512556116722782,True,True,Deng_Liu_LUAD_2024;UKIM-V-2,1.0,0.8756278058361391,I-II,1,0.5586375781867148,8,0.0,2.0,2,0.5586375781867148,0.3169902276494243
PECAM1_CD38,Macrophage alveolar,T cell CD4 dividing,2,2.0,0.9668280022446689,True,False,Deng_Liu_LUAD_2024;UKIM-V-2,1.0,0.48341400112233446,I-II,1,0.16689183211702568,7,0.0,3.0,2,0.16689183211702568,0.3165221690053088
ICAM1_integrin_aXb2_complex,Fibroblast peribronchial,Macrophage,2,2.0,0.9586419753086419,False,False,Deng_Liu_LUAD_2024;UKIM-V-2,1.0,0.47932098765432096,I-II,1,0.16285228888016373,6,0.0,4.0,2,0.16285228888016373,0.31646869877415723
PLAU_PLAUR,cDC2,Monocyte classical,2,2.0,1.6875841750841751,True,True,Deng_Liu_LUAD_2024;UKIM-V-2,1.0,0.8437920875420876,I-II,1,0.5283052938391989,8,0.4367147322752379,4.0,2,0.5283052938391989,0.3154867937028887
CXCL16_CXCR6,Macrophage,T cell CD8 effector memory,2,2.0,1.323432239057239,True,True,Deng_Liu_LUAD_2024;UKIM-V-2,1.0,0.6617161195286195,I-II,1,0.3468244793714267,8,0.22224292237796484,4.0,2,0.3468244793714267,0.31489164015719284
PTPRC_MRC1,myeloid dividing,Monocyte classical,2,2.0,1.6604271885521884,True,True,Deng_Liu_LUAD_2024;UKIM-V-2,1.0,0.8302135942760942,I-II,1,0.5153633902543392,8,0.0,2.0,2,0.5153633902543392,0.314850204021755
ANXA1_FPR1,Macrophage,cDC2,2,2.0,1.7622544893378227,True,True,Deng_Liu_LUAD_2024;UKIM-V-2,1.0,0.8811272446689113,I-II,1,0.5680257287812593,8,0.40843717689984194,4.0,2,0.5680257287812593,0.313101515887652
PTPRC_MRC1,B cell,Macrophage alveolar,2,2.0,1.9703914141414143,False,True,Deng_Liu_LUAD_2024;UKIM-V-2,1.0,0.9851957070707071,I-II,1,0.6731947278018805,7,0.37873852174338085,4.0,2,0.6731947278018805,0.31200097926882664
PDGFD_PDGFR_complex,Macrophage alveolar,Fibroblast peribronchial,2,2.0,0.6230289001122334,False,False,Deng_Liu_LUAD_2024;UKIM-V-2,1.0,0.3115144500561167,I-II,1,0.0,5,0.0,4.0,2,0.0,0.3115144500561167
ANXA1_FPR3,cDC2,Macrophage alveolar,2,2.0,1.5644149831649832,True,True,Deng_Liu_LUAD_2024;UKIM-V-2,1.0,0.7822074915824916,I-II,1,0.47102021489755236,7,0.3606001022433991,4.0,2,0.47102021489755236,0.31118727668493923
HLA-E_CD94:NKG2A,Plasma cell,NK cell,2,2.0,1.4176697530864197,False,False,Deng_Liu_LUAD_2024;UKIM-V-2,1.0,0.7088348765432099,I-II,1,0.0,7,0.3981559419648151,4.0,2,0.3981559419648151,0.3106789345783948
CD44_TYROBP,Monocyte classical,Fibroblast peribronchial,2,2.0,1.4875491021324354,True,False,Deng_Liu_LUAD_2024;UKIM-V-2,1.0,0.7437745510662177,I-II,1,0.4334859863092045,6,0.0,4.0,2,0.4334859863092045,0.3102885647570132
CD99_PILRA,Monocyte classical,Macrophage alveolar,2,2.0,1.0511083052749721,False,True,Deng_Liu_LUAD_2024;UKIM-V-2,1.0,0.5255541526374861,I-II,1,0.21543491363093728,7,0.04288116591928251,4.0,2,0.21543491363093728,0.3101192390065488
PLAU_PLAUR,myeloid dividing,Macrophage alveolar,2,2.0,1.3469591750841752,True,True,Deng_Liu_LUAD_2024;UKIM-V-2,1.0,0.6734795875420876,I-II,1,0.36347869912450875,7,0.0,2.0,2,0.36347869912450875,0.31000088841757883
ICAM1_integrin_aXb2_complex,Mast cell,cDC2,2,2.0,0.9586069023569024,False,False,Deng_Liu_LUAD_2024;UKIM-V-2,1.0,0.4793034511784512,I-II,1,0.16938612255753827,8,0.0,4.0,2,0.16938612255753827,0.3099173286209129
GAS6_AXL,myeloid dividing,cDC2,2,2.0,0.9652918069584736,False,True,Deng_Liu_LUAD_2024;UKIM-V-2,1.0,0.4826459034792368,I-II,1,0.17289687702107456,8,0.0,2.0,2,0.17289687702107456,0.30974902645816227
PVR_TIGIT,Macrophage,T cell CD4 dividing,2,2.0,0.7116757856341189,False,True,Deng_Liu_LUAD_2024;UKIM-V-2,1.0,0.35583789281705946,I-II,1,0.04730594256468581,8,0.0,3.0,2,0.04730594256468581,0.3085319502523737
CD99_PILRA,myeloid dividing,Macrophage alveolar,2,2.0,1.3227413019079686,True,True,Deng_Liu_LUAD_2024;UKIM-V-2,1.0,0.6613706509539843,I-II,1,0.35514491093976475,7,0.0,2.0,2,0.35514491093976475,0.30622574001421954
ANXA1_FPR3,Macrophage alveolar,Macrophage,2,2.0,1.8627034231200899,True,True,Deng_Liu_LUAD_2024;UKIM-V-2,1.0,0.9313517115600449,I-II,1,0.62542884620301,7,0.46999734408268734,4.0,2,0.62542884620301,0.30592286535703495
PECAM1_CD38,Macrophage alveolar,cDC2,2,2.0,0.7650007014590348,True,False,Deng_Liu_LUAD_2024;UKIM-V-2,1.0,0.3825003507295174,I-II,1,0.07736064342600495,7,0.0,4.0,2,0.07736064342600495,0.3051397073035124
VEGFA_NRP2,Fibroblast peribronchial,Macrophage,2,2.0,0.7359813411896745,False,True,Deng_Liu_LUAD_2024;UKIM-V-2,1.0,0.36799067059483725,I-II,1,0.06294555556036187,6,0.0,4.0,2,0.06294555556036187,0.3050451150344754
CD226_NECTIN2,T cell CD4 dividing,cDC2,2,2.0,0.6593995510662177,True,True,Deng_Liu_LUAD_2024;UKIM-V-2,1.0,0.32969977553310886,I-II,1,0.025463319019662416,8,0.025527736867943056,3.0,2,0.025527736867943056,0.3041720386651658
CXCL16_CXCR6,myeloid dividing,T cell CD4,2,2.0,0.8869177890011223,True,False,Deng_Liu_LUAD_2024;UKIM-V-2,1.0,0.44345889450056114,I-II,1,0.1393078726389516,8,0.0,2.0,2,0.1393078726389516,0.3041510218616095
CD99_PILRA,cDC2,Macrophage alveolar,2,2.0,1.065989758698092,False,True,Deng_Liu_LUAD_2024;UKIM-V-2,1.0,0.532994879349046,I-II,1,0.22904562220322924,7,0.03195067264573991,4.0,2,0.22904562220322924,0.3039492571458168
CD99_PILRA,T cell CD4 dividing,Macrophage alveolar,2,2.0,1.446604938271605,True,True,Deng_Liu_LUAD_2024;UKIM-V-2,1.0,0.7233024691358025,I-II,1,0.41941000579492194,7,0.0,3.0,2,0.41941000579492194,0.3038924633408806
PECAM1_CD38,Macrophage alveolar,Macrophage,2,2.0,0.7379699775533108,True,False,Deng_Liu_LUAD_2024;UKIM-V-2,1.0,0.3689849887766554,I-II,1,0.06606685893009465,7,0.0,4.0,2,0.06606685893009465,0.30291812984656075
CXCL16_CXCR6,Macrophage alveolar,T cell regulatory,2,2.0,1.4768728956228956,True,True,Deng_Liu_LUAD_2024;UKIM-V-2,1.0,0.7384364478114478,I-II,1,0.43567572422824813,7,0.16919381847079526,4.0,2,0.43567572422824813,0.30276072358319966
ANXA1_FPR1,T cell CD4,Monocyte classical,2,2.0,1.7457210998877666,False,True,Deng_Liu_LUAD_2024;UKIM-V-2,1.0,0.8728605499438833,I-II,1,0.570323429643791,8,0.4647862929181339,4.0,2,0.570323429643791,0.3025371203000923
ANXA1_FPR1,T cell CD8 effector memory,Monocyte classical,2,2.0,1.7641589506172841,False,True,Deng_Liu_LUAD_2024;UKIM-V-2,1.0,0.8820794753086421,I-II,1,0.5795959721414551,8,0.47023825407977415,4.0,2,0.5795959721414551,0.302483503167187
CD320_JAML,Plasma cell,cDC2,2,2.0,0.9890993265993266,False,True,Deng_Liu_LUAD_2024;UKIM-V-2,1.0,0.4945496632996633,I-II,1,0.0,7,0.1921486454324261,4.0,2,0.1921486454324261,0.3024010178672372
ANXA1_FPR1,Monocyte classical,Macrophage alveolar,2,2.0,1.5349642255892255,True,True,Deng_Liu_LUAD_2024;UKIM-V-2,1.0,0.7674821127946128,I-II,1,0.4651022850050951,7,0.0,4.0,2,0.4651022850050951,0.30237982778951766
ANXA1_FPR3,myeloid dividing,Macrophage alveolar,2,2.0,1.644553170594837,True,True,Deng_Liu_LUAD_2024;UKIM-V-2,1.0,0.8222765852974185,I-II,1,0.5207504708871296,7,0.0,2.0,2,0.5207504708871296,0.301526114410289
CTSG_FPR1,Mast cell,Macrophage alveolar,2,2.0,0.9772166105499439,True,True,Deng_Liu_LUAD_2024;UKIM-V-2,1.0,0.48860830527497195,I-II,1,0.18777996357123183,7,0.0,4.0,2,0.18777996357123183,0.3008283417037401
ANXA1_FPR3,NK cell,myeloid dividing,2,2.0,1.4916666666666667,False,True,Deng_Liu_LUAD_2024;UKIM-V-2,1.0,0.7458333333333333,I-II,1,0.4451436521013289,8,0.0,2.0,2,0.4451436521013289,0.30068968123200446
ICAM1_integrin_aXb2_complex,Macrophage alveolar,myeloid dividing,2,2.0,0.6472783389450056,False,False,Deng_Liu_LUAD_2024;UKIM-V-2,1.0,0.3236391694725028,I-II,1,0.023646675163143085,7,0.0,2.0,2,0.023646675163143085,0.29999249430935976
LeukotrieneC4_byLTC4S_CYSLTR2,Mast cell,cDC2,2,2.0,0.6002349887766554,False,False,Deng_Liu_LUAD_2024;UKIM-V-2,1.0,0.3001174943883277,I-II,1,0.0004975831674722775,8,0.0,4.0,2,0.0004975831674722775,0.2996199112208554
ANXA1_FPR3,T cell CD8 effector memory,myeloid dividing,2,2.0,1.6235058922558923,False,True,Deng_Liu_LUAD_2024;UKIM-V-2,1.0,0.8117529461279461,I-II,1,0.5134259050377089,8,0.0,2.0,2,0.5134259050377089,0.2983270410902372
ANXA1_FPR3,T cell CD4 dividing,myeloid dividing,2,2.0,1.1632435465768798,False,True,Deng_Liu_LUAD_2024;UKIM-V-2,1.0,0.5816217732884399,I-II,1,0.28384042203668675,8,0.0,2.0,2,0.28384042203668675,0.29778135125175315
ICAM1_integrin_aXb2_complex,NK cell,Monocyte classical,2,2.0,0.7033284231200898,False,False,Deng_Liu_LUAD_2024;UKIM-V-2,1.0,0.3516642115600449,I-II,1,0.05441542288557214,8,0.0,4.0,2,0.05441542288557214,0.29724878867447274
CD70_CD27,B cell,Plasma cell,2,2.0,0.5930836139169472,False,True,Deng_Liu_LUAD_2024;UKIM-V-2,1.0,0.2965418069584736,I-II,1,0.0,7,0.0,4.0,2,0.0,0.2965418069584736
ANXA1_FPR1,cDC2,Macrophage alveolar,2,2.0,1.544041105499439,True,True,Deng_Liu_LUAD_2024;UKIM-V-2,1.0,0.7720205527497195,I-II,1,0.4758047264560033,7,0.3462553257990134,4.0,2,0.4758047264560033,0.2962158262937162
PLAU_PLAUR,Fibroblast peribronchial,Macrophage alveolar,2,2.0,1.4673611111111111,True,True,Deng_Liu_LUAD_2024;UKIM-V-2,1.0,0.7336805555555556,I-II,1,0.4376124108931133,5,0.0,4.0,2,0.4376124108931133,0.29606814466244225
ANXA1_FPR3,Macrophage,Macrophage,2,2.0,1.8094346240179573,True,True,Deng_Liu_LUAD_2024;UKIM-V-2,1.0,0.9047173120089786,I-II,1,0.6089343468154432,8,0.39014906849757136,4.0,2,0.6089343468154432,0.2957829651935354
CSF1_CSF1R,Mast cell,cDC2,2,2.0,1.3611602132435465,True,True,Deng_Liu_LUAD_2024;UKIM-V-2,1.0,0.6805801066217733,I-II,1,0.38487023129673253,8,0.0,4.0,2,0.38487023129673253,0.2957098753250407
ICAM1_integrin_aXb2_complex,Macrophage alveolar,cDC2,2,2.0,0.7989022166105499,False,False,Deng_Liu_LUAD_2024;UKIM-V-2,1.0,0.39945110830527497,I-II,1,0.10462512897692898,7,0.05823001560603433,4.0,2,0.10462512897692898,0.294825979328346
CSF1_CSF1R,Macrophage alveolar,cDC2,2,2.0,0.7598870650953984,False,True,Deng_Liu_LUAD_2024;UKIM-V-2,1.0,0.3799435325476992,I-II,1,0.08549750322575626,7,0.0,4.0,2,0.08549750322575626,0.2944460293219429
CD52_SIGLEC10,B cell,cDC2,2,2.0,1.7593258978675645,True,True,Deng_Liu_LUAD_2024;UKIM-V-2,1.0,0.8796629489337823,I-II,1,0.5854325171486426,8,0.414616962203023,4.0,2,0.5854325171486426,0.29423043178513963
CCL20_CCR6,Monocyte classical,T cell CD4 dividing,2,2.0,0.9332070707070708,True,False,Deng_Liu_LUAD_2024;UKIM-V-2,1.0,0.4666035353535354,I-II,1,0.17286905833732538,8,0.0,3.0,2,0.17286905833732538,0.29373447701621
CD52_SIGLEC10,Macrophage alveolar,cDC2,2,2.0,1.606151795735129,True,True,Deng_Liu_LUAD_2024;UKIM-V-2,1.0,0.8030758978675645,I-II,1,0.5096624508837856,7,0.31800021369256803,4.0,2,0.5096624508837856,0.2934134469837789
ANXA1_FPR1,T cell CD8 effector memory,myeloid dividing,2,2.0,1.5956684904601572,False,True,Deng_Liu_LUAD_2024;UKIM-V-2,1.0,0.7978342452300786,I-II,1,0.5044390133626473,8,0.0,2.0,2,0.5044390133626473,0.2933952318674313
CD44_TYROBP,Monocyte classical,Mast cell,2,2.0,1.8622860549943883,True,True,Deng_Liu_LUAD_2024;UKIM-V-2,1.0,0.9311430274971941,I-II,1,0.6381961876816934,8,0.0,4.0,2,0.6381961876816934,0.29294683981550074
EREG_EGFR,Macrophage,Fibroblast peribronchial,2,2.0,0.5856902356902357,True,False,Deng_Liu_LUAD_2024;UKIM-V-2,1.0,0.29284511784511785,I-II,1,0.0,6,0.0,4.0,2,0.0,0.29284511784511785
VEGFA_NRP2,myeloid dividing,Macrophage,2,2.0,0.7507049663299663,False,True,Deng_Liu_LUAD_2024;UKIM-V-2,1.0,0.37535248316498315,I-II,1,0.08256324835746144,8,0.0,2.0,2,0.08256324835746144,0.2927892348075217
TNFSF13B_TNFRSF13C,myeloid dividing,B cell,2,2.0,1.2848660213243548,True,True,Deng_Liu_LUAD_2024;UKIM-V-2,1.0,0.6424330106621774,I-II,1,0.3501640346854773,8,0.0,2.0,2,0.3501640346854773,0.2922689759767001
VEGFA_FLT1,Macrophage,Macrophage,2,2.0,0.5942340067340067,True,False,Deng_Liu_LUAD_2024;UKIM-V-2,1.0,0.29711700336700336,I-II,1,0.005260164913278362,8,0.0,4.0,2,0.005260164913278362,0.291856838453725
ANXA1_FPR3,myeloid dividing,Monocyte classical,2,2.0,1.6647411616161616,True,True,Deng_Liu_LUAD_2024;UKIM-V-2,1.0,0.8323705808080808,I-II,1,0.5410705420052452,8,0.0,2.0,2,0.5410705420052452,0.2913000388028356
APP_TREM2_receptor,T cell CD4,Macrophage,2,2.0,0.6123386644219978,False,False,Deng_Liu_LUAD_2024;UKIM-V-2,1.0,0.3061693322109989,I-II,1,0.015087432470855843,8,0.0,4.0,2,0.015087432470855843,0.29108189974014304
CD44_TYROBP,Macrophage,Fibroblast peribronchial,2,2.0,1.424340628507295,True,False,Deng_Liu_LUAD_2024;UKIM-V-2,1.0,0.7121703142536475,I-II,1,0.4211163985003243,6,0.0,4.0,2,0.4211163985003243,0.29105391575332323
ANXA1_FPR1,myeloid dividing,Macrophage alveolar,2,2.0,1.631695426487093,True,True,Deng_Liu_LUAD_2024;UKIM-V-2,1.0,0.8158477132435465,I-II,1,0.5260800270522082,7,0.0,2.0,2,0.5260800270522082,0.2897676861913383
LipoxinA4_byALOX5_FPR2,Mast cell,myeloid dividing,2,2.0,0.7110164141414141,False,True,Deng_Liu_LUAD_2024;UKIM-V-2,1.0,0.35550820707070707,I-II,1,0.06621557381467469,8,0.0,2.0,2,0.06621557381467469,0.2892926332560324
CSF1_CSF1R,Macrophage alveolar,Macrophage,2,2.0,0.7070356341189674,False,True,Deng_Liu_LUAD_2024;UKIM-V-2,1.0,0.3535178170594837,I-II,1,0.06441131595515659,7,0.0,4.0,2,0.06441131595515659,0.2891065011043271
THBS1_CD36,Macrophage alveolar,myeloid dividing,2,2.0,0.7545033670033671,True,True,Deng_Liu_LUAD_2024;UKIM-V-2,1.0,0.37725168350168353,I-II,1,0.08865360156581617,7,0.0,2.0,2,0.08865360156581617,0.28859808193586733
ANXA1_FPR3,cDC2,Monocyte classical,2,2.0,1.58069234006734,True,True,Deng_Liu_LUAD_2024;UKIM-V-2,1.0,0.79034617003367,I-II,1,0.5018168502634216,8,0.2825819006388427,4.0,2,0.5018168502634216,0.2885293197702484
CCL5_CCR1,NK cell,Monocyte classical,2,2.0,1.8432449494949494,True,True,Deng_Liu_LUAD_2024;UKIM-V-2,1.0,0.9216224747474747,I-II,1,0.6336807350736327,8,0.4312812751531713,4.0,2,0.6336807350736327,0.28794173967384207
PLAU_PLAUR,myeloid dividing,Macrophage,2,2.0,1.6319689955106622,True,True,Deng_Liu_LUAD_2024;UKIM-V-2,1.0,0.8159844977553311,I-II,1,0.5282590480225852,8,0.0,2.0,2,0.5282590480225852,0.28772544973274594
TNFSF13B_TNFRSF13C,cDC2,B cell,2,2.0,1.3534020763187429,True,True,Deng_Liu_LUAD_2024;UKIM-V-2,1.0,0.6767010381593714,I-II,1,0.38899259532236913,8,0.22919465328364325,4.0,2,0.38899259532236913,0.2877084428370023
CCL5_CCR1,T cell CD4,Macrophage,2,2.0,1.0837787598204265,False,True,Deng_Liu_LUAD_2024;UKIM-V-2,1.0,0.5418893799102132,I-II,1,0.2545235880205168,8,0.0,4.0,2,0.2545235880205168,0.28736579188969646
ANXA1_FPR1,T cell CD8 effector memory,cDC2,2,2.0,1.7037563131313131,False,True,Deng_Liu_LUAD_2024;UKIM-V-2,1.0,0.8518781565656566,I-II,1,0.5646717256255589,8,0.41521837735478906,4.0,2,0.5646717256255589,0.2872064309400977
PVR_TIGIT,Macrophage alveolar,T cell CD4 dividing,2,2.0,0.8322180134680135,True,True,Deng_Liu_LUAD_2024;UKIM-V-2,1.0,0.41610900673400675,I-II,1,0.1293493434941413,7,0.0,3.0,2,0.1293493434941413,0.28675966323986546
CXCL16_CXCR6,Macrophage alveolar,T cell CD4 dividing,2,2.0,1.4151094276094276,True,True,Deng_Liu_LUAD_2024;UKIM-V-2,1.0,0.7075547138047138,I-II,1,0.42161696799040965,7,0.05801687763713081,3.0,2,0.42161696799040965,0.28593774581430415
SEMA3C_NRP2,Macrophage alveolar,Fibroblast peribronchial,2,2.0,0.6610058922558922,True,True,Deng_Liu_LUAD_2024;UKIM-V-2,1.0,0.3305029461279461,I-II,1,0.04501141902343636,5,0.0,4.0,2,0.04501141902343636,0.28549152710450976
ICAM1_integrin_aXb2_complex,cDC2,cDC2,2,2.0,1.037882295173962,True,False,Deng_Liu_LUAD_2024;UKIM-V-2,1.0,0.518941147586981,I-II,1,0.23365683123148576,8,0.06652069883185462,4.0,2,0.23365683123148576,0.2852843163554952
PLAU_PLAUR,Macrophage,Macrophage alveolar,2,2.0,1.2607779180695848,True,True,Deng_Liu_LUAD_2024;UKIM-V-2,1.0,0.6303889590347924,I-II,1,0.3451993143984038,7,0.19241712550377477,4.0,2,0.3451993143984038,0.28518964463638863
CSF1_CSF1R,Mast cell,myeloid dividing,2,2.0,1.2589155443322109,True,True,Deng_Liu_LUAD_2024;UKIM-V-2,1.0,0.6294577721661054,I-II,1,0.3446235309696203,8,0.0,2.0,2,0.3446235309696203,0.28483424119648515
ANXA1_FPR1,NK cell,Monocyte classical,2,2.0,1.6623667227833894,False,True,Deng_Liu_LUAD_2024;UKIM-V-2,1.0,0.8311833613916947,I-II,1,0.5467111016812083,8,0.40909780516186833,4.0,2,0.5467111016812083,0.2844722597104864
ANXA1_FPR3,NK cell,Macrophage,2,2.0,1.665621492704826,False,True,Deng_Liu_LUAD_2024;UKIM-V-2,1.0,0.832810746352413,I-II,1,0.5486469612703402,8,0.33292079046621437,4.0,2,0.5486469612703402,0.28416378508207285
THY1_integrin_aXb2_complex,Fibroblast peribronchial,Mast cell,2,2.0,1.1559483726150392,True,False,Deng_Liu_LUAD_2024;UKIM-V-2,1.0,0.5779741863075196,I-II,1,0.2938198397173506,6,0.0,4.0,2,0.2938198397173506,0.284154346590169
THBS1_CD36,Macrophage alveolar,Macrophage,2,2.0,0.8643132716049382,True,True,Deng_Liu_LUAD_2024;UKIM-V-2,1.0,0.4321566358024691,I-II,1,0.14859615661682582,7,0.0,4.0,2,0.14859615661682582,0.2835604791856433
HLA-E_CD94:NKG2C,myeloid dividing,NK cell,2,2.0,1.3892817059483726,True,False,Deng_Liu_LUAD_2024;UKIM-V-2,1.0,0.6946408529741863,I-II,1,0.4111793388521932,8,0.0,2.0,2,0.4111793388521932,0.2834615141219931
ICAM1_integrin_aXb2_complex,myeloid dividing,Macrophage,2,2.0,1.0173330527497195,True,False,Deng_Liu_LUAD_2024;UKIM-V-2,1.0,0.5086665263748598,I-II,1,0.22586761661406266,8,0.0,2.0,2,0.22586761661406266,0.28279890976079713
ANXA1_FPR1,Monocyte classical,Monocyte classical,2,2.0,1.7587717452300786,True,True,Deng_Liu_LUAD_2024;UKIM-V-2,1.0,0.8793858726150393,I-II,1,0.5969346042053812,8,0.4755097857824514,4.0,2,0.5969346042053812,0.28245126840965806
ANXA1_FPR3,cDC2,cDC2,2,2.0,1.7605990460157126,True,True,Deng_Liu_LUAD_2024;UKIM-V-2,1.0,0.8802995230078563,I-II,1,0.5984519820707472,8,0.4929962904839256,4.0,2,0.5984519820707472,0.28184754093710906
THY1_integrin_aXb2_complex,Fibroblast peribronchial,NK cell,2,2.0,1.1830983445566778,True,False,Deng_Liu_LUAD_2024;UKIM-V-2,1.0,0.5915491722783389,I-II,1,0.3099921783222181,6,0.0,4.0,2,0.3099921783222181,0.2815569939561208
CXCL16_CXCR6,Macrophage,T cell regulatory,2,2.0,1.319837261503928,True,True,Deng_Liu_LUAD_2024;UKIM-V-2,1.0,0.659918630751964,I-II,1,0.3788581186723529,8,0.3194628811290233,4.0,2,0.3788581186723529,0.2810605120796111
PECAM1_CD38,Macrophage,Mast cell,2,2.0,0.5619388327721662,True,False,Deng_Liu_LUAD_2024;UKIM-V-2,1.0,0.2809694163860831,I-II,1,0.0,8,0.0,4.0,2,0.0,0.2809694163860831
HBEGF_ERBB2,Macrophage alveolar,Fibroblast peribronchial,2,2.0,0.663145342312009,True,False,Deng_Liu_LUAD_2024;UKIM-V-2,1.0,0.3315726711560045,I-II,1,0.05095651052523725,5,0.0,4.0,2,0.05095651052523725,0.2806161606307672
ICAM1_integrin_aXb2_complex,Plasma cell,Macrophage,2,2.0,0.5610970819304153,False,False,Deng_Liu_LUAD_2024;UKIM-V-2,1.0,0.28054854096520765,I-II,1,0.0,7,0.0,4.0,2,0.0,0.28054854096520765
PECAM1_CD38,Macrophage alveolar,myeloid dividing,2,2.0,0.7730324074074074,True,False,Deng_Liu_LUAD_2024;UKIM-V-2,1.0,0.3865162037037037,I-II,1,0.10618430413196242,7,0.0,2.0,2,0.10618430413196242,0.2803318995717413
WNT5A_SFRP4,Fibroblast peribronchial,Fibroblast peribronchial,2,2.0,1.0170454545454546,True,True,Deng_Liu_LUAD_2024;UKIM-V-2,1.0,0.5085227272727273,I-II,1,0.22827809558745304,6,0.0,4.0,2,0.22827809558745304,0.28024463168527425
PLAU_PLAUR,Macrophage,Macrophage,2,2.0,1.5837752525252524,True,True,Deng_Liu_LUAD_2024;UKIM-V-2,1.0,0.7918876262626262,I-II,1,0.511657929863638,8,0.4106667830471206,4.0,2,0.511657929863638,0.2802296963989882
CCL3_CCR1,myeloid dividing,Macrophage alveolar,2,2.0,1.1188131313131313,True,True,Deng_Liu_LUAD_2024;UKIM-V-2,1.0,0.5594065656565657,I-II,1,0.2796457856059694,7,0.0,2.0,2,0.2796457856059694,0.27976078005059624
CCL3_CCR1,myeloid dividing,Macrophage,2,2.0,1.2787878787878788,True,True,Deng_Liu_LUAD_2024;UKIM-V-2,1.0,0.6393939393939394,I-II,1,0.35975192845051773,8,0.0,2.0,2,0.35975192845051773,0.27964201094342167
ANXA1_FPR3,myeloid dividing,cDC2,2,2.0,1.8127946127946128,True,True,Deng_Liu_LUAD_2024;UKIM-V-2,1.0,0.9063973063973064,I-II,1,0.6274513811518504,8,0.0,2.0,2,0.6274513811518504,0.27894592524545603
CSF1_CSF1R,T cell CD4 dividing,Macrophage,2,2.0,0.6857884399551066,False,True,Deng_Liu_LUAD_2024;UKIM-V-2,1.0,0.3428942199775533,I-II,1,0.06427031943790026,8,0.04113924050632912,3.0,2,0.06427031943790026,0.278623900539653
PTPRC_MRC1,Monocyte classical,Macrophage,2,2.0,1.902658529741863,False,True,Deng_Liu_LUAD_2024;UKIM-V-2,1.0,0.9513292648709315,I-II,1,0.672802900715821,8,0.4915506011214692,4.0,2,0.672802900715821,0.27852636415511045
ANXA1_FPR1,Plasma cell,cDC2,2,2.0,0.7501823793490461,False,True,Deng_Liu_LUAD_2024;UKIM-V-2,1.0,0.37509118967452304,I-II,1,0.0,7,0.09663904933969555,4.0,2,0.09663904933969555,0.27845214033482746
ANXA1_FPR1,myeloid dividing,Macrophage,2,2.0,1.6524165263748598,True,True,Deng_Liu_LUAD_2024;UKIM-V-2,1.0,0.8262082631874299,I-II,1,0.5486220978653623,8,0.0,2.0,2,0.5486220978653623,0.2775861653220676
ANXA1_FPR1,NK cell,cDC2,2,2.0,1.5934974747474748,False,True,Deng_Liu_LUAD_2024;UKIM-V-2,1.0,0.7967487373737374,I-II,1,0.5198351761057775,8,0.3671252736341686,4.0,2,0.5198351761057775,0.27691356126795996
ANXA1_FPR1,T cell CD4 dividing,Macrophage alveolar,2,2.0,0.9940305836139169,False,True,Deng_Liu_LUAD_2024;UKIM-V-2,1.0,0.49701529180695847,I-II,1,0.22013177130269698,7,0.0,3.0,2,0.22013177130269698,0.27688352050426146
ANXA1_FPR1,cDC2,Macrophage,2,2.0,1.5678626543209875,True,True,Deng_Liu_LUAD_2024;UKIM-V-2,1.0,0.7839313271604937,I-II,1,0.5071245040437041,8,0.3705681334889289,4.0,2,0.5071245040437041,0.2768068231167896
THBS1_CD36,Fibroblast peribronchial,myeloid dividing,2,2.0,0.7163580246913581,True,True,Deng_Liu_LUAD_2024;UKIM-V-2,1.0,0.35817901234567906,I-II,1,0.08165307693093017,6,0.0,2.0,2,0.08165307693093017,0.2765259354147489
CXCL16_CXCR6,myeloid dividing,T cell CD8 effector memory,2,2.0,1.0679678731762066,True,True,Deng_Liu_LUAD_2024;UKIM-V-2,1.0,0.5339839365881033,I-II,1,0.25798917087959317,8,0.0,2.0,2,0.25798917087959317,0.2759947657085101
CSF1_CSF1R,Mast cell,Monocyte classical,2,2.0,1.09118265993266,True,True,Deng_Liu_LUAD_2024;UKIM-V-2,1.0,0.54559132996633,I-II,1,0.27009581492029466,8,0.0,4.0,2,0.27009581492029466,0.2754955150460353
APP_CD74,cDC2,B cell,2,2.0,1.9770552749719417,False,True,Deng_Liu_LUAD_2024;UKIM-V-2,1.0,0.9885276374859708,I-II,1,0.5897663286190238,8,0.713308771310047,4.0,2,0.713308771310047,0.27521886617592384
ANXA1_FPR1,T cell CD4,myeloid dividing,2,2.0,1.563229517396184,False,True,Deng_Liu_LUAD_2024;UKIM-V-2,1.0,0.781614758698092,I-II,1,0.5066572683801143,8,0.0,2.0,2,0.5066572683801143,0.2749574903179778
HFE_TFRC,Macrophage alveolar,T cell CD4 dividing,2,2.0,0.549263468013468,False,True,Deng_Liu_LUAD_2024;UKIM-V-2,1.0,0.274631734006734,I-II,1,0.0,7,0.0,3.0,2,0.0,0.274631734006734
HFE_TFRC,Macrophage,T cell CD4 dividing,2,2.0,0.5491792929292929,False,True,Deng_Liu_LUAD_2024;UKIM-V-2,1.0,0.27458964646464645,I-II,1,0.0,8,0.0,3.0,2,0.0,0.27458964646464645
PLAU_PLAUR,Fibroblast peribronchial,Macrophage,2,2.0,1.676090768799102,True,True,Deng_Liu_LUAD_2024;UKIM-V-2,1.0,0.838045384399551,I-II,1,0.5635153350263303,6,0.0,4.0,2,0.5635153350263303,0.2745300493732207
ANXA1_FPR1,T cell CD4 dividing,Monocyte classical,2,2.0,1.4397341470258136,False,True,Deng_Liu_LUAD_2024;UKIM-V-2,1.0,0.7198670735129068,I-II,1,0.44597000934366354,8,0.2836350148608791,3.0,2,0.44597000934366354,0.27389706416924325
Histamine_byHDC_HRH2,Mast cell,myeloid dividing,2,2.0,1.2287598204264871,False,False,Deng_Liu_LUAD_2024;UKIM-V-2,1.0,0.6143799102132436,I-II,1,0.3407378868543558,8,0.0,2.0,2,0.3407378868543558,0.27364202335888776
ANXA1_FPR3,T cell CD8 effector memory,Macrophage,2,2.0,1.770212542087542,False,True,Deng_Liu_LUAD_2024;UKIM-V-2,1.0,0.885106271043771,I-II,1,0.611492291078596,8,0.4164983185860526,4.0,2,0.611492291078596,0.273613979965175
SEMA3C_NRP2,Monocyte classical,Macrophage,2,2.0,0.5467452300785633,False,True,Deng_Liu_LUAD_2024;UKIM-V-2,1.0,0.2733726150392817,I-II,1,0.0,8,0.0,4.0,2,0.0,0.2733726150392817
ANXA1_FPR1,T cell CD4,cDC2,2,2.0,1.6744949494949495,False,True,Deng_Liu_LUAD_2024;UKIM-V-2,1.0,0.8372474747474747,I-II,1,0.5648797228434042,8,0.4102957356805498,4.0,2,0.5648797228434042,0.2723677519040706
ANXA1_FPR3,Plasma cell,myeloid dividing,2,2.0,0.5443287037037037,False,True,Deng_Liu_LUAD_2024;UKIM-V-2,1.0,0.27216435185185184,I-II,1,0.0,7,0.0,2.0,2,0.0,0.27216435185185184
SEMA3C_NRP2,Macrophage alveolar,myeloid dividing,2,2.0,0.5544612794612794,True,True,Deng_Liu_LUAD_2024;UKIM-V-2,1.0,0.2772306397306397,I-II,1,0.005239855396238677,7,0.0,2.0,2,0.005239855396238677,0.27199078433440105
ANXA1_FPR1,T cell CD4 dividing,cDC2,2,2.0,1.3263257575757574,False,True,Deng_Liu_LUAD_2024;UKIM-V-2,1.0,0.6631628787878787,I-II,1,0.3919109377035471,8,0.24604001689110455,3.0,2,0.3919109377035471,0.2712519410843316
THY1_ADGRE2,Fibroblast peribronchial,Fibroblast peribronchial,2,2.0,1.1238496071829407,True,False,Deng_Liu_LUAD_2024;UKIM-V-2,1.0,0.5619248035914703,I-II,1,0.29079742397418906,6,0.0,4.0,2,0.29079742397418906,0.2711273796172813
ANXA1_FPR3,T cell CD4,myeloid dividing,2,2.0,1.5854026374859709,False,True,Deng_Liu_LUAD_2024;UKIM-V-2,1.0,0.7927013187429854,I-II,1,0.5218772862149015,8,0.0,2.0,2,0.5218772862149015,0.27082403252808396
SEMA3A_NRP1,Fibroblast peribronchial,Macrophage,2,2.0,0.5462857744107744,False,True,Deng_Liu_LUAD_2024;UKIM-V-2,1.0,0.2731428872053872,I-II,1,0.0024237785431815285,6,0.0,4.0,2,0.0024237785431815285,0.27071910866220567
PTPRC_CD22,T cell CD4 dividing,B cell,2,2.0,1.9088945005611673,True,True,Deng_Liu_LUAD_2024;UKIM-V-2,1.0,0.9544472502805836,I-II,1,0.6674533021177129,8,0.6839028056297964,3.0,2,0.6839028056297964,0.2705444446507872
PLAU_PLAUR,myeloid dividing,Fibroblast peribronchial,2,2.0,0.9085122053872053,True,False,Deng_Liu_LUAD_2024;UKIM-V-2,1.0,0.45425610269360267,I-II,1,0.1838204633547388,6,0.0,2.0,2,0.1838204633547388,0.27043563933886383
CD99_PILRA,T cell regulatory,Macrophage alveolar,2,2.0,1.1353395061728395,False,True,Deng_Liu_LUAD_2024;UKIM-V-2,1.0,0.5676697530864198,I-II,1,0.2972600725140256,7,0.06586322869955157,4.0,2,0.2972600725140256,0.2704096805723942
THY1_ADGRE2,Fibroblast peribronchial,Mast cell,2,2.0,1.577763748597082,True,True,Deng_Liu_LUAD_2024;UKIM-V-2,1.0,0.788881874298541,I-II,1,0.5185496351906559,6,0.0,4.0,2,0.5185496351906559,0.27033223910788506
ANXA1_FPR1,cDC2,myeloid dividing,2,2.0,1.602016694725028,True,True,Deng_Liu_LUAD_2024;UKIM-V-2,1.0,0.801008347362514,I-II,1,0.5311763260986659,8,0.0,2.0,2,0.5311763260986659,0.2698320212638481
ANXA1_FPR1,myeloid dividing,myeloid dividing,2,2.0,1.6812219416386083,True,True,Deng_Liu_LUAD_2024;UKIM-V-2,1.0,0.8406109708193041,I-II,1,0.570919904908817,8,0.0,2.0,2,0.570919904908817,0.2696910659104871
ANXA1_FPR1,NK cell,myeloid dividing,2,2.0,1.453402076318743,False,True,Deng_Liu_LUAD_2024;UKIM-V-2,1.0,0.7267010381593715,I-II,1,0.45706331380034093,8,0.0,2.0,2,0.45706331380034093,0.26963772435903055
PTPRC_MRC1,Monocyte classical,Macrophage alveolar,2,2.0,1.9538930976430975,False,True,Deng_Liu_LUAD_2024;UKIM-V-2,1.0,0.9769465488215487,I-II,1,0.7075673314383291,7,0.40270400057498035,4.0,2,0.7075673314383291,0.2693792173832197
APP_CD74,Macrophage alveolar,B cell,2,2.0,1.9727202581369248,False,True,Deng_Liu_LUAD_2024;UKIM-V-2,1.0,0.9863601290684624,I-II,1,0.6687333648094708,7,0.7175038716119658,4.0,2,0.7175038716119658,0.26885625745649655
PLAU_PLAUR,myeloid dividing,Monocyte classical,2,2.0,1.719949494949495,True,True,Deng_Liu_LUAD_2024;UKIM-V-2,1.0,0.8599747474747474,I-II,1,0.5913927541562766,8,0.0,2.0,2,0.5913927541562766,0.2685819933184709
THBS2_CD36,Fibroblast peribronchial,Macrophage,2,2.0,1.549649270482604,True,True,Deng_Liu_LUAD_2024;UKIM-V-2,1.0,0.774824635241302,I-II,1,0.5069772544831465,6,0.0,4.0,2,0.5069772544831465,0.2678473807581555
GAS6_AXL,Fibroblast peribronchial,cDC2,2,2.0,1.1739583333333332,True,True,Deng_Liu_LUAD_2024;UKIM-V-2,1.0,0.5869791666666666,I-II,1,0.31918139432673426,6,0.0,4.0,2,0.31918139432673426,0.26779777233993235
APP_CD74,Macrophage,B cell,2,2.0,1.9800084175084174,True,True,Deng_Liu_LUAD_2024;UKIM-V-2,1.0,0.9900042087542087,I-II,1,0.5920047633205863,8,0.7223238370874048,4.0,2,0.7223238370874048,0.2676803716668039
CD99_PILRA,T cell CD8 effector memory,Macrophage,2,2.0,1.4447811447811447,False,True,Deng_Liu_LUAD_2024;UKIM-V-2,1.0,0.7223905723905724,I-II,1,0.45532222880470924,8,0.26847427629865644,4.0,2,0.45532222880470924,0.2670683435858631
PVR_TIGIT,myeloid dividing,T cell CD4 dividing,2,2.0,0.7509750280583614,False,True,Deng_Liu_LUAD_2024;UKIM-V-2,1.0,0.3754875140291807,I-II,1,0.10853273892946111,8,0.0,2.0,2,0.10853273892946111,0.26695477509971954
ANXA1_FPR3,Monocyte classical,myeloid dividing,2,2.0,1.6199494949494948,True,True,Deng_Liu_LUAD_2024;UKIM-V-2,1.0,0.8099747474747474,I-II,1,0.5439656936608623,8,0.0,2.0,2,0.5439656936608623,0.26600905381388507
PLAU_PLAUR,Macrophage alveolar,myeloid dividing,2,2.0,1.2606902356902356,True,True,Deng_Liu_LUAD_2024;UKIM-V-2,1.0,0.6303451178451178,I-II,1,0.36442670722148074,7,0.0,2.0,2,0.36442670722148074,0.2659184106236371
ANXA1_FPR1,myeloid dividing,cDC2,2,2.0,1.7775322671156004,True,True,Deng_Liu_LUAD_2024;UKIM-V-2,1.0,0.8887661335578002,I-II,1,0.6232807429405156,8,0.0,2.0,2,0.6232807429405156,0.2654853906172846
CCL5_CCR1,T cell CD8 effector memory,Monocyte classical,2,2.0,1.8836104096520763,True,True,Deng_Liu_LUAD_2024;UKIM-V-2,1.0,0.9418052048260381,I-II,1,0.6763747406341722,8,0.43948342647325844,4.0,2,0.6763747406341722,0.2654304641918659
THBS2_CD36,Fibroblast peribronchial,Macrophage alveolar,2,2.0,1.4802609427609428,True,True,Deng_Liu_LUAD_2024;UKIM-V-2,1.0,0.7401304713804714,I-II,1,0.47507121782945794,5,0.0,4.0,2,0.47507121782945794,0.26505925355101345
CCL3_CCR1,cDC2,Macrophage,2,2.0,0.9166561447811448,True,True,Deng_Liu_LUAD_2024;UKIM-V-2,1.0,0.4583280723905724,I-II,1,0.19333028187458207,8,0.0,4.0,2,0.19333028187458207,0.2649977905159903
ANXA1_FPR1,Mast cell,Macrophage alveolar,2,2.0,1.7907512626262627,True,True,Deng_Liu_LUAD_2024;UKIM-V-2,1.0,0.8953756313131314,I-II,1,0.6310395019048219,7,0.0,4.0,2,0.6310395019048219,0.2643361294083094
PLAU_PLAUR,cDC2,myeloid dividing,2,2.0,1.3792578563411897,True,True,Deng_Liu_LUAD_2024;UKIM-V-2,1.0,0.6896289281705948,I-II,1,0.42547102290336575,8,0.0,2.0,2,0.42547102290336575,0.2641579052672291
CCL3_CCR1,NK cell,Macrophage,2,2.0,1.3055274971941637,True,True,Deng_Liu_LUAD_2024;UKIM-V-2,1.0,0.6527637485970819,I-II,1,0.38862708482186387,8,0.12849779086892488,4.0,2,0.38862708482186387,0.264136663775218
ANXA1_FPR1,cDC2,cDC2,2,2.0,1.7100659371492704,True,True,Deng_Liu_LUAD_2024;UKIM-V-2,1.0,0.8550329685746352,I-II,1,0.5909280226552874,8,0.45240228578032227,4.0,2,0.5909280226552874,0.26410494591934774
ProstaglandinE2_byPTGES2_PTGER4,cDC2,cDC2,2,2.0,0.5691287878787878,False,True,Deng_Liu_LUAD_2024;UKIM-V-2,1.0,0.2845643939393939,I-II,1,0.020466622384589836,8,0.0,4.0,2,0.020466622384589836,0.2640977715548041
CXCL16_CXCR6,myeloid dividing,T cell regulatory,2,2.0,1.0636609147025813,True,True,Deng_Liu_LUAD_2024;UKIM-V-2,1.0,0.5318304573512906,I-II,1,0.26775347996648524,8,0.0,2.0,2,0.26775347996648524,0.2640769773848054
ICAM1_integrin_aXb2_complex,myeloid dividing,myeloid dividing,2,2.0,0.7926346801346802,True,False,Deng_Liu_LUAD_2024;UKIM-V-2,1.0,0.3963173400673401,I-II,1,0.1322529653465145,8,0.0,2.0,2,0.1322529653465145,0.26406437472082556
THBS1_CD36,Macrophage alveolar,Macrophage alveolar,2,2.0,0.7519114758698091,True,True,Deng_Liu_LUAD_2024;UKIM-V-2,1.0,0.37595573793490455,I-II,1,0.11225829712751334,7,0.0,4.0,2,0.11225829712751334,0.2636974408073912
ProstaglandinE2_byPTGES2_PTGER4,Macrophage,cDC2,2,2.0,0.5534652076318742,False,True,Deng_Liu_LUAD_2024;UKIM-V-2,1.0,0.2767326038159371,I-II,1,0.013969611424775822,8,0.0,4.0,2,0.013969611424775822,0.2627629923911613
ANXA1_FPR3,myeloid dividing,myeloid dividing,2,2.0,1.7072846520763187,True,True,Deng_Liu_LUAD_2024;UKIM-V-2,1.0,0.8536423260381594,I-II,1,0.5913908110805068,8,0.0,2.0,2,0.5913908110805068,0.26225151495765253
NECTIN2_TIGIT,Monocyte classical,T cell regulatory,2,2.0,1.350932940516274,False,True,Deng_Liu_LUAD_2024;UKIM-V-2,1.0,0.675466470258137,I-II,1,0.41333436136066437,8,0.32737478237109274,4.0,2,0.41333436136066437,0.2621321088974726
VEGFA_NRP2,Macrophage alveolar,Macrophage,2,2.0,0.5235655162738496,False,True,Deng_Liu_LUAD_2024;UKIM-V-2,1.0,0.2617827581369248,I-II,1,0.0,7,0.0,4.0,2,0.0,0.2617827581369248
CD99_PILRA,Plasma cell,Macrophage,2,2.0,0.6301136363636364,False,True,Deng_Liu_LUAD_2024;UKIM-V-2,1.0,0.3150568181818182,I-II,1,0.0,7,0.053839416633070764,4.0,2,0.053839416633070764,0.2612174015487474
APP_TREM2_receptor,B cell,Macrophage,2,2.0,0.6731902356902357,False,False,Deng_Liu_LUAD_2024;UKIM-V-2,1.0,0.33659511784511786,I-II,1,0.07543863135493765,8,0.0,4.0,2,0.07543863135493765,0.2611564864901802
PTPRC_MRC1,myeloid dividing,Macrophage alveolar,2,2.0,1.9376613355780021,True,True,Deng_Liu_LUAD_2024;UKIM-V-2,1.0,0.9688306677890011,I-II,1,0.7077613506518557,7,0.0,2.0,2,0.7077613506518557,0.2610693171371453
CSF1_CSF1R,T cell CD4 dividing,cDC2,2,2.0,0.7294226992143659,False,True,Deng_Liu_LUAD_2024;UKIM-V-2,1.0,0.36471134960718293,I-II,1,0.10421981402234312,8,0.035864978902953586,3.0,2,0.10421981402234312,0.26049153558483984
CD99_PILRA,Mast cell,Macrophage,2,2.0,1.2088909932659933,False,True,Deng_Liu_LUAD_2024;UKIM-V-2,1.0,0.6044454966329966,I-II,1,0.3441194824673023,8,0.0,4.0,2,0.3441194824673023,0.26032601416569434
HBEGF_ERBB2,Macrophage,Fibroblast peribronchial,2,2.0,0.5857709034792368,True,False,Deng_Liu_LUAD_2024;UKIM-V-2,1.0,0.2928854517396184,I-II,1,0.032823686962491445,6,0.0,4.0,2,0.032823686962491445,0.26006176477712695
NECTIN2_TIGIT,Macrophage,T cell regulatory,2,2.0,1.3849537037037036,False,True,Deng_Liu_LUAD_2024;UKIM-V-2,1.0,0.6924768518518518,I-II,1,0.4325338494165545,8,0.3514664610840225,4.0,2,0.4325338494165545,0.25994300243529733
SEMA3C_NRP2,Macrophage alveolar,Macrophage alveolar,2,2.0,0.5412738496071829,True,True,Deng_Liu_LUAD_2024;UKIM-V-2,1.0,0.27063692480359147,I-II,1,0.010743734513993257,7,0.0,4.0,2,0.010743734513993257,0.25989319028959823
VEGFA_NRP1,Macrophage,cDC2,2,2.0,0.5299452861952862,True,False,Deng_Liu_LUAD_2024;UKIM-V-2,1.0,0.2649726430976431,I-II,1,0.00520685243104919,8,0.0,4.0,2,0.00520685243104919,0.25976579066659394
PLAU_PLAUR,Macrophage,Monocyte classical,2,2.0,1.6799452861952862,True,True,Deng_Liu_LUAD_2024;UKIM-V-2,1.0,0.8399726430976431,I-II,1,0.5804026909614913,8,0.47047725222117515,4.0,2,0.5804026909614913,0.25956995213615175
PTPRC_MRC1,cDC2,Macrophage,2,2.0,1.9282968574635242,True,True,Deng_Liu_LUAD_2024;UKIM-V-2,1.0,0.9641484287317621,I-II,1,0.7059435574155432,8,0.5458416102346364,4.0,2,0.7059435574155432,0.25820487131621894
GAS6_AXL,Plasma cell,myeloid dividing,2,2.0,0.5156109708193042,False,True,Deng_Liu_LUAD_2024;UKIM-V-2,1.0,0.2578054854096521,I-II,1,0.0,7,0.0,2.0,2,0.0,0.2578054854096521
ANXA1_FPR1,Monocyte classical,myeloid dividing,2,2.0,1.5904776936026936,True,True,Deng_Liu_LUAD_2024;UKIM-V-2,1.0,0.7952388468013468,I-II,1,0.5376235814419916,8,0.0,2.0,2,0.5376235814419916,0.2576152653593552
PTPRC_MRC1,myeloid dividing,Macrophage,2,2.0,1.8684062850729517,True,True,Deng_Liu_LUAD_2024;UKIM-V-2,1.0,0.9342031425364759,I-II,1,0.6770220371978162,8,0.0,2.0,2,0.6770220371978162,0.2571811053386597
TNFSF13B_TNFRSF17,Macrophage,Plasma cell,2,2.0,0.965260241301908,True,True,Deng_Liu_LUAD_2024;UKIM-V-2,1.0,0.482630120650954,I-II,1,0.0,7,0.22595848006499525,4.0,2,0.22595848006499525,0.25667164058595876
CD40LG_CD40,T cell CD4 dividing,cDC2,2,2.0,0.5531390291806959,True,True,Deng_Liu_LUAD_2024;UKIM-V-2,1.0,0.27656951459034795,I-II,1,0.020191962516867605,8,0.0,3.0,2,0.020191962516867605,0.25637755207348034
FCER2_integrin_aXb2_complex,B cell,Macrophage,2,2.0,0.6691498316498317,False,False,Deng_Liu_LUAD_2024;UKIM-V-2,1.0,0.33457491582491583,I-II,1,0.07823326204792046,8,0.0,4.0,2,0.07823326204792046,0.25634165377699536
APP_CD74,Fibroblast peribronchial,T cell CD4,2,2.0,1.7415965207631876,True,False,Deng_Liu_LUAD_2024;UKIM-V-2,1.0,0.8707982603815938,I-II,1,0.615359307970217,6,0.0,4.0,2,0.615359307970217,0.2554389524113768
CD99_PILRA,B cell,Macrophage,2,2.0,1.092645202020202,False,True,Deng_Liu_LUAD_2024;UKIM-V-2,1.0,0.546322601010101,I-II,1,0.29112070421052927,8,0.1500981190254703,4.0,2,0.29112070421052927,0.2552018967995717
ANXA1_FPR3,cDC2,myeloid dividing,2,2.0,1.6313201459034792,True,True,Deng_Liu_LUAD_2024;UKIM-V-2,1.0,0.8156600729517396,I-II,1,0.5617619464388691,8,0.0,2.0,2,0.5617619464388691,0.25389812651287047
CXCL16_CXCR6,Macrophage,T cell CD4 dividing,2,2.0,1.2420629910213243,True,True,Deng_Liu_LUAD_2024;UKIM-V-2,1.0,0.6210314955106622,I-II,1,0.3672534710729415,8,0.26418973748424485,3.0,2,0.3672534710729415,0.2537780244377207
APP_CD74,Fibroblast peribronchial,NK cell,2,2.0,1.7334245230078564,True,False,Deng_Liu_LUAD_2024;UKIM-V-2,1.0,0.8667122615039282,I-II,1,0.6131231448740961,6,0.0,4.0,2,0.6131231448740961,0.2535891166298321
ANXA1_FPR1,Monocyte classical,cDC2,2,2.0,1.697723765432099,True,True,Deng_Liu_LUAD_2024;UKIM-V-2,1.0,0.8488618827160495,I-II,1,0.5958998420774034,8,0.42781180476771424,4.0,2,0.5958998420774034,0.252962040638646
HLA-E_CD94:NKG2C,cDC2,NK cell,2,2.0,1.300007014590348,False,False,Deng_Liu_LUAD_2024;UKIM-V-2,1.0,0.650003507295174,I-II,1,0.39706307709034616,8,0.27709117521833715,4.0,2,0.39706307709034616,0.2529404302048278
CCL3_CCR1,myeloid dividing,myeloid dividing,2,2.0,1.1496001683501684,True,True,Deng_Liu_LUAD_2024;UKIM-V-2,1.0,0.5748000841750842,I-II,1,0.32282264746586287,8,0.0,2.0,2,0.32282264746586287,0.25197743670922135
CCL23_CCR1,Macrophage alveolar,Macrophage,2,2.0,0.6947074915824916,True,True,Deng_Liu_LUAD_2024;UKIM-V-2,1.0,0.3473537457912458,I-II,1,0.09560719720872003,7,0.0,4.0,2,0.09560719720872003,0.25174654858252576
ANXA1_FPR1,T cell CD4 dividing,myeloid dividing,2,2.0,1.103686167227834,False,True,Deng_Liu_LUAD_2024;UKIM-V-2,1.0,0.551843083613917,I-II,1,0.30098552291035474,8,0.0,2.0,2,0.30098552291035474,0.25085756070356224
CSF1_CSF1R,Fibroblast peribronchial,Macrophage,2,2.0,0.8018623737373738,False,True,Deng_Liu_LUAD_2024;UKIM-V-2,1.0,0.4009311868686869,I-II,1,0.1502067247585148,6,0.0,4.0,2,0.1502067247585148,0.2507244621101721
ICAM1_integrin_aXb2_complex,T cell CD4 dividing,Monocyte classical,2,2.0,0.6126648428731762,False,False,Deng_Liu_LUAD_2024;UKIM-V-2,1.0,0.3063324214365881,I-II,1,0.05576499592984083,8,0.0,3.0,2,0.05576499592984083,0.25056742550674727
THBS1_CD36,Macrophage alveolar,Monocyte classical,2,2.0,0.8489723625140292,True,True,Deng_Liu_LUAD_2024;UKIM-V-2,1.0,0.4244861812570146,I-II,1,0.17396871072635628,7,0.0,4.0,2,0.17396871072635628,0.2505174705306583
CSF1_CSF1R,Macrophage alveolar,myeloid dividing,2,2.0,0.6111531986531986,False,True,Deng_Liu_LUAD_2024;UKIM-V-2,1.0,0.3055765993265993,I-II,1,0.055446723491543025,7,0.0,2.0,2,0.055446723491543025,0.2501298758350563
CD99_PILRA,T cell CD4,Macrophage,2,2.0,1.2863671436588104,False,True,Deng_Liu_LUAD_2024;UKIM-V-2,1.0,0.6431835718294052,I-II,1,0.39311467003358036,8,0.20117336111079875,4.0,2,0.39311467003358036,0.25006890179582486
PLAU_PLAUR,Macrophage alveolar,cDC2,2,2.0,1.2227728675645342,True,True,Deng_Liu_LUAD_2024;UKIM-V-2,1.0,0.6113864337822671,I-II,1,0.36146474435355674,7,0.14477848101265822,4.0,2,0.36146474435355674,0.24992168942871035
ProstaglandinE2_byPTGES2_PTGER4,myeloid dividing,cDC2,2,2.0,0.536304012345679,False,True,Deng_Liu_LUAD_2024;UKIM-V-2,1.0,0.2681520061728395,I-II,1,0.018307871139156426,8,0.0,2.0,2,0.018307871139156426,0.24984413503368308
CD86_CTLA4,Macrophage alveolar,T cell CD8 effector memory,2,2.0,0.5575862794612794,True,False,Deng_Liu_LUAD_2024;UKIM-V-2,1.0,0.2787931397306397,I-II,1,0.02959096632682075,7,0.0,4.0,2,0.02959096632682075,0.24920217340381892
ANXA1_FPR3,cDC2,Macrophage,2,2.0,1.7751122334455667,True,True,Deng_Liu_LUAD_2024;UKIM-V-2,1.0,0.8875561167227833,I-II,1,0.6392577221010303,8,0.4836985601718486,4.0,2,0.6392577221010303,0.24829839462175307
PTPRC_MRC1,cDC2,Macrophage alveolar,2,2.0,1.96709455667789,True,True,Deng_Liu_LUAD_2024;UKIM-V-2,1.0,0.983547278338945,I-II,1,0.735287380121804,7,0.5506044829419916,4.0,2,0.735287380121804,0.248259898217141
PLAU_PLAUR,cDC2,cDC2,2,2.0,1.3370931537598203,True,True,Deng_Liu_LUAD_2024;UKIM-V-2,1.0,0.6685465768799101,I-II,1,0.4203693575637108,8,0.21441066785722018,4.0,2,0.4203693575637108,0.24817721931619935
ANXA1_FPR3,Mast cell,Macrophage alveolar,2,2.0,1.7846941638608305,True,True,Deng_Liu_LUAD_2024;UKIM-V-2,1.0,0.8923470819304152,I-II,1,0.6447106007074813,7,0.0,4.0,2,0.6447106007074813,0.2476364812229339
ANXA1_FPR1,Fibroblast peribronchial,Macrophage alveolar,2,2.0,1.0608059764309763,False,True,Deng_Liu_LUAD_2024;UKIM-V-2,1.0,0.5304029882154881,I-II,1,0.28321429569953516,5,0.0,4.0,2,0.28321429569953516,0.247188692515953
CLU_TREM2_receptor,Mast cell,cDC2,2,2.0,1.512605218855219,True,False,Deng_Liu_LUAD_2024;UKIM-V-2,1.0,0.7563026094276095,I-II,1,0.5098216821273747,8,0.0,4.0,2,0.5098216821273747,0.24648092730023485
SEMA3C_NRP2,myeloid dividing,Macrophage,2,2.0,0.5032407407407408,True,True,Deng_Liu_LUAD_2024;UKIM-V-2,1.0,0.2516203703703704,I-II,1,0.005272701381284823,8,0.0,2.0,2,0.005272701381284823,0.24634766898908556
VEGFA_NRP2,Macrophage,Mast cell,2,2.0,0.4922629068462402,True,False,Deng_Liu_LUAD_2024;UKIM-V-2,1.0,0.2461314534231201,I-II,1,0.0,8,0.0,4.0,2,0.0,0.2461314534231201
PTPRC_MRC1,T cell CD4 dividing,cDC2,2,2.0,1.933838383838384,True,True,Deng_Liu_LUAD_2024;UKIM-V-2,1.0,0.966919191919192,I-II,1,0.7100392419172459,8,0.721254877804863,3.0,2,0.721254877804863,0.24566431411432899
ICAM1_integrin_aXb2_complex,NK cell,Macrophage,2,2.0,0.5583473625140292,False,False,Deng_Liu_LUAD_2024;UKIM-V-2,1.0,0.2791736812570146,I-II,1,0.03370168388825105,8,0.0,4.0,2,0.03370168388825105,0.24547199736876352
ANXA1_FPR3,myeloid dividing,Macrophage,2,2.0,1.8242108585858585,True,True,Deng_Liu_LUAD_2024;UKIM-V-2,1.0,0.9121054292929293,I-II,1,0.6669615681832246,8,0.0,2.0,2,0.6669615681832246,0.24514386110970465
PLAU_PLAUR,Fibroblast peribronchial,Monocyte classical,2,2.0,1.783179012345679,True,True,Deng_Liu_LUAD_2024;UKIM-V-2,1.0,0.8915895061728395,I-II,1,0.6465083570488447,6,0.0,4.0,2,0.6465083570488447,0.2450811491239948
CD99_PILRA,Macrophage alveolar,Macrophage,2,2.0,1.0476606341189676,False,True,Deng_Liu_LUAD_2024;UKIM-V-2,1.0,0.5238303170594838,I-II,1,0.2788826836169201,7,0.14978615068386597,4.0,2,0.2788826836169201,0.2449476334425637
APP_TREM2_receptor,cDC2,Macrophage alveolar,2,2.0,0.7796541806958474,False,False,Deng_Liu_LUAD_2024;UKIM-V-2,1.0,0.3898270903479237,I-II,1,0.14513866879186696,7,0.010324425346283627,4.0,2,0.14513866879186696,0.24468842155605672
PTPRC_MRC1,T cell CD4 dividing,myeloid dividing,2,2.0,1.9378647586980922,True,True,Deng_Liu_LUAD_2024;UKIM-V-2,1.0,0.9689323793490461,I-II,1,0.7246947742496702,8,0.0,2.0,2,0.7246947742496702,0.24423760509937587
PLAU_PLAUR,myeloid dividing,Plasma cell,2,2.0,0.48846801346801344,True,False,Deng_Liu_LUAD_2024;UKIM-V-2,1.0,0.24423400673400672,I-II,1,0.0,7,0.0,2.0,2,0.0,0.24423400673400672
APP_TREM2_receptor,Macrophage,Macrophage alveolar,2,2.0,0.8256067620650953,True,False,Deng_Liu_LUAD_2024;UKIM-V-2,1.0,0.41280338103254766,I-II,1,0.1688137443221385,7,0.014076219682705393,4.0,2,0.1688137443221385,0.24398963671040916
TNFSF13B_TNFRSF13C,Fibroblast peribronchial,B cell,2,2.0,0.9841189674523008,False,True,Deng_Liu_LUAD_2024;UKIM-V-2,1.0,0.4920594837261504,I-II,1,0.2485477626436627,6,0.0,4.0,2,0.2485477626436627,0.24351172108248767
APP_TREM2_receptor,myeloid dividing,Macrophage alveolar,2,2.0,0.8243581649831649,True,False,Deng_Liu_LUAD_2024;UKIM-V-2,1.0,0.41217908249158247,I-II,1,0.1693493788903338,7,0.0,2.0,2,0.1693493788903338,0.24282970360124867
PTPRC_MRC1,T cell CD4 dividing,Monocyte classical,2,2.0,1.8868336139169473,True,True,Deng_Liu_LUAD_2024;UKIM-V-2,1.0,0.9434168069584736,I-II,1,0.7012973837734234,8,0.5474808113543367,3.0,2,0.7012973837734234,0.2421194231850502
ANXA1_FPR3,T cell regulatory,myeloid dividing,2,2.0,0.70440867003367,False,True,Deng_Liu_LUAD_2024;UKIM-V-2,1.0,0.352204335016835,I-II,1,0.11015517040997323,8,0.0,2.0,2,0.11015517040997323,0.24204916460686177
CSF1_CSF1R,Macrophage,Macrophage,2,2.0,0.6459385521885521,False,True,Deng_Liu_LUAD_2024;UKIM-V-2,1.0,0.32296927609427606,I-II,1,0.08137413905281557,8,0.0,4.0,2,0.08137413905281557,0.2415951370414605
ANXA1_FPR3,T cell CD4,Macrophage,2,2.0,1.7284687149270481,False,True,Deng_Liu_LUAD_2024;UKIM-V-2,1.0,0.8642343574635241,I-II,1,0.6226400845730842,8,0.41459884535916924,4.0,2,0.6226400845730842,0.2415942728904399
ProstaglandinE2_byPTGES2_PTGER4,Macrophage alveolar,cDC2,2,2.0,0.5137275533108866,False,True,Deng_Liu_LUAD_2024;UKIM-V-2,1.0,0.2568637766554433,I-II,1,0.015324761588461355,7,0.0,4.0,2,0.015324761588461355,0.24153901506698194
WNT2_SFRP4,Fibroblast peribronchial,Fibroblast peribronchial,2,2.0,0.8733726150392818,True,True,Deng_Liu_LUAD_2024;UKIM-V-2,1.0,0.4366863075196409,I-II,1,0.1954664754826596,6,0.0,4.0,2,0.1954664754826596,0.24121983203698127
PECAM1_CD38,Macrophage,T cell CD4 dividing,2,2.0,0.5823968855218855,True,False,Deng_Liu_LUAD_2024;UKIM-V-2,1.0,0.29119844276094276,I-II,1,0.050469149843616716,8,0.0,3.0,2,0.050469149843616716,0.24072929291732603
LAIR1_LILRB4,Macrophage alveolar,Macrophage alveolar,2,2.0,0.8558922558922559,True,True,Deng_Liu_LUAD_2024;UKIM-V-2,1.0,0.42794612794612796,I-II,1,0.18725356805390017,7,0.048259493670886076,4.0,2,0.18725356805390017,0.2406925598922278
CCL20_CCR6,T cell CD4,cDC2,2,2.0,0.4797102974186308,False,True,Deng_Liu_LUAD_2024;UKIM-V-2,1.0,0.2398551487093154,I-II,1,0.0,8,0.0,4.0,2,0.0,0.2398551487093154
CD52_SIGLEC10,Macrophage alveolar,myeloid dividing,2,2.0,1.4783459595959596,True,True,Deng_Liu_LUAD_2024;UKIM-V-2,1.0,0.7391729797979798,I-II,1,0.4994181092215513,7,0.0,2.0,2,0.4994181092215513,0.23975487057642852
CD52_SIGLEC10,T cell CD4 dividing,cDC2,2,2.0,1.683364898989899,True,True,Deng_Liu_LUAD_2024;UKIM-V-2,1.0,0.8416824494949495,I-II,1,0.6020897784467023,8,0.4416010466733869,3.0,2,0.6020897784467023,0.23959267104824722
APP_CD74,Fibroblast peribronchial,T cell CD8 effector memory,2,2.0,1.8278128507295173,True,False,Deng_Liu_LUAD_2024;UKIM-V-2,1.0,0.9139064253647586,I-II,1,0.674792822649937,6,0.0,4.0,2,0.674792822649937,0.23911360271482163
CD99_PILRA,Macrophage,Macrophage,2,2.0,1.1936833613916948,False,True,Deng_Liu_LUAD_2024;UKIM-V-2,1.0,0.5968416806958474,I-II,1,0.3582302850979391,8,0.2179905452849789,4.0,2,0.3582302850979391,0.23861139559790834
TNFSF13B_TNFRSF13B,Macrophage alveolar,B cell,2,2.0,0.6923120089786756,True,True,Deng_Liu_LUAD_2024;UKIM-V-2,1.0,0.3461560044893378,I-II,1,0.10775044947118727,7,0.06695795937647614,4.0,2,0.10775044947118727,0.23840555501815053
CD40LG_CD40,T cell CD4,myeloid dividing,2,2.0,0.5737373737373738,True,True,Deng_Liu_LUAD_2024;UKIM-V-2,1.0,0.2868686868686869,I-II,1,0.04846353394186398,8,0.0,2.0,2,0.04846353394186398,0.2384051529268229
APP_TREM2_receptor,Monocyte classical,Macrophage alveolar,2,2.0,0.7404356060606061,False,False,Deng_Liu_LUAD_2024;UKIM-V-2,1.0,0.37021780303030305,I-II,1,0.13193925351914038,7,0.0023734177215189874,4.0,2,0.13193925351914038,0.23827854951116267
CD99_PILRA,NK cell,Macrophage,2,2.0,1.4002455106621774,False,True,Deng_Liu_LUAD_2024;UKIM-V-2,1.0,0.7001227553310887,I-II,1,0.46196906873823834,8,0.2575807375767644,4.0,2,0.46196906873823834,0.23815368659285036
ProstaglandinE2_byPTGES2_PTGER4,Plasma cell,cDC2,2,2.0,0.4762976992143659,False,True,Deng_Liu_LUAD_2024;UKIM-V-2,1.0,0.23814884960718294,I-II,1,0.0,7,0.0,4.0,2,0.0,0.23814884960718294
LAIR1_LILRB4,Macrophage alveolar,Macrophage,2,2.0,1.2593574635241302,True,True,Deng_Liu_LUAD_2024;UKIM-V-2,1.0,0.6296787317620651,I-II,1,0.3918426411561534,7,0.2744230118420746,4.0,2,0.3918426411561534,0.2378360906059117
ANXA1_FPR1,cDC2,Monocyte classical,2,2.0,1.7642045454545454,True,True,Deng_Liu_LUAD_2024;UKIM-V-2,1.0,0.8821022727272727,I-II,1,0.6447714020933244,8,0.5036602829818115,4.0,2,0.6447714020933244,0.2373308706339483
ANXA1_FPR3,Monocyte classical,Macrophage,2,2.0,1.7667052469135802,True,True,Deng_Liu_LUAD_2024;UKIM-V-2,1.0,0.8833526234567901,I-II,1,0.6464429980405112,8,0.38973327435495364,4.0,2,0.6464429980405112,0.2369096254162789
ANXA1_FPR1,myeloid dividing,Monocyte classical,2,2.0,1.8179959315375982,True,True,Deng_Liu_LUAD_2024;UKIM-V-2,1.0,0.9089979657687991,I-II,1,0.672829007050931,8,0.0,2.0,2,0.672829007050931,0.23616895871786814
TNFSF13B_TNFRSF17,Monocyte classical,Plasma cell,2,2.0,0.920314253647587,True,True,Deng_Liu_LUAD_2024;UKIM-V-2,1.0,0.4601571268237935,I-II,1,0.0,7,0.22491773969004236,4.0,2,0.22491773969004236,0.23523938713375114
THBS1_CD36,Fibroblast peribronchial,Monocyte classical,2,2.0,0.8099957912457912,True,True,Deng_Liu_LUAD_2024;UKIM-V-2,1.0,0.4049978956228956,I-II,1,0.16981174049839406,6,0.0,4.0,2,0.16981174049839406,0.23518615512450156
VEGFA_NRP2,Plasma cell,Macrophage,2,2.0,0.466999859708193,False,True,Deng_Liu_LUAD_2024;UKIM-V-2,1.0,0.2334999298540965,I-II,1,0.0,7,0.0,4.0,2,0.0,0.2334999298540965
SEMA3C_NRP2,Fibroblast peribronchial,myeloid dividing,2,2.0,0.46697180134680133,True,True,Deng_Liu_LUAD_2024;UKIM-V-2,1.0,0.23348590067340066,I-II,1,0.0,6,0.0,2.0,2,0.0,0.23348590067340066
LAIR1_LILRB4,Monocyte classical,Macrophage alveolar,2,2.0,0.5018939393939394,True,True,Deng_Liu_LUAD_2024;UKIM-V-2,1.0,0.2509469696969697,I-II,1,0.019009707949144968,7,0.0,4.0,2,0.019009707949144968,0.23193726174782475
APP_CD74,Fibroblast peribronchial,Mast cell,2,2.0,1.5727518237934905,True,False,Deng_Liu_LUAD_2024;UKIM-V-2,1.0,0.7863759118967453,I-II,1,0.554659943494932,6,0.0,4.0,2,0.554659943494932,0.2317159684018133
APP_TREM2_receptor,Fibroblast peribronchial,Macrophage alveolar,2,2.0,1.3778058361391694,True,False,Deng_Liu_LUAD_2024;UKIM-V-2,1.0,0.6889029180695847,I-II,1,0.4578136089489937,5,0.0,4.0,2,0.4578136089489937,0.231089309120591
WNT5A_FRZB,Fibroblast peribronchial,Fibroblast peribronchial,2,2.0,0.527395482603816,True,True,Deng_Liu_LUAD_2024;UKIM-V-2,1.0,0.263697741301908,I-II,1,0.03559951241134752,6,0.0,4.0,2,0.03559951241134752,0.22809822889056047
LAIR1_LILRB4,Macrophage alveolar,Monocyte classical,2,2.0,0.8679783950617284,True,True,Deng_Liu_LUAD_2024;UKIM-V-2,1.0,0.4339891975308642,I-II,1,0.20648067515380117,7,0.030063291139240507,4.0,2,0.20648067515380117,0.227508522377063
APP_TREM2_receptor,cDC2,Macrophage,2,2.0,1.0123176206509539,False,False,Deng_Liu_LUAD_2024;UKIM-V-2,1.0,0.5061588103254769,I-II,1,0.27903901008340704,8,0.13010437246000384,4.0,2,0.27903901008340704,0.2271198002420699
THBS1_CD36,Fibroblast peribronchial,Macrophage alveolar,2,2.0,0.7054503367003366,True,True,Deng_Liu_LUAD_2024;UKIM-V-2,1.0,0.3527251683501683,I-II,1,0.1257206703487034,5,0.0,4.0,2,0.1257206703487034,0.2270044980014649
APP_TREM2_receptor,Monocyte classical,Macrophage,2,2.0,0.961212822671156,False,False,Deng_Liu_LUAD_2024;UKIM-V-2,1.0,0.480606411335578,I-II,1,0.2539515129723173,8,0.09988590703347823,4.0,2,0.2539515129723173,0.22665489836326075
CSF1_CSF1R,Macrophage,cDC2,2,2.0,0.6970889450056117,False,True,Deng_Liu_LUAD_2024;UKIM-V-2,1.0,0.34854447250280585,I-II,1,0.12200738589555184,8,0.0,4.0,2,0.12200738589555184,0.22653708660725402
APP_TREM2_receptor,myeloid dividing,Macrophage,2,2.0,1.0571022727272728,True,False,Deng_Liu_LUAD_2024;UKIM-V-2,1.0,0.5285511363636364,I-II,1,0.3021794171579695,8,0.0,2.0,2,0.3021794171579695,0.2263717192056669
WNT5A_SFRP2,Fibroblast peribronchial,Fibroblast peribronchial,2,2.0,1.4037598204264872,True,True,Deng_Liu_LUAD_2024;UKIM-V-2,1.0,0.7018799102132436,I-II,1,0.47562583022918076,6,0.0,4.0,2,0.47562583022918076,0.22625407998406283
APP_CD74,Fibroblast peribronchial,T cell regulatory,2,2.0,1.851914983164983,True,False,Deng_Liu_LUAD_2024;UKIM-V-2,1.0,0.9259574915824915,I-II,1,0.70023841416791,6,0.0,4.0,2,0.70023841416791,0.22571907741458153
SEMA3C_NRP2,Fibroblast peribronchial,Macrophage alveolar,2,2.0,0.4513468013468014,True,True,Deng_Liu_LUAD_2024;UKIM-V-2,1.0,0.2256734006734007,I-II,1,0.0,5,0.0,4.0,2,0.0,0.2256734006734007
NECTIN2_TIGIT,cDC2,T cell regulatory,2,2.0,1.4944163860830528,True,True,Deng_Liu_LUAD_2024;UKIM-V-2,1.0,0.7472081930415264,I-II,1,0.5221839100899927,8,0.41385072529030364,4.0,2,0.5221839100899927,0.22502428295153376
ANXA1_FPR3,Mast cell,Monocyte classical,2,2.0,1.7644991582491583,True,True,Deng_Liu_LUAD_2024;UKIM-V-2,1.0,0.8822495791245791,I-II,1,0.6574460978186567,8,0.0,4.0,2,0.6574460978186567,0.22480348130592243
TNF_TNFRSF1B,B cell,Macrophage,2,2.0,0.5741512345679012,False,True,Deng_Liu_LUAD_2024;UKIM-V-2,1.0,0.2870756172839506,I-II,1,0.06010155834641978,8,0.06235238545111006,4.0,2,0.06235238545111006,0.22472323183284054
ICAM1_integrin_aXb2_complex,Fibroblast peribronchial,cDC2,2,2.0,0.8299523007856342,False,False,Deng_Liu_LUAD_2024;UKIM-V-2,1.0,0.4149761503928171,I-II,1,0.1905761351668447,6,0.0,4.0,2,0.1905761351668447,0.2244000152259724
TNFSF13B_TNFRSF17,Fibroblast peribronchial,Plasma cell,2,2.0,0.4474466891133558,False,True,Deng_Liu_LUAD_2024;UKIM-V-2,1.0,0.2237233445566779,I-II,1,0.0,5,0.0,4.0,2,0.0,0.2237233445566779
CXCL16_CXCR6,myeloid dividing,T cell CD4 dividing,2,2.0,0.9514379910213244,True,True,Deng_Liu_LUAD_2024;UKIM-V-2,1.0,0.4757189955106622,I-II,1,0.2522127546346089,8,0.0,2.0,2,0.2522127546346089,0.2235062408760533
VEGFA_NRP1,Plasma cell,Macrophage,2,2.0,0.5215312850729518,False,True,Deng_Liu_LUAD_2024;UKIM-V-2,1.0,0.2607656425364759,I-II,1,0.0,7,0.0374940954180444,4.0,2,0.0374940954180444,0.22327154711843147
CD70_CD27,T cell regulatory,Plasma cell,2,2.0,0.4462962962962963,False,True,Deng_Liu_LUAD_2024;UKIM-V-2,1.0,0.22314814814814815,I-II,1,0.0,7,0.0,4.0,2,0.0,0.22314814814814815
TGM2_ADGRG1,Fibroblast peribronchial,NK cell,2,2.0,0.7906355218855219,True,True,Deng_Liu_LUAD_2024;UKIM-V-2,1.0,0.39531776094276094,I-II,1,0.17293283700015513,6,0.0,4.0,2,0.17293283700015513,0.2223849239426058
PTPRC_MRC1,T cell CD4,Macrophage,2,2.0,1.9718890291806959,True,True,Deng_Liu_LUAD_2024;UKIM-V-2,1.0,0.9859445145903479,I-II,1,0.7636491135734517,8,0.5703819680132258,4.0,2,0.7636491135734517,0.22229540101689627
ENTPD1_ADORA3,T cell CD4 dividing,Macrophage,2,2.0,0.5735549943883278,True,True,Deng_Liu_LUAD_2024;UKIM-V-2,1.0,0.2867774971941639,I-II,1,0.06485819253400191,8,0.0,3.0,2,0.06485819253400191,0.221919304660162
PECAM1_CD38,T cell CD8 effector memory,Plasma cell,2,2.0,0.44274691358024687,False,True,Deng_Liu_LUAD_2024;UKIM-V-2,1.0,0.22137345679012344,I-II,1,0.0,7,0.0,4.0,2,0.0,0.22137345679012344
PTPRC_MRC1,NK cell,Macrophage,2,2.0,1.9805695847362514,True,True,Deng_Liu_LUAD_2024;UKIM-V-2,1.0,0.9902847923681257,I-II,1,0.7689875340746095,8,0.580397591901872,4.0,2,0.7689875340746095,0.2212972582935162
CSF1_CSF1R,myeloid dividing,Macrophage,2,2.0,0.6079194725028059,False,True,Deng_Liu_LUAD_2024;UKIM-V-2,1.0,0.30395973625140293,I-II,1,0.08308652839107249,8,0.0,2.0,2,0.08308652839107249,0.22087320786033043
CCL20_CCR6,T cell regulatory,cDC2,2,2.0,0.44139309764309764,False,True,Deng_Liu_LUAD_2024;UKIM-V-2,1.0,0.22069654882154882,I-II,1,0.0,8,0.0,4.0,2,0.0,0.22069654882154882
ENTPD1_ADORA3,myeloid dividing,Macrophage,2,2.0,0.4870230078563412,True,True,Deng_Liu_LUAD_2024;UKIM-V-2,1.0,0.2435115039281706,I-II,1,0.0233455556908487,8,0.0,2.0,2,0.0233455556908487,0.22016594823732188
CSF1_CSF1R,myeloid dividing,cDC2,2,2.0,0.661952861952862,False,True,Deng_Liu_LUAD_2024;UKIM-V-2,1.0,0.330976430976431,I-II,1,0.1123601218248836,8,0.0,2.0,2,0.1123601218248836,0.2186163091515474
APP_TREM2_receptor,Macrophage,Macrophage,2,2.0,1.0585016835016834,True,False,Deng_Liu_LUAD_2024;UKIM-V-2,1.0,0.5292508417508417,I-II,1,0.31087580483619187,8,0.1549019770928154,4.0,2,0.31087580483619187,0.21837503691464982
CCL3_CCR1,cDC2,Monocyte classical,2,2.0,0.6932905443322109,True,True,Deng_Liu_LUAD_2024;UKIM-V-2,1.0,0.34664527216610547,I-II,1,0.1286695376661415,8,0.0,4.0,2,0.1286695376661415,0.21797573449996396
ICAM1_integrin_aXb2_complex,Plasma cell,cDC2,2,2.0,0.4350659371492705,False,False,Deng_Liu_LUAD_2024;UKIM-V-2,1.0,0.21753296857463525,I-II,1,0.0,7,0.0,4.0,2,0.0,0.21753296857463525
VEGFA_NRP1,Macrophage alveolar,Macrophage,2,2.0,0.5780373176206509,False,True,Deng_Liu_LUAD_2024;UKIM-V-2,1.0,0.28901865881032546,I-II,1,0.0,7,0.07150448748228626,4.0,2,0.07150448748228626,0.21751417132803919
CSF1_CSF1R,T cell CD4 dividing,myeloid dividing,2,2.0,0.5921191077441077,False,True,Deng_Liu_LUAD_2024;UKIM-V-2,1.0,0.29605955387205385,I-II,1,0.081391547923304,8,0.0,2.0,2,0.081391547923304,0.21466800594874985
TNF_TNFRSF1B,T cell CD8 effector memory,Macrophage,2,2.0,0.5681221941638608,False,True,Deng_Liu_LUAD_2024;UKIM-V-2,1.0,0.2840610970819304,I-II,1,0.06970682471255493,8,0.0,4.0,2,0.06970682471255493,0.21435427236937546
ICAM1_integrin_aXb2_complex,myeloid dividing,cDC2,2,2.0,0.920412457912458,True,False,Deng_Liu_LUAD_2024;UKIM-V-2,1.0,0.460206228956229,I-II,1,0.24628241254787264,8,0.0,2.0,2,0.24628241254787264,0.21392381640835634
CCL3_CCR1,T cell CD8 effector memory,Macrophage,2,2.0,0.6231200897867564,False,True,Deng_Liu_LUAD_2024;UKIM-V-2,1.0,0.3115600448933782,I-II,1,0.09799795798527602,8,0.0,4.0,2,0.09799795798527602,0.21356208690810216
CD44_TYROBP,Macrophage,Mast cell,2,2.0,1.854864618406285,True,True,Deng_Liu_LUAD_2024;UKIM-V-2,1.0,0.9274323092031425,I-II,1,0.7141567842951193,8,0.0,4.0,2,0.7141567842951193,0.21327552490802315
ANXA1_FPR1,T cell regulatory,cDC2,2,2.0,0.9095959595959595,False,True,Deng_Liu_LUAD_2024;UKIM-V-2,1.0,0.45479797979797976,I-II,1,0.24164017241664232,8,0.17900965612552625,4.0,2,0.24164017241664232,0.21315780738133744
CCL20_CCR6,cDC2,cDC2,2,2.0,0.45677960157126823,False,True,Deng_Liu_LUAD_2024;UKIM-V-2,1.0,0.22838980078563412,I-II,1,0.01528291157236281,8,0.0,4.0,2,0.01528291157236281,0.2131068892132713
CD226_NECTIN2,T cell CD4 dividing,myeloid dividing,2,2.0,0.4525778619528619,True,True,Deng_Liu_LUAD_2024;UKIM-V-2,1.0,0.22628893097643096,I-II,1,0.013609835438193647,8,0.0,2.0,2,0.013609835438193647,0.21267909553823733
APP_TREM2_receptor,B cell,Macrophage alveolar,2,2.0,0.4471801346801347,False,False,Deng_Liu_LUAD_2024;UKIM-V-2,1.0,0.22359006734006734,I-II,1,0.012551281530525205,7,0.0,4.0,2,0.012551281530525205,0.21103878580954213
ANXA1_FPR1,Plasma cell,myeloid dividing,2,2.0,0.4193111672278339,False,True,Deng_Liu_LUAD_2024;UKIM-V-2,1.0,0.20965558361391695,I-II,1,0.0,7,0.0,2.0,2,0.0,0.20965558361391695
CXCL12_CXCR4,Fibroblast peribronchial,T cell CD4,2,2.0,1.8648358585858587,True,True,Deng_Liu_LUAD_2024;UKIM-V-2,1.0,0.9324179292929293,I-II,1,0.7231457244222144,6,0.0,4.0,2,0.7231457244222144,0.20927220487071496
NECTIN2_TIGIT,Macrophage alveolar,T cell CD4 dividing,2,2.0,0.7585928731762065,False,True,Deng_Liu_LUAD_2024;UKIM-V-2,1.0,0.37929643658810325,I-II,1,0.170597829965847,7,0.1612603616693474,3.0,2,0.170597829965847,0.20869860662225626
CSF1_CSF1R,Fibroblast peribronchial,cDC2,2,2.0,0.8447180134680135,False,True,Deng_Liu_LUAD_2024;UKIM-V-2,1.0,0.4223590067340067,I-II,1,0.21380139943862422,6,0.0,4.0,2,0.21380139943862422,0.2085576072953825
PTPRC_MRC1,T cell CD4,Macrophage alveolar,2,2.0,1.9898288439955105,True,True,Deng_Liu_LUAD_2024;UKIM-V-2,1.0,0.9949144219977553,I-II,1,0.7863574449856883,7,0.4671597119403256,4.0,2,0.7863574449856883,0.208556977012067
CCL3_CCR1,cDC2,myeloid dividing,2,2.0,0.7162177328843996,True,True,Deng_Liu_LUAD_2024;UKIM-V-2,1.0,0.3581088664421998,I-II,1,0.1498114382690537,8,0.0,2.0,2,0.1498114382690537,0.20829742817314612
PLAU_PLAUR,myeloid dividing,myeloid dividing,2,2.0,1.4398604096520764,True,True,Deng_Liu_LUAD_2024;UKIM-V-2,1.0,0.7199302048260382,I-II,1,0.5124766535874978,8,0.0,2.0,2,0.5124766535874978,0.20745355123854037
ANXA1_FPR3,T cell regulatory,Macrophage alveolar,2,2.0,0.5029987373737373,False,True,Deng_Liu_LUAD_2024;UKIM-V-2,1.0,0.2514993686868687,I-II,1,0.04441832914817371,7,0.0,4.0,2,0.04441832914817371,0.20708103953869497
LTA_TNFRSF1B,T cell CD4 dividing,Macrophage,2,2.0,0.5311728395061729,False,True,Deng_Liu_LUAD_2024;UKIM-V-2,1.0,0.26558641975308644,I-II,1,0.026324723769673694,8,0.059124547315383406,3.0,2,0.059124547315383406,0.20646187243770303
APP_CD74,Fibroblast peribronchial,T cell CD4 dividing,2,2.0,1.9044753086419752,True,False,Deng_Liu_LUAD_2024;UKIM-V-2,1.0,0.9522376543209876,I-II,1,0.7457821466372146,6,0.0,3.0,2,0.7457821466372146,0.20645550768377297
CD44_TYROBP,myeloid dividing,Fibroblast peribronchial,2,2.0,1.3368686868686868,True,False,Deng_Liu_LUAD_2024;UKIM-V-2,1.0,0.6684343434343434,I-II,1,0.46235393682924447,6,0.0,2.0,2,0.46235393682924447,0.2060804066050989
CCL3_CCR1,Plasma cell,Macrophage,2,2.0,0.4114337822671156,False,True,Deng_Liu_LUAD_2024;UKIM-V-2,1.0,0.2057168911335578,I-II,1,0.0,7,0.0,4.0,2,0.0,0.2057168911335578
THBS1_CD36,Macrophage alveolar,cDC2,2,2.0,0.5640221661054994,True,False,Deng_Liu_LUAD_2024;UKIM-V-2,1.0,0.2820110830527497,I-II,1,0.07713566272628604,7,0.0,4.0,2,0.07713566272628604,0.20487542032646366
PLAU_PLAUR,Fibroblast peribronchial,myeloid dividing,2,2.0,1.5355850168350167,True,True,Deng_Liu_LUAD_2024;UKIM-V-2,1.0,0.7677925084175083,I-II,1,0.5630811019275416,6,0.0,2.0,2,0.5630811019275416,0.20471140648996677
CD40LG_CD40,T cell CD4,Macrophage,2,2.0,0.6038159371492704,True,True,Deng_Liu_LUAD_2024;UKIM-V-2,1.0,0.3019079685746352,I-II,1,0.09788642823468598,8,0.0,4.0,2,0.09788642823468598,0.20402154033994924
CCL23_FPR2,Macrophage alveolar,Monocyte classical,2,2.0,0.5067796015712682,True,True,Deng_Liu_LUAD_2024;UKIM-V-2,1.0,0.2533898007856341,I-II,1,0.04951191924745343,7,0.015134529147982063,4.0,2,0.04951191924745343,0.20387788153818068
PTPRC_MRC1,NK cell,Macrophage alveolar,2,2.0,1.9946829405162738,True,True,Deng_Liu_LUAD_2024;UKIM-V-2,1.0,0.9973414702581369,I-II,1,0.7941631829334111,7,0.48104852411392796,4.0,2,0.7941631829334111,0.20317828732472576
PLAU_PLAUR,myeloid dividing,cDC2,2,2.0,1.3974747474747475,True,True,Deng_Liu_LUAD_2024;UKIM-V-2,1.0,0.6987373737373738,I-II,1,0.4972183840265659,8,0.0,2.0,2,0.4972183840265659,0.2015189897108079
TNF_TNFRSF1B,T cell CD4 dividing,Macrophage,2,2.0,0.5921261223344556,False,True,Deng_Liu_LUAD_2024;UKIM-V-2,1.0,0.2960630611672278,I-II,1,0.07939703244130218,8,0.0947094945677846,3.0,2,0.0947094945677846,0.2013535665994432
TGM2_ADGRG1,Macrophage alveolar,NK cell,2,2.0,0.7798435746352412,True,True,Deng_Liu_LUAD_2024;UKIM-V-2,1.0,0.3899217873176206,I-II,1,0.1890416164302192,7,0.0,4.0,2,0.1890416164302192,0.20088017088740143
