interacting_pair,sender_cell_type,receiver_cell_type,eligible_datasets,supporting_datasets,rank_sum,ligand_deg,receptor_deg,datasets,prevalence,activity,time,cluster,activity_cluster_0,eligible_cluster_0,testable_other_clusters,max_other_activity,specificity
APP_CD74,pDC,cDC1,3,3.0,2.998462682523916,True,True,Chen_Zhang_2020;Deng_Liu_LUAD_2024;Hu_Zhang_2023_NSCLC,1.0,0.9994875608413053,III-IV,1,0.0,1,1,0.0,0.9994875608413053
APP_CD74,Fibroblast peribronchial,DC mature,3,3.0,2.9977362207887097,True,True,Chen_Zhang_2020;Deng_Liu_LUAD_2024;Hu_Zhang_2023_NSCLC,1.0,0.9992454069295699,III-IV,1,0.0,1,1,0.0,0.9992454069295699
APP_CD74,Pericyte,DC mature,2,2.0,1.998073210137221,True,True,Deng_Liu_LUAD_2024;Hu_Zhang_2023_NSCLC,1.0,0.9990366050686105,III-IV,1,0.0,1,1,0.0,0.9990366050686105
APP_CD74,pDC,cDC2,4,4.0,3.996054363447511,True,True,Chen_Zhang_2020;Deng_Liu_LUAD_2024;Hu_Zhang_2023_NSCLC;Zilionis_Klein_2019,1.0,0.9990135908618778,III-IV,1,0.0,3,1,0.0,0.9990135908618778
APP_CD74,pDC,DC mature,3,3.0,2.996295529400029,True,True,Chen_Zhang_2020;Deng_Liu_LUAD_2024;Hu_Zhang_2023_NSCLC,1.0,0.9987651764666764,III-IV,1,0.0,1,1,0.0,0.9987651764666764
APP_CD74,Pericyte,pDC,2,2.0,1.9960615148347336,True,True,Deng_Liu_LUAD_2024;Hu_Zhang_2023_NSCLC,1.0,0.9980307574173668,III-IV,1,0.0,2,1,0.0,0.9980307574173668
APP_CD74,pDC,myeloid dividing,3,3.0,2.99007159068514,True,True,Chen_Zhang_2020;Deng_Liu_LUAD_2024;Hu_Zhang_2023_NSCLC,1.0,0.99669053022838,III-IV,1,0.0,2,1,0.0,0.99669053022838
APP_CD74,pDC,pDC,4,4.0,3.985819043837453,True,True,Chen_Zhang_2020;Deng_Liu_LUAD_2024;Hu_Zhang_2023_NSCLC;Zilionis_Klein_2019,1.0,0.9964547609593633,III-IV,1,0.0,3,1,0.0,0.9964547609593633
APP_CD74,DC mature,cDC1,3,3.0,2.9852794250146504,False,True,Chen_Zhang_2020;Deng_Liu_LUAD_2024;Hu_Zhang_2023_NSCLC,1.0,0.9950931416715502,III-IV,1,0.0,1,1,0.0,0.9950931416715502
APP_CD74,pDC,B cell,4,4.0,3.971971765250131,True,True,Chen_Zhang_2020;Deng_Liu_LUAD_2024;Hu_Zhang_2023_NSCLC;Zilionis_Klein_2019,1.0,0.9929929413125328,III-IV,1,0.0,3,1,0.0,0.9929929413125328
APP_CD74,pDC,Macrophage,4,4.0,3.9715371441317138,True,True,Chen_Zhang_2020;Deng_Liu_LUAD_2024;Hu_Zhang_2023_NSCLC;Zilionis_Klein_2019,1.0,0.9928842860329284,III-IV,1,0.0,3,1,0.0,0.9928842860329284
APP_CD74,myeloid dividing,DC mature,3,3.0,2.9776200630137715,True,True,Chen_Zhang_2020;Deng_Liu_LUAD_2024;Hu_Zhang_2023_NSCLC,1.0,0.9925400210045905,III-IV,1,0.0,1,1,0.0,0.9925400210045905
APP_CD74,Fibroblast peribronchial,pDC,4,4.0,3.9680294527181132,True,True,Chen_Zhang_2020;Deng_Liu_LUAD_2024;Hu_Zhang_2023_NSCLC;Zilionis_Klein_2019,1.0,0.9920073631795283,III-IV,1,0.0,3,1,0.0,0.9920073631795283
APP_CD74,Macrophage,DC mature,3,3.0,2.970190532228046,False,True,Chen_Zhang_2020;Deng_Liu_LUAD_2024;Hu_Zhang_2023_NSCLC,1.0,0.9900635107426821,III-IV,1,0.0,1,1,0.0,0.9900635107426821
APP_CD74,Monocyte classical,DC mature,3,3.0,2.969158987952388,False,True,Chen_Zhang_2020;Deng_Liu_LUAD_2024;Hu_Zhang_2023_NSCLC,1.0,0.989719662650796,III-IV,1,0.0,1,1,0.0,0.989719662650796
APP_CD74,cDC2,DC mature,3,3.0,2.968957055125052,False,True,Chen_Zhang_2020;Deng_Liu_LUAD_2024;Hu_Zhang_2023_NSCLC,1.0,0.9896523517083508,III-IV,1,0.0,1,1,0.0,0.9896523517083508
APP_CD74,DC mature,cDC2,3,3.0,2.9677040515143105,False,True,Chen_Zhang_2020;Deng_Liu_LUAD_2024;Hu_Zhang_2023_NSCLC,1.0,0.9892346838381035,III-IV,1,0.0,1,1,0.0,0.9892346838381035
APP_CD74,DC mature,DC mature,3,3.0,2.9674606749693555,False,True,Chen_Zhang_2020;Deng_Liu_LUAD_2024;Hu_Zhang_2023_NSCLC,1.0,0.9891535583231185,III-IV,1,0.0,1,1,0.0,0.9891535583231185
APP_CD74,cDC1,DC mature,3,3.0,2.9658672066984106,False,True,Chen_Zhang_2020;Deng_Liu_LUAD_2024;Hu_Zhang_2023_NSCLC,1.0,0.9886224022328035,III-IV,1,0.0,1,1,0.0,0.9886224022328035
APP_CD74,Macrophage alveolar,DC mature,3,3.0,2.9656503474945466,False,True,Chen_Zhang_2020;Deng_Liu_LUAD_2024;Hu_Zhang_2023_NSCLC,1.0,0.9885501158315155,III-IV,1,0.0,1,1,0.0,0.9885501158315155
APP_CD74,pDC,Macrophage alveolar,4,4.0,3.9440029052963146,True,True,Chen_Zhang_2020;Deng_Liu_LUAD_2024;Hu_Zhang_2023_NSCLC;Zilionis_Klein_2019,1.0,0.9860007263240786,III-IV,1,0.0,3,1,0.0,0.9860007263240786
CXCL8_CXCR2,Neutrophils,Neutrophils,4,4.0,3.9373519602898406,True,True,Deng_Liu_LUAD_2024;Hu_Zhang_2023_NSCLC;Maynard_Bivona_2020;Zilionis_Klein_2019,1.0,0.9843379900724601,III-IV,1,0.0,3,1,0.0,0.9843379900724601
APP_CD74,myeloid dividing,pDC,3,3.0,2.9529145822183294,True,True,Chen_Zhang_2020;Deng_Liu_LUAD_2024;Hu_Zhang_2023_NSCLC,1.0,0.9843048607394431,III-IV,1,0.0,2,1,0.0,0.9843048607394431
APP_CD74,pDC,Monocyte classical,4,4.0,3.932553568927003,True,True,Chen_Zhang_2020;Deng_Liu_LUAD_2024;Hu_Zhang_2023_NSCLC;Zilionis_Klein_2019,1.0,0.9831383922317507,III-IV,1,0.0,3,1,0.0,0.9831383922317507
APP_CD74,DC mature,pDC,3,3.0,2.9423022580308964,False,True,Chen_Zhang_2020;Deng_Liu_LUAD_2024;Hu_Zhang_2023_NSCLC,1.0,0.9807674193436321,III-IV,1,0.0,1,1,0.0,0.9807674193436321
APP_CD74,cDC1,pDC,3,3.0,2.934503142644949,False,True,Chen_Zhang_2020;Deng_Liu_LUAD_2024;Hu_Zhang_2023_NSCLC,1.0,0.978167714214983,III-IV,1,0.0,1,1,0.0,0.978167714214983
CCL5_CCR1,T cell CD8 terminally exhausted,Neutrophils,2,2.0,1.9554888735040208,True,False,Deng_Liu_LUAD_2024;Hu_Zhang_2023_NSCLC,1.0,0.9777444367520104,III-IV,1,0.0,2,1,0.0,0.9777444367520104
APP_CD74,DC mature,B cell,3,3.0,2.929877131373145,False,True,Chen_Zhang_2020;Deng_Liu_LUAD_2024;Hu_Zhang_2023_NSCLC,1.0,0.9766257104577151,III-IV,1,0.0,1,1,0.0,0.9766257104577151
APP_CD74,DC mature,myeloid dividing,3,3.0,2.9265392773363157,False,True,Chen_Zhang_2020;Deng_Liu_LUAD_2024;Hu_Zhang_2023_NSCLC,1.0,0.9755130924454386,III-IV,1,0.0,1,1,0.0,0.9755130924454386
APP_CD74,Macrophage,pDC,4,4.0,3.8995983657223268,False,True,Chen_Zhang_2020;Deng_Liu_LUAD_2024;Hu_Zhang_2023_NSCLC;Zilionis_Klein_2019,1.0,0.9748995914305817,III-IV,1,0.0,3,1,0.0,0.9748995914305817
APP_CD74,Monocyte classical,pDC,4,4.0,3.8994051604953635,False,True,Chen_Zhang_2020;Deng_Liu_LUAD_2024;Hu_Zhang_2023_NSCLC;Zilionis_Klein_2019,1.0,0.9748512901238409,III-IV,1,0.0,3,1,0.0,0.9748512901238409
APP_CD74,cDC2,pDC,4,4.0,3.893524175878632,False,True,Chen_Zhang_2020;Deng_Liu_LUAD_2024;Hu_Zhang_2023_NSCLC;Zilionis_Klein_2019,1.0,0.973381043969658,III-IV,1,0.0,3,1,0.0,0.973381043969658
APP_CD74,Macrophage alveolar,pDC,4,4.0,3.890771906810402,False,True,Chen_Zhang_2020;Deng_Liu_LUAD_2024;Hu_Zhang_2023_NSCLC;Zilionis_Klein_2019,1.0,0.9726929767026005,III-IV,1,0.0,3,1,0.0,0.9726929767026005
CD44_TYROBP,Mast cell,Neutrophils,4,4.0,3.8867486352136176,True,True,Deng_Liu_LUAD_2024;Hu_Zhang_2023_NSCLC;Maynard_Bivona_2020;Zilionis_Klein_2019,1.0,0.9716871588034044,III-IV,1,0.0,3,1,0.0,0.9716871588034044
CD44_TYROBP,myeloid dividing,Neutrophils,2,2.0,1.9433152205086492,True,True,Deng_Liu_LUAD_2024;Hu_Zhang_2023_NSCLC,1.0,0.9716576102543246,III-IV,1,0.0,2,1,0.0,0.9716576102543246
ANXA1_FPR1,Mast cell,Neutrophils,4,4.0,3.8660844641819927,True,True,Deng_Liu_LUAD_2024;Hu_Zhang_2023_NSCLC;Maynard_Bivona_2020;Zilionis_Klein_2019,1.0,0.9665211160454982,III-IV,1,0.0,3,1,0.0,0.9665211160454982
CCL5_CCR1,T cell CD8 dividing,Neutrophils,2,2.0,1.927775691644638,True,False,Deng_Liu_LUAD_2024;Hu_Zhang_2023_NSCLC,1.0,0.963887845822319,III-IV,1,0.0,2,1,0.0,0.963887845822319
APP_CD74,DC mature,Macrophage,3,3.0,2.881157040315023,False,True,Chen_Zhang_2020;Deng_Liu_LUAD_2024;Hu_Zhang_2023_NSCLC,1.0,0.9603856801050076,III-IV,1,0.0,1,1,0.0,0.9603856801050076
CD44_TYROBP,T cell CD4 dividing,Neutrophils,2,2.0,1.91555401270351,True,True,Deng_Liu_LUAD_2024;Hu_Zhang_2023_NSCLC,1.0,0.957777006351755,III-IV,1,0.0,2,1,0.0,0.957777006351755
COL1A2_integrin_a1b1_complex,Pericyte,T cell CD4 dividing,2,2.0,1.914014850398096,True,False,Deng_Liu_LUAD_2024;Hu_Zhang_2023_NSCLC,1.0,0.957007425199048,III-IV,1,0.0,2,1,0.0,0.957007425199048
COL1A2_integrin_a1b1_complex,Pericyte,T cell CD8 activated,2,2.0,1.9061095681807152,True,False,Deng_Liu_LUAD_2024;Hu_Zhang_2023_NSCLC,1.0,0.9530547840903576,III-IV,1,0.0,1,1,0.0,0.9530547840903576
COL1A2_integrin_a2b1_complex,Pericyte,T cell CD8 dividing,2,2.0,1.9019346704495363,True,False,Deng_Liu_LUAD_2024;Hu_Zhang_2023_NSCLC,1.0,0.9509673352247682,III-IV,1,0.0,3,1,0.0,0.9509673352247682
APP_CD74,pDC,T cell CD8 dividing,3,3.0,2.8519212594757244,True,False,Chen_Zhang_2020;Deng_Liu_LUAD_2024;Hu_Zhang_2023_NSCLC,1.0,0.9506404198252415,III-IV,1,0.0,2,1,0.0,0.9506404198252415
ANXA1_FPR1,myeloid dividing,Neutrophils,2,2.0,1.8822253763597185,True,True,Deng_Liu_LUAD_2024;Hu_Zhang_2023_NSCLC,1.0,0.9411126881798593,III-IV,1,0.0,2,1,0.0,0.9411126881798593
CD44_TYROBP,Monocyte classical,Neutrophils,4,4.0,3.7419606704857102,True,True,Deng_Liu_LUAD_2024;Hu_Zhang_2023_NSCLC;Maynard_Bivona_2020;Zilionis_Klein_2019,1.0,0.9354901676214276,III-IV,1,0.0,3,1,0.0,0.9354901676214276
COL4A2_integrin_a1b1_complex,Pericyte,T cell CD8 activated,2,2.0,1.8708024441967726,True,False,Deng_Liu_LUAD_2024;Hu_Zhang_2023_NSCLC,1.0,0.9354012220983863,III-IV,1,0.0,1,1,0.0,0.9354012220983863
ANXA1_FPR1,T cell CD8 activated,Neutrophils,3,3.0,2.8019880509053596,True,True,Deng_Liu_LUAD_2024;Hu_Zhang_2023_NSCLC;Zilionis_Klein_2019,1.0,0.9339960169684532,III-IV,1,0.0,2,1,0.0,0.9339960169684532
COL1A1_integrin_a1b1_complex,Pericyte,T cell CD4 dividing,2,2.0,1.8653465053601992,True,False,Deng_Liu_LUAD_2024;Hu_Zhang_2023_NSCLC,1.0,0.9326732526800996,III-IV,1,0.0,2,1,0.0,0.9326732526800996
CD44_TYROBP,Neutrophils,myeloid dividing,2,2.0,1.8624778277278953,False,True,Deng_Liu_LUAD_2024;Hu_Zhang_2023_NSCLC,1.0,0.9312389138639476,III-IV,1,0.0,2,1,0.0,0.9312389138639476
COL4A2_integrin_a1b1_complex,Pericyte,T cell CD4 dividing,2,2.0,1.8624755309443333,True,False,Deng_Liu_LUAD_2024;Hu_Zhang_2023_NSCLC,1.0,0.9312377654721666,III-IV,1,0.0,2,1,0.0,0.9312377654721666
APP_CD74,pDC,T cell CD8 terminally exhausted,3,3.0,2.7894196601224497,True,False,Chen_Zhang_2020;Deng_Liu_LUAD_2024;Hu_Zhang_2023_NSCLC,1.0,0.9298065533741499,III-IV,1,0.0,2,1,0.0,0.9298065533741499
COL3A1_integrin_a1b1_complex,Pericyte,T cell CD4 dividing,2,2.0,1.8572954529387133,True,False,Deng_Liu_LUAD_2024;Hu_Zhang_2023_NSCLC,1.0,0.9286477264693567,III-IV,1,0.0,2,1,0.0,0.9286477264693567
CD44_TYROBP,DC mature,Macrophage,3,3.0,2.7858057640856266,False,True,Chen_Zhang_2020;Deng_Liu_LUAD_2024;Hu_Zhang_2023_NSCLC,1.0,0.9286019213618756,III-IV,1,0.0,1,1,0.0,0.9286019213618756
APP_CD74,pDC,T cell CD4 dividing,3,3.0,2.7797095300658063,True,False,Chen_Zhang_2020;Deng_Liu_LUAD_2024;Hu_Zhang_2023_NSCLC,1.0,0.9265698433552688,III-IV,1,0.0,2,1,0.0,0.9265698433552688
COL3A1_integrin_a1b1_complex,Pericyte,T cell CD8 activated,2,2.0,1.8527626196218772,True,False,Deng_Liu_LUAD_2024;Hu_Zhang_2023_NSCLC,1.0,0.9263813098109386,III-IV,1,0.0,1,1,0.0,0.9263813098109386
PLAU_PLAUR,myeloid dividing,Neutrophils,2,2.0,1.8525400330885922,True,True,Deng_Liu_LUAD_2024;Hu_Zhang_2023_NSCLC,1.0,0.9262700165442961,III-IV,1,0.0,2,1,0.0,0.9262700165442961
CD44_TYROBP,DC mature,cDC2,3,3.0,2.7784106099236845,False,True,Chen_Zhang_2020;Deng_Liu_LUAD_2024;Hu_Zhang_2023_NSCLC,1.0,0.9261368699745615,III-IV,1,0.0,1,1,0.0,0.9261368699745615
COL4A2_integrin_a2b1_complex,Pericyte,T cell CD8 dividing,2,2.0,1.85141277574574,True,False,Deng_Liu_LUAD_2024;Hu_Zhang_2023_NSCLC,1.0,0.92570638787287,III-IV,1,0.0,3,1,0.0,0.92570638787287
COL1A1_integrin_a1b1_complex,Pericyte,T cell CD8 activated,2,2.0,1.850143717201956,True,False,Deng_Liu_LUAD_2024;Hu_Zhang_2023_NSCLC,1.0,0.925071858600978,III-IV,1,0.0,1,1,0.0,0.925071858600978
COL1A1_integrin_a2b1_complex,Pericyte,T cell CD8 dividing,2,2.0,1.8479673636726488,True,False,Deng_Liu_LUAD_2024;Hu_Zhang_2023_NSCLC,1.0,0.9239836818363244,III-IV,1,0.0,3,1,0.0,0.9239836818363244
COL4A1_integrin_a1b1_complex,Pericyte,T cell CD8 activated,2,2.0,1.8462941921052738,True,False,Deng_Liu_LUAD_2024;Hu_Zhang_2023_NSCLC,1.0,0.9231470960526369,III-IV,1,0.0,1,1,0.0,0.9231470960526369
COL3A1_integrin_a2b1_complex,Pericyte,T cell CD8 dividing,2,2.0,1.844193843979372,True,False,Deng_Liu_LUAD_2024;Hu_Zhang_2023_NSCLC,1.0,0.922096921989686,III-IV,1,0.0,3,1,0.0,0.922096921989686
CD44_TYROBP,DC mature,Monocyte classical,3,3.0,2.765666180775627,False,True,Chen_Zhang_2020;Deng_Liu_LUAD_2024;Hu_Zhang_2023_NSCLC,1.0,0.921888726925209,III-IV,1,0.0,1,1,0.0,0.921888726925209
THY1_ADGRE5,Pericyte,pDC,2,2.0,1.841199074944229,True,True,Deng_Liu_LUAD_2024;Hu_Zhang_2023_NSCLC,1.0,0.9205995374721145,III-IV,1,0.0,2,1,0.0,0.9205995374721145
PPIA_BSG,cDC2,Pericyte,2,2.0,1.8408697484169771,True,True,Deng_Liu_LUAD_2024;Hu_Zhang_2023_NSCLC,1.0,0.9204348742084886,III-IV,1,0.0,3,1,0.0,0.9204348742084886
COL4A1_integrin_a1b1_complex,Pericyte,T cell CD4 dividing,2,2.0,1.8347757872835113,True,False,Deng_Liu_LUAD_2024;Hu_Zhang_2023_NSCLC,1.0,0.9173878936417557,III-IV,1,0.0,2,1,0.0,0.9173878936417557
PLAU_PLAUR,Fibroblast peribronchial,Neutrophils,3,3.0,2.748266829885568,True,True,Deng_Liu_LUAD_2024;Hu_Zhang_2023_NSCLC;Zilionis_Klein_2019,1.0,0.9160889432951893,III-IV,1,0.0,3,1,0.0,0.9160889432951893
ANXA1_FPR1,T cell CD4,Neutrophils,4,4.0,3.660457307625959,True,True,Deng_Liu_LUAD_2024;Hu_Zhang_2023_NSCLC;Maynard_Bivona_2020;Zilionis_Klein_2019,1.0,0.9151143269064898,III-IV,1,0.0,3,1,0.0,0.9151143269064898
FN1_integrin_a4b1_complex,Pericyte,DC mature,2,2.0,1.8276337524352202,True,False,Deng_Liu_LUAD_2024;Hu_Zhang_2023_NSCLC,1.0,0.9138168762176101,III-IV,1,0.0,1,1,0.0,0.9138168762176101
CD44_TYROBP,Mast cell,DC mature,3,3.0,2.739130136431888,True,True,Chen_Zhang_2020;Deng_Liu_LUAD_2024;Hu_Zhang_2023_NSCLC,1.0,0.9130433788106292,III-IV,1,0.0,1,1,0.0,0.9130433788106292
COL4A1_integrin_a2b1_complex,Pericyte,T cell CD8 dividing,2,2.0,1.8231444270491073,True,False,Deng_Liu_LUAD_2024;Hu_Zhang_2023_NSCLC,1.0,0.9115722135245536,III-IV,1,0.0,3,1,0.0,0.9115722135245536
CD44_TYROBP,Macrophage,Neutrophils,4,4.0,3.6332552026099316,True,True,Deng_Liu_LUAD_2024;Hu_Zhang_2023_NSCLC;Maynard_Bivona_2020;Zilionis_Klein_2019,1.0,0.9083138006524829,III-IV,1,0.0,3,1,0.0,0.9083138006524829
CD44_TYROBP,DC mature,myeloid dividing,3,3.0,2.723540197484093,False,True,Chen_Zhang_2020;Deng_Liu_LUAD_2024;Hu_Zhang_2023_NSCLC,1.0,0.9078467324946976,III-IV,1,0.0,1,1,0.0,0.9078467324946976
THY1_ADGRE5,Pericyte,Neutrophils,2,2.0,1.8108249031135097,True,False,Deng_Liu_LUAD_2024;Hu_Zhang_2023_NSCLC,1.0,0.9054124515567549,III-IV,1,0.0,2,1,0.0,0.9054124515567549
CD44_TYROBP,Pericyte,pDC,2,2.0,1.8064317102078067,False,True,Deng_Liu_LUAD_2024;Hu_Zhang_2023_NSCLC,1.0,0.9032158551039033,III-IV,1,0.0,2,1,0.0,0.9032158551039033
ANXA1_FPR1,T cell CD8 effector memory,Neutrophils,4,4.0,3.6113879065483263,False,True,Deng_Liu_LUAD_2024;Hu_Zhang_2023_NSCLC;Maynard_Bivona_2020;Zilionis_Klein_2019,1.0,0.9028469766370816,III-IV,1,0.0,3,1,0.0,0.9028469766370816
CD44_TYROBP,Pericyte,DC mature,2,2.0,1.805289916642673,False,True,Deng_Liu_LUAD_2024;Hu_Zhang_2023_NSCLC,1.0,0.9026449583213365,III-IV,1,0.0,1,1,0.0,0.9026449583213365
PLAU_PLAUR,Macrophage,Neutrophils,4,4.0,3.596633490703643,True,True,Deng_Liu_LUAD_2024;Hu_Zhang_2023_NSCLC;Maynard_Bivona_2020;Zilionis_Klein_2019,1.0,0.8991583726759107,III-IV,1,0.0,3,1,0.0,0.8991583726759107
CCL19_CCR7,DC mature,DC mature,3,3.0,2.697036464160224,True,True,Chen_Zhang_2020;Deng_Liu_LUAD_2024;Hu_Zhang_2023_NSCLC,1.0,0.8990121547200746,III-IV,1,0.0,1,1,0.0,0.8990121547200746
CD44_TYROBP,cDC2,Neutrophils,4,4.0,3.591822959759085,True,True,Deng_Liu_LUAD_2024;Hu_Zhang_2023_NSCLC;Maynard_Bivona_2020;Zilionis_Klein_2019,1.0,0.8979557399397713,III-IV,1,0.0,3,1,0.0,0.8979557399397713
CXCL8_CXCR2,Monocyte classical,Neutrophils,4,4.0,3.5894649611605813,True,True,Deng_Liu_LUAD_2024;Hu_Zhang_2023_NSCLC;Maynard_Bivona_2020;Zilionis_Klein_2019,1.0,0.8973662402901453,III-IV,1,0.0,3,1,0.0,0.8973662402901453
SEMA4D_PTPRC,Neutrophils,T cell CD4 dividing,2,2.0,1.790702616111022,False,True,Deng_Liu_LUAD_2024;Hu_Zhang_2023_NSCLC,1.0,0.895351308055511,III-IV,1,0.0,2,1,0.0,0.895351308055511
CD44_TYROBP,Monocyte classical,DC mature,3,3.0,2.684766289160609,True,True,Chen_Zhang_2020;Deng_Liu_LUAD_2024;Hu_Zhang_2023_NSCLC,1.0,0.8949220963868697,III-IV,1,0.0,1,1,0.0,0.8949220963868697
CD44_TYROBP,DC mature,Macrophage alveolar,3,3.0,2.6797273377748607,False,True,Chen_Zhang_2020;Deng_Liu_LUAD_2024;Hu_Zhang_2023_NSCLC,1.0,0.8932424459249536,III-IV,1,0.0,1,1,0.0,0.8932424459249536
APP_CD74,Pericyte,Plasma cell,2,2.0,1.786473557604309,True,False,Deng_Liu_LUAD_2024;Hu_Zhang_2023_NSCLC,1.0,0.8932367788021545,III-IV,1,0.0,3,1,0.0,0.8932367788021545
CD44_TYROBP,Neutrophils,DC mature,2,2.0,1.78244628865867,False,True,Deng_Liu_LUAD_2024;Hu_Zhang_2023_NSCLC,1.0,0.891223144329335,III-IV,1,0.0,1,1,0.0,0.891223144329335
PLAUR_integrin_a4b1_complex,Neutrophils,T cell CD4 dividing,2,2.0,1.7816513597794796,True,False,Deng_Liu_LUAD_2024;Hu_Zhang_2023_NSCLC,1.0,0.8908256798897398,III-IV,1,0.0,2,1,0.0,0.8908256798897398
SEMA4D_PTPRC,Neutrophils,T cell CD8 dividing,2,2.0,1.780040669791246,False,True,Deng_Liu_LUAD_2024;Hu_Zhang_2023_NSCLC,1.0,0.890020334895623,III-IV,1,0.0,2,1,0.0,0.890020334895623
PLAUR_integrin_a4b1_complex,Neutrophils,DC mature,2,2.0,1.777815202366074,True,False,Deng_Liu_LUAD_2024;Hu_Zhang_2023_NSCLC,1.0,0.888907601183037,III-IV,1,0.0,1,1,0.0,0.888907601183037
CD44_TYROBP,T cell CD8 activated,DC mature,3,3.0,2.6653867392565003,False,True,Chen_Zhang_2020;Deng_Liu_LUAD_2024;Hu_Zhang_2023_NSCLC,1.0,0.8884622464188334,III-IV,1,0.0,1,1,0.0,0.8884622464188334
CD44_TYROBP,pDC,myeloid dividing,3,3.0,2.662721513409259,False,True,Chen_Zhang_2020;Deng_Liu_LUAD_2024;Hu_Zhang_2023_NSCLC,1.0,0.8875738378030863,III-IV,1,0.0,2,1,0.0,0.8875738378030863
FN1_integrin_a4b1_complex,Pericyte,pDC,2,2.0,1.772957510168959,True,False,Deng_Liu_LUAD_2024;Hu_Zhang_2023_NSCLC,1.0,0.8864787550844795,III-IV,1,0.0,2,1,0.0,0.8864787550844795
ANXA1_FPR1,cDC2,Neutrophils,4,4.0,3.5343799707257997,True,True,Deng_Liu_LUAD_2024;Hu_Zhang_2023_NSCLC;Maynard_Bivona_2020;Zilionis_Klein_2019,1.0,0.8835949926814499,III-IV,1,0.0,3,1,0.0,0.8835949926814499
CD44_TYROBP,T cell CD4,DC mature,3,3.0,2.637367955103775,False,True,Chen_Zhang_2020;Deng_Liu_LUAD_2024;Hu_Zhang_2023_NSCLC,1.0,0.8791226517012584,III-IV,1,0.0,1,1,0.0,0.8791226517012584
THY1_integrin_aXb2_complex,Pericyte,Neutrophils,2,2.0,1.7518270762132624,True,False,Deng_Liu_LUAD_2024;Hu_Zhang_2023_NSCLC,1.0,0.8759135381066312,III-IV,1,0.0,2,1,0.0,0.8759135381066312
CD44_TYROBP,T cell CD8 effector memory,DC mature,3,3.0,2.6248764954650072,False,True,Chen_Zhang_2020;Deng_Liu_LUAD_2024;Hu_Zhang_2023_NSCLC,1.0,0.8749588318216691,III-IV,1,0.0,1,1,0.0,0.8749588318216691
PLAUR_integrin_a4b1_complex,Neutrophils,T cell CD8 terminally exhausted,2,2.0,1.7498290407288024,True,False,Deng_Liu_LUAD_2024;Hu_Zhang_2023_NSCLC,1.0,0.8749145203644012,III-IV,1,0.0,2,1,0.0,0.8749145203644012
FN1_integrin_aVb1_complex,Pericyte,Mast cell,2,2.0,1.7497142619923682,True,False,Deng_Liu_LUAD_2024;Hu_Zhang_2023_NSCLC,1.0,0.8748571309961841,III-IV,1,0.0,3,1,0.0,0.8748571309961841
CXCL8_CXCR2,myeloid dividing,Neutrophils,2,2.0,1.748729359899114,True,True,Deng_Liu_LUAD_2024;Hu_Zhang_2023_NSCLC,1.0,0.874364679949557,III-IV,1,0.0,2,1,0.0,0.874364679949557
CD44_TYROBP,T cell regulatory,DC mature,3,3.0,2.62125210185998,False,True,Chen_Zhang_2020;Deng_Liu_LUAD_2024;Hu_Zhang_2023_NSCLC,1.0,0.8737507006199934,III-IV,1,0.0,1,1,0.0,0.8737507006199934
CXCL12_CXCR4,Fibroblast peribronchial,pDC,4,4.0,3.492244240946423,True,True,Chen_Zhang_2020;Deng_Liu_LUAD_2024;Hu_Zhang_2023_NSCLC;Zilionis_Klein_2019,1.0,0.8730610602366058,III-IV,1,0.0,3,1,0.0,0.8730610602366058
ANXA1_FPR1,T cell CD8 dividing,Neutrophils,2,2.0,1.7454152875807734,False,True,Deng_Liu_LUAD_2024;Hu_Zhang_2023_NSCLC,1.0,0.8727076437903867,III-IV,1,0.0,2,1,0.0,0.8727076437903867
CD58_CD2,Neutrophils,T cell CD8 terminally exhausted,2,2.0,1.7445130999165925,False,True,Deng_Liu_LUAD_2024;Hu_Zhang_2023_NSCLC,1.0,0.8722565499582963,III-IV,1,0.0,2,1,0.0,0.8722565499582963
CD44_TYROBP,Plasma cell,myeloid dividing,3,3.0,2.6146120218711846,False,True,Chen_Zhang_2020;Deng_Liu_LUAD_2024;Hu_Zhang_2023_NSCLC,1.0,0.8715373406237282,III-IV,1,0.0,4,1,0.0,0.8715373406237282
HLA-E_VSIR,Neutrophils,cDC1,2,2.0,1.7415536086710752,False,True,Deng_Liu_LUAD_2024;Hu_Zhang_2023_NSCLC,1.0,0.8707768043355376,III-IV,1,0.0,1,1,0.0,0.8707768043355376
PLAUR_integrin_a4b1_complex,Neutrophils,T cell CD8 dividing,2,2.0,1.7409801028229706,True,False,Deng_Liu_LUAD_2024;Hu_Zhang_2023_NSCLC,1.0,0.8704900514114853,III-IV,1,0.0,2,1,0.0,0.8704900514114853
ANXA1_FPR1,Monocyte classical,Neutrophils,4,4.0,3.4784870076836745,True,True,Deng_Liu_LUAD_2024;Hu_Zhang_2023_NSCLC;Maynard_Bivona_2020;Zilionis_Klein_2019,1.0,0.8696217519209186,III-IV,1,0.0,3,1,0.0,0.8696217519209186
PLAUR_integrin_a4b1_complex,Neutrophils,myeloid dividing,2,2.0,1.7373000360292812,True,False,Deng_Liu_LUAD_2024;Hu_Zhang_2023_NSCLC,1.0,0.8686500180146406,III-IV,1,0.0,2,1,0.0,0.8686500180146406
CD44_TYROBP,pDC,Macrophage,4,4.0,3.472014955594958,False,True,Chen_Zhang_2020;Deng_Liu_LUAD_2024;Hu_Zhang_2023_NSCLC;Zilionis_Klein_2019,1.0,0.8680037388987395,III-IV,1,0.0,3,1,0.0,0.8680037388987395
FN1_integrin_a4b7_complex,Pericyte,T cell CD4,2,2.0,1.733575801483275,True,False,Deng_Liu_LUAD_2024;Hu_Zhang_2023_NSCLC,1.0,0.8667879007416375,III-IV,1,0.0,3,1,0.0,0.8667879007416375
PLAUR_integrin_a4b1_complex,Neutrophils,Pericyte,2,2.0,1.7316268647842619,True,False,Deng_Liu_LUAD_2024;Hu_Zhang_2023_NSCLC,1.0,0.8658134323921309,III-IV,1,0.0,2,1,0.0,0.8658134323921309
FN1_integrin_a2b1_complex,Pericyte,T cell CD8 dividing,2,2.0,1.7312568005696185,True,False,Deng_Liu_LUAD_2024;Hu_Zhang_2023_NSCLC,1.0,0.8656284002848093,III-IV,1,0.0,3,1,0.0,0.8656284002848093
ANXA1_FPR1,Macrophage,Neutrophils,4,4.0,3.462400410776188,True,True,Deng_Liu_LUAD_2024;Hu_Zhang_2023_NSCLC;Maynard_Bivona_2020;Zilionis_Klein_2019,1.0,0.865600102694047,III-IV,1,0.0,3,1,0.0,0.865600102694047
CD44_TYROBP,Macrophage,DC mature,3,3.0,2.5963143332073466,True,True,Chen_Zhang_2020;Deng_Liu_LUAD_2024;Hu_Zhang_2023_NSCLC,1.0,0.8654381110691155,III-IV,1,0.0,1,1,0.0,0.8654381110691155
COL18A1_integrin_a1b1_complex,Pericyte,T cell CD8 activated,2,2.0,1.7298600942499238,True,False,Deng_Liu_LUAD_2024;Hu_Zhang_2023_NSCLC,1.0,0.8649300471249619,III-IV,1,0.0,1,1,0.0,0.8649300471249619
CD44_TYROBP,Neutrophils,Macrophage,4,4.0,3.457738957547095,False,True,Deng_Liu_LUAD_2024;Hu_Zhang_2023_NSCLC;Maynard_Bivona_2020;Zilionis_Klein_2019,1.0,0.8644347393867737,III-IV,1,0.0,3,1,0.0,0.8644347393867737
PLAUR_integrin_a4b1_complex,Neutrophils,cDC1,2,2.0,1.726972271717796,True,False,Deng_Liu_LUAD_2024;Hu_Zhang_2023_NSCLC,1.0,0.863486135858898,III-IV,1,0.0,1,1,0.0,0.863486135858898
SEMA4D_PTPRC,T cell CD8 dividing,Neutrophils,2,2.0,1.7258220515761284,True,False,Deng_Liu_LUAD_2024;Hu_Zhang_2023_NSCLC,1.0,0.8629110257880642,III-IV,1,0.0,2,1,0.0,0.8629110257880642
FN1_integrin_a4b7_complex,Pericyte,T cell CD8 activated,2,2.0,1.725133369083911,True,False,Deng_Liu_LUAD_2024;Hu_Zhang_2023_NSCLC,1.0,0.8625666845419555,III-IV,1,0.0,1,1,0.0,0.8625666845419555
FN1_integrin_a8b1_complex,Pericyte,Plasma cell,2,2.0,1.7248266326318265,True,False,Deng_Liu_LUAD_2024;Hu_Zhang_2023_NSCLC,1.0,0.8624133163159132,III-IV,1,0.0,3,1,0.0,0.8624133163159132
CXCL14_CXCR4,Fibroblast peribronchial,pDC,4,4.0,3.447016299221137,True,True,Chen_Zhang_2020;Deng_Liu_LUAD_2024;Hu_Zhang_2023_NSCLC;Zilionis_Klein_2019,1.0,0.8617540748052842,III-IV,1,0.0,3,1,0.0,0.8617540748052842
SEMA7A_integrin_a1b1_complex,pDC,Pericyte,2,2.0,1.7233369468723136,True,False,Deng_Liu_LUAD_2024;Hu_Zhang_2023_NSCLC,1.0,0.8616684734361568,III-IV,1,0.0,2,1,0.0,0.8616684734361568
CXCL8_CXCR2,Macrophage,Neutrophils,4,4.0,3.4464800182475663,True,True,Deng_Liu_LUAD_2024;Hu_Zhang_2023_NSCLC;Maynard_Bivona_2020;Zilionis_Klein_2019,1.0,0.8616200045618916,III-IV,1,0.0,3,1,0.0,0.8616200045618916
CD44_TYROBP,myeloid dividing,DC mature,3,3.0,2.5832031388096324,True,True,Chen_Zhang_2020;Deng_Liu_LUAD_2024;Hu_Zhang_2023_NSCLC,1.0,0.8610677129365442,III-IV,1,0.0,1,1,0.0,0.8610677129365442
HLA-E_CD94:NKG2A,Neutrophils,T cell CD8 dividing,2,2.0,1.7220004052009736,False,False,Deng_Liu_LUAD_2024;Hu_Zhang_2023_NSCLC,1.0,0.8610002026004868,III-IV,1,0.0,2,1,0.0,0.8610002026004868
FN1_integrin_a4b7_complex,Pericyte,Mast cell,2,2.0,1.7198229788319763,True,False,Deng_Liu_LUAD_2024;Hu_Zhang_2023_NSCLC,1.0,0.8599114894159882,III-IV,1,0.0,3,1,0.0,0.8599114894159882
COL6A2_integrin_a1b1_complex,Pericyte,T cell CD8 activated,2,2.0,1.7180806619910467,True,False,Deng_Liu_LUAD_2024;Hu_Zhang_2023_NSCLC,1.0,0.8590403309955233,III-IV,1,0.0,1,1,0.0,0.8590403309955233
THY1_ADGRE5,Pericyte,Plasma cell,2,2.0,1.7173210058646755,True,False,Deng_Liu_LUAD_2024;Hu_Zhang_2023_NSCLC,1.0,0.8586605029323378,III-IV,1,0.0,3,1,0.0,0.8586605029323378
THY1_ADGRE5,Pericyte,DC mature,2,2.0,1.715656371683568,True,False,Deng_Liu_LUAD_2024;Hu_Zhang_2023_NSCLC,1.0,0.857828185841784,III-IV,1,0.0,1,1,0.0,0.857828185841784
FN1_integrin_a5b1_complex,Pericyte,T cell CD8 effector memory,2,2.0,1.715064033217615,True,False,Deng_Liu_LUAD_2024;Hu_Zhang_2023_NSCLC,1.0,0.8575320166088075,III-IV,1,0.0,3,1,0.0,0.8575320166088075
THY1_ADGRE2,Pericyte,Neutrophils,2,2.0,1.7145977357864406,True,False,Deng_Liu_LUAD_2024;Hu_Zhang_2023_NSCLC,1.0,0.8572988678932203,III-IV,1,0.0,2,1,0.0,0.8572988678932203
FN1_integrin_a4b7_complex,Pericyte,Macrophage,2,2.0,1.7142935983262815,True,False,Deng_Liu_LUAD_2024;Hu_Zhang_2023_NSCLC,1.0,0.8571467991631407,III-IV,1,0.0,3,1,0.0,0.8571467991631407
FN1_integrin_a4b1_complex,Pericyte,Plasma cell,2,2.0,1.7141195111985223,True,False,Deng_Liu_LUAD_2024;Hu_Zhang_2023_NSCLC,1.0,0.8570597555992612,III-IV,1,0.0,3,1,0.0,0.8570597555992612
CD44_TYROBP,T cell CD8 terminally exhausted,DC mature,3,3.0,2.570978782068437,False,True,Chen_Zhang_2020;Deng_Liu_LUAD_2024;Hu_Zhang_2023_NSCLC,1.0,0.8569929273561456,III-IV,1,0.0,1,1,0.0,0.8569929273561456
FN1_integrin_a5b1_complex,Pericyte,DC mature,2,2.0,1.7123951153135444,True,False,Deng_Liu_LUAD_2024;Hu_Zhang_2023_NSCLC,1.0,0.8561975576567722,III-IV,1,0.0,1,1,0.0,0.8561975576567722
ANXA1_FPR1,T cell CD8 terminally exhausted,Neutrophils,2,2.0,1.7072594115692898,False,True,Deng_Liu_LUAD_2024;Hu_Zhang_2023_NSCLC,1.0,0.8536297057846449,III-IV,1,0.0,2,1,0.0,0.8536297057846449
HLA-E_VSIR,Neutrophils,myeloid dividing,2,2.0,1.7071355212506978,False,True,Deng_Liu_LUAD_2024;Hu_Zhang_2023_NSCLC,1.0,0.8535677606253489,III-IV,1,0.0,2,1,0.0,0.8535677606253489
HLA-E_CD94:NKG2A,Neutrophils,T cell CD8 terminally exhausted,2,2.0,1.7047710681991801,False,False,Deng_Liu_LUAD_2024;Hu_Zhang_2023_NSCLC,1.0,0.8523855340995901,III-IV,1,0.0,2,1,0.0,0.8523855340995901
PLAU_PLAUR,Neutrophils,Neutrophils,4,4.0,3.40953225607728,False,True,Deng_Liu_LUAD_2024;Hu_Zhang_2023_NSCLC;Maynard_Bivona_2020;Zilionis_Klein_2019,1.0,0.85238306401932,III-IV,1,0.0,3,1,0.0,0.85238306401932
FN1_integrin_a4b7_complex,Pericyte,Plasma cell,2,2.0,1.7040252985471092,True,False,Deng_Liu_LUAD_2024;Hu_Zhang_2023_NSCLC,1.0,0.8520126492735546,III-IV,1,0.0,3,1,0.0,0.8520126492735546
FN1_integrin_a4b7_complex,Pericyte,Monocyte classical,2,2.0,1.7028972403520937,True,False,Deng_Liu_LUAD_2024;Hu_Zhang_2023_NSCLC,1.0,0.8514486201760468,III-IV,1,0.0,3,1,0.0,0.8514486201760468
FN1_integrin_a4b1_complex,Pericyte,Fibroblast peribronchial,2,2.0,1.7004601716676477,True,False,Deng_Liu_LUAD_2024;Hu_Zhang_2023_NSCLC,1.0,0.8502300858338239,III-IV,1,0.0,3,1,0.0,0.8502300858338239
FN1_integrin_a4b7_complex,Pericyte,pDC,2,2.0,1.700221462318173,True,False,Deng_Liu_LUAD_2024;Hu_Zhang_2023_NSCLC,1.0,0.8501107311590865,III-IV,1,0.0,2,1,0.0,0.8501107311590865
ANXA1_FPR1,Fibroblast peribronchial,Neutrophils,3,3.0,2.5502838730998034,False,True,Deng_Liu_LUAD_2024;Hu_Zhang_2023_NSCLC;Zilionis_Klein_2019,1.0,0.8500946243666011,III-IV,1,0.0,3,1,0.0,0.8500946243666011
CD44_TYROBP,Plasma cell,Macrophage,5,5.0,4.2502997364339485,False,True,Chen_Zhang_2020;Deng_Liu_LUAD_2024;Hu_Zhang_2023_NSCLC;Lambrechts_Thienpont_2018_6653;Zilionis_Klein_2019,1.0,0.8500599472867897,III-IV,1,0.0,5,1,0.0,0.8500599472867897
ANXA1_FPR1,cDC1,Neutrophils,2,2.0,1.6996854454175532,False,True,Deng_Liu_LUAD_2024;Hu_Zhang_2023_NSCLC,1.0,0.8498427227087766,III-IV,1,0.0,1,1,0.0,0.8498427227087766
CD44_TYROBP,Neutrophils,Macrophage alveolar,3,3.0,2.548003108383466,False,True,Deng_Liu_LUAD_2024;Hu_Zhang_2023_NSCLC;Zilionis_Klein_2019,1.0,0.8493343694611554,III-IV,1,0.0,3,1,0.0,0.8493343694611554
COL24A1_integrin_a1b1_complex,pDC,Pericyte,2,2.0,1.6981772645061979,True,False,Deng_Liu_LUAD_2024;Hu_Zhang_2023_NSCLC,1.0,0.8490886322530989,III-IV,1,0.0,2,1,0.0,0.8490886322530989
HLA-E_CD94:NKG2C,Neutrophils,T cell CD8 dividing,2,2.0,1.696747159125537,False,False,Deng_Liu_LUAD_2024;Hu_Zhang_2023_NSCLC,1.0,0.8483735795627685,III-IV,1,0.0,2,1,0.0,0.8483735795627685
CD44_TYROBP,myeloid dividing,pDC,3,3.0,2.5433200188560603,True,True,Chen_Zhang_2020;Deng_Liu_LUAD_2024;Hu_Zhang_2023_NSCLC,1.0,0.8477733396186867,III-IV,1,0.0,2,1,0.0,0.8477733396186867
CD44_TYROBP,Macrophage alveolar,DC mature,3,3.0,2.540713617548306,True,True,Chen_Zhang_2020;Deng_Liu_LUAD_2024;Hu_Zhang_2023_NSCLC,1.0,0.8469045391827686,III-IV,1,0.0,1,1,0.0,0.8469045391827686
CD44_TYROBP,cDC2,DC mature,3,3.0,2.5395224436435164,True,True,Chen_Zhang_2020;Deng_Liu_LUAD_2024;Hu_Zhang_2023_NSCLC,1.0,0.8465074812145055,III-IV,1,0.0,1,1,0.0,0.8465074812145055
ANXA1_FPR1,NK cell,Neutrophils,3,3.0,2.537522223674307,False,True,Deng_Liu_LUAD_2024;Hu_Zhang_2023_NSCLC;Zilionis_Klein_2019,1.0,0.845840741224769,III-IV,1,0.0,3,1,0.0,0.845840741224769
ANXA1_FPR1,Macrophage alveolar,Neutrophils,3,3.0,2.537028188263769,True,True,Deng_Liu_LUAD_2024;Hu_Zhang_2023_NSCLC;Zilionis_Klein_2019,1.0,0.8456760627545896,III-IV,1,0.0,3,1,0.0,0.8456760627545896
COL18A1_integrin_a1b1_complex,Pericyte,T cell CD4 dividing,2,2.0,1.6887017277796113,True,False,Deng_Liu_LUAD_2024;Hu_Zhang_2023_NSCLC,1.0,0.8443508638898056,III-IV,1,0.0,2,1,0.0,0.8443508638898056
CD58_CD2,Neutrophils,T cell CD4 dividing,2,2.0,1.687790287502703,False,True,Deng_Liu_LUAD_2024;Hu_Zhang_2023_NSCLC,1.0,0.8438951437513516,III-IV,1,0.0,2,1,0.0,0.8438951437513516
APP_CD74,Pericyte,Neutrophils,2,2.0,1.6856606856072198,True,False,Deng_Liu_LUAD_2024;Hu_Zhang_2023_NSCLC,1.0,0.8428303428036099,III-IV,1,0.0,2,1,0.0,0.8428303428036099
HLA-E_VSIR,cDC1,Neutrophils,2,2.0,1.6826161428546187,True,False,Deng_Liu_LUAD_2024;Hu_Zhang_2023_NSCLC,1.0,0.8413080714273093,III-IV,1,0.0,1,1,0.0,0.8413080714273093
ANXA1_FPR2,myeloid dividing,Neutrophils,2,2.0,1.6809210561440886,True,True,Deng_Liu_LUAD_2024;Hu_Zhang_2023_NSCLC,1.0,0.8404605280720443,III-IV,1,0.0,2,1,0.0,0.8404605280720443
COL18A1_integrin_a2b1_complex,Pericyte,T cell CD8 dividing,2,2.0,1.6788762337681622,True,False,Deng_Liu_LUAD_2024;Hu_Zhang_2023_NSCLC,1.0,0.8394381168840811,III-IV,1,0.0,3,1,0.0,0.8394381168840811
PLAU_PLAUR,Monocyte classical,Neutrophils,4,4.0,3.3549334310412573,False,True,Deng_Liu_LUAD_2024;Hu_Zhang_2023_NSCLC;Maynard_Bivona_2020;Zilionis_Klein_2019,1.0,0.8387333577603143,III-IV,1,0.0,3,1,0.0,0.8387333577603143
ANXA1_FPR1,T cell CD4 dividing,Neutrophils,2,2.0,1.6769467794349788,False,True,Deng_Liu_LUAD_2024;Hu_Zhang_2023_NSCLC,1.0,0.8384733897174894,III-IV,1,0.0,2,1,0.0,0.8384733897174894
COL6A2_integrin_a1b1_complex,Pericyte,T cell CD4 dividing,2,2.0,1.676022651443612,True,False,Deng_Liu_LUAD_2024;Hu_Zhang_2023_NSCLC,1.0,0.838011325721806,III-IV,1,0.0,2,1,0.0,0.838011325721806
CD44_TYROBP,T cell CD8 dividing,DC mature,3,3.0,2.5110478173381474,False,True,Chen_Zhang_2020;Deng_Liu_LUAD_2024;Hu_Zhang_2023_NSCLC,1.0,0.8370159391127158,III-IV,1,0.0,1,1,0.0,0.8370159391127158
PLAU_PLAUR,Pericyte,Neutrophils,2,2.0,1.6739118066138863,False,True,Deng_Liu_LUAD_2024;Hu_Zhang_2023_NSCLC,1.0,0.8369559033069431,III-IV,1,0.0,2,1,0.0,0.8369559033069431
CD44_TYROBP,Plasma cell,Monocyte classical,5,5.0,4.182659847878169,False,True,Chen_Zhang_2020;Deng_Liu_LUAD_2024;Hu_Zhang_2023_NSCLC;Lambrechts_Thienpont_2018_6653;Zilionis_Klein_2019,1.0,0.8365319695756337,III-IV,1,0.0,5,1,0.0,0.8365319695756337
BST2_LILRA4,Pericyte,pDC,2,2.0,1.6700932931320993,True,True,Deng_Liu_LUAD_2024;Hu_Zhang_2023_NSCLC,1.0,0.8350466465660497,III-IV,1,0.0,2,1,0.0,0.8350466465660497
THY1_integrin_aMb2_complex,Pericyte,Neutrophils,2,2.0,1.6697635586235569,True,False,Deng_Liu_LUAD_2024;Hu_Zhang_2023_NSCLC,1.0,0.8348817793117784,III-IV,1,0.0,2,1,0.0,0.8348817793117784
CD44_TYROBP,Neutrophils,Monocyte classical,4,4.0,3.3366153364573394,False,True,Deng_Liu_LUAD_2024;Hu_Zhang_2023_NSCLC;Maynard_Bivona_2020;Zilionis_Klein_2019,1.0,0.8341538341143349,III-IV,1,0.0,3,1,0.0,0.8341538341143349
CD44_TYROBP,B cell,DC mature,3,3.0,2.5023544411029075,False,True,Chen_Zhang_2020;Deng_Liu_LUAD_2024;Hu_Zhang_2023_NSCLC,1.0,0.8341181470343025,III-IV,1,0.0,1,1,0.0,0.8341181470343025
PLAU_PLAUR,Macrophage alveolar,Neutrophils,3,3.0,2.5019170671172524,True,True,Deng_Liu_LUAD_2024;Hu_Zhang_2023_NSCLC;Zilionis_Klein_2019,1.0,0.8339723557057508,III-IV,1,0.0,3,1,0.0,0.8339723557057508
CD44_TYROBP,T cell CD4 dividing,DC mature,3,3.0,2.500741663400807,True,True,Chen_Zhang_2020;Deng_Liu_LUAD_2024;Hu_Zhang_2023_NSCLC,1.0,0.8335805544669356,III-IV,1,0.0,1,1,0.0,0.8335805544669356
COL6A2_integrin_a2b1_complex,Pericyte,T cell CD8 dividing,2,2.0,1.6659747471870898,True,False,Deng_Liu_LUAD_2024;Hu_Zhang_2023_NSCLC,1.0,0.8329873735935449,III-IV,1,0.0,3,1,0.0,0.8329873735935449
CD44_TYROBP,NK cell,DC mature,3,3.0,2.4953613391894782,False,True,Chen_Zhang_2020;Deng_Liu_LUAD_2024;Hu_Zhang_2023_NSCLC,1.0,0.8317871130631594,III-IV,1,0.0,1,1,0.0,0.8317871130631594
CD58_CD2,Neutrophils,T cell CD8 dividing,2,2.0,1.6625988027431413,False,True,Deng_Liu_LUAD_2024;Hu_Zhang_2023_NSCLC,1.0,0.8312994013715707,III-IV,1,0.0,2,1,0.0,0.8312994013715707
HLA-E_CD94:NKG2A,DC mature,NK cell,3,3.0,2.4842154373258625,False,False,Chen_Zhang_2020;Deng_Liu_LUAD_2024;Hu_Zhang_2023_NSCLC,1.0,0.8280718124419542,III-IV,1,0.0,1,1,0.0,0.8280718124419542
CXCL2_CXCR2,Monocyte classical,Neutrophils,4,4.0,3.3116524394736997,True,True,Deng_Liu_LUAD_2024;Hu_Zhang_2023_NSCLC;Maynard_Bivona_2020;Zilionis_Klein_2019,1.0,0.8279131098684249,III-IV,1,0.0,3,1,0.0,0.8279131098684249
PLAU_PLAUR,DC mature,Neutrophils,2,2.0,1.6540824552148863,False,True,Deng_Liu_LUAD_2024;Hu_Zhang_2023_NSCLC,1.0,0.8270412276074431,III-IV,1,0.0,1,1,0.0,0.8270412276074431
CD86_CTLA4,DC mature,T cell regulatory,3,3.0,2.480990647548678,True,True,Chen_Zhang_2020;Deng_Liu_LUAD_2024;Hu_Zhang_2023_NSCLC,1.0,0.826996882516226,III-IV,1,0.0,1,1,0.0,0.826996882516226
THY1_integrin_aXb2_complex,Pericyte,DC mature,2,2.0,1.6496334746452925,True,False,Deng_Liu_LUAD_2024;Hu_Zhang_2023_NSCLC,1.0,0.8248167373226463,III-IV,1,0.0,1,1,0.0,0.8248167373226463
CD44_TYROBP,pDC,Monocyte classical,4,4.0,3.2899784536594594,False,True,Chen_Zhang_2020;Deng_Liu_LUAD_2024;Hu_Zhang_2023_NSCLC;Zilionis_Klein_2019,1.0,0.8224946134148649,III-IV,1,0.0,3,1,0.0,0.8224946134148649
SEMA7A_integrin_a1b1_complex,DC mature,Pericyte,2,2.0,1.6430995535395259,True,False,Deng_Liu_LUAD_2024;Hu_Zhang_2023_NSCLC,1.0,0.8215497767697629,III-IV,1,0.0,1,1,0.0,0.8215497767697629
CD44_TYROBP,pDC,Macrophage alveolar,4,4.0,3.2827605213387256,False,True,Chen_Zhang_2020;Deng_Liu_LUAD_2024;Hu_Zhang_2023_NSCLC;Zilionis_Klein_2019,1.0,0.8206901303346814,III-IV,1,0.0,3,1,0.0,0.8206901303346814
APP_SORL1,Pericyte,Neutrophils,2,2.0,1.6408173716781485,True,True,Deng_Liu_LUAD_2024;Hu_Zhang_2023_NSCLC,1.0,0.8204086858390742,III-IV,1,0.0,2,1,0.0,0.8204086858390742
CD44_TYROBP,pDC,cDC2,4,4.0,3.2754880524259664,False,True,Chen_Zhang_2020;Deng_Liu_LUAD_2024;Hu_Zhang_2023_NSCLC;Zilionis_Klein_2019,1.0,0.8188720131064916,III-IV,1,0.0,3,1,0.0,0.8188720131064916
CXCL2_CXCR2,Macrophage,Neutrophils,4,4.0,3.249185185347903,True,True,Deng_Liu_LUAD_2024;Hu_Zhang_2023_NSCLC;Maynard_Bivona_2020;Zilionis_Klein_2019,1.0,0.8122962963369758,III-IV,1,0.0,3,1,0.0,0.8122962963369758
HLA-E_VSIR,Macrophage,Pericyte,2,2.0,1.623334809251823,True,False,Deng_Liu_LUAD_2024;Hu_Zhang_2023_NSCLC,1.0,0.8116674046259115,III-IV,1,0.0,3,1,0.0,0.8116674046259115
ANXA1_FPR1,Pericyte,Neutrophils,2,2.0,1.623188424557379,False,True,Deng_Liu_LUAD_2024;Hu_Zhang_2023_NSCLC,1.0,0.8115942122786896,III-IV,1,0.0,2,1,0.0,0.8115942122786896
CD44_TYROBP,Plasma cell,Macrophage alveolar,4,4.0,3.2458819633910267,False,True,Chen_Zhang_2020;Deng_Liu_LUAD_2024;Hu_Zhang_2023_NSCLC;Zilionis_Klein_2019,1.0,0.8114704908477567,III-IV,1,0.0,5,1,0.0,0.8114704908477567
PTPRC_MRC1,DC mature,Macrophage alveolar,3,3.0,2.4243097082287504,False,True,Chen_Zhang_2020;Deng_Liu_LUAD_2024;Hu_Zhang_2023_NSCLC,1.0,0.8081032360762501,III-IV,1,0.0,1,1,0.0,0.8081032360762501
CD44_TYROBP,DC mature,Mast cell,3,3.0,2.4235995599999605,False,True,Chen_Zhang_2020;Deng_Liu_LUAD_2024;Hu_Zhang_2023_NSCLC,1.0,0.8078665199999868,III-IV,1,0.0,1,1,0.0,0.8078665199999868
HLA-E_VSIR,Pericyte,myeloid dividing,2,2.0,1.613023928314242,False,True,Deng_Liu_LUAD_2024;Hu_Zhang_2023_NSCLC,1.0,0.806511964157121,III-IV,1,0.0,3,1,0.0,0.806511964157121
CD44_TYROBP,Fibroblast peribronchial,DC mature,3,3.0,2.4162765088345752,True,True,Chen_Zhang_2020;Deng_Liu_LUAD_2024;Hu_Zhang_2023_NSCLC,1.0,0.8054255029448584,III-IV,1,0.0,1,1,0.0,0.8054255029448584
HLA-E_CD94:NKG2A,Neutrophils,NK cell,3,3.0,2.41385278964907,False,False,Deng_Liu_LUAD_2024;Hu_Zhang_2023_NSCLC;Zilionis_Klein_2019,1.0,0.80461759654969,III-IV,1,0.0,3,1,0.0,0.80461759654969
PTPRC_MRC1,Neutrophils,Macrophage,4,4.0,3.2133148534297886,False,True,Deng_Liu_LUAD_2024;Hu_Zhang_2023_NSCLC;Maynard_Bivona_2020;Zilionis_Klein_2019,1.0,0.8033287133574472,III-IV,1,0.0,3,1,0.0,0.8033287133574472
CD44_TYROBP,Plasma cell,cDC2,5,5.0,4.016295073447851,False,True,Chen_Zhang_2020;Deng_Liu_LUAD_2024;Hu_Zhang_2023_NSCLC;Lambrechts_Thienpont_2018_6653;Zilionis_Klein_2019,1.0,0.8032590146895702,III-IV,1,0.0,5,1,0.0,0.8032590146895702
ANXA1_FPR2,Mast cell,Neutrophils,4,4.0,3.2052495236030736,True,True,Deng_Liu_LUAD_2024;Hu_Zhang_2023_NSCLC;Maynard_Bivona_2020;Zilionis_Klein_2019,1.0,0.8013123809007684,III-IV,1,0.0,3,1,0.0,0.8013123809007684
CD44_TYROBP,Neutrophils,cDC2,4,4.0,3.202633863246392,False,True,Deng_Liu_LUAD_2024;Hu_Zhang_2023_NSCLC;Maynard_Bivona_2020;Zilionis_Klein_2019,1.0,0.800658465811598,III-IV,1,0.0,3,1,0.0,0.800658465811598
CD86_CTLA4,DC mature,T cell CD4 dividing,3,3.0,2.3972806356106613,True,True,Chen_Zhang_2020;Deng_Liu_LUAD_2024;Hu_Zhang_2023_NSCLC,1.0,0.7990935452035538,III-IV,1,0.0,1,1,0.0,0.7990935452035538
PTPRC_MRC1,Neutrophils,Macrophage alveolar,3,3.0,2.391020639237944,False,True,Deng_Liu_LUAD_2024;Hu_Zhang_2023_NSCLC;Zilionis_Klein_2019,1.0,0.7970068797459814,III-IV,1,0.0,3,1,0.0,0.7970068797459814
THY1_ADGRE2,Pericyte,pDC,2,2.0,1.5939466476116906,True,False,Deng_Liu_LUAD_2024;Hu_Zhang_2023_NSCLC,1.0,0.7969733238058453,III-IV,1,0.0,2,1,0.0,0.7969733238058453
IL1B_IL1_receptor_inhibitor,myeloid dividing,Neutrophils,2,2.0,1.592864897811566,True,False,Deng_Liu_LUAD_2024;Hu_Zhang_2023_NSCLC,1.0,0.796432448905783,III-IV,1,0.0,2,1,0.0,0.796432448905783
CD44_TYROBP,DC mature,DC mature,3,3.0,2.3805593322368646,False,True,Chen_Zhang_2020;Deng_Liu_LUAD_2024;Hu_Zhang_2023_NSCLC,1.0,0.7935197774122882,III-IV,1,0.0,1,1,0.0,0.7935197774122882
JAG1_NOTCH3,DC mature,Pericyte,2,2.0,1.586316349821009,False,True,Deng_Liu_LUAD_2024;Hu_Zhang_2023_NSCLC,1.0,0.7931581749105046,III-IV,1,0.0,1,1,0.0,0.7931581749105046
APP_FPR2,Pericyte,Neutrophils,2,2.0,1.5837529781878696,True,True,Deng_Liu_LUAD_2024;Hu_Zhang_2023_NSCLC,1.0,0.7918764890939348,III-IV,1,0.0,2,1,0.0,0.7918764890939348
APP_TNFRSF21,Pericyte,pDC,2,2.0,1.5798387855382177,True,True,Deng_Liu_LUAD_2024;Hu_Zhang_2023_NSCLC,1.0,0.7899193927691088,III-IV,1,0.0,2,1,0.0,0.7899193927691088
APP_TNFRSF21,pDC,Pericyte,2,2.0,1.5776462437142422,True,False,Deng_Liu_LUAD_2024;Hu_Zhang_2023_NSCLC,1.0,0.7888231218571211,III-IV,1,0.0,2,1,0.0,0.7888231218571211
COL5A2_integrin_a1b1_complex,Pericyte,T cell CD8 activated,2,2.0,1.5755887034030214,True,False,Deng_Liu_LUAD_2024;Hu_Zhang_2023_NSCLC,1.0,0.7877943517015107,III-IV,1,0.0,1,1,0.0,0.7877943517015107
PLAU_PLAUR,Neutrophils,Monocyte classical,4,4.0,3.1450485158001324,False,True,Deng_Liu_LUAD_2024;Hu_Zhang_2023_NSCLC;Maynard_Bivona_2020;Zilionis_Klein_2019,1.0,0.7862621289500331,III-IV,1,0.0,3,1,0.0,0.7862621289500331
COL5A2_integrin_a1b1_complex,Pericyte,T cell CD4 dividing,2,2.0,1.5720830813503208,True,False,Deng_Liu_LUAD_2024;Hu_Zhang_2023_NSCLC,1.0,0.7860415406751604,III-IV,1,0.0,2,1,0.0,0.7860415406751604
APP_CD74,pDC,Pericyte,2,2.0,1.5635303731191383,True,False,Deng_Liu_LUAD_2024;Hu_Zhang_2023_NSCLC,1.0,0.7817651865595692,III-IV,1,0.0,2,1,0.0,0.7817651865595692
APP_PLXNA4,Pericyte,pDC,2,2.0,1.5631372554431704,True,True,Deng_Liu_LUAD_2024;Hu_Zhang_2023_NSCLC,1.0,0.7815686277215852,III-IV,1,0.0,2,1,0.0,0.7815686277215852
CCL3_CCR1,myeloid dividing,Neutrophils,2,2.0,1.5603637281140954,True,False,Deng_Liu_LUAD_2024;Hu_Zhang_2023_NSCLC,1.0,0.7801818640570477,III-IV,1,0.0,2,1,0.0,0.7801818640570477
CD44_TYROBP,cDC1,Mast cell,3,3.0,2.3403962331452357,False,True,Chen_Zhang_2020;Deng_Liu_LUAD_2024;Hu_Zhang_2023_NSCLC,1.0,0.7801320777150785,III-IV,1,0.0,1,1,0.0,0.7801320777150785
COL6A1_integrin_a1b1_complex,Pericyte,T cell CD8 activated,2,2.0,1.5490865258608058,True,False,Deng_Liu_LUAD_2024;Hu_Zhang_2023_NSCLC,1.0,0.7745432629304029,III-IV,1,0.0,1,1,0.0,0.7745432629304029
CD44_TYROBP,pDC,DC mature,3,3.0,2.3178948584725054,False,True,Chen_Zhang_2020;Deng_Liu_LUAD_2024;Hu_Zhang_2023_NSCLC,1.0,0.7726316194908351,III-IV,1,0.0,1,1,0.0,0.7726316194908351
CD44_TYROBP,cDC1,DC mature,3,3.0,2.3168574724506907,False,True,Chen_Zhang_2020;Deng_Liu_LUAD_2024;Hu_Zhang_2023_NSCLC,1.0,0.7722858241502303,III-IV,1,0.0,1,1,0.0,0.7722858241502303
HLA-E_CD94:NKG2A,DC mature,T cell CD8 terminally exhausted,3,3.0,2.313576671316934,False,False,Chen_Zhang_2020;Deng_Liu_LUAD_2024;Hu_Zhang_2023_NSCLC,1.0,0.7711922237723113,III-IV,1,0.0,1,1,0.0,0.7711922237723113
LGALS9_P4HB,DC mature,Pericyte,2,2.0,1.5404985902080581,True,True,Deng_Liu_LUAD_2024;Hu_Zhang_2023_NSCLC,1.0,0.7702492951040291,III-IV,1,0.0,1,1,0.0,0.7702492951040291
HLA-E_CD94:NKG2A,DC mature,T cell CD8 dividing,3,3.0,2.3094576918686505,False,False,Chen_Zhang_2020;Deng_Liu_LUAD_2024;Hu_Zhang_2023_NSCLC,1.0,0.7698192306228835,III-IV,1,0.0,1,1,0.0,0.7698192306228835
COL5A2_integrin_a2b1_complex,Pericyte,T cell CD8 dividing,2,2.0,1.5389234046657223,True,False,Deng_Liu_LUAD_2024;Hu_Zhang_2023_NSCLC,1.0,0.7694617023328612,III-IV,1,0.0,3,1,0.0,0.7694617023328612
CTSG_FPR1,Mast cell,Neutrophils,4,4.0,3.0751244036590037,True,True,Deng_Liu_LUAD_2024;Hu_Zhang_2023_NSCLC;Maynard_Bivona_2020;Zilionis_Klein_2019,1.0,0.7687811009147509,III-IV,1,0.0,3,1,0.0,0.7687811009147509
COL24A1_integrin_a1b1_complex,Fibroblast peribronchial,Pericyte,2,2.0,1.5373139486949725,True,False,Deng_Liu_LUAD_2024;Hu_Zhang_2023_NSCLC,1.0,0.7686569743474863,III-IV,1,0.0,3,1,0.0,0.7686569743474863
HLA-E_VSIR,cDC1,Pericyte,2,2.0,1.5332167739180642,True,False,Deng_Liu_LUAD_2024;Hu_Zhang_2023_NSCLC,1.0,0.7666083869590321,III-IV,1,0.0,1,1,0.0,0.7666083869590321
CD44_TYROBP,Neutrophils,pDC,3,3.0,2.2922147292846766,False,True,Deng_Liu_LUAD_2024;Hu_Zhang_2023_NSCLC;Zilionis_Klein_2019,1.0,0.7640715764282255,III-IV,1,0.0,3,1,0.0,0.7640715764282255
HLA-E_CD94:NKG2A,pDC,T cell CD8 dividing,3,3.0,2.2873263283063796,False,False,Chen_Zhang_2020;Deng_Liu_LUAD_2024;Hu_Zhang_2023_NSCLC,1.0,0.7624421094354599,III-IV,1,0.0,2,1,0.0,0.7624421094354599
HLA-E_CD94:NKG2A,pDC,T cell CD8 terminally exhausted,3,3.0,2.28715805902757,False,False,Chen_Zhang_2020;Deng_Liu_LUAD_2024;Hu_Zhang_2023_NSCLC,1.0,0.7623860196758567,III-IV,1,0.0,2,1,0.0,0.7623860196758567
COL6A1_integrin_a1b1_complex,Pericyte,T cell CD4 dividing,2,2.0,1.5225271805698397,True,False,Deng_Liu_LUAD_2024;Hu_Zhang_2023_NSCLC,1.0,0.7612635902849199,III-IV,1,0.0,2,1,0.0,0.7612635902849199
ICAM1_SPN,Neutrophils,cDC1,2,2.0,1.5207379710645164,False,True,Deng_Liu_LUAD_2024;Hu_Zhang_2023_NSCLC,1.0,0.7603689855322582,III-IV,1,0.0,1,1,0.0,0.7603689855322582
HLA-E_CD94:NKG2C,DC mature,NK cell,3,3.0,2.280149830630182,False,False,Chen_Zhang_2020;Deng_Liu_LUAD_2024;Hu_Zhang_2023_NSCLC,1.0,0.7600499435433941,III-IV,1,0.0,1,1,0.0,0.7600499435433941
CXCL2_CXCR2,myeloid dividing,Neutrophils,2,2.0,1.5187826124377801,True,True,Deng_Liu_LUAD_2024;Hu_Zhang_2023_NSCLC,1.0,0.7593913062188901,III-IV,1,0.0,2,1,0.0,0.7593913062188901
WNT5B_SFRP2,DC mature,Fibroblast peribronchial,3,3.0,2.267813317014827,True,True,Chen_Zhang_2020;Deng_Liu_LUAD_2024;Hu_Zhang_2023_NSCLC,1.0,0.7559377723382757,III-IV,1,0.0,1,1,0.0,0.7559377723382757
PLAU_PLAUR,Neutrophils,myeloid dividing,2,2.0,1.504640983616499,False,True,Deng_Liu_LUAD_2024;Hu_Zhang_2023_NSCLC,1.0,0.7523204918082494,III-IV,1,0.0,2,1,0.0,0.7523204918082494
ICAM1_ITGAL,Neutrophils,T cell CD4 dividing,2,2.0,1.504129319673166,False,True,Deng_Liu_LUAD_2024;Hu_Zhang_2023_NSCLC,1.0,0.752064659836583,III-IV,1,0.0,2,1,0.0,0.752064659836583
CXCL3_CXCR2,Macrophage,Neutrophils,4,4.0,3.003745479912179,True,True,Deng_Liu_LUAD_2024;Hu_Zhang_2023_NSCLC;Maynard_Bivona_2020;Zilionis_Klein_2019,1.0,0.7509363699780448,III-IV,1,0.0,3,1,0.0,0.7509363699780448
HLA-E_CD94:NKG2C,cDC1,NK cell,3,3.0,2.249923613606086,True,False,Chen_Zhang_2020;Deng_Liu_LUAD_2024;Hu_Zhang_2023_NSCLC,1.0,0.7499745378686953,III-IV,1,0.0,1,1,0.0,0.7499745378686953
COL9A2_integrin_a1b1_complex,DC mature,Pericyte,2,2.0,1.4989824896243307,False,False,Deng_Liu_LUAD_2024;Hu_Zhang_2023_NSCLC,1.0,0.7494912448121653,III-IV,1,0.0,1,1,0.0,0.7494912448121653
COL6A1_integrin_a2b1_complex,Pericyte,T cell CD8 dividing,2,2.0,1.497518914667419,True,False,Deng_Liu_LUAD_2024;Hu_Zhang_2023_NSCLC,1.0,0.7487594573337095,III-IV,1,0.0,3,1,0.0,0.7487594573337095
CD44_TYROBP,Plasma cell,DC mature,3,3.0,2.246181456804307,False,True,Chen_Zhang_2020;Deng_Liu_LUAD_2024;Hu_Zhang_2023_NSCLC,1.0,0.7487271522681023,III-IV,1,0.0,1,1,0.0,0.7487271522681023
ICAM1_integrin_aLb2_complex,Neutrophils,T cell CD4 dividing,2,2.0,1.4957174757969884,False,False,Deng_Liu_LUAD_2024;Hu_Zhang_2023_NSCLC,1.0,0.7478587378984942,III-IV,1,0.0,2,1,0.0,0.7478587378984942
ANXA1_FPR1,DC mature,Neutrophils,2,2.0,1.4943339004306853,False,True,Deng_Liu_LUAD_2024;Hu_Zhang_2023_NSCLC,1.0,0.7471669502153426,III-IV,1,0.0,1,1,0.0,0.7471669502153426
PTPRC_MRC1,DC mature,Macrophage,3,3.0,2.2412696615567045,False,True,Chen_Zhang_2020;Deng_Liu_LUAD_2024;Hu_Zhang_2023_NSCLC,1.0,0.7470898871855681,III-IV,1,0.0,1,1,0.0,0.7470898871855681
CD86_CTLA4,DC mature,T cell CD8 terminally exhausted,3,3.0,2.2379792655348774,True,True,Chen_Zhang_2020;Deng_Liu_LUAD_2024;Hu_Zhang_2023_NSCLC,1.0,0.7459930885116258,III-IV,1,0.0,1,1,0.0,0.7459930885116258
PTPRC_MRC1,pDC,Macrophage alveolar,4,4.0,2.9790397770251453,False,True,Chen_Zhang_2020;Deng_Liu_LUAD_2024;Hu_Zhang_2023_NSCLC;Zilionis_Klein_2019,1.0,0.7447599442562863,III-IV,1,0.0,3,1,0.0,0.7447599442562863
NECTIN2_TIGIT,DC mature,T cell regulatory,3,3.0,2.2262452683212164,True,True,Chen_Zhang_2020;Deng_Liu_LUAD_2024;Hu_Zhang_2023_NSCLC,1.0,0.7420817561070722,III-IV,1,0.0,1,1,0.0,0.7420817561070722
CXCL14_CXCR4,Fibroblast peribronchial,DC mature,3,3.0,2.222456888048346,True,True,Chen_Zhang_2020;Deng_Liu_LUAD_2024;Hu_Zhang_2023_NSCLC,1.0,0.740818962682782,III-IV,1,0.0,1,1,0.0,0.740818962682782
HLA-E_CD94:NKG2C,DC mature,T cell CD8 dividing,3,3.0,2.2175574986035422,False,False,Chen_Zhang_2020;Deng_Liu_LUAD_2024;Hu_Zhang_2023_NSCLC,1.0,0.7391858328678474,III-IV,1,0.0,1,1,0.0,0.7391858328678474
COL21A1_integrin_a1b1_complex,Pericyte,Pericyte,2,2.0,1.4765905775179664,False,False,Deng_Liu_LUAD_2024;Hu_Zhang_2023_NSCLC,1.0,0.7382952887589832,III-IV,1,0.0,3,1,0.0,0.7382952887589832
GAS6_AXL,pDC,Pericyte,2,2.0,1.4743746346930486,True,True,Deng_Liu_LUAD_2024;Hu_Zhang_2023_NSCLC,1.0,0.7371873173465243,III-IV,1,0.0,2,1,0.0,0.7371873173465243
COL6A3_integrin_a1b1_complex,Pericyte,T cell CD8 activated,2,2.0,1.474219052790744,True,False,Deng_Liu_LUAD_2024;Hu_Zhang_2023_NSCLC,1.0,0.737109526395372,III-IV,1,0.0,1,1,0.0,0.737109526395372
CD44_TYROBP,Fibroblast peribronchial,pDC,4,4.0,2.9462167012791367,True,True,Chen_Zhang_2020;Deng_Liu_LUAD_2024;Hu_Zhang_2023_NSCLC;Zilionis_Klein_2019,1.0,0.7365541753197842,III-IV,1,0.0,3,1,0.0,0.7365541753197842
COL9A2_integrin_a1b1_complex,T cell regulatory,Pericyte,2,2.0,1.4695434915006618,False,False,Deng_Liu_LUAD_2024;Hu_Zhang_2023_NSCLC,1.0,0.7347717457503309,III-IV,1,0.0,3,1,0.0,0.7347717457503309
OSM_OSMR,Neutrophils,Pericyte,2,2.0,1.467844758142546,True,False,Deng_Liu_LUAD_2024;Hu_Zhang_2023_NSCLC,1.0,0.733922379071273,III-IV,1,0.0,2,1,0.0,0.733922379071273
CXCL2_CXCR2,Pericyte,Neutrophils,2,2.0,1.4666976457102159,True,True,Deng_Liu_LUAD_2024;Hu_Zhang_2023_NSCLC,1.0,0.7333488228551079,III-IV,1,0.0,2,1,0.0,0.7333488228551079
COL9A2_integrin_a1b1_complex,cDC2,Pericyte,2,2.0,1.4621593676060316,False,False,Deng_Liu_LUAD_2024;Hu_Zhang_2023_NSCLC,1.0,0.7310796838030158,III-IV,1,0.0,3,1,0.0,0.7310796838030158
COL9A2_integrin_a1b1_complex,T cell CD4 dividing,Pericyte,2,2.0,1.4603760813846316,False,False,Deng_Liu_LUAD_2024;Hu_Zhang_2023_NSCLC,1.0,0.7301880406923158,III-IV,1,0.0,2,1,0.0,0.7301880406923158
HLA-E_CD94:NKG2C,pDC,T cell CD8 dividing,3,3.0,2.1895396497824517,False,False,Chen_Zhang_2020;Deng_Liu_LUAD_2024;Hu_Zhang_2023_NSCLC,1.0,0.7298465499274839,III-IV,1,0.0,2,1,0.0,0.7298465499274839
CD86_CTLA4,DC mature,T cell CD8 dividing,3,3.0,2.182872658255876,True,True,Chen_Zhang_2020;Deng_Liu_LUAD_2024;Hu_Zhang_2023_NSCLC,1.0,0.7276242194186254,III-IV,1,0.0,1,1,0.0,0.7276242194186254
CXCL3_CXCR2,Monocyte classical,Neutrophils,4,4.0,2.901890852348382,True,True,Deng_Liu_LUAD_2024;Hu_Zhang_2023_NSCLC;Maynard_Bivona_2020;Zilionis_Klein_2019,1.0,0.7254727130870955,III-IV,1,0.0,3,1,0.0,0.7254727130870955
VEGFB_NRP1,pDC,Pericyte,2,2.0,1.4499689621937135,True,True,Deng_Liu_LUAD_2024;Hu_Zhang_2023_NSCLC,1.0,0.7249844810968568,III-IV,1,0.0,2,1,0.0,0.7249844810968568
COL9A3_integrin_a1b1_complex,Plasma cell,Pericyte,2,2.0,1.4487822000241,False,False,Deng_Liu_LUAD_2024;Hu_Zhang_2023_NSCLC,1.0,0.72439110001205,III-IV,1,0.0,3,1,0.0,0.72439110001205
ICAM1_ITGAL,Neutrophils,cDC1,2,2.0,1.4462235730622668,False,True,Deng_Liu_LUAD_2024;Hu_Zhang_2023_NSCLC,1.0,0.7231117865311334,III-IV,1,0.0,1,1,0.0,0.7231117865311334
ICAM1_integrin_aLb2_complex,Neutrophils,cDC1,2,2.0,1.4462235730622668,False,False,Deng_Liu_LUAD_2024;Hu_Zhang_2023_NSCLC,1.0,0.7231117865311334,III-IV,1,0.0,1,1,0.0,0.7231117865311334
COL1A1_integrin_a1b1_complex,DC mature,Pericyte,2,2.0,1.445444882845805,False,False,Deng_Liu_LUAD_2024;Hu_Zhang_2023_NSCLC,1.0,0.7227224414229025,III-IV,1,0.0,1,1,0.0,0.7227224414229025
CXCL8_CXCR2,cDC2,Neutrophils,4,4.0,2.8811292986211674,True,True,Deng_Liu_LUAD_2024;Hu_Zhang_2023_NSCLC;Maynard_Bivona_2020;Zilionis_Klein_2019,1.0,0.7202823246552919,III-IV,1,0.0,3,1,0.0,0.7202823246552919
COL1A1_integrin_a1b1_complex,Plasma cell,Pericyte,2,2.0,1.4380178806212092,False,False,Deng_Liu_LUAD_2024;Hu_Zhang_2023_NSCLC,1.0,0.7190089403106046,III-IV,1,0.0,3,1,0.0,0.7190089403106046
SEMA7A_integrin_a1b1_complex,myeloid dividing,Pericyte,2,2.0,1.4366640123370318,False,False,Deng_Liu_LUAD_2024;Hu_Zhang_2023_NSCLC,1.0,0.7183320061685159,III-IV,1,0.0,3,1,0.0,0.7183320061685159
PTPRC_MRC1,pDC,Macrophage,4,4.0,2.8714897369089414,False,True,Chen_Zhang_2020;Deng_Liu_LUAD_2024;Hu_Zhang_2023_NSCLC;Zilionis_Klein_2019,1.0,0.7178724342272353,III-IV,1,0.0,3,1,0.0,0.7178724342272353
CD55_ADGRE5,cDC1,Neutrophils,2,2.0,1.4356915964859938,True,False,Deng_Liu_LUAD_2024;Hu_Zhang_2023_NSCLC,1.0,0.7178457982429969,III-IV,1,0.0,1,1,0.0,0.7178457982429969
COL6A3_integrin_a1b1_complex,Pericyte,T cell CD4 dividing,2,2.0,1.4338082692226832,True,False,Deng_Liu_LUAD_2024;Hu_Zhang_2023_NSCLC,1.0,0.7169041346113416,III-IV,1,0.0,2,1,0.0,0.7169041346113416
NECTIN2_TIGIT,DC mature,T cell CD8 terminally exhausted,3,3.0,2.148157401104365,True,True,Chen_Zhang_2020;Deng_Liu_LUAD_2024;Hu_Zhang_2023_NSCLC,1.0,0.7160524670347884,III-IV,1,0.0,1,1,0.0,0.7160524670347884
integrin_aVb1_complex_ADGRE5,Pericyte,Neutrophils,2,2.0,1.4307893487024956,False,False,Deng_Liu_LUAD_2024;Hu_Zhang_2023_NSCLC,1.0,0.7153946743512478,III-IV,1,0.0,2,1,0.0,0.7153946743512478
CXCL8_CXCR1,Neutrophils,Neutrophils,4,3.0,2.8615139520245414,True,True,Hu_Zhang_2023_NSCLC;Maynard_Bivona_2020;Zilionis_Klein_2019,0.75,0.7153784880061353,III-IV,1,0.0,3,1,0.0,0.7153784880061353
CD44_TYROBP,Mast cell,pDC,4,3.0,2.8594206420255786,True,True,Deng_Liu_LUAD_2024;Hu_Zhang_2023_NSCLC;Zilionis_Klein_2019,0.75,0.7148551605063946,III-IV,1,0.0,3,1,0.0,0.7148551605063946
APP_TREM2_receptor,pDC,myeloid dividing,3,3.0,2.1442878238913505,True,False,Chen_Zhang_2020;Deng_Liu_LUAD_2024;Hu_Zhang_2023_NSCLC,1.0,0.7147626079637835,III-IV,1,0.0,2,1,0.0,0.7147626079637835
ANXA1_FPR2,T cell CD8 activated,Neutrophils,3,3.0,2.1434638258804126,True,True,Deng_Liu_LUAD_2024;Hu_Zhang_2023_NSCLC;Zilionis_Klein_2019,1.0,0.7144879419601375,III-IV,1,0.0,2,1,0.0,0.7144879419601375
LTB_LTBR,pDC,Pericyte,2,2.0,1.4261136161610073,True,False,Deng_Liu_LUAD_2024;Hu_Zhang_2023_NSCLC,1.0,0.7130568080805036,III-IV,1,0.0,2,1,0.0,0.7130568080805036
COL1A1_integrin_a1b1_complex,Macrophage,Pericyte,2,2.0,1.4226135799262245,False,False,Deng_Liu_LUAD_2024;Hu_Zhang_2023_NSCLC,1.0,0.7113067899631123,III-IV,1,0.0,3,1,0.0,0.7113067899631123
COL8A2_integrin_a1b1_complex,cDC1,Pericyte,2,2.0,1.422548685716982,False,False,Deng_Liu_LUAD_2024;Hu_Zhang_2023_NSCLC,1.0,0.711274342858491,III-IV,1,0.0,1,1,0.0,0.711274342858491
IL1B_IL1_receptor,myeloid dividing,Pericyte,2,2.0,1.422377147213088,True,False,Deng_Liu_LUAD_2024;Hu_Zhang_2023_NSCLC,1.0,0.711188573606544,III-IV,1,0.0,3,1,0.0,0.711188573606544
COL1A2_integrin_a1b1_complex,myeloid dividing,Pericyte,2,2.0,1.4221607559512535,False,False,Deng_Liu_LUAD_2024;Hu_Zhang_2023_NSCLC,1.0,0.7110803779756267,III-IV,1,0.0,3,1,0.0,0.7110803779756267
COL6A3_integrin_a2b1_complex,Pericyte,T cell CD8 dividing,2,2.0,1.409403196103269,True,False,Deng_Liu_LUAD_2024;Hu_Zhang_2023_NSCLC,1.0,0.7047015980516345,III-IV,1,0.0,3,1,0.0,0.7047015980516345
CD99_PILRA,Fibroblast peribronchial,Neutrophils,3,3.0,2.105152648719636,True,False,Deng_Liu_LUAD_2024;Hu_Zhang_2023_NSCLC;Zilionis_Klein_2019,1.0,0.7017175495732121,III-IV,1,0.0,3,1,0.0,0.7017175495732121
HLA-F_VSIR,DC mature,Neutrophils,2,2.0,1.3942739553870747,True,False,Deng_Liu_LUAD_2024;Hu_Zhang_2023_NSCLC,1.0,0.6971369776935373,III-IV,1,0.0,1,1,0.0,0.6971369776935373
CD44_TYROBP,T cell regulatory,Neutrophils,4,3.0,2.7811190351282162,False,True,Hu_Zhang_2023_NSCLC;Maynard_Bivona_2020;Zilionis_Klein_2019,0.75,0.6952797587820541,III-IV,1,0.0,3,1,0.0,0.6952797587820541
CD44_TYROBP,T cell CD8 effector memory,Neutrophils,4,3.0,2.766865685525662,False,True,Hu_Zhang_2023_NSCLC;Maynard_Bivona_2020;Zilionis_Klein_2019,0.75,0.6917164213814155,III-IV,1,0.0,3,1,0.0,0.6917164213814155
CD44_TYROBP,T cell CD4,Neutrophils,4,3.0,2.766698036297843,False,True,Hu_Zhang_2023_NSCLC;Maynard_Bivona_2020;Zilionis_Klein_2019,0.75,0.6916745090744607,III-IV,1,0.0,3,1,0.0,0.6916745090744607
NECTIN3_TIGIT,Pericyte,T cell regulatory,2,2.0,1.3831107914597287,False,True,Deng_Liu_LUAD_2024;Hu_Zhang_2023_NSCLC,1.0,0.6915553957298644,III-IV,1,0.0,3,1,0.0,0.6915553957298644
COL6A2_integrin_a11b1_complex,Pericyte,Fibroblast peribronchial,2,2.0,1.8027770893583188,True,False,Deng_Liu_LUAD_2024;Hu_Zhang_2023_NSCLC,1.0,0.9013885446791594,III-IV,1,0.2100869126185582,3,1,0.2100869126185582,0.6913016320606012
PLAU_PLAUR,Neutrophils,Macrophage,4,4.0,2.7583704320737024,False,True,Deng_Liu_LUAD_2024;Hu_Zhang_2023_NSCLC;Maynard_Bivona_2020;Zilionis_Klein_2019,1.0,0.6895926080184256,III-IV,1,0.0,3,1,0.0,0.6895926080184256
APP_CD74,pDC,T cell CD8 effector memory,4,3.0,2.7474785799635066,True,False,Chen_Zhang_2020;Deng_Liu_LUAD_2024;Hu_Zhang_2023_NSCLC,0.75,0.6868696449908767,III-IV,1,0.0,3,1,0.0,0.6868696449908767
CCL3_CCR1,T cell CD8 dividing,Neutrophils,2,2.0,1.3733924000922824,True,False,Deng_Liu_LUAD_2024;Hu_Zhang_2023_NSCLC,1.0,0.6866962000461412,III-IV,1,0.0,2,1,0.0,0.6866962000461412
THY1_integrin_aXb2_complex,Fibroblast peribronchial,Neutrophils,3,3.0,2.0582574011655006,True,False,Deng_Liu_LUAD_2024;Hu_Zhang_2023_NSCLC;Zilionis_Klein_2019,1.0,0.6860858003885002,III-IV,1,0.0,3,1,0.0,0.6860858003885002
CD44_TYROBP,T cell CD8 activated,pDC,4,3.0,2.7342967637324898,False,True,Deng_Liu_LUAD_2024;Hu_Zhang_2023_NSCLC;Zilionis_Klein_2019,0.75,0.6835741909331224,III-IV,1,0.0,2,1,0.0,0.6835741909331224
APP_SORL1,Pericyte,pDC,2,2.0,1.3588139492288742,True,False,Deng_Liu_LUAD_2024;Hu_Zhang_2023_NSCLC,1.0,0.6794069746144371,III-IV,1,0.0,2,1,0.0,0.6794069746144371
COL18A1_integrin_a11b1_complex,Pericyte,Fibroblast peribronchial,2,2.0,1.8130945634750288,True,False,Deng_Liu_LUAD_2024;Hu_Zhang_2023_NSCLC,1.0,0.9065472817375144,III-IV,1,0.22736124634858812,3,1,0.22736124634858812,0.6791860353889263
WNT5B_FRZB,DC mature,Pericyte,2,2.0,1.3555526978956567,True,True,Deng_Liu_LUAD_2024;Hu_Zhang_2023_NSCLC,1.0,0.6777763489478283,III-IV,1,0.0,1,1,0.0,0.6777763489478283
IGFBP3_TMEM219,Fibroblast peribronchial,Pericyte,2,2.0,1.3554400598017968,True,False,Deng_Liu_LUAD_2024;Hu_Zhang_2023_NSCLC,1.0,0.6777200299008984,III-IV,1,0.0,3,1,0.0,0.6777200299008984
LAIR1_LILRB4,myeloid dividing,pDC,3,3.0,2.028171428492251,True,True,Chen_Zhang_2020;Deng_Liu_LUAD_2024;Hu_Zhang_2023_NSCLC,1.0,0.6760571428307504,III-IV,1,0.0,2,1,0.0,0.6760571428307504
ICAM1_integrin_aXb2_complex,myeloid dividing,Neutrophils,2,2.0,1.3485125525970991,True,False,Deng_Liu_LUAD_2024;Hu_Zhang_2023_NSCLC,1.0,0.6742562762985496,III-IV,1,0.0,2,1,0.0,0.6742562762985496
HLA-E_CD94:NKG2A,pDC,NK cell,4,4.0,2.6944370476058803,False,False,Chen_Zhang_2020;Deng_Liu_LUAD_2024;Hu_Zhang_2023_NSCLC;Zilionis_Klein_2019,1.0,0.6736092619014701,III-IV,1,0.0,3,1,0.0,0.6736092619014701
ICAM1_integrin_aMb2_complex,Neutrophils,myeloid dividing,2,2.0,1.3458575664985832,False,False,Deng_Liu_LUAD_2024;Hu_Zhang_2023_NSCLC,1.0,0.6729287832492916,III-IV,1,0.0,2,1,0.0,0.6729287832492916
NECTIN2_TIGIT,DC mature,T cell CD8 dividing,3,3.0,2.0181903343810044,True,True,Chen_Zhang_2020;Deng_Liu_LUAD_2024;Hu_Zhang_2023_NSCLC,1.0,0.6727301114603348,III-IV,1,0.0,1,1,0.0,0.6727301114603348
IFNG_Type_II_IFNR,T cell CD8 dividing,Neutrophils,2,2.0,1.343191509500353,True,False,Deng_Liu_LUAD_2024;Hu_Zhang_2023_NSCLC,1.0,0.6715957547501765,III-IV,1,0.0,2,1,0.0,0.6715957547501765
VEGFA_NRP2,Monocyte classical,DC mature,3,3.0,2.013259567103261,True,True,Chen_Zhang_2020;Deng_Liu_LUAD_2024;Hu_Zhang_2023_NSCLC,1.0,0.6710865223677537,III-IV,1,0.0,1,1,0.0,0.6710865223677537
COL6A2_integrin_a1b1_complex,Pericyte,T cell CD8 effector memory,2,2.0,1.7818030985987625,True,False,Deng_Liu_LUAD_2024;Hu_Zhang_2023_NSCLC,1.0,0.8909015492993813,III-IV,1,0.22052724584370154,3,1,0.22052724584370154,0.6703743034556797
APP_CD74,pDC,T cell regulatory,4,3.0,2.6773552811999135,True,False,Chen_Zhang_2020;Deng_Liu_LUAD_2024;Hu_Zhang_2023_NSCLC,0.75,0.6693388202999784,III-IV,1,0.0,3,1,0.0,0.6693388202999784
FN1_integrin_a4b1_complex,Pericyte,T cell CD8 terminally exhausted,2,2.0,1.8715425978100892,True,False,Deng_Liu_LUAD_2024;Hu_Zhang_2023_NSCLC,1.0,0.9357712989050446,III-IV,1,0.26887013595874354,3,1,0.26887013595874354,0.6669011629463011
PGF_NRP2,Pericyte,DC mature,2,2.0,1.3337514570724402,True,True,Deng_Liu_LUAD_2024;Hu_Zhang_2023_NSCLC,1.0,0.6668757285362201,III-IV,1,0.0,1,1,0.0,0.6668757285362201
COL6A2_integrin_a1b1_complex,Pericyte,T cell CD8 terminally exhausted,2,2.0,1.8542017962902473,True,False,Deng_Liu_LUAD_2024;Hu_Zhang_2023_NSCLC,1.0,0.9271008981451236,III-IV,1,0.2602690324209312,3,1,0.2602690324209312,0.6668318657241925
ICAM1_integrin_aXb2_complex,Neutrophils,cDC1,2,2.0,1.3332416466737365,False,False,Deng_Liu_LUAD_2024;Hu_Zhang_2023_NSCLC,1.0,0.6666208233368682,III-IV,1,0.0,1,1,0.0,0.6666208233368682
COL1A1_integrin_a1b1_complex,Fibroblast peribronchial,Pericyte,2,2.0,1.9989176810407911,True,False,Deng_Liu_LUAD_2024;Hu_Zhang_2023_NSCLC,1.0,0.9994588405203956,III-IV,1,0.33322514335172565,3,1,0.33322514335172565,0.66623369716867
COL1A2_integrin_a1b1_complex,Fibroblast peribronchial,Pericyte,2,2.0,1.9980777835571208,True,False,Deng_Liu_LUAD_2024;Hu_Zhang_2023_NSCLC,1.0,0.9990388917785604,III-IV,1,0.3329727000613077,3,1,0.3329727000613077,0.6660661917172528
COL3A1_integrin_a1b1_complex,Fibroblast peribronchial,Pericyte,2,2.0,1.998303623867119,True,False,Deng_Liu_LUAD_2024;Hu_Zhang_2023_NSCLC,1.0,0.9991518119335595,III-IV,1,0.33311695337011793,3,1,0.33311695337011793,0.6660348585634416
CD44_TYROBP,T cell CD8 effector memory,pDC,4,3.0,2.66229894604282,False,True,Deng_Liu_LUAD_2024;Hu_Zhang_2023_NSCLC;Zilionis_Klein_2019,0.75,0.665574736510705,III-IV,1,0.0,3,1,0.0,0.665574736510705
CD44_TYROBP,Monocyte classical,pDC,4,3.0,2.6600340182189512,True,True,Deng_Liu_LUAD_2024;Hu_Zhang_2023_NSCLC;Zilionis_Klein_2019,0.75,0.6650085045547378,III-IV,1,0.0,3,1,0.0,0.6650085045547378
FN1_integrin_a4b1_complex,Pericyte,T cell CD4,2,2.0,1.854760927093864,True,False,Deng_Liu_LUAD_2024;Hu_Zhang_2023_NSCLC,1.0,0.927380463546932,III-IV,1,0.2624688953802878,3,1,0.2624688953802878,0.6649115681666442
CD44_TYROBP,T cell regulatory,pDC,4,3.0,2.657710673930439,False,True,Deng_Liu_LUAD_2024;Hu_Zhang_2023_NSCLC;Zilionis_Klein_2019,0.75,0.6644276684826097,III-IV,1,0.0,3,1,0.0,0.6644276684826097
FN1_integrin_aVb1_complex,Pericyte,Pericyte,2,2.0,1.8972520626677798,True,False,Deng_Liu_LUAD_2024;Hu_Zhang_2023_NSCLC,1.0,0.9486260313338899,III-IV,1,0.28488225323668365,3,1,0.28488225323668365,0.6637437780972062
COL1A2_integrin_a1b1_complex,Pericyte,Pericyte,2,2.0,1.9917325260958432,True,False,Deng_Liu_LUAD_2024;Hu_Zhang_2023_NSCLC,1.0,0.9958662630479216,III-IV,1,0.33257600346207944,3,1,0.33257600346207944,0.6632902595858421
FN1_integrin_a4b1_complex,Pericyte,NK cell,2,2.0,1.8708241830517158,True,False,Deng_Liu_LUAD_2024;Hu_Zhang_2023_NSCLC,1.0,0.9354120915258579,III-IV,1,0.2725125320062029,3,1,0.2725125320062029,0.662899559519655
integrin_aVb1_complex_ADGRE5,Pericyte,pDC,2,2.0,1.3241268812546176,False,True,Deng_Liu_LUAD_2024;Hu_Zhang_2023_NSCLC,1.0,0.6620634406273088,III-IV,1,0.0,2,1,0.0,0.6620634406273088
COL6A2_integrin_a1b1_complex,Pericyte,T cell CD8 dividing,2,2.0,1.8447027880474336,True,False,Deng_Liu_LUAD_2024;Hu_Zhang_2023_NSCLC,1.0,0.9223513940237168,III-IV,1,0.26075588733816585,3,1,0.26075588733816585,0.661595506685551
CD44_TYROBP,T cell CD4,pDC,4,3.0,2.6452527018338126,False,True,Deng_Liu_LUAD_2024;Hu_Zhang_2023_NSCLC;Zilionis_Klein_2019,0.75,0.6613131754584531,III-IV,1,0.0,3,1,0.0,0.6613131754584531
FN1_integrin_a11b1_complex,Pericyte,Fibroblast peribronchial,2,2.0,1.8407956721102923,True,False,Deng_Liu_LUAD_2024;Hu_Zhang_2023_NSCLC,1.0,0.9203978360551461,III-IV,1,0.2593313859136644,3,1,0.2593313859136644,0.6610664501414818
COL6A2_integrin_a1b1_complex,Pericyte,Pericyte,2,2.0,1.953590390491284,True,False,Deng_Liu_LUAD_2024;Hu_Zhang_2023_NSCLC,1.0,0.976795195245642,III-IV,1,0.31620325291211365,3,1,0.31620325291211365,0.6605919423335282
FN1_integrin_a4b1_complex,Pericyte,T cell regulatory,2,2.0,1.8640978509177535,True,False,Deng_Liu_LUAD_2024;Hu_Zhang_2023_NSCLC,1.0,0.9320489254588767,III-IV,1,0.2714847271809297,3,1,0.2714847271809297,0.6605641982779471
APP_CD74,pDC,NK cell,4,3.0,2.6422371987768924,True,False,Chen_Zhang_2020;Deng_Liu_LUAD_2024;Hu_Zhang_2023_NSCLC,0.75,0.6605592996942231,III-IV,1,0.0,3,1,0.0,0.6605592996942231
COL1A1_integrin_a1b1_complex,Pericyte,Pericyte,2,2.0,1.9823675774830511,True,False,Deng_Liu_LUAD_2024;Hu_Zhang_2023_NSCLC,1.0,0.9911837887415256,III-IV,1,0.33088102708355877,3,1,0.33088102708355877,0.6603027616579669
FN1_integrin_aVb1_complex,Fibroblast peribronchial,Pericyte,2,2.0,1.9499883790810646,True,False,Deng_Liu_LUAD_2024;Hu_Zhang_2023_NSCLC,1.0,0.9749941895405323,III-IV,1,0.31486890980561866,3,1,0.31486890980561866,0.6601252797349136
COL18A1_integrin_a1b1_complex,Pericyte,T cell CD8 effector memory,2,2.0,1.7917557971471894,True,False,Deng_Liu_LUAD_2024;Hu_Zhang_2023_NSCLC,1.0,0.8958778985735947,III-IV,1,0.23580006491398897,3,1,0.23580006491398897,0.6600778336596057
COL3A1_integrin_a1b1_complex,Pericyte,Pericyte,2,2.0,1.9813801720971864,True,False,Deng_Liu_LUAD_2024;Hu_Zhang_2023_NSCLC,1.0,0.9906900860485932,III-IV,1,0.33098921706516643,3,1,0.33098921706516643,0.6597008689834267
COL4A2_integrin_a1b1_complex,Pericyte,Pericyte,2,2.0,1.9805176996487674,True,False,Deng_Liu_LUAD_2024;Hu_Zhang_2023_NSCLC,1.0,0.9902588498243837,III-IV,1,0.33107937538317284,3,1,0.33107937538317284,0.6591794744412109
COL1A1_integrin_a1b1_complex,Fibroblast peribronchial,T cell CD4 dividing,3,2.0,1.9738631218538976,True,False,Deng_Liu_LUAD_2024;Hu_Zhang_2023_NSCLC,0.6666666666666666,0.6579543739512992,III-IV,1,0.0,2,1,0.0,0.6579543739512992
COL18A1_integrin_a1b1_complex,Pericyte,Pericyte,2,2.0,1.9550938015473027,True,False,Deng_Liu_LUAD_2024;Hu_Zhang_2023_NSCLC,1.0,0.9775469007736514,III-IV,1,0.319593205669155,3,1,0.319593205669155,0.6579536951044964
COL18A1_integrin_a1b1_complex,Pericyte,T cell CD8 terminally exhausted,2,2.0,1.8615982099916573,True,False,Deng_Liu_LUAD_2024;Hu_Zhang_2023_NSCLC,1.0,0.9307991049958286,III-IV,1,0.2737567167946915,3,1,0.2737567167946915,0.6570423882011371
COL1A1_integrin_a2b1_complex,Fibroblast peribronchial,T cell CD8 dividing,3,2.0,1.9701664839682795,True,False,Deng_Liu_LUAD_2024;Hu_Zhang_2023_NSCLC,0.6666666666666666,0.6567221613227598,III-IV,1,0.0,4,1,0.0,0.6567221613227598
COL4A1_integrin_a1b1_complex,Pericyte,Pericyte,2,2.0,1.9738591276666941,True,False,Deng_Liu_LUAD_2024;Hu_Zhang_2023_NSCLC,1.0,0.9869295638333471,III-IV,1,0.3302679505211151,3,1,0.3302679505211151,0.656661613312232
COL6A3_integrin_a1b1_complex,Fibroblast peribronchial,Pericyte,2,2.0,1.9661674009893375,True,False,Deng_Liu_LUAD_2024;Hu_Zhang_2023_NSCLC,1.0,0.9830837004946688,III-IV,1,0.3280680875617585,3,1,0.3280680875617585,0.6550156129329103
COL3A1_integrin_a1b1_complex,Fibroblast peribronchial,T cell CD4 dividing,3,2.0,1.9650424857613018,True,False,Deng_Liu_LUAD_2024;Hu_Zhang_2023_NSCLC,0.6666666666666666,0.6550141619204339,III-IV,1,0.0,2,1,0.0,0.6550141619204339
VEGFA_NRP2,Mast cell,DC mature,3,3.0,1.9636482455268438,True,True,Chen_Zhang_2020;Deng_Liu_LUAD_2024;Hu_Zhang_2023_NSCLC,1.0,0.6545494151756146,III-IV,1,0.0,1,1,0.0,0.6545494151756146
COL1A2_integrin_a1b1_complex,Pericyte,T cell CD8 terminally exhausted,2,2.0,1.958922786548883,True,False,Deng_Liu_LUAD_2024;Hu_Zhang_2023_NSCLC,1.0,0.9794613932744415,III-IV,1,0.3249666414223376,3,1,0.3249666414223376,0.6544947518521038
COL1A2_integrin_a1b1_complex,Pericyte,T cell CD8 dividing,2,2.0,1.9589751038534005,True,False,Deng_Liu_LUAD_2024;Hu_Zhang_2023_NSCLC,1.0,0.9794875519267002,III-IV,1,0.32503876807674276,3,1,0.32503876807674276,0.6544487838499575
NECTIN3_TIGIT,Pericyte,T cell CD8 terminally exhausted,2,2.0,1.3085494957562793,False,True,Deng_Liu_LUAD_2024;Hu_Zhang_2023_NSCLC,1.0,0.6542747478781397,III-IV,1,0.0,3,1,0.0,0.6542747478781397
COL1A2_integrin_a1b1_complex,Fibroblast peribronchial,T cell CD4 dividing,3,2.0,1.9619867814464778,True,False,Deng_Liu_LUAD_2024;Hu_Zhang_2023_NSCLC,0.6666666666666666,0.6539955938154925,III-IV,1,0.0,2,1,0.0,0.6539955938154925
COL3A1_integrin_a2b1_complex,Fibroblast peribronchial,T cell CD8 dividing,3,2.0,1.9615694014757319,True,False,Deng_Liu_LUAD_2024;Hu_Zhang_2023_NSCLC,0.6666666666666666,0.6538564671585773,III-IV,1,0.0,4,1,0.0,0.6538564671585773
PLAU_PLAUR,cDC2,Neutrophils,4,3.0,2.6152781865374735,True,True,Deng_Liu_LUAD_2024;Hu_Zhang_2023_NSCLC;Maynard_Bivona_2020,0.75,0.6538195466343684,III-IV,1,0.0,3,1,0.0,0.6538195466343684
FN1_integrin_aVb1_complex,Pericyte,Fibroblast peribronchial,2,2.0,1.890555765008337,True,False,Deng_Liu_LUAD_2024;Hu_Zhang_2023_NSCLC,1.0,0.9452778825041686,III-IV,1,0.29189657037758304,3,1,0.29189657037758304,0.6533813121265855
COL6A2_integrin_a1b1_complex,Fibroblast peribronchial,Pericyte,2,2.0,1.9497250850812242,True,False,Deng_Liu_LUAD_2024;Hu_Zhang_2023_NSCLC,1.0,0.9748625425406121,III-IV,1,0.3215045620108911,3,1,0.3215045620108911,0.6533579805297209
COL1A2_integrin_a2b1_complex,Fibroblast peribronchial,T cell CD8 dividing,3,2.0,1.9584525201145353,True,False,Deng_Liu_LUAD_2024;Hu_Zhang_2023_NSCLC,0.6666666666666666,0.6528175067048451,III-IV,1,0.0,4,1,0.0,0.6528175067048451
FN1_integrin_a4b1_complex,Pericyte,T cell CD8 dividing,2,2.0,1.8544656292283357,True,False,Deng_Liu_LUAD_2024;Hu_Zhang_2023_NSCLC,1.0,0.9272328146141678,III-IV,1,0.27455010999314794,3,1,0.27455010999314794,0.65268270462102
FN1_integrin_aVb5_complex,Pericyte,Fibroblast peribronchial,2,2.0,1.8679814348969952,True,False,Deng_Liu_LUAD_2024;Hu_Zhang_2023_NSCLC,1.0,0.9339907174484976,III-IV,1,0.2815644271340474,3,1,0.2815644271340474,0.6524262903144502
NECTIN2_TIGIT,DC mature,T cell CD4 dividing,3,3.0,1.9553700994300414,True,True,Chen_Zhang_2020;Deng_Liu_LUAD_2024;Hu_Zhang_2023_NSCLC,1.0,0.6517900331433472,III-IV,1,0.0,1,1,0.0,0.6517900331433472
THY1_ADGRE5,Pericyte,T cell CD8 terminally exhausted,2,2.0,1.9185013702832352,True,True,Deng_Liu_LUAD_2024;Hu_Zhang_2023_NSCLC,1.0,0.9592506851416176,III-IV,1,0.30765624436510514,3,1,0.30765624436510514,0.6515944407765124
FN1_integrin_aVb1_complex,Pericyte,Monocyte classical,2,2.0,1.8170650323587592,True,False,Deng_Liu_LUAD_2024;Hu_Zhang_2023_NSCLC,1.0,0.9085325161793796,III-IV,1,0.2570774279635039,3,1,0.2570774279635039,0.6514550882158756
PLAU_PLAUR,Neutrophils,cDC2,4,4.0,2.605159330077087,False,True,Deng_Liu_LUAD_2024;Hu_Zhang_2023_NSCLC;Maynard_Bivona_2020;Zilionis_Klein_2019,1.0,0.6512898325192717,III-IV,1,0.0,3,1,0.0,0.6512898325192717
CD86_CTLA4,DC mature,T cell CD4,3,3.0,1.953437842682959,True,False,Chen_Zhang_2020;Deng_Liu_LUAD_2024;Hu_Zhang_2023_NSCLC,1.0,0.6511459475609863,III-IV,1,0.0,1,1,0.0,0.6511459475609863
COL18A1_integrin_a1b1_complex,Pericyte,T cell CD8 dividing,2,2.0,1.8495806526528082,True,False,Deng_Liu_LUAD_2024;Hu_Zhang_2023_NSCLC,1.0,0.9247903263264041,III-IV,1,0.27411735006671717,3,1,0.27411735006671717,0.650672976259687
COL1A2_integrin_a11b1_complex,Pericyte,Fibroblast peribronchial,2,2.0,1.9433177842429323,True,False,Deng_Liu_LUAD_2024;Hu_Zhang_2023_NSCLC,1.0,0.9716588921214662,III-IV,1,0.32139637202928345,3,1,0.32139637202928345,0.6502625200921828
FN1_integrin_a4b1_complex,Pericyte,myeloid dividing,2,2.0,1.8132322949366662,True,False,Deng_Liu_LUAD_2024;Hu_Zhang_2023_NSCLC,1.0,0.9066161474683331,III-IV,1,0.25659057304626925,3,1,0.25659057304626925,0.6500255744220638
COL6A2_integrin_a1b1_complex,Pericyte,Fibroblast peribronchial,2,2.0,1.7699888015683567,True,False,Deng_Liu_LUAD_2024;Hu_Zhang_2023_NSCLC,1.0,0.8849944007841783,III-IV,1,0.23529517833315303,3,1,0.23529517833315303,0.6496992224510253
CD44_TYROBP,B cell,Neutrophils,4,3.0,2.5986894300844297,False,True,Hu_Zhang_2023_NSCLC;Maynard_Bivona_2020;Zilionis_Klein_2019,0.75,0.6496723575211074,III-IV,1,0.0,3,1,0.0,0.6496723575211074
COL5A2_integrin_a1b1_complex,Fibroblast peribronchial,Pericyte,2,2.0,1.9535203335558324,True,False,Deng_Liu_LUAD_2024;Hu_Zhang_2023_NSCLC,1.0,0.9767601667779162,III-IV,1,0.3274189476721122,3,1,0.3274189476721122,0.649341219105804
ICAM1_integrin_aXb2_complex,DC mature,Neutrophils,2,2.0,1.2986114996447338,True,False,Deng_Liu_LUAD_2024;Hu_Zhang_2023_NSCLC,1.0,0.6493057498223669,III-IV,1,0.0,1,1,0.0,0.6493057498223669
COL4A2_integrin_a1b1_complex,Pericyte,T cell CD8 terminally exhausted,2,2.0,1.942366694228741,True,False,Deng_Liu_LUAD_2024;Hu_Zhang_2023_NSCLC,1.0,0.9711833471143705,III-IV,1,0.3219733852645245,3,1,0.3219733852645245,0.6492099618498459
LAMC1_integrin_a6b1_complex,Pericyte,Plasma cell,2,2.0,1.2974128052815708,True,False,Deng_Liu_LUAD_2024;Hu_Zhang_2023_NSCLC,1.0,0.6487064026407854,III-IV,1,0.0,3,1,0.0,0.6487064026407854
COL4A2_integrin_a1b1_complex,Pericyte,T cell CD8 dividing,2,2.0,1.9410911281315308,True,False,Deng_Liu_LUAD_2024;Hu_Zhang_2023_NSCLC,1.0,0.9705455640657654,III-IV,1,0.3220094485917271,3,1,0.3220094485917271,0.6485361154740383
THY1_ADGRE5,Pericyte,NK cell,2,2.0,1.9262139694848934,True,True,Deng_Liu_LUAD_2024;Hu_Zhang_2023_NSCLC,1.0,0.9631069847424467,III-IV,1,0.31479678315121357,3,1,0.31479678315121357,0.6483102015912332
COL1A1_integrin_a1b1_complex,Pericyte,T cell CD8 dividing,2,2.0,1.939132012047476,True,False,Deng_Liu_LUAD_2024;Hu_Zhang_2023_NSCLC,1.0,0.969566006023738,III-IV,1,0.32161275199249884,3,1,0.32161275199249884,0.6479532540312392
FN1_integrin_aVb1_complex,Pericyte,Macrophage,2,2.0,1.82455205820114,True,False,Deng_Liu_LUAD_2024;Hu_Zhang_2023_NSCLC,1.0,0.91227602910057,III-IV,1,0.2646507266760431,3,1,0.2646507266760431,0.6476253024245269
JAG1_CD46,Pericyte,DC mature,2,2.0,1.2952072785715796,True,False,Deng_Liu_LUAD_2024;Hu_Zhang_2023_NSCLC,1.0,0.6476036392857898,III-IV,1,0.0,1,1,0.0,0.6476036392857898
COL1A1_integrin_a1b1_complex,Pericyte,T cell CD8 terminally exhausted,2,2.0,1.9373607335717167,True,False,Deng_Liu_LUAD_2024;Hu_Zhang_2023_NSCLC,1.0,0.9686803667858583,III-IV,1,0.32157668866529626,3,1,0.32157668866529626,0.6471036781205621
THY1_ADGRE5,Pericyte,T cell CD8 effector memory,2,2.0,1.9023758090344547,True,False,Deng_Liu_LUAD_2024;Hu_Zhang_2023_NSCLC,1.0,0.9511879045172273,III-IV,1,0.30478920985250096,3,1,0.30478920985250096,0.6463986946647264
COL3A1_integrin_a1b1_complex,Pericyte,T cell CD8 dividing,2,2.0,1.936385628066244,True,False,Deng_Liu_LUAD_2024;Hu_Zhang_2023_NSCLC,1.0,0.968192814033122,III-IV,1,0.3218291319557142,3,1,0.3218291319557142,0.6463636820774077
COL1A2_integrin_a1b1_complex,Pericyte,Fibroblast peribronchial,2,2.0,1.9384976666190052,True,False,Deng_Liu_LUAD_2024;Hu_Zhang_2023_NSCLC,1.0,0.9692488333095026,III-IV,1,0.32294709509899383,3,1,0.32294709509899383,0.6463017382105087
FN1_integrin_aVb5_complex,Fibroblast peribronchial,Pericyte,2,2.0,1.9153190154800996,True,False,Deng_Liu_LUAD_2024;Hu_Zhang_2023_NSCLC,1.0,0.9576595077400498,III-IV,1,0.31144289372137474,3,1,0.31144289372137474,0.6462166140186751
FN1_integrin_a4b1_complex,Pericyte,T cell CD8 effector memory,2,2.0,1.8263450503478127,True,False,Deng_Liu_LUAD_2024;Hu_Zhang_2023_NSCLC,1.0,0.9131725251739063,III-IV,1,0.2671030329258177,3,1,0.2671030329258177,0.6460694922480886
COL1A2_integrin_a1b1_complex,Pericyte,T cell CD8 effector memory,2,2.0,1.936057157796022,True,False,Deng_Liu_LUAD_2024;Hu_Zhang_2023_NSCLC,1.0,0.968028578898011,III-IV,1,0.32204551191892966,3,1,0.32204551191892966,0.6459830669790814
FN1_integrin_a5b1_complex,Pericyte,Monocyte classical,2,2.0,1.8351822575323369,True,False,Deng_Liu_LUAD_2024;Hu_Zhang_2023_NSCLC,1.0,0.9175911287661684,III-IV,1,0.2718092971257528,3,1,0.2718092971257528,0.6457818316404156
SELPLG_SELL,cDC1,Neutrophils,2,2.0,1.2914930420855972,True,True,Deng_Liu_LUAD_2024;Hu_Zhang_2023_NSCLC,1.0,0.6457465210427986,III-IV,1,0.0,1,1,0.0,0.6457465210427986
COL3A1_integrin_a1b1_complex,Pericyte,T cell CD8 terminally exhausted,2,2.0,1.9349062274647002,True,False,Deng_Liu_LUAD_2024;Hu_Zhang_2023_NSCLC,1.0,0.9674531137323501,III-IV,1,0.3217570053013091,3,1,0.3217570053013091,0.6456961084310411
COL4A1_integrin_a1b1_complex,Pericyte,T cell CD8 terminally exhausted,2,2.0,1.9333976889401148,True,False,Deng_Liu_LUAD_2024;Hu_Zhang_2023_NSCLC,1.0,0.9666988444700574,III-IV,1,0.32110786541166286,3,1,0.32110786541166286,0.6455909790583945
APP_CD74,DC mature,Monocyte classical,3,2.0,1.9367578329234614,False,True,Deng_Liu_LUAD_2024;Hu_Zhang_2023_NSCLC,0.6666666666666666,0.6455859443078205,III-IV,1,0.0,1,1,0.0,0.6455859443078205
THY1_ADGRE5,Pericyte,B cell,2,2.0,1.8669028733951047,True,False,Deng_Liu_LUAD_2024;Hu_Zhang_2023_NSCLC,1.0,0.9334514366975524,III-IV,1,0.287893541058098,3,1,0.287893541058098,0.6455578956394543
COL4A2_integrin_a11b1_complex,Pericyte,Fibroblast peribronchial,2,2.0,1.92004308624932,True,False,Deng_Liu_LUAD_2024;Hu_Zhang_2023_NSCLC,1.0,0.96002154312466,III-IV,1,0.3146525298424033,3,1,0.3146525298424033,0.6453690132822567
COL6A2_integrin_a1b1_complex,Pericyte,NK cell,2,2.0,1.707970774799183,True,False,Deng_Liu_LUAD_2024;Hu_Zhang_2023_NSCLC,1.0,0.8539853873995915,III-IV,1,0.20896894947527858,3,1,0.20896894947527858,0.645016437924313
COL4A1_integrin_a1b1_complex,Pericyte,T cell CD8 dividing,2,2.0,1.9297756713362357,True,False,Deng_Liu_LUAD_2024;Hu_Zhang_2023_NSCLC,1.0,0.9648878356681179,III-IV,1,0.32114392873886544,3,1,0.32114392873886544,0.6437439069292524
COL18A1_integrin_a1b1_complex,Pericyte,Fibroblast peribronchial,2,2.0,1.7806707641554045,True,False,Deng_Liu_LUAD_2024;Hu_Zhang_2023_NSCLC,1.0,0.8903353820777022,III-IV,1,0.24831403945327998,3,1,0.24831403945327998,0.6420213426244222
CCL5_CCR4,T cell CD8 terminally exhausted,T cell CD4 dividing,3,2.0,1.9259403802534718,True,False,Deng_Liu_LUAD_2024;Hu_Zhang_2023_NSCLC,0.6666666666666666,0.6419801267511572,III-IV,1,0.0,2,1,0.0,0.6419801267511572
COL1A2_integrin_a1b1_complex,Pericyte,NK cell,2,2.0,1.9265744385839976,True,False,Deng_Liu_LUAD_2024;Hu_Zhang_2023_NSCLC,1.0,0.9632872192919988,III-IV,1,0.3213603087020808,3,1,0.3213603087020808,0.6419269105899179
THY1_ADGRE5,Pericyte,T cell CD8 dividing,2,2.0,1.9025887803049764,True,True,Deng_Liu_LUAD_2024;Hu_Zhang_2023_NSCLC,1.0,0.9512943901524882,III-IV,1,0.30963972736124634,3,1,0.30963972736124634,0.6416546627912418
COL4A1_integrin_a11b1_complex,Pericyte,Fibroblast peribronchial,2,2.0,1.9043245996660918,True,False,Deng_Liu_LUAD_2024;Hu_Zhang_2023_NSCLC,1.0,0.9521622998330459,III-IV,1,0.31120848209455804,3,1,0.31120848209455804,0.6409538177384879
FN1_integrin_a4b1_complex,Pericyte,B cell,2,2.0,1.8023430728171657,True,False,Deng_Liu_LUAD_2024;Hu_Zhang_2023_NSCLC,1.0,0.9011715364085828,III-IV,1,0.2602690324209312,3,1,0.2602690324209312,0.6409025039876517
FN1_integrin_aVb1_complex,Pericyte,myeloid dividing,2,2.0,1.7926193625825229,True,False,Deng_Liu_LUAD_2024;Hu_Zhang_2023_NSCLC,1.0,0.8963096812912614,III-IV,1,0.2557430848570089,3,1,0.2557430848570089,0.6405665964342525
FN1_integrin_a4b1_complex,Fibroblast peribronchial,DC mature,3,2.0,1.9202351950691523,True,False,Deng_Liu_LUAD_2024;Hu_Zhang_2023_NSCLC,0.6666666666666666,0.6400783983563841,III-IV,1,0.0,1,1,0.0,0.6400783983563841
FN1_integrin_a4b1_complex,Pericyte,Monocyte classical,2,2.0,1.812794042441619,True,False,Deng_Liu_LUAD_2024;Hu_Zhang_2023_NSCLC,1.0,0.9063970212208095,III-IV,1,0.2664899563633741,3,1,0.2664899563633741,0.6399070648574354
CCL5_CCR1,NK cell,Neutrophils,3,2.0,1.9194456052043827,True,False,Deng_Liu_LUAD_2024;Hu_Zhang_2023_NSCLC,0.6666666666666666,0.6398152017347942,III-IV,1,0.0,3,1,0.0,0.6398152017347942
FN1_integrin_a4b1_complex,Fibroblast peribronchial,Pericyte,2,2.0,1.8999450111735499,True,False,Deng_Liu_LUAD_2024;Hu_Zhang_2023_NSCLC,1.0,0.9499725055867749,III-IV,1,0.3103609939052977,3,1,0.3103609939052977,0.6396115116814772
CCL5_CCR5,T cell CD8 terminally exhausted,Macrophage alveolar,3,2.0,1.9174973786950236,True,False,Deng_Liu_LUAD_2024;Hu_Zhang_2023_NSCLC,0.6666666666666666,0.6391657928983412,III-IV,1,0.0,4,1,0.0,0.6391657928983412
CD44_TYROBP,Macrophage,pDC,4,3.0,2.5545905428961357,True,True,Deng_Liu_LUAD_2024;Hu_Zhang_2023_NSCLC;Zilionis_Klein_2019,0.75,0.6386476357240339,III-IV,1,0.0,3,1,0.0,0.6386476357240339
PLAU_PLAUR,Mast cell,Neutrophils,4,3.0,2.5542535106992754,False,True,Deng_Liu_LUAD_2024;Hu_Zhang_2023_NSCLC;Maynard_Bivona_2020,0.75,0.6385633776748189,III-IV,1,0.0,3,1,0.0,0.6385633776748189
COL4A2_integrin_a1b1_complex,Pericyte,T cell CD8 effector memory,2,2.0,1.9094917683377868,True,False,Deng_Liu_LUAD_2024;Hu_Zhang_2023_NSCLC,1.0,0.9547458841688934,III-IV,1,0.3162753795665188,3,1,0.3162753795665188,0.6384705046023746
COL3A1_integrin_a11b1_complex,Pericyte,Fibroblast peribronchial,2,2.0,1.903904907801366,True,False,Deng_Liu_LUAD_2024;Hu_Zhang_2023_NSCLC,1.0,0.951952453900683,III-IV,1,0.31412961159796604,3,1,0.31412961159796604,0.6378228423027169
CXCL2_CXCR2,Fibroblast peribronchial,Neutrophils,3,3.0,1.9131005730809496,True,True,Deng_Liu_LUAD_2024;Hu_Zhang_2023_NSCLC;Zilionis_Klein_2019,1.0,0.6377001910269832,III-IV,1,0.0,3,1,0.0,0.6377001910269832
COL1A1_integrin_a11b1_complex,Pericyte,Fibroblast peribronchial,2,2.0,1.9023405967233078,True,False,Deng_Liu_LUAD_2024;Hu_Zhang_2023_NSCLC,1.0,0.9511702983616539,III-IV,1,0.3135165350355224,3,1,0.3135165350355224,0.6376537633261314
COL4A2_ADGRG6,Pericyte,myeloid dividing,2,2.0,1.8261080736596218,True,False,Deng_Liu_LUAD_2024;Hu_Zhang_2023_NSCLC,1.0,0.9130540368298109,III-IV,1,0.2755174875089222,3,1,0.2755174875089222,0.6375365493208887
COL6A1_integrin_a1b1_complex,Pericyte,Pericyte,2,2.0,1.911948263983196,True,False,Deng_Liu_LUAD_2024;Hu_Zhang_2023_NSCLC,1.0,0.955974131991598,III-IV,1,0.3190883190883191,3,1,0.3190883190883191,0.6368858129032788
APP_TREM2_receptor,pDC,Macrophage,4,4.0,2.547539682292517,True,False,Chen_Zhang_2020;Deng_Liu_LUAD_2024;Hu_Zhang_2023_NSCLC;Zilionis_Klein_2019,1.0,0.6368849205731293,III-IV,1,0.0,3,1,0.0,0.6368849205731293
COL6A1_integrin_a1b1_complex,Fibroblast peribronchial,Pericyte,2,2.0,1.9203884046358037,True,False,Deng_Liu_LUAD_2024;Hu_Zhang_2023_NSCLC,1.0,0.9601942023179019,III-IV,1,0.32402899491507087,3,1,0.32402899491507087,0.636165207402831
COL8A1_integrin_a1b1_complex,Fibroblast peribronchial,Pericyte,2,2.0,1.8960299471564501,True,False,Deng_Liu_LUAD_2024;Hu_Zhang_2023_NSCLC,1.0,0.9480149735782251,III-IV,1,0.3124526668830466,3,1,0.3124526668830466,0.6355623066951784
FN1_integrin_aVb1_complex,Pericyte,cDC2,2,2.0,1.773037575238046,True,False,Deng_Liu_LUAD_2024;Hu_Zhang_2023_NSCLC,1.0,0.886518787619023,III-IV,1,0.25219084712755596,3,1,0.25219084712755596,0.634327940491467
COL12A1_integrin_a1b1_complex,Fibroblast peribronchial,Pericyte,2,2.0,1.8524204391655674,True,False,Deng_Liu_LUAD_2024;Hu_Zhang_2023_NSCLC,1.0,0.9262102195827837,III-IV,1,0.29216704533160226,3,1,0.29216704533160226,0.6340431742511814
COL18A1_integrin_a1b1_complex,Pericyte,NK cell,2,2.0,1.7209285779087822,True,False,Deng_Liu_LUAD_2024;Hu_Zhang_2023_NSCLC,1.0,0.8604642889543911,III-IV,1,0.22651375815932775,3,1,0.22651375815932775,0.6339505307950634
FN1_integrin_aVb1_complex,Pericyte,Macrophage alveolar,2,2.0,1.7762765286308477,True,False,Deng_Liu_LUAD_2024;Hu_Zhang_2023_NSCLC,1.0,0.8881382643154239,III-IV,1,0.2543366150961088,3,1,0.2543366150961088,0.633801649219315
COL4A2_integrin_a1b1_complex,Pericyte,Fibroblast peribronchial,2,2.0,1.9057088046331523,True,False,Deng_Liu_LUAD_2024;Hu_Zhang_2023_NSCLC,1.0,0.9528544023165761,III-IV,1,0.31934076237873704,3,1,0.31934076237873704,0.6335136399378392
CCL19_CCR7,DC mature,T cell CD4,3,3.0,1.8986718395934368,True,True,Chen_Zhang_2020;Deng_Liu_LUAD_2024;Hu_Zhang_2023_NSCLC,1.0,0.6328906131978123,III-IV,1,0.0,1,1,0.0,0.6328906131978123
COL4A1_integrin_a1b1_complex,Pericyte,T cell CD8 effector memory,2,2.0,1.8929556822113045,True,False,Deng_Liu_LUAD_2024;Hu_Zhang_2023_NSCLC,1.0,0.9464778411056523,III-IV,1,0.31389519997114934,3,1,0.31389519997114934,0.6325826411345029
FN1_integrin_a3b1_complex,Fibroblast peribronchial,Pericyte,2,2.0,1.8556845816254615,True,False,Deng_Liu_LUAD_2024;Hu_Zhang_2023_NSCLC,1.0,0.9278422908127307,III-IV,1,0.2952865231346244,3,1,0.2952865231346244,0.6325557676781064
TNF_TNFRSF1B,myeloid dividing,Neutrophils,2,2.0,1.26473292466838,True,False,Deng_Liu_LUAD_2024;Hu_Zhang_2023_NSCLC,1.0,0.63236646233419,III-IV,1,0.0,2,1,0.0,0.63236646233419
IL1B_IL1_receptor,Monocyte classical,Pericyte,2,2.0,1.7460257384013085,True,False,Deng_Liu_LUAD_2024;Hu_Zhang_2023_NSCLC,1.0,0.8730128692006542,III-IV,1,0.2407948357315446,3,1,0.2407948357315446,0.6322180334691097
THY1_ADGRE5,Pericyte,T cell CD4,2,2.0,1.847907108361785,True,False,Deng_Liu_LUAD_2024;Hu_Zhang_2023_NSCLC,1.0,0.9239535541808925,III-IV,1,0.2926178369216344,3,1,0.2926178369216344,0.6313357172592582
COL1A1_integrin_a1b1_complex,Pericyte,T cell CD8 effector memory,2,2.0,1.893274960310472,True,False,Deng_Liu_LUAD_2024;Hu_Zhang_2023_NSCLC,1.0,0.946637480155236,III-IV,1,0.3154819863680623,3,1,0.3154819863680623,0.6311554937871737
COL3A1_integrin_a1b1_complex,Pericyte,T cell CD8 effector memory,2,2.0,1.893804122118048,True,False,Deng_Liu_LUAD_2024;Hu_Zhang_2023_NSCLC,1.0,0.946902061059024,III-IV,1,0.3158065563128854,3,1,0.3158065563128854,0.6310955047461386
COL5A2_integrin_a1b1_complex,Pericyte,Pericyte,2,2.0,1.9094500031419597,True,False,Deng_Liu_LUAD_2024;Hu_Zhang_2023_NSCLC,1.0,0.9547250015709798,III-IV,1,0.32406505824227344,3,1,0.32406505824227344,0.6306599433287063
PPIA_BSG,myeloid dividing,Pericyte,2,2.0,1.8921815251202947,True,True,Deng_Liu_LUAD_2024;Hu_Zhang_2023_NSCLC,1.0,0.9460907625601473,III-IV,1,0.3155360813588662,3,1,0.3155360813588662,0.6305546812012812
FN1_integrin_a5b1_complex,Fibroblast peribronchial,Pericyte,2,2.0,1.8730677124634094,True,False,Deng_Liu_LUAD_2024;Hu_Zhang_2023_NSCLC,1.0,0.9365338562317047,III-IV,1,0.3061415846225973,3,1,0.3061415846225973,0.6303922716091075
COL1A1_integrin_a1b1_complex,Pericyte,Fibroblast peribronchial,2,2.0,1.8971274017178612,True,False,Deng_Liu_LUAD_2024;Hu_Zhang_2023_NSCLC,1.0,0.9485637008589306,III-IV,1,0.3182949258898626,3,1,0.3182949258898626,0.6302687749690681
COL3A1_integrin_a1b1_complex,Pericyte,Fibroblast peribronchial,2,2.0,1.8977248877996047,True,False,Deng_Liu_LUAD_2024;Hu_Zhang_2023_NSCLC,1.0,0.9488624438998023,III-IV,1,0.318763749143496,3,1,0.318763749143496,0.6300986947563063
CD44_TYROBP,Macrophage alveolar,pDC,4,3.0,2.519810971465384,True,True,Deng_Liu_LUAD_2024;Hu_Zhang_2023_NSCLC;Zilionis_Klein_2019,0.75,0.629952742866346,III-IV,1,0.0,3,1,0.0,0.629952742866346
CD86_CTLA4,DC mature,T cell CD8 activated,3,3.0,1.888163714276072,True,False,Chen_Zhang_2020;Deng_Liu_LUAD_2024;Hu_Zhang_2023_NSCLC,1.0,0.6293879047586907,III-IV,1,0.0,1,1,0.0,0.6293879047586907
FN1_integrin_a5b1_complex,Pericyte,Macrophage,2,2.0,1.8031011927176892,True,False,Deng_Liu_LUAD_2024;Hu_Zhang_2023_NSCLC,1.0,0.9015505963588446,III-IV,1,0.2725125320062029,3,1,0.2725125320062029,0.6290380643526416
AREG_EGFR,pDC,Pericyte,2,2.0,1.2579806429096105,True,True,Deng_Liu_LUAD_2024;Hu_Zhang_2023_NSCLC,1.0,0.6289903214548053,III-IV,1,0.0,2,1,0.0,0.6289903214548053
FN1_integrin_a4b1_complex,Pericyte,Mast cell,2,2.0,1.7669984699593504,True,False,Deng_Liu_LUAD_2024;Hu_Zhang_2023_NSCLC,1.0,0.8834992349796752,III-IV,1,0.2545169317321216,3,1,0.2545169317321216,0.6289823032475537
JAG1_CD46,Pericyte,Neutrophils,2,2.0,1.2572108527294523,True,False,Deng_Liu_LUAD_2024;Hu_Zhang_2023_NSCLC,1.0,0.6286054263647262,III-IV,1,0.0,2,1,0.0,0.6286054263647262
FN1_integrin_aVb5_complex,Pericyte,Pericyte,2,2.0,1.8118655072449519,True,False,Deng_Liu_LUAD_2024;Hu_Zhang_2023_NSCLC,1.0,0.9059327536224759,III-IV,1,0.27738108117854954,3,1,0.27738108117854954,0.6285516724439264
COL1A1_integrin_a1b1_complex,Pericyte,NK cell,2,2.0,1.8834792086387913,True,False,Deng_Liu_LUAD_2024;Hu_Zhang_2023_NSCLC,1.0,0.9417396043193956,III-IV,1,0.3131919650906993,3,1,0.3131919650906993,0.6285476392286964
integrin_aVb1_complex_ADGRE5,Pericyte,T cell CD8 terminally exhausted,2,2.0,1.614600096033759,False,True,Deng_Liu_LUAD_2024;Hu_Zhang_2023_NSCLC,1.0,0.8073000480168795,III-IV,1,0.17885607126113456,3,1,0.17885607126113456,0.6284439767557449
CCL5_CCR4,T cell CD8 effector memory,T cell CD4 dividing,3,2.0,1.8850612694213953,True,False,Deng_Liu_LUAD_2024;Hu_Zhang_2023_NSCLC,0.6666666666666666,0.6283537564737984,III-IV,1,0.0,2,1,0.0,0.6283537564737984
FN1_integrin_a4b1_complex,Pericyte,cDC2,2,2.0,1.8083083888871214,True,False,Deng_Liu_LUAD_2024;Hu_Zhang_2023_NSCLC,1.0,0.9041541944435607,III-IV,1,0.27631721302607376,3,1,0.27631721302607376,0.6278369814174869
CXCL16_CXCR6,DC mature,T cell CD8 terminally exhausted,3,3.0,1.8828870808153173,True,True,Chen_Zhang_2020;Deng_Liu_LUAD_2024;Hu_Zhang_2023_NSCLC,1.0,0.6276290269384391,III-IV,1,0.0,1,1,0.0,0.6276290269384391
COL4A1_integrin_a1b1_complex,Pericyte,Fibroblast peribronchial,2,2.0,1.8892459032986828,True,False,Deng_Liu_LUAD_2024;Hu_Zhang_2023_NSCLC,1.0,0.9446229516493414,III-IV,1,0.3170687727649753,3,1,0.3170687727649753,0.6275541788843662
FN1_integrin_a5b1_complex,Pericyte,cDC2,2,2.0,1.7826783645345672,True,False,Deng_Liu_LUAD_2024;Hu_Zhang_2023_NSCLC,1.0,0.8913391822672836,III-IV,1,0.2643802517220239,3,1,0.2643802517220239,0.6269589305452596
HLA-E_KLRC2,myeloid dividing,NK cell,3,3.0,2.3193155827141467,True,True,Chen_Zhang_2020;Deng_Liu_LUAD_2024;Hu_Zhang_2023_NSCLC,1.0,0.7731051942380489,III-IV,1,0.14628482972136223,4,1,0.14628482972136223,0.6268203645166867
APP_CD74,DC mature,Macrophage alveolar,3,2.0,1.8803827624121574,False,True,Chen_Zhang_2020;Hu_Zhang_2023_NSCLC,0.6666666666666666,0.6267942541373858,III-IV,1,0.0,1,1,0.0,0.6267942541373858
FN1_integrin_a4b7_complex,Pericyte,cDC2,2,2.0,1.7488986368770885,True,False,Deng_Liu_LUAD_2024;Hu_Zhang_2023_NSCLC,1.0,0.8744493184385442,III-IV,1,0.24851238775289408,3,1,0.24851238775289408,0.6259369306856502
APP_CD74,pDC,Plasma cell,4,3.0,2.5035573402827547,True,False,Chen_Zhang_2020;Deng_Liu_LUAD_2024;Hu_Zhang_2023_NSCLC,0.75,0.6258893350706887,III-IV,1,0.0,3,1,0.0,0.6258893350706887
COL4A2_integrin_a1b1_complex,Pericyte,NK cell,2,2.0,1.8799953153674223,True,False,Deng_Liu_LUAD_2024;Hu_Zhang_2023_NSCLC,1.0,0.9399976576837111,III-IV,1,0.3143459915611814,3,1,0.3143459915611814,0.6256516661225298
COL6A3_integrin_a1b1_complex,Pericyte,Pericyte,2,2.0,1.8981419907460173,True,False,Deng_Liu_LUAD_2024;Hu_Zhang_2023_NSCLC,1.0,0.9490709953730087,III-IV,1,0.32350607667063364,3,1,0.32350607667063364,0.6255649187023751
FN1_integrin_a4b7_complex,Pericyte,NK cell,2,2.0,1.7817858525748222,True,False,Deng_Liu_LUAD_2024;Hu_Zhang_2023_NSCLC,1.0,0.8908929262874111,III-IV,1,0.26533592989289195,3,1,0.26533592989289195,0.6255569963945191
CD44_TYROBP,B cell,pDC,4,3.0,2.5009415198869784,False,True,Deng_Liu_LUAD_2024;Hu_Zhang_2023_NSCLC;Zilionis_Klein_2019,0.75,0.6252353799717446,III-IV,1,0.0,3,1,0.0,0.6252353799717446
COL1A2_integrin_a2b1_complex,Pericyte,Fibroblast peribronchial,2,2.0,1.8941408880078463,True,False,Deng_Liu_LUAD_2024;Hu_Zhang_2023_NSCLC,1.0,0.9470704440039232,III-IV,1,0.3220815752461322,3,1,0.3220815752461322,0.6249888687577909
COL5A1_integrin_a1b1_complex,Fibroblast peribronchial,Pericyte,2,2.0,1.9014295140596296,True,False,Deng_Liu_LUAD_2024;Hu_Zhang_2023_NSCLC,1.0,0.9507147570298148,III-IV,1,0.3257600346207941,3,1,0.3257600346207941,0.6249547224090206
COL3A1_integrin_a1b1_complex,Pericyte,NK cell,2,2.0,1.8766968621846654,True,False,Deng_Liu_LUAD_2024;Hu_Zhang_2023_NSCLC,1.0,0.9383484310923327,III-IV,1,0.3137870099895416,3,1,0.3137870099895416,0.624561421102791
ICAM1_integrin_aXb2_complex,Neutrophils,myeloid dividing,2,2.0,1.248923820907375,False,False,Deng_Liu_LUAD_2024;Hu_Zhang_2023_NSCLC,1.0,0.6244619104536875,III-IV,1,0.0,2,1,0.0,0.6244619104536875
THY1_ADGRE5,Pericyte,Mast cell,2,2.0,1.8371222136061498,True,False,Deng_Liu_LUAD_2024;Hu_Zhang_2023_NSCLC,1.0,0.9185611068030749,III-IV,1,0.2942947816365538,3,1,0.2942947816365538,0.624266325166521
FN1_integrin_a4b1_complex,Pericyte,Macrophage,2,2.0,1.7580537622231447,True,False,Deng_Liu_LUAD_2024;Hu_Zhang_2023_NSCLC,1.0,0.8790268811115723,III-IV,1,0.2548054383497422,3,1,0.2548054383497422,0.6242214427618302
FN1_integrin_a4b7_complex,Pericyte,myeloid dividing,2,2.0,1.7447314504959834,True,False,Deng_Liu_LUAD_2024;Hu_Zhang_2023_NSCLC,1.0,0.8723657252479917,III-IV,1,0.24851238775289408,3,1,0.24851238775289408,0.6238533374950976
SELPLG_SELL,DC mature,Neutrophils,2,2.0,1.2470233382826332,True,True,Deng_Liu_LUAD_2024;Hu_Zhang_2023_NSCLC,1.0,0.6235116691413166,III-IV,1,0.0,1,1,0.0,0.6235116691413166
SEMA4D_PTPRC,T cell CD4 dividing,NK cell,3,2.0,1.8700500410711238,True,True,Deng_Liu_LUAD_2024;Hu_Zhang_2023_NSCLC,0.6666666666666666,0.6233500136903746,III-IV,1,0.0,2,1,0.0,0.6233500136903746
FN1_integrin_a5b1_complex,Pericyte,Fibroblast peribronchial,2,2.0,1.8006275266004306,True,False,Deng_Liu_LUAD_2024;Hu_Zhang_2023_NSCLC,1.0,0.9003137633002153,III-IV,1,0.2776335244689675,3,1,0.2776335244689675,0.6226802388312478
FN1_integrin_a2b1_complex,Fibroblast peribronchial,T cell CD8 dividing,3,2.0,1.8661155551298672,True,False,Deng_Liu_LUAD_2024;Hu_Zhang_2023_NSCLC,0.6666666666666666,0.6220385183766224,III-IV,1,0.0,4,1,0.0,0.6220385183766224
IL1RN_IL1_receptor_inhibitor,myeloid dividing,Neutrophils,2,2.0,1.2424583097014787,True,False,Deng_Liu_LUAD_2024;Hu_Zhang_2023_NSCLC,1.0,0.6212291548507394,III-IV,1,0.0,2,1,0.0,0.6212291548507394
COL11A1_integrin_a1b1_complex,Fibroblast peribronchial,Pericyte,2,2.0,1.7996386806880333,True,False,Deng_Liu_LUAD_2024;Hu_Zhang_2023_NSCLC,1.0,0.8998193403440167,III-IV,1,0.27889574092105734,3,1,0.27889574092105734,0.6209235994229594
FN1_integrin_a4b7_complex,Pericyte,T cell CD8 terminally exhausted,2,2.0,1.7782170135692965,True,False,Deng_Liu_LUAD_2024;Hu_Zhang_2023_NSCLC,1.0,0.8891085067846483,III-IV,1,0.26887013595874354,3,1,0.26887013595874354,0.6202383708259047
SEMA4D_PTPRC,T cell CD8 dividing,T cell CD8 activated,3,2.0,1.8598126471339194,True,True,Deng_Liu_LUAD_2024;Hu_Zhang_2023_NSCLC,0.6666666666666666,0.6199375490446398,III-IV,1,0.0,2,1,0.0,0.6199375490446398
FN1_integrin_a4b1_complex,Pericyte,Pericyte,2,2.0,1.7888155062063624,True,False,Deng_Liu_LUAD_2024;Hu_Zhang_2023_NSCLC,1.0,0.8944077531031812,III-IV,1,0.2747304266291608,3,1,0.2747304266291608,0.6196773264740204
CD44_TYROBP,cDC2,pDC,4,3.0,2.477850185344952,True,True,Deng_Liu_LUAD_2024;Hu_Zhang_2023_NSCLC;Zilionis_Klein_2019,0.75,0.619462546336238,III-IV,1,0.0,3,1,0.0,0.619462546336238
CCL5_CCR4,T cell CD8 dividing,T cell CD4 dividing,3,2.0,1.8571062553927824,True,False,Deng_Liu_LUAD_2024;Hu_Zhang_2023_NSCLC,0.6666666666666666,0.6190354184642608,III-IV,1,0.0,2,1,0.0,0.6190354184642608
FN1_integrin_a5b1_complex,Fibroblast peribronchial,DC mature,3,2.0,1.8557128834386978,True,False,Deng_Liu_LUAD_2024;Hu_Zhang_2023_NSCLC,0.6666666666666666,0.6185709611462326,III-IV,1,0.0,1,1,0.0,0.6185709611462326
CADM1_NECTIN3,cDC1,Pericyte,2,2.0,1.2368746122792618,True,False,Deng_Liu_LUAD_2024;Hu_Zhang_2023_NSCLC,1.0,0.6184373061396309,III-IV,1,0.0,1,1,0.0,0.6184373061396309
FN1_integrin_a5b1_complex,Pericyte,NK cell,2,2.0,1.741035673904201,True,False,Deng_Liu_LUAD_2024;Hu_Zhang_2023_NSCLC,1.0,0.8705178369521005,III-IV,1,0.25280392368999965,3,1,0.25280392368999965,0.6177139132621008
COL4A1_integrin_a1b1_complex,Pericyte,NK cell,2,2.0,1.8566196999276454,True,False,Deng_Liu_LUAD_2024;Hu_Zhang_2023_NSCLC,1.0,0.9283098499638227,III-IV,1,0.3109560388041401,3,1,0.3109560388041401,0.6173538111596826
APP_CD74,pDC,T cell CD4,4,3.0,2.4685136307855524,True,False,Chen_Zhang_2020;Deng_Liu_LUAD_2024;Hu_Zhang_2023_NSCLC,0.75,0.6171284076963881,III-IV,1,0.0,3,1,0.0,0.6171284076963881
JAG1_CD46,Pericyte,pDC,2,2.0,1.2342306769332354,True,False,Deng_Liu_LUAD_2024;Hu_Zhang_2023_NSCLC,1.0,0.6171153384666177,III-IV,1,0.0,2,1,0.0,0.6171153384666177
FN1_integrin_a4b7_complex,Pericyte,B cell,2,2.0,1.7376197624041878,True,False,Deng_Liu_LUAD_2024;Hu_Zhang_2023_NSCLC,1.0,0.8688098812020939,III-IV,1,0.2517039922103213,3,1,0.2517039922103213,0.6171058889917727
COL4A1_ADGRG6,Pericyte,myeloid dividing,2,2.0,1.7955810398018688,True,False,Deng_Liu_LUAD_2024;Hu_Zhang_2023_NSCLC,1.0,0.8977905199009344,III-IV,1,0.2808708065667381,3,1,0.2808708065667381,0.6169197133341964
VEGFA_NRP2,cDC2,DC mature,3,3.0,1.8506737345191646,True,True,Chen_Zhang_2020;Deng_Liu_LUAD_2024;Hu_Zhang_2023_NSCLC,1.0,0.6168912448397216,III-IV,1,0.0,1,1,0.0,0.6168912448397216
AREG_EGFR,pDC,Fibroblast peribronchial,4,4.0,2.4666297363439886,True,True,Chen_Zhang_2020;Deng_Liu_LUAD_2024;Hu_Zhang_2023_NSCLC;Zilionis_Klein_2019,1.0,0.6166574340859972,III-IV,1,0.0,3,1,0.0,0.6166574340859972
CD44_TYROBP,T cell CD8 terminally exhausted,pDC,3,2.0,1.849965147316806,False,True,Deng_Liu_LUAD_2024;Hu_Zhang_2023_NSCLC,0.6666666666666666,0.616655049105602,III-IV,1,0.0,2,1,0.0,0.616655049105602
CD44_TYROBP,T cell CD8 activated,Neutrophils,3,2.0,1.8498721418380393,False,True,Hu_Zhang_2023_NSCLC;Zilionis_Klein_2019,0.6666666666666666,0.6166240472793464,III-IV,1,0.0,2,1,0.0,0.6166240472793464
ICAM1_integrin_aXb2_complex,cDC1,Neutrophils,2,2.0,1.2330014947830072,True,False,Deng_Liu_LUAD_2024;Hu_Zhang_2023_NSCLC,1.0,0.6165007473915036,III-IV,1,0.0,1,1,0.0,0.6165007473915036
COL6A1_integrin_a11b1_complex,Pericyte,Fibroblast peribronchial,2,2.0,1.6829161199129743,True,False,Deng_Liu_LUAD_2024;Hu_Zhang_2023_NSCLC,1.0,0.8414580599564871,III-IV,1,0.22575642828807385,3,1,0.22575642828807385,0.6157016316684133
SEMA4D_PTPRC,Neutrophils,NK cell,3,2.0,1.8442933511198403,False,True,Deng_Liu_LUAD_2024;Hu_Zhang_2023_NSCLC,0.6666666666666666,0.6147644503732801,III-IV,1,0.0,3,1,0.0,0.6147644503732801
CCL5_CCR5,T cell CD8 dividing,Macrophage alveolar,3,2.0,1.8438897317032428,True,False,Deng_Liu_LUAD_2024;Hu_Zhang_2023_NSCLC,0.6666666666666666,0.6146299105677476,III-IV,1,0.0,4,1,0.0,0.6146299105677476
FN1_integrin_a4b7_complex,Pericyte,T cell CD8 effector memory,2,2.0,1.7486599275276138,True,False,Deng_Liu_LUAD_2024;Hu_Zhang_2023_NSCLC,1.0,0.8743299637638069,III-IV,1,0.2598543041581016,3,1,0.2598543041581016,0.6144756596057053
CD44_TYROBP,T cell CD8 dividing,pDC,3,2.0,1.842935800930435,False,True,Deng_Liu_LUAD_2024;Hu_Zhang_2023_NSCLC,0.6666666666666666,0.6143119336434784,III-IV,1,0.0,2,1,0.0,0.6143119336434784
JAG1_NOTCH2,Pericyte,DC mature,2,2.0,1.228435710680944,True,False,Deng_Liu_LUAD_2024;Hu_Zhang_2023_NSCLC,1.0,0.614217855340472,III-IV,1,0.0,1,1,0.0,0.614217855340472
CCL5_CCR4,NK cell,T cell CD4 dividing,3,2.0,1.8426458823737757,True,False,Deng_Liu_LUAD_2024;Hu_Zhang_2023_NSCLC,0.6666666666666666,0.6142152941245919,III-IV,1,0.0,2,1,0.0,0.6142152941245919
FN1_integrin_a5b1_complex,Pericyte,myeloid dividing,2,2.0,1.785465058074676,True,False,Deng_Liu_LUAD_2024;Hu_Zhang_2023_NSCLC,1.0,0.892732529037338,III-IV,1,0.27894983591186123,3,1,0.27894983591186123,0.6137826931254768
APP_CD74,pDC,Mast cell,4,3.0,2.454041853560253,True,False,Chen_Zhang_2020;Deng_Liu_LUAD_2024;Hu_Zhang_2023_NSCLC,0.75,0.6135104633900632,III-IV,1,0.0,3,1,0.0,0.6135104633900632
FN1_integrin_a4b1_complex,Pericyte,Macrophage alveolar,2,2.0,1.7260070182049714,True,False,Deng_Liu_LUAD_2024;Hu_Zhang_2023_NSCLC,1.0,0.8630035091024857,III-IV,1,0.24966641422337624,3,1,0.24966641422337624,0.6133370948791095
SEMA4D_PTPRC,myeloid dividing,T cell CD8 effector memory,3,2.0,1.8394795798715449,True,True,Deng_Liu_LUAD_2024;Hu_Zhang_2023_NSCLC,0.6666666666666666,0.6131598599571816,III-IV,1,0.0,4,1,0.0,0.6131598599571816
CD44_TYROBP,T cell CD4 dividing,pDC,3,2.0,1.8359767784302368,True,True,Deng_Liu_LUAD_2024;Hu_Zhang_2023_NSCLC,0.6666666666666666,0.6119922594767456,III-IV,1,0.0,2,1,0.0,0.6119922594767456
THY1_ADGRE5,Pericyte,Monocyte classical,2,2.0,1.8304444614666102,True,False,Deng_Liu_LUAD_2024;Hu_Zhang_2023_NSCLC,1.0,0.9152222307333051,III-IV,1,0.3034728984096073,3,1,0.3034728984096073,0.6117493323236978
FN1_integrin_a4b7_complex,Pericyte,T cell CD8 dividing,2,2.0,1.763250653087384,True,False,Deng_Liu_LUAD_2024;Hu_Zhang_2023_NSCLC,1.0,0.881625326543692,III-IV,1,0.2706192073280681,3,1,0.2706192073280681,0.6110061192156239
PPIA_BSG,Macrophage,Pericyte,2,2.0,1.8146233650703825,True,True,Deng_Liu_LUAD_2024;Hu_Zhang_2023_NSCLC,1.0,0.9073116825351912,III-IV,1,0.29642251794150526,3,1,0.29642251794150526,0.610889164593686
HLA-E_VSIR,NK cell,myeloid dividing,3,2.0,1.831904702057912,False,True,Deng_Liu_LUAD_2024;Hu_Zhang_2023_NSCLC,0.6666666666666666,0.6106349006859707,III-IV,1,0.0,4,1,0.0,0.6106349006859707
FN1_integrin_a5b1_complex,Pericyte,Macrophage alveolar,2,2.0,1.7771950002890118,True,False,Deng_Liu_LUAD_2024;Hu_Zhang_2023_NSCLC,1.0,0.8885975001445059,III-IV,1,0.2779941577409932,3,1,0.2779941577409932,0.6106033424035127
CCL19_CCR7,DC mature,T cell CD8 activated,3,3.0,1.8317541090827612,True,True,Chen_Zhang_2020;Deng_Liu_LUAD_2024;Hu_Zhang_2023_NSCLC,1.0,0.610584703027587,III-IV,1,0.0,1,1,0.0,0.610584703027587
THY1_ADGRE5,Pericyte,cDC2,2,2.0,1.8188617114474654,True,False,Deng_Liu_LUAD_2024;Hu_Zhang_2023_NSCLC,1.0,0.9094308557237327,III-IV,1,0.2995419957445274,3,1,0.2995419957445274,0.6098888599792054
FN1_integrin_aVb5_complex,Pericyte,myeloid dividing,2,2.0,1.7309834883625301,True,False,Deng_Liu_LUAD_2024;Hu_Zhang_2023_NSCLC,1.0,0.8654917441812651,III-IV,1,0.2557430848570089,3,1,0.2557430848570089,0.6097486593242561
CD58_CD2,DC mature,T cell CD8 terminally exhausted,3,2.0,1.828929415388599,True,True,Deng_Liu_LUAD_2024;Hu_Zhang_2023_NSCLC,0.6666666666666666,0.6096431384628663,III-IV,1,0.0,1,1,0.0,0.6096431384628663
COL6A1_integrin_a1b1_complex,Pericyte,T cell CD8 terminally exhausted,2,2.0,1.7624359547444186,True,False,Deng_Liu_LUAD_2024;Hu_Zhang_2023_NSCLC,1.0,0.8812179773722093,III-IV,1,0.2725125320062029,3,1,0.2725125320062029,0.6087054453660063
FN1_integrin_a8b1_complex,Pericyte,Fibroblast peribronchial,2,2.0,1.7265384566488853,True,False,Deng_Liu_LUAD_2024;Hu_Zhang_2023_NSCLC,1.0,0.8632692283244426,III-IV,1,0.2548054383497422,3,1,0.2548054383497422,0.6084637899747005
SEMA4D_PTPRC,myeloid dividing,NK cell,3,2.0,1.8253728107849865,True,True,Deng_Liu_LUAD_2024;Hu_Zhang_2023_NSCLC,0.6666666666666666,0.6084576035949955,III-IV,1,0.0,4,1,0.0,0.6084576035949955
APP_CD74,pDC,Neutrophils,3,2.0,1.8252718681547917,True,False,Deng_Liu_LUAD_2024;Hu_Zhang_2023_NSCLC,0.6666666666666666,0.6084239560515973,III-IV,1,0.0,3,1,0.0,0.6084239560515973
THY1_ADGRE5,Pericyte,T cell regulatory,2,2.0,1.7940347252318536,True,False,Deng_Liu_LUAD_2024;Hu_Zhang_2023_NSCLC,1.0,0.8970173626159268,III-IV,1,0.2885967759385481,3,1,0.2885967759385481,0.6084205866773786
CD44_TYROBP,Neutrophils,Neutrophils,4,3.0,2.431962406451098,False,True,Hu_Zhang_2023_NSCLC;Maynard_Bivona_2020;Zilionis_Klein_2019,0.75,0.6079906016127745,III-IV,1,0.0,3,1,0.0,0.6079906016127745
FN1_integrin_a3b1_complex,Pericyte,Pericyte,2,2.0,1.7117973522074679,True,False,Deng_Liu_LUAD_2024;Hu_Zhang_2023_NSCLC,1.0,0.8558986761037339,III-IV,1,0.24811569115366583,3,1,0.24811569115366583,0.6077829849500681
FN1_integrin_aVb5_complex,Pericyte,Macrophage alveolar,2,2.0,1.7238172113666852,True,False,Deng_Liu_LUAD_2024;Hu_Zhang_2023_NSCLC,1.0,0.8619086056833426,III-IV,1,0.2543366150961088,3,1,0.2543366150961088,0.6075719905872339
LAMC1_integrin_a2b1_complex,Pericyte,T cell CD8 dividing,2,2.0,1.2143819136836904,True,False,Deng_Liu_LUAD_2024;Hu_Zhang_2023_NSCLC,1.0,0.6071909568418452,III-IV,1,0.0,3,1,0.0,0.6071909568418452
COL6A1_integrin_a1b1_complex,Pericyte,T cell CD8 dividing,2,2.0,1.7592639102832823,True,False,Deng_Liu_LUAD_2024;Hu_Zhang_2023_NSCLC,1.0,0.8796319551416412,III-IV,1,0.27285513361462727,3,1,0.27285513361462727,0.606776821527014
APP_SORL1,Pericyte,DC mature,2,2.0,1.2124661896838194,True,False,Deng_Liu_LUAD_2024;Hu_Zhang_2023_NSCLC,1.0,0.6062330948419097,III-IV,1,0.0,1,1,0.0,0.6062330948419097
THBS1_CD36,Pericyte,pDC,2,2.0,1.2122401680488033,True,True,Deng_Liu_LUAD_2024;Hu_Zhang_2023_NSCLC,1.0,0.6061200840244017,III-IV,1,0.0,2,1,0.0,0.6061200840244017
COL10A1_integrin_a1b1_complex,Fibroblast peribronchial,Pericyte,2,2.0,1.8439662710080897,True,False,Deng_Liu_LUAD_2024;Hu_Zhang_2023_NSCLC,1.0,0.9219831355040449,III-IV,1,0.31620325291211365,3,1,0.31620325291211365,0.6057798825919312
APP_CD74,Fibroblast peribronchial,Plasma cell,4,3.0,2.4216661742999186,True,False,Chen_Zhang_2020;Deng_Liu_LUAD_2024;Hu_Zhang_2023_NSCLC,0.75,0.6054165435749796,III-IV,1,0.0,5,1,0.0,0.6054165435749796
CCL19_CCRL2,DC mature,Neutrophils,2,2.0,1.2100198331290035,True,False,Deng_Liu_LUAD_2024;Hu_Zhang_2023_NSCLC,1.0,0.6050099165645018,III-IV,1,0.0,1,1,0.0,0.6050099165645018
COL6A2_integrin_a2b1_complex,Pericyte,Fibroblast peribronchial,2,2.0,1.650659341082211,True,False,Deng_Liu_LUAD_2024;Hu_Zhang_2023_NSCLC,1.0,0.8253296705411055,III-IV,1,0.2209059107793285,3,1,0.2209059107793285,0.604423759761777
CD44_TYROBP,DC mature,pDC,3,2.0,1.8131079714527534,False,True,Deng_Liu_LUAD_2024;Hu_Zhang_2023_NSCLC,0.6666666666666666,0.6043693238175845,III-IV,1,0.0,1,1,0.0,0.6043693238175845
FN1_integrin_a5b1_complex,Pericyte,Pericyte,2,2.0,1.7423575534331082,True,False,Deng_Liu_LUAD_2024;Hu_Zhang_2023_NSCLC,1.0,0.8711787767165541,III-IV,1,0.2671030329258177,3,1,0.2671030329258177,0.6040757437907364
APP_CD74,pDC,T cell CD8 activated,4,3.0,2.4156105471405143,True,False,Chen_Zhang_2020;Deng_Liu_LUAD_2024;Hu_Zhang_2023_NSCLC,0.75,0.6039026367851286,III-IV,1,0.0,2,1,0.0,0.6039026367851286
CCL19_CCR7,DC mature,B cell,3,3.0,1.810466219474415,True,True,Chen_Zhang_2020;Deng_Liu_LUAD_2024;Hu_Zhang_2023_NSCLC,1.0,0.603488739824805,III-IV,1,0.0,1,1,0.0,0.603488739824805
FN1_integrin_aVb5_complex,Pericyte,Macrophage,2,2.0,1.736245575644375,True,False,Deng_Liu_LUAD_2024;Hu_Zhang_2023_NSCLC,1.0,0.8681227878221875,III-IV,1,0.2646507266760431,3,1,0.2646507266760431,0.6034720611461444
COL4A2_integrin_a2b1_complex,Pericyte,Fibroblast peribronchial,2,2.0,1.8392691370776642,True,False,Deng_Liu_LUAD_2024;Hu_Zhang_2023_NSCLC,1.0,0.9196345685388321,III-IV,1,0.3163655378845252,3,1,0.3163655378845252,0.6032690306543069
CD40LG_CD40,T cell CD4,DC mature,3,3.0,1.8091580852787534,False,True,Chen_Zhang_2020;Deng_Liu_LUAD_2024;Hu_Zhang_2023_NSCLC,1.0,0.6030526950929178,III-IV,1,0.0,1,1,0.0,0.6030526950929178
COL14A1_integrin_a1b1_complex,Pericyte,Pericyte,2,2.0,1.793013825085708,True,False,Deng_Liu_LUAD_2024;Hu_Zhang_2023_NSCLC,1.0,0.896506912542854,III-IV,1,0.29348335677449605,3,1,0.29348335677449605,0.6030235557683579
integrin_aVb1_complex_ADGRE5,Pericyte,NK cell,2,2.0,1.6283760930297273,False,True,Deng_Liu_LUAD_2024;Hu_Zhang_2023_NSCLC,1.0,0.8141880465148637,III-IV,1,0.21131306574344547,3,1,0.21131306574344547,0.6028749807714182
COL1A1_integrin_a2b1_complex,Pericyte,Fibroblast peribronchial,2,2.0,1.8360841530617664,True,False,Deng_Liu_LUAD_2024;Hu_Zhang_2023_NSCLC,1.0,0.9180420765308832,III-IV,1,0.3155360813588662,3,1,0.3155360813588662,0.6025059951720171
SEMA4D_PTPRC,myeloid dividing,T cell CD8 terminally exhausted,3,2.0,1.807257313235886,True,True,Deng_Liu_LUAD_2024;Hu_Zhang_2023_NSCLC,0.6666666666666666,0.602419104411962,III-IV,1,0.0,4,1,0.0,0.602419104411962
PPIA_BSG,myeloid dividing,pDC,3,2.0,1.8061837935768594,True,False,Deng_Liu_LUAD_2024;Hu_Zhang_2023_NSCLC,0.6666666666666666,0.6020612645256198,III-IV,1,0.0,2,1,0.0,0.6020612645256198
PPIA_BSG,T cell CD4 dividing,pDC,3,2.0,1.805595182347389,True,False,Deng_Liu_LUAD_2024;Hu_Zhang_2023_NSCLC,0.6666666666666666,0.601865060782463,III-IV,1,0.0,2,1,0.0,0.601865060782463
HLA-E_VSIR,T cell CD8 effector memory,myeloid dividing,3,2.0,1.804057148286532,False,True,Deng_Liu_LUAD_2024;Hu_Zhang_2023_NSCLC,0.6666666666666666,0.6013523827621773,III-IV,1,0.0,4,1,0.0,0.6013523827621773
HLA-E_VSIR,T cell CD8 terminally exhausted,myeloid dividing,3,2.0,1.8007295924383762,False,True,Deng_Liu_LUAD_2024;Hu_Zhang_2023_NSCLC,0.6666666666666666,0.6002431974794588,III-IV,1,0.0,4,1,0.0,0.6002431974794588
COL3A1_integrin_a2b1_complex,Pericyte,Fibroblast peribronchial,2,2.0,1.8315216227364166,True,False,Deng_Liu_LUAD_2024;Hu_Zhang_2023_NSCLC,1.0,0.9157608113682083,III-IV,1,0.31593277795809444,3,1,0.31593277795809444,0.5998280334101138
PPIA_BSG,T cell CD4 dividing,DC mature,3,2.0,1.799394002723381,True,False,Deng_Liu_LUAD_2024;Hu_Zhang_2023_NSCLC,0.6666666666666666,0.5997980009077937,III-IV,1,0.0,1,1,0.0,0.5997980009077937
CD248_IL6R,Pericyte,DC mature,2,2.0,1.199524111482731,True,True,Deng_Liu_LUAD_2024;Hu_Zhang_2023_NSCLC,1.0,0.5997620557413655,III-IV,1,0.0,1,1,0.0,0.5997620557413655
APP_TREM2_receptor,pDC,Macrophage alveolar,4,4.0,2.398909187860822,True,False,Chen_Zhang_2020;Deng_Liu_LUAD_2024;Hu_Zhang_2023_NSCLC;Zilionis_Klein_2019,1.0,0.5997272969652055,III-IV,1,0.0,3,1,0.0,0.5997272969652055
APP_TNFRSF21,pDC,cDC1,3,3.0,1.7990813625496775,True,False,Chen_Zhang_2020;Deng_Liu_LUAD_2024;Hu_Zhang_2023_NSCLC,1.0,0.5996937875165592,III-IV,1,0.0,1,1,0.0,0.5996937875165592
SEMA4D_PTPRC,myeloid dividing,T cell CD4,3,2.0,1.7990201306833582,True,True,Deng_Liu_LUAD_2024;Hu_Zhang_2023_NSCLC,0.6666666666666666,0.5996733768944528,III-IV,1,0.0,4,1,0.0,0.5996733768944528
PPIA_BSG,myeloid dividing,DC mature,3,2.0,1.798215626835853,True,False,Deng_Liu_LUAD_2024;Hu_Zhang_2023_NSCLC,0.6666666666666666,0.5994052089452843,III-IV,1,0.0,1,1,0.0,0.5994052089452843
HLA-E_KLRK1,T cell CD8 activated,T cell CD8 dividing,3,2.0,1.7969295043080482,False,True,Chen_Zhang_2020;Deng_Liu_LUAD_2024,0.6666666666666666,0.5989765014360161,III-IV,1,0.0,2,1,0.0,0.5989765014360161
COL6A3_integrin_a1b1_complex,Fibroblast peribronchial,T cell CD4 dividing,3,2.0,1.7947011097836554,True,False,Deng_Liu_LUAD_2024;Hu_Zhang_2023_NSCLC,0.6666666666666666,0.5982337032612185,III-IV,1,0.0,2,1,0.0,0.5982337032612185
SEMA4D_PTPRC,myeloid dividing,T cell CD8 activated,3,2.0,1.7930213702211817,True,True,Deng_Liu_LUAD_2024;Hu_Zhang_2023_NSCLC,0.6666666666666666,0.5976737900737272,III-IV,1,0.0,2,1,0.0,0.5976737900737272
CXCL16_CXCR6,Neutrophils,T cell CD8 terminally exhausted,2,2.0,1.1945320221895885,False,True,Deng_Liu_LUAD_2024;Hu_Zhang_2023_NSCLC,1.0,0.5972660110947943,III-IV,1,0.0,2,1,0.0,0.5972660110947943
FN1_integrin_aVb1_complex,Macrophage,Pericyte,2,2.0,1.5007129750078319,True,False,Deng_Liu_LUAD_2024;Hu_Zhang_2023_NSCLC,1.0,0.7503564875039159,III-IV,1,0.15341339391972303,3,1,0.15341339391972303,0.5969430935841928
CD58_CD2,DC mature,T cell CD4 dividing,3,2.0,1.7906500520030078,True,True,Deng_Liu_LUAD_2024;Hu_Zhang_2023_NSCLC,0.6666666666666666,0.5968833506676693,III-IV,1,0.0,1,1,0.0,0.5968833506676693
HLA-E_VSIR,B cell,myeloid dividing,3,2.0,1.7898386426943977,False,True,Deng_Liu_LUAD_2024;Hu_Zhang_2023_NSCLC,0.6666666666666666,0.5966128808981326,III-IV,1,0.0,4,1,0.0,0.5966128808981326
HLA-E_VSIR,T cell regulatory,myeloid dividing,3,2.0,1.7881122522342214,False,True,Deng_Liu_LUAD_2024;Hu_Zhang_2023_NSCLC,0.6666666666666666,0.5960374174114071,III-IV,1,0.0,4,1,0.0,0.5960374174114071
IFNG_Type_II_IFNR,T cell CD8 terminally exhausted,Neutrophils,2,2.0,1.191369864978743,True,False,Deng_Liu_LUAD_2024;Hu_Zhang_2023_NSCLC,1.0,0.5956849324893715,III-IV,1,0.0,2,1,0.0,0.5956849324893715
PPIA_BSG,T cell CD4 dividing,Plasma cell,3,2.0,1.7858941586931172,True,False,Deng_Liu_LUAD_2024;Hu_Zhang_2023_NSCLC,0.6666666666666666,0.5952980528977058,III-IV,1,0.0,2,1,0.0,0.5952980528977058
PPIA_BSG,myeloid dividing,Plasma cell,3,2.0,1.7841617593233146,True,False,Deng_Liu_LUAD_2024;Hu_Zhang_2023_NSCLC,0.6666666666666666,0.5947205864411048,III-IV,1,0.0,4,1,0.0,0.5947205864411048
COL18A1_integrin_a2b1_complex,Pericyte,Fibroblast peribronchial,2,2.0,1.661187217698353,True,False,Deng_Liu_LUAD_2024;Hu_Zhang_2023_NSCLC,1.0,0.8305936088491765,III-IV,1,0.23596234988640052,3,1,0.23596234988640052,0.594631258962776
PPIA_BSG,Macrophage alveolar,Pericyte,2,2.0,1.786840972458966,True,True,Deng_Liu_LUAD_2024;Hu_Zhang_2023_NSCLC,1.0,0.893420486229483,III-IV,1,0.299073172490894,3,1,0.299073172490894,0.5943473137385891
HLA-E_VSIR,T cell CD4,myeloid dividing,3,2.0,1.7824839639679788,False,True,Deng_Liu_LUAD_2024;Hu_Zhang_2023_NSCLC,0.6666666666666666,0.5941613213226596,III-IV,1,0.0,4,1,0.0,0.5941613213226596
COL6A3_integrin_a2b1_complex,Fibroblast peribronchial,T cell CD8 dividing,3,2.0,1.7809685753871558,True,False,Deng_Liu_LUAD_2024;Hu_Zhang_2023_NSCLC,0.6666666666666666,0.5936561917957186,III-IV,1,0.0,4,1,0.0,0.5936561917957186
CD58_CD2,DC mature,T cell regulatory,3,2.0,1.7805149858176637,True,True,Deng_Liu_LUAD_2024;Hu_Zhang_2023_NSCLC,0.6666666666666666,0.5935049952725545,III-IV,1,0.0,1,1,0.0,0.5935049952725545
THY1_ADGRE5,Pericyte,Macrophage,2,2.0,1.7769500100423838,True,True,Deng_Liu_LUAD_2024;Hu_Zhang_2023_NSCLC,1.0,0.8884750050211919,III-IV,1,0.29499801651700386,3,1,0.29499801651700386,0.5934769885041881
APP_SORL1,pDC,Neutrophils,3,2.0,1.7785103521172687,True,True,Deng_Liu_LUAD_2024;Hu_Zhang_2023_NSCLC,0.6666666666666666,0.5928367840390896,III-IV,1,0.0,3,1,0.0,0.5928367840390896
COL6A1_integrin_a1b1_complex,Pericyte,T cell CD8 effector memory,2,2.0,1.6527978782716397,True,False,Deng_Liu_LUAD_2024;Hu_Zhang_2023_NSCLC,1.0,0.8263989391358199,III-IV,1,0.23433950016228497,3,1,0.23433950016228497,0.5920594389735349
THY1_ADGRE5,Pericyte,myeloid dividing,2,2.0,1.8017741655729913,True,True,Deng_Liu_LUAD_2024;Hu_Zhang_2023_NSCLC,1.0,0.9008870827864957,III-IV,1,0.30895452414439756,3,1,0.30895452414439756,0.591932558642098
SDC1_ADGRA2,Plasma cell,Pericyte,2,2.0,1.183494194144173,True,True,Deng_Liu_LUAD_2024;Hu_Zhang_2023_NSCLC,1.0,0.5917470970720865,III-IV,1,0.0,3,1,0.0,0.5917470970720865
PLAUR_integrin_a4b1_complex,Neutrophils,NK cell,3,2.0,1.7749996479272565,True,False,Deng_Liu_LUAD_2024;Hu_Zhang_2023_NSCLC,0.6666666666666666,0.5916665493090855,III-IV,1,0.0,3,1,0.0,0.5916665493090855
CXCL8_CXCR1,Monocyte classical,Neutrophils,4,3.0,2.365406388963258,True,True,Hu_Zhang_2023_NSCLC;Maynard_Bivona_2020;Zilionis_Klein_2019,0.75,0.5913515972408145,III-IV,1,0.0,3,1,0.0,0.5913515972408145
PPIA_BSG,cDC1,pDC,3,2.0,1.773288891713082,True,False,Deng_Liu_LUAD_2024;Hu_Zhang_2023_NSCLC,0.6666666666666666,0.591096297237694,III-IV,1,0.0,1,1,0.0,0.591096297237694
PPIA_BSG,cDC2,T cell CD4 dividing,3,2.0,1.772372364262056,True,False,Deng_Liu_LUAD_2024;Hu_Zhang_2023_NSCLC,0.6666666666666666,0.590790788087352,III-IV,1,0.0,2,1,0.0,0.590790788087352
HLA-E_VSIR,T cell CD8 activated,myeloid dividing,3,2.0,1.7718051342742989,False,True,Deng_Liu_LUAD_2024;Hu_Zhang_2023_NSCLC,0.6666666666666666,0.5906017114247663,III-IV,1,0.0,2,1,0.0,0.5906017114247663
COL4A1_integrin_a2b1_complex,Pericyte,Fibroblast peribronchial,2,2.0,1.8088581663418901,True,False,Deng_Liu_LUAD_2024;Hu_Zhang_2023_NSCLC,1.0,0.9044290831709451,III-IV,1,0.3140394532799596,3,1,0.3140394532799596,0.5903896298909854
SEMA4D_PTPRC,DC mature,NK cell,3,2.0,1.7700396330150872,False,True,Deng_Liu_LUAD_2024;Hu_Zhang_2023_NSCLC,0.6666666666666666,0.590013211005029,III-IV,1,0.0,1,1,0.0,0.590013211005029
CD44_TYROBP,NK cell,pDC,4,3.0,2.358160733391059,False,True,Deng_Liu_LUAD_2024;Hu_Zhang_2023_NSCLC;Zilionis_Klein_2019,0.75,0.5895401833477647,III-IV,1,0.0,3,1,0.0,0.5895401833477647
CD58_CD2,DC mature,T cell CD8 dividing,3,2.0,1.7685162762070812,True,True,Deng_Liu_LUAD_2024;Hu_Zhang_2023_NSCLC,0.6666666666666666,0.5895054254023604,III-IV,1,0.0,1,1,0.0,0.5895054254023604
PTPRC_CD22,NK cell,myeloid dividing,3,2.0,1.7680230822315606,True,False,Deng_Liu_LUAD_2024;Hu_Zhang_2023_NSCLC,0.6666666666666666,0.5893410274105202,III-IV,1,0.0,4,1,0.0,0.5893410274105202
integrin_aVb1_complex_ADGRE5,Pericyte,T cell CD8 effector memory,2,2.0,1.5161849300817782,False,False,Deng_Liu_LUAD_2024;Hu_Zhang_2023_NSCLC,1.0,0.7580924650408891,III-IV,1,0.1688845612896246,3,1,0.1688845612896246,0.5892079037512645
FN1_integrin_a2b1_complex,Pericyte,Fibroblast peribronchial,2,2.0,1.7144559899903755,True,False,Deng_Liu_LUAD_2024;Hu_Zhang_2023_NSCLC,1.0,0.8572279949951878,III-IV,1,0.2682570593962999,3,1,0.2682570593962999,0.5889709355988879
HLA-E_CD94:NKG2C,Neutrophils,NK cell,3,2.0,1.7667702875345355,False,False,Deng_Liu_LUAD_2024;Hu_Zhang_2023_NSCLC,0.6666666666666666,0.5889234291781785,III-IV,1,0.0,3,1,0.0,0.5889234291781785
PPIA_BSG,cDC1,DC mature,3,2.0,1.7664959528558177,True,False,Deng_Liu_LUAD_2024;Hu_Zhang_2023_NSCLC,0.6666666666666666,0.5888319842852726,III-IV,1,0.0,1,1,0.0,0.5888319842852726
Histamine_byHDC_HRH2,Mast cell,cDC1,3,3.0,1.7654717739504004,False,False,Chen_Zhang_2020;Deng_Liu_LUAD_2024;Hu_Zhang_2023_NSCLC,1.0,0.5884905913168001,III-IV,1,0.0,1,1,0.0,0.5884905913168001
PPIA_BSG,T cell CD4 dividing,T cell CD8 activated,3,2.0,1.7639076188118583,True,False,Deng_Liu_LUAD_2024;Hu_Zhang_2023_NSCLC,0.6666666666666666,0.5879692062706194,III-IV,1,0.0,1,1,0.0,0.5879692062706194
PPIA_BSG,myeloid dividing,T cell CD8 activated,3,2.0,1.763452503090131,True,False,Deng_Liu_LUAD_2024;Hu_Zhang_2023_NSCLC,0.6666666666666666,0.5878175010300436,III-IV,1,0.0,2,1,0.0,0.5878175010300436
COL4A2_integrin_a1b1_complex,Fibroblast peribronchial,Pericyte,2,2.0,1.8142162702576057,True,False,Deng_Liu_LUAD_2024;Hu_Zhang_2023_NSCLC,1.0,0.9071081351288028,III-IV,1,0.3201702189043961,3,1,0.3201702189043961,0.5869379162244067
CD96_NECTIN1,T cell CD8 activated,Pericyte,2,2.0,1.1737500445505495,True,False,Deng_Liu_LUAD_2024;Hu_Zhang_2023_NSCLC,1.0,0.5868750222752748,III-IV,1,0.0,1,1,0.0,0.5868750222752748
COL5A2_integrin_a1b1_complex,Pericyte,T cell CD8 terminally exhausted,2,2.0,1.786548243364527,True,False,Deng_Liu_LUAD_2024;Hu_Zhang_2023_NSCLC,1.0,0.8932741216822635,III-IV,1,0.30662843953983193,3,1,0.30662843953983193,0.5866456821424315
PPIA_BSG,cDC1,Plasma cell,3,2.0,1.7598616582789406,True,False,Deng_Liu_LUAD_2024;Hu_Zhang_2023_NSCLC,0.6666666666666666,0.5866205527596469,III-IV,1,0.0,1,1,0.0,0.5866205527596469
CD44_TYROBP,pDC,Mast cell,4,3.0,2.346045910179155,False,True,Chen_Zhang_2020;Deng_Liu_LUAD_2024;Hu_Zhang_2023_NSCLC,0.75,0.5865114775447887,III-IV,1,0.0,3,1,0.0,0.5865114775447887
COL14A1_integrin_a11b1_complex,Pericyte,Fibroblast peribronchial,2,2.0,1.3779232186866954,True,False,Deng_Liu_LUAD_2024;Hu_Zhang_2023_NSCLC,1.0,0.6889616093433477,III-IV,1,0.10290670417252695,3,1,0.10290670417252695,0.5860549051708208
COL5A3_integrin_a1b1_complex,Pericyte,Pericyte,2,2.0,1.795105021335004,True,False,Deng_Liu_LUAD_2024;Hu_Zhang_2023_NSCLC,1.0,0.897552510667502,III-IV,1,0.31196581196581197,3,1,0.31196581196581197,0.58558669870169
PLAUR_integrin_a4b1_complex,Monocyte classical,DC mature,3,2.0,1.7565667459708423,True,False,Deng_Liu_LUAD_2024;Hu_Zhang_2023_NSCLC,0.6666666666666666,0.5855222486569475,III-IV,1,0.0,1,1,0.0,0.5855222486569475
COL5A2_integrin_a1b1_complex,Pericyte,T cell CD8 dividing,2,2.0,1.7843395938347801,True,False,Deng_Liu_LUAD_2024;Hu_Zhang_2023_NSCLC,1.0,0.8921697969173901,III-IV,1,0.30695300948465504,3,1,0.30695300948465504,0.585216787432735
PPIA_BSG,DC mature,Macrophage alveolar,3,2.0,1.7546790014286193,True,True,Deng_Liu_LUAD_2024;Hu_Zhang_2023_NSCLC,0.6666666666666666,0.5848930004762064,III-IV,1,0.0,1,1,0.0,0.5848930004762064
THBS2_CD36,Fibroblast peribronchial,pDC,4,3.0,2.3378292445394226,True,True,Chen_Zhang_2020;Deng_Liu_LUAD_2024;Hu_Zhang_2023_NSCLC,0.75,0.5844573111348557,III-IV,1,0.0,3,1,0.0,0.5844573111348557
VEGFA_NRP2,Neutrophils,DC mature,2,2.0,1.168210504807037,False,True,Deng_Liu_LUAD_2024;Hu_Zhang_2023_NSCLC,1.0,0.5841052524035185,III-IV,1,0.0,1,1,0.0,0.5841052524035185
SEMA4D_PTPRC,pDC,T cell CD4 dividing,3,2.0,1.7522814867821417,False,True,Deng_Liu_LUAD_2024;Hu_Zhang_2023_NSCLC,0.6666666666666666,0.5840938289273806,III-IV,1,0.0,2,1,0.0,0.5840938289273806
THY1_integrin_aMb2_complex,Pericyte,Macrophage,2,2.0,1.7525855386165976,True,False,Deng_Liu_LUAD_2024;Hu_Zhang_2023_NSCLC,1.0,0.8762927693082988,III-IV,1,0.29299650185726134,3,1,0.29299650185726134,0.5832962674510375
PLAUR_integrin_a4b1_complex,Neutrophils,T cell CD8 activated,3,2.0,1.7474525648212258,True,False,Deng_Liu_LUAD_2024;Hu_Zhang_2023_NSCLC,0.6666666666666666,0.5824841882737419,III-IV,1,0.0,2,1,0.0,0.5824841882737419
COL5A1_integrin_a1b1_complex,Pericyte,T cell CD8 activated,2,2.0,1.1645211299957534,True,False,Deng_Liu_LUAD_2024;Hu_Zhang_2023_NSCLC,1.0,0.5822605649978767,III-IV,1,0.0,1,1,0.0,0.5822605649978767
integrin_aVb1_complex_ADGRE5,Pericyte,T cell CD8 dividing,2,2.0,1.5353627605436517,False,True,Deng_Liu_LUAD_2024;Hu_Zhang_2023_NSCLC,1.0,0.7676813802718259,III-IV,1,0.18556385012081214,3,1,0.18556385012081214,0.5821175301510138
COL5A1_integrin_a1b1_complex,Pericyte,T cell CD4 dividing,2,2.0,1.164035239389016,True,False,Deng_Liu_LUAD_2024;Hu_Zhang_2023_NSCLC,1.0,0.582017619694508,III-IV,1,0.0,2,1,0.0,0.582017619694508
COL5A1_integrin_a1b1_complex,Pericyte,Pericyte,2,2.0,1.804897025622978,True,False,Deng_Liu_LUAD_2024;Hu_Zhang_2023_NSCLC,1.0,0.902448512811489,III-IV,1,0.3204767571856179,3,1,0.3204767571856179,0.581971755625871
THY1_integrin_aMb2_complex,Pericyte,Monocyte classical,2,2.0,1.7609933681583478,True,False,Deng_Liu_LUAD_2024;Hu_Zhang_2023_NSCLC,1.0,0.8804966840791739,III-IV,1,0.2992174257997043,3,1,0.2992174257997043,0.5812792582794697
HLA-E_VSIR,Mast cell,myeloid dividing,3,2.0,1.742591115166792,False,True,Deng_Liu_LUAD_2024;Hu_Zhang_2023_NSCLC,0.6666666666666666,0.5808637050555974,III-IV,1,0.0,4,1,0.0,0.5808637050555974
integrin_aVb1_complex_ADGRE5,Pericyte,B cell,2,2.0,1.3582585506985456,False,False,Deng_Liu_LUAD_2024;Hu_Zhang_2023_NSCLC,1.0,0.6791292753492728,III-IV,1,0.09870532655342783,3,1,0.09870532655342783,0.580423948795845
PPIA_BSG,DC mature,myeloid dividing,3,2.0,1.7412209477782135,True,True,Deng_Liu_LUAD_2024;Hu_Zhang_2023_NSCLC,0.6666666666666666,0.5804069825927378,III-IV,1,0.0,1,1,0.0,0.5804069825927378
LAIR1_LILRB4,Macrophage,pDC,4,4.0,2.3213252248527385,True,True,Chen_Zhang_2020;Deng_Liu_LUAD_2024;Hu_Zhang_2023_NSCLC;Zilionis_Klein_2019,1.0,0.5803313062131846,III-IV,1,0.0,3,1,0.0,0.5803313062131846
COL5A2_integrin_a1b1_complex,Fibroblast peribronchial,T cell CD4 dividing,3,2.0,1.7380949095036047,True,False,Deng_Liu_LUAD_2024;Hu_Zhang_2023_NSCLC,0.6666666666666666,0.5793649698345349,III-IV,1,0.0,2,1,0.0,0.5793649698345349
SEMA4D_PTPRC,pDC,T cell CD8 dividing,3,2.0,1.7362679843945243,False,True,Deng_Liu_LUAD_2024;Hu_Zhang_2023_NSCLC,0.6666666666666666,0.5787559947981747,III-IV,1,0.0,2,1,0.0,0.5787559947981747
SEMA4D_PTPRC,Plasma cell,T cell CD4 dividing,3,2.0,1.7354286409595203,False,True,Deng_Liu_LUAD_2024;Hu_Zhang_2023_NSCLC,0.6666666666666666,0.5784762136531735,III-IV,1,0.0,2,1,0.0,0.5784762136531735
PTPRC_CD22,Neutrophils,Mast cell,4,3.0,2.313577474243408,False,True,Deng_Liu_LUAD_2024;Hu_Zhang_2023_NSCLC;Maynard_Bivona_2020,0.75,0.578394368560852,III-IV,1,0.0,3,1,0.0,0.578394368560852
PPIA_BSG,cDC1,T cell CD8 activated,3,2.0,1.7347144974126834,True,False,Deng_Liu_LUAD_2024;Hu_Zhang_2023_NSCLC,0.6666666666666666,0.5782381658042278,III-IV,1,0.0,1,1,0.0,0.5782381658042278
THY1_ADGRE5,Pericyte,Macrophage alveolar,2,2.0,1.771654181196761,True,True,Deng_Liu_LUAD_2024;Hu_Zhang_2023_NSCLC,1.0,0.8858270905983805,III-IV,1,0.30789065599192184,3,1,0.30789065599192184,0.5779364346064586
PTPRC_CD22,Neutrophils,B cell,4,3.0,2.3103514459542884,False,True,Deng_Liu_LUAD_2024;Hu_Zhang_2023_NSCLC;Maynard_Bivona_2020,0.75,0.5775878614885721,III-IV,1,0.0,3,1,0.0,0.5775878614885721
ICAM1_integrin_aLb2_complex,Neutrophils,myeloid dividing,2,2.0,1.1550865525760252,False,False,Deng_Liu_LUAD_2024;Hu_Zhang_2023_NSCLC,1.0,0.5775432762880126,III-IV,1,0.0,2,1,0.0,0.5775432762880126
HLA-E_VSIR,T cell CD8 dividing,myeloid dividing,3,2.0,1.7305218399033464,False,True,Deng_Liu_LUAD_2024;Hu_Zhang_2023_NSCLC,0.6666666666666666,0.5768406133011155,III-IV,1,0.0,4,1,0.0,0.5768406133011155
HLA-E_VSIR,Macrophage,DC mature,3,2.0,1.728603889635198,True,True,Deng_Liu_LUAD_2024;Hu_Zhang_2023_NSCLC,0.6666666666666666,0.576201296545066,III-IV,1,0.0,1,1,0.0,0.576201296545066
COL6A1_integrin_a1b1_complex,Pericyte,Fibroblast peribronchial,2,2.0,1.644331455565025,True,False,Deng_Liu_LUAD_2024;Hu_Zhang_2023_NSCLC,1.0,0.8221657277825125,III-IV,1,0.24685347470157595,3,1,0.24685347470157595,0.5753122530809366
PPIA_BSG,DC mature,Macrophage,3,2.0,1.722508785146757,True,True,Deng_Liu_LUAD_2024;Hu_Zhang_2023_NSCLC,0.6666666666666666,0.5741695950489191,III-IV,1,0.0,1,1,0.0,0.5741695950489191
COL5A2_integrin_a2b1_complex,Fibroblast peribronchial,T cell CD8 dividing,3,2.0,1.7189119012051042,True,False,Deng_Liu_LUAD_2024;Hu_Zhang_2023_NSCLC,0.6666666666666666,0.5729706337350348,III-IV,1,0.0,4,1,0.0,0.5729706337350348
COL5A2_integrin_a11b1_complex,Pericyte,Fibroblast peribronchial,2,2.0,1.7039918541548884,True,False,Deng_Liu_LUAD_2024;Hu_Zhang_2023_NSCLC,1.0,0.8519959270774442,III-IV,1,0.27913015254787404,3,1,0.27913015254787404,0.5728657745295702
PPIA_BSG,cDC2,DC mature,3,2.0,1.7176749674103537,True,False,Deng_Liu_LUAD_2024;Hu_Zhang_2023_NSCLC,0.6666666666666666,0.572558322470118,III-IV,1,0.0,1,1,0.0,0.572558322470118
THBS2_CD36,Fibroblast peribronchial,Pericyte,2,2.0,1.519834161548785,True,False,Deng_Liu_LUAD_2024;Hu_Zhang_2023_NSCLC,1.0,0.7599170807743925,III-IV,1,0.1875,3,1,0.1875,0.5724170807743925
CD58_CD2,DC mature,T cell CD8 effector memory,3,2.0,1.7160341271010608,True,True,Deng_Liu_LUAD_2024;Hu_Zhang_2023_NSCLC,0.6666666666666666,0.5720113757003537,III-IV,1,0.0,1,1,0.0,0.5720113757003537
PLAUR_integrin_a4b1_complex,Monocyte classical,Pericyte,2,2.0,1.7033213192748957,True,False,Deng_Liu_LUAD_2024;Hu_Zhang_2023_NSCLC,1.0,0.8516606596374479,III-IV,1,0.2798153557647229,3,1,0.2798153557647229,0.5718453038727249
CD58_CD2,DC mature,T cell CD4,3,2.0,1.7131022325159315,True,True,Deng_Liu_LUAD_2024;Hu_Zhang_2023_NSCLC,0.6666666666666666,0.5710340775053105,III-IV,1,0.0,1,1,0.0,0.5710340775053105
PLAUR_integrin_a4b1_complex,Neutrophils,pDC,3,2.0,1.7128320934966594,True,False,Deng_Liu_LUAD_2024;Hu_Zhang_2023_NSCLC,0.6666666666666666,0.5709440311655531,III-IV,1,0.0,3,1,0.0,0.5709440311655531
APP_FPR2,pDC,Neutrophils,3,2.0,1.7120678689871944,True,True,Deng_Liu_LUAD_2024;Hu_Zhang_2023_NSCLC,0.6666666666666666,0.5706892896623982,III-IV,1,0.0,3,1,0.0,0.5706892896623982
HLA-E_VSIR,T cell CD4 dividing,myeloid dividing,3,2.0,1.7116610260147205,True,True,Deng_Liu_LUAD_2024;Hu_Zhang_2023_NSCLC,0.6666666666666666,0.5705536753382402,III-IV,1,0.0,2,1,0.0,0.5705536753382402
HLA-E_KLRC1,cDC1,NK cell,3,2.0,1.7089927074905709,True,True,Deng_Liu_LUAD_2024;Hu_Zhang_2023_NSCLC,0.6666666666666666,0.5696642358301903,III-IV,1,0.0,1,1,0.0,0.5696642358301903
PPIA_BSG,cDC2,cDC1,3,2.0,1.707247141909734,True,False,Deng_Liu_LUAD_2024;Hu_Zhang_2023_NSCLC,0.6666666666666666,0.569082380636578,III-IV,1,0.0,1,1,0.0,0.569082380636578
CD44_TYROBP,cDC1,pDC,3,2.0,1.706426157632809,False,True,Deng_Liu_LUAD_2024;Hu_Zhang_2023_NSCLC,0.6666666666666666,0.5688087192109363,III-IV,1,0.0,1,1,0.0,0.5688087192109363
integrin_aVb1_complex_ADGRE2,Pericyte,Mast cell,2,2.0,1.4156850401762848,False,True,Deng_Liu_LUAD_2024;Hu_Zhang_2023_NSCLC,1.0,0.7078425200881424,III-IV,1,0.14035846947239353,3,1,0.14035846947239353,0.5674840506157489
ICAM1_integrin_aXb2_complex,Monocyte classical,Neutrophils,4,3.0,2.2686038327400895,True,False,Deng_Liu_LUAD_2024;Hu_Zhang_2023_NSCLC;Maynard_Bivona_2020,0.75,0.5671509581850224,III-IV,1,0.0,3,1,0.0,0.5671509581850224
KITLG_KIT,Pericyte,Mast cell,2,2.0,1.7409093054770288,True,True,Deng_Liu_LUAD_2024;Hu_Zhang_2023_NSCLC,1.0,0.8704546527385144,III-IV,1,0.30383353168163296,3,1,0.30383353168163296,0.5666211210568814
FN1_integrin_aVb1_complex,Macrophage alveolar,Pericyte,2,2.0,1.71371069883488,True,False,Deng_Liu_LUAD_2024;Hu_Zhang_2023_NSCLC,1.0,0.85685534941744,III-IV,1,0.29043600562587907,3,1,0.29043600562587907,0.566419343791561
THY1_integrin_aMb2_complex,Pericyte,myeloid dividing,2,2.0,1.7382000629036636,True,False,Deng_Liu_LUAD_2024;Hu_Zhang_2023_NSCLC,1.0,0.8691000314518318,III-IV,1,0.30325651844639184,3,1,0.30325651844639184,0.56584351300544
integrin_aVb1_complex_ADGRE2,Pericyte,Neutrophils,2,2.0,1.1314168128465312,False,False,Deng_Liu_LUAD_2024;Hu_Zhang_2023_NSCLC,1.0,0.5657084064232656,III-IV,1,0.0,2,1,0.0,0.5657084064232656
CCL19_CCRL2,DC mature,Monocyte classical,3,3.0,1.6967732555976127,True,True,Chen_Zhang_2020;Deng_Liu_LUAD_2024;Hu_Zhang_2023_NSCLC,1.0,0.5655910851992042,III-IV,1,0.0,1,1,0.0,0.5655910851992042
THY1_ADGRE5,Fibroblast peribronchial,Neutrophils,3,2.0,1.6965302188518423,True,False,Deng_Liu_LUAD_2024;Hu_Zhang_2023_NSCLC,0.6666666666666666,0.5655100729506141,III-IV,1,0.0,3,1,0.0,0.5655100729506141
CD44_TYROBP,Plasma cell,Mast cell,5,4.0,2.8269336528559377,False,True,Chen_Zhang_2020;Deng_Liu_LUAD_2024;Hu_Zhang_2023_NSCLC;Lambrechts_Thienpont_2018_6653,0.8,0.5653867305711875,III-IV,1,0.0,5,1,0.0,0.5653867305711875
HLA-E_VSIR,DC mature,cDC1,3,2.0,1.695429928568621,False,True,Deng_Liu_LUAD_2024;Hu_Zhang_2023_NSCLC,0.6666666666666666,0.5651433095228736,III-IV,1,0.0,1,1,0.0,0.5651433095228736
COL14A1_integrin_a1b1_complex,Pericyte,T cell CD8 terminally exhausted,2,2.0,1.5347225019048696,True,False,Deng_Liu_LUAD_2024;Hu_Zhang_2023_NSCLC,1.0,0.7673612509524348,III-IV,1,0.2027840888600382,3,1,0.2027840888600382,0.5645771620923966
APP_CD74,Fibroblast peribronchial,Neutrophils,3,2.0,1.6933715622212064,True,False,Deng_Liu_LUAD_2024;Hu_Zhang_2023_NSCLC,0.6666666666666666,0.5644571874070688,III-IV,1,0.0,3,1,0.0,0.5644571874070688
SPP1_integrin_a4b1_complex,myeloid dividing,DC mature,3,2.0,1.6929300912070886,True,False,Deng_Liu_LUAD_2024;Hu_Zhang_2023_NSCLC,0.6666666666666666,0.5643100304023628,III-IV,1,0.0,1,1,0.0,0.5643100304023628
CD58_CD2,DC mature,T cell CD8 activated,3,2.0,1.6929100950870408,True,True,Deng_Liu_LUAD_2024;Hu_Zhang_2023_NSCLC,0.6666666666666666,0.5643033650290136,III-IV,1,0.0,1,1,0.0,0.5643033650290136
SEMA4D_PTPRC,DC mature,T cell CD4 dividing,3,2.0,1.6925004012823386,False,True,Deng_Liu_LUAD_2024;Hu_Zhang_2023_NSCLC,0.6666666666666666,0.5641668004274462,III-IV,1,0.0,1,1,0.0,0.5641668004274462
JAG1_NOTCH2,Pericyte,pDC,2,2.0,1.1282008726206052,True,False,Deng_Liu_LUAD_2024;Hu_Zhang_2023_NSCLC,1.0,0.5641004363103026,III-IV,1,0.0,2,1,0.0,0.5641004363103026
HLA-E_CD94:NKG2C,pDC,NK cell,4,3.0,2.254156655362009,False,False,Chen_Zhang_2020;Deng_Liu_LUAD_2024;Hu_Zhang_2023_NSCLC,0.75,0.5635391638405023,III-IV,1,0.0,3,1,0.0,0.5635391638405023
CD248_IL6R,Pericyte,Neutrophils,2,2.0,1.1268818489607326,True,False,Deng_Liu_LUAD_2024;Hu_Zhang_2023_NSCLC,1.0,0.5634409244803663,III-IV,1,0.0,2,1,0.0,0.5634409244803663
HLA-F_VSIR,DC mature,Pericyte,2,2.0,1.1251946599621,True,False,Deng_Liu_LUAD_2024;Hu_Zhang_2023_NSCLC,1.0,0.56259732998105,III-IV,1,0.0,1,1,0.0,0.56259732998105
JAG1_CD46,Pericyte,Plasma cell,2,2.0,1.124495349809102,True,False,Deng_Liu_LUAD_2024;Hu_Zhang_2023_NSCLC,1.0,0.562247674904551,III-IV,1,0.0,3,1,0.0,0.562247674904551
GAS6_AXL,Plasma cell,Pericyte,2,2.0,1.1237123279394312,False,True,Deng_Liu_LUAD_2024;Hu_Zhang_2023_NSCLC,1.0,0.5618561639697156,III-IV,1,0.0,3,1,0.0,0.5618561639697156
THY1_integrin_aMb2_complex,Pericyte,Macrophage alveolar,2,2.0,1.7052776902996496,True,False,Deng_Liu_LUAD_2024;Hu_Zhang_2023_NSCLC,1.0,0.8526388451498248,III-IV,1,0.2910310505247214,3,1,0.2910310505247214,0.5616077946251035
COL6A1_integrin_a1b1_complex,Pericyte,NK cell,2,2.0,1.5710139739334004,True,False,Deng_Liu_LUAD_2024;Hu_Zhang_2023_NSCLC,1.0,0.7855069869667002,III-IV,1,0.22474665512640193,3,1,0.22474665512640193,0.5607603318402983
SPP1_integrin_a4b1_complex,myeloid dividing,Pericyte,2,2.0,1.6390708944354153,True,False,Deng_Liu_LUAD_2024;Hu_Zhang_2023_NSCLC,1.0,0.8195354472177077,III-IV,1,0.2590969742868477,3,1,0.2590969742868477,0.56043847293086
COL14A1_integrin_a1b1_complex,Pericyte,T cell CD8 dividing,2,2.0,1.5272374907849116,True,False,Deng_Liu_LUAD_2024;Hu_Zhang_2023_NSCLC,1.0,0.7636187453924558,III-IV,1,0.203343070431678,3,1,0.203343070431678,0.5602756749607778
COL6A2_integrin_a1b1_complex,Fibroblast peribronchial,T cell CD4 dividing,3,2.0,1.6804659605695855,True,False,Deng_Liu_LUAD_2024;Hu_Zhang_2023_NSCLC,0.6666666666666666,0.5601553201898618,III-IV,1,0.0,2,1,0.0,0.5601553201898618
PLAU_PLAUR,pDC,Neutrophils,3,2.0,1.6793945714795209,False,True,Deng_Liu_LUAD_2024;Hu_Zhang_2023_NSCLC,0.6666666666666666,0.5597981904931736,III-IV,1,0.0,3,1,0.0,0.5597981904931736
APP_CD74,pDC,Fibroblast peribronchial,4,3.0,2.2374754296265422,True,False,Chen_Zhang_2020;Deng_Liu_LUAD_2024;Hu_Zhang_2023_NSCLC,0.75,0.5593688574066356,III-IV,1,0.0,3,1,0.0,0.5593688574066356
COL18A1_integrin_a1b1_complex,Fibroblast peribronchial,Pericyte,2,2.0,1.6962292747267236,True,False,Deng_Liu_LUAD_2024;Hu_Zhang_2023_NSCLC,1.0,0.8481146373633618,III-IV,1,0.2889213458833712,3,1,0.2889213458833712,0.5591932914799906
PPIA_BSG,Macrophage,DC mature,3,2.0,1.6762378086879626,True,False,Deng_Liu_LUAD_2024;Hu_Zhang_2023_NSCLC,0.6666666666666666,0.5587459362293209,III-IV,1,0.0,1,1,0.0,0.5587459362293209
HLA-E_VSIR,pDC,cDC1,3,2.0,1.675667188929729,False,True,Deng_Liu_LUAD_2024;Hu_Zhang_2023_NSCLC,0.6666666666666666,0.558555729643243,III-IV,1,0.0,1,1,0.0,0.558555729643243
HLA-E_KLRC2,cDC1,NK cell,3,2.0,1.6750849039286666,True,True,Deng_Liu_LUAD_2024;Hu_Zhang_2023_NSCLC,0.6666666666666666,0.5583616346428889,III-IV,1,0.0,1,1,0.0,0.5583616346428889
COL14A1_integrin_a1b1_complex,Pericyte,T cell CD8 activated,2,2.0,1.1161155551298672,True,False,Deng_Liu_LUAD_2024;Hu_Zhang_2023_NSCLC,1.0,0.5580577775649336,III-IV,1,0.0,1,1,0.0,0.5580577775649336
JAG1_NOTCH3,Macrophage,Pericyte,2,2.0,1.5541618332636271,False,True,Deng_Liu_LUAD_2024;Hu_Zhang_2023_NSCLC,1.0,0.7770809166318136,III-IV,1,0.21903997144896503,3,1,0.21903997144896503,0.5580409451828485
Cholesterol_byLIPA_RORA,Macrophage alveolar,Pericyte,2,2.0,1.4619547624703713,False,True,Deng_Liu_LUAD_2024;Hu_Zhang_2023_NSCLC,1.0,0.7309773812351856,III-IV,1,0.1730859389087237,3,1,0.1730859389087237,0.5578914423264619
SEMA4D_PTPRC,DC mature,T cell CD8 dividing,3,2.0,1.672584436966377,False,True,Deng_Liu_LUAD_2024;Hu_Zhang_2023_NSCLC,0.6666666666666666,0.5575281456554589,III-IV,1,0.0,1,1,0.0,0.5575281456554589
ANXA1_FPR2,cDC2,Neutrophils,4,3.0,2.2278126843491326,True,True,Deng_Liu_LUAD_2024;Hu_Zhang_2023_NSCLC;Maynard_Bivona_2020,0.75,0.5569531710872831,III-IV,1,0.0,3,1,0.0,0.5569531710872831
CD44_TYROBP,Plasma cell,pDC,4,3.0,2.2254421897333816,False,True,Deng_Liu_LUAD_2024;Hu_Zhang_2023_NSCLC;Zilionis_Klein_2019,0.75,0.5563605474333454,III-IV,1,0.0,3,1,0.0,0.5563605474333454
COL6A3_integrin_a1b1_complex,Pericyte,T cell CD8 terminally exhausted,2,2.0,1.7170389195414355,True,False,Deng_Liu_LUAD_2024;Hu_Zhang_2023_NSCLC,1.0,0.8585194597707178,III-IV,1,0.30358108839121495,3,1,0.30358108839121495,0.5549383713795029
COL6A2_integrin_a2b1_complex,Fibroblast peribronchial,T cell CD8 dividing,3,2.0,1.6647566057157395,True,False,Deng_Liu_LUAD_2024;Hu_Zhang_2023_NSCLC,0.6666666666666666,0.5549188685719132,III-IV,1,0.0,4,1,0.0,0.5549188685719132
COL4A1_integrin_a1b1_complex,Fibroblast peribronchial,Pericyte,2,2.0,1.7407032396676119,True,False,Deng_Liu_LUAD_2024;Hu_Zhang_2023_NSCLC,1.0,0.8703516198338059,III-IV,1,0.3156262396768726,3,1,0.3156262396768726,0.5547253801569334
COL5A2_integrin_a1b1_complex,Pericyte,T cell CD8 effector memory,2,2.0,1.6778984285346425,True,False,Deng_Liu_LUAD_2024;Hu_Zhang_2023_NSCLC,1.0,0.8389492142673213,III-IV,1,0.2844494933102528,3,1,0.2844494933102528,0.5544997209570685
HLA-E_VSIR,cDC1,DC mature,3,2.0,1.6629898251077893,True,True,Deng_Liu_LUAD_2024;Hu_Zhang_2023_NSCLC,0.6666666666666666,0.5543299417025964,III-IV,1,0.0,1,1,0.0,0.5543299417025964
THY1_ADGRE5,Pericyte,Pericyte,2,2.0,1.684022121934265,True,False,Deng_Liu_LUAD_2024;Hu_Zhang_2023_NSCLC,1.0,0.8420110609671325,III-IV,1,0.28838039597533266,3,1,0.28838039597533266,0.5536306649917999
BST2_LILRA4,myeloid dividing,pDC,3,2.0,1.660421295785247,True,True,Deng_Liu_LUAD_2024;Hu_Zhang_2023_NSCLC,0.6666666666666666,0.5534737652617491,III-IV,1,0.0,2,1,0.0,0.5534737652617491
CD47_SIRPA,myeloid dividing,Neutrophils,2,2.0,1.106036815546662,True,False,Deng_Liu_LUAD_2024;Hu_Zhang_2023_NSCLC,1.0,0.553018407773331,III-IV,1,0.0,2,1,0.0,0.553018407773331
PLAUR_integrin_a4b1_complex,Neutrophils,Plasma cell,3,2.0,1.6584022920771706,True,False,Deng_Liu_LUAD_2024;Hu_Zhang_2023_NSCLC,0.6666666666666666,0.5528007640257235,III-IV,1,0.0,3,1,0.0,0.5528007640257235
PLAUR_integrin_a4b1_complex,Neutrophils,Macrophage alveolar,3,2.0,1.6549286487061283,True,False,Deng_Liu_LUAD_2024;Hu_Zhang_2023_NSCLC,0.6666666666666666,0.5516428829020428,III-IV,1,0.0,3,1,0.0,0.5516428829020428
HLA-E_VSIR,DC mature,myeloid dividing,3,2.0,1.6545982694864105,False,True,Deng_Liu_LUAD_2024;Hu_Zhang_2023_NSCLC,0.6666666666666666,0.5515327564954702,III-IV,1,0.0,1,1,0.0,0.5515327564954702
JAG1_CD46,Pericyte,T cell CD8 dividing,2,2.0,1.2896547891996937,True,False,Deng_Liu_LUAD_2024;Hu_Zhang_2023_NSCLC,1.0,0.6448273945998468,III-IV,1,0.09338598579104908,3,1,0.09338598579104908,0.5514414088087978
CCL22_DPP4,DC mature,cDC1,3,3.0,1.6534335836962382,True,True,Chen_Zhang_2020;Deng_Liu_LUAD_2024;Hu_Zhang_2023_NSCLC,1.0,0.551144527898746,III-IV,1,0.0,1,1,0.0,0.551144527898746
CD44_TYROBP,Macrophage alveolar,Neutrophils,3,2.0,1.6529210724191727,True,True,Hu_Zhang_2023_NSCLC;Zilionis_Klein_2019,0.6666666666666666,0.5509736908063909,III-IV,1,0.0,3,1,0.0,0.5509736908063909
integrin_aVb1_complex_ADGRE5,Pericyte,T cell CD4,2,2.0,1.3388722569075715,False,False,Deng_Liu_LUAD_2024;Hu_Zhang_2023_NSCLC,1.0,0.6694361284537858,III-IV,1,0.11911716975008114,3,1,0.11911716975008114,0.5503189587037046
ICAM1_integrin_aXb2_complex,DC mature,Monocyte classical,3,3.0,1.6508311172518608,True,False,Chen_Zhang_2020;Deng_Liu_LUAD_2024;Hu_Zhang_2023_NSCLC,1.0,0.5502770390839536,III-IV,1,0.0,1,1,0.0,0.5502770390839536
APP_SORL1,Fibroblast peribronchial,Neutrophils,3,2.0,1.650544229916577,True,True,Deng_Liu_LUAD_2024;Hu_Zhang_2023_NSCLC,0.6666666666666666,0.5501814099721923,III-IV,1,0.0,3,1,0.0,0.5501814099721923
VEGFB_NRP1,Fibroblast peribronchial,Pericyte,2,2.0,1.1002068888235268,True,True,Deng_Liu_LUAD_2024;Hu_Zhang_2023_NSCLC,1.0,0.5501034444117634,III-IV,1,0.0,3,1,0.0,0.5501034444117634
ICAM1_integrin_aXb2_complex,Neutrophils,cDC2,4,4.0,2.200307734782358,False,False,Deng_Liu_LUAD_2024;Hu_Zhang_2023_NSCLC;Maynard_Bivona_2020;Zilionis_Klein_2019,1.0,0.5500769336955895,III-IV,1,0.0,3,1,0.0,0.5500769336955895
ICAM1_integrin_aXb2_complex,DC mature,cDC2,3,3.0,1.6495766388318098,True,False,Chen_Zhang_2020;Deng_Liu_LUAD_2024;Hu_Zhang_2023_NSCLC,1.0,0.5498588796106033,III-IV,1,0.0,1,1,0.0,0.5498588796106033
COL6A3_integrin_a1b1_complex,Pericyte,T cell CD8 dividing,2,2.0,1.7073463820994814,True,False,Deng_Liu_LUAD_2024;Hu_Zhang_2023_NSCLC,1.0,0.8536731910497407,III-IV,1,0.30383353168163296,3,1,0.30383353168163296,0.5498396593681077
CCL4_CCR5,T cell CD8 dividing,Macrophage alveolar,3,2.0,1.6480798718169123,True,False,Deng_Liu_LUAD_2024;Hu_Zhang_2023_NSCLC,0.6666666666666666,0.5493599572723041,III-IV,1,0.0,4,1,0.0,0.5493599572723041
PLAUR_integrin_a4b1_complex,myeloid dividing,Pericyte,2,2.0,1.5217150610715757,True,False,Deng_Liu_LUAD_2024;Hu_Zhang_2023_NSCLC,1.0,0.7608575305357879,III-IV,1,0.21152944570666088,3,1,0.21152944570666088,0.549328084829127
COL5A1_integrin_a2b1_complex,Pericyte,T cell CD8 dividing,2,2.0,1.0984151306943386,True,False,Deng_Liu_LUAD_2024;Hu_Zhang_2023_NSCLC,1.0,0.5492075653471693,III-IV,1,0.0,3,1,0.0,0.5492075653471693
HLA-E_VSIR,cDC1,myeloid dividing,3,2.0,1.6458599650256276,True,True,Deng_Liu_LUAD_2024;Hu_Zhang_2023_NSCLC,0.6666666666666666,0.5486199883418759,III-IV,1,0.0,1,1,0.0,0.5486199883418759
HLA-E_KLRC1,cDC1,T cell CD8 dividing,3,2.0,1.645266795486675,True,False,Deng_Liu_LUAD_2024;Hu_Zhang_2023_NSCLC,0.6666666666666666,0.548422265162225,III-IV,1,0.0,1,1,0.0,0.548422265162225
HLA-E_KLRK1,pDC,T cell CD8 dividing,3,2.0,1.6452566081077347,False,True,Chen_Zhang_2020;Deng_Liu_LUAD_2024,0.6666666666666666,0.5484188693692449,III-IV,1,0.0,2,1,0.0,0.5484188693692449
HLA-E_VSIR,Monocyte classical,myeloid dividing,3,2.0,1.6452227284704797,False,True,Deng_Liu_LUAD_2024;Hu_Zhang_2023_NSCLC,0.6666666666666666,0.5484075761568266,III-IV,1,0.0,4,1,0.0,0.5484075761568266
JAG1_NOTCH3,myeloid dividing,Pericyte,2,2.0,1.5340646043712747,False,True,Deng_Liu_LUAD_2024;Hu_Zhang_2023_NSCLC,1.0,0.7670323021856373,III-IV,1,0.21863847251962884,3,1,0.21863847251962884,0.5483938296660085
THY1_ADGRE5,Pericyte,Fibroblast peribronchial,2,2.0,1.653016803046921,True,False,Deng_Liu_LUAD_2024;Hu_Zhang_2023_NSCLC,1.0,0.8265084015234605,III-IV,1,0.2781925060406073,3,1,0.2781925060406073,0.5483158954828532
CXCL1_CXCR2,Neutrophils,Neutrophils,4,3.0,2.193255660446412,True,True,Hu_Zhang_2023_NSCLC;Maynard_Bivona_2020;Zilionis_Klein_2019,0.75,0.548313915111603,III-IV,1,0.0,3,1,0.0,0.548313915111603
integrin_aVb1_complex_ADGRE5,Pericyte,Mast cell,2,2.0,1.3552064728840825,False,False,Deng_Liu_LUAD_2024;Hu_Zhang_2023_NSCLC,1.0,0.6776032364420412,III-IV,1,0.12935915467561038,3,1,0.12935915467561038,0.5482440817664309
HLA-E_KLRK1,DC mature,T cell CD8 dividing,3,2.0,1.641744295733789,False,True,Chen_Zhang_2020;Deng_Liu_LUAD_2024,0.6666666666666666,0.5472480985779297,III-IV,1,0.0,1,1,0.0,0.5472480985779297
CD40LG_CD40,T cell CD8 activated,DC mature,3,3.0,1.6411984133288824,False,True,Chen_Zhang_2020;Deng_Liu_LUAD_2024;Hu_Zhang_2023_NSCLC,1.0,0.5470661377762941,III-IV,1,0.0,1,1,0.0,0.5470661377762941
PLAUR_integrin_a4b1_complex,Neutrophils,Fibroblast peribronchial,3,2.0,1.6406026475991187,True,False,Deng_Liu_LUAD_2024;Hu_Zhang_2023_NSCLC,0.6666666666666666,0.5468675491997063,III-IV,1,0.0,3,1,0.0,0.5468675491997063
PLAUR_integrin_a4b1_complex,Macrophage,DC mature,3,2.0,1.6398092851666122,True,False,Deng_Liu_LUAD_2024;Hu_Zhang_2023_NSCLC,0.6666666666666666,0.5466030950555374,III-IV,1,0.0,1,1,0.0,0.5466030950555374
FN1_integrin_aVb1_complex,Monocyte classical,Pericyte,2,2.0,1.3066603862396151,False,False,Deng_Liu_LUAD_2024;Hu_Zhang_2023_NSCLC,1.0,0.6533301931198076,III-IV,1,0.10703595513722096,3,1,0.10703595513722096,0.5462942379825866
COL5A2_integrin_a1b1_complex,Pericyte,Fibroblast peribronchial,2,2.0,1.675933630933355,True,False,Deng_Liu_LUAD_2024;Hu_Zhang_2023_NSCLC,1.0,0.8379668154666775,III-IV,1,0.29207688701359585,3,1,0.29207688701359585,0.5458899284530816
THY1_integrin_aMb2_complex,Pericyte,NK cell,2,2.0,1.6657681776970672,True,False,Deng_Liu_LUAD_2024;Hu_Zhang_2023_NSCLC,1.0,0.8328840888485336,III-IV,1,0.2880377943669083,3,1,0.2880377943669083,0.5448462944816252
LGALS9_P4HB,DC mature,Fibroblast peribronchial,3,2.0,1.6341737539732593,True,True,Deng_Liu_LUAD_2024;Hu_Zhang_2023_NSCLC,0.6666666666666666,0.5447245846577531,III-IV,1,0.0,1,1,0.0,0.5447245846577531
HLA-E_VSIR,myeloid dividing,DC mature,3,2.0,1.633968206954866,True,True,Deng_Liu_LUAD_2024;Hu_Zhang_2023_NSCLC,0.6666666666666666,0.5446560689849553,III-IV,1,0.0,1,1,0.0,0.5446560689849553
COL3A1_ADGRG1,Pericyte,T cell CD4 dividing,2,2.0,1.8218407807581274,True,False,Deng_Liu_LUAD_2024;Hu_Zhang_2023_NSCLC,1.0,0.9109203903790637,III-IV,1,0.3669031049250535,2,1,0.3669031049250535,0.5440172854540102
COL14A1_integrin_a1b1_complex,Pericyte,T cell CD4 dividing,2,2.0,1.087981961142492,True,False,Deng_Liu_LUAD_2024;Hu_Zhang_2023_NSCLC,1.0,0.543990980571246,III-IV,1,0.0,2,1,0.0,0.543990980571246
VEGFA_NRP2,Macrophage,DC mature,3,3.0,1.6315736626721482,True,True,Chen_Zhang_2020;Deng_Liu_LUAD_2024;Hu_Zhang_2023_NSCLC,1.0,0.5438578875573827,III-IV,1,0.0,1,1,0.0,0.5438578875573827
HLA-E_VSIR,pDC,myeloid dividing,3,2.0,1.6315374040571555,False,True,Deng_Liu_LUAD_2024;Hu_Zhang_2023_NSCLC,0.6666666666666666,0.5438458013523851,III-IV,1,0.0,2,1,0.0,0.5438458013523851
ICAM1_integrin_aXb2_complex,Neutrophils,Monocyte classical,4,4.0,2.171258760381155,False,False,Deng_Liu_LUAD_2024;Hu_Zhang_2023_NSCLC;Maynard_Bivona_2020;Zilionis_Klein_2019,1.0,0.5428146900952887,III-IV,1,0.0,3,1,0.0,0.5428146900952887
JAG1_NOTCH1,Pericyte,T cell CD8 terminally exhausted,2,2.0,1.085371520556747,True,False,Deng_Liu_LUAD_2024;Hu_Zhang_2023_NSCLC,1.0,0.5426857602783735,III-IV,1,0.0,3,1,0.0,0.5426857602783735
CXCL8_CXCR1,Macrophage,Neutrophils,4,3.0,2.1672307364679835,True,True,Hu_Zhang_2023_NSCLC;Maynard_Bivona_2020;Zilionis_Klein_2019,0.75,0.5418076841169959,III-IV,1,0.0,3,1,0.0,0.5418076841169959
CD80_CTLA4,DC mature,T cell regulatory,3,2.0,1.6249664422796433,True,True,Deng_Liu_LUAD_2024;Hu_Zhang_2023_NSCLC,0.6666666666666666,0.5416554807598811,III-IV,1,0.0,1,1,0.0,0.5416554807598811
CD44_TYROBP,cDC1,NK cell,3,2.0,1.623609722019395,False,True,Chen_Zhang_2020;Deng_Liu_LUAD_2024,0.6666666666666666,0.5412032406731316,III-IV,1,0.0,1,1,0.0,0.5412032406731316
CD44_TYROBP,pDC,pDC,4,3.0,2.1620361492962497,False,True,Deng_Liu_LUAD_2024;Hu_Zhang_2023_NSCLC;Zilionis_Klein_2019,0.75,0.5405090373240624,III-IV,1,0.0,3,1,0.0,0.5405090373240624
THY1_ADGRE2,Pericyte,Pericyte,2,2.0,1.6395192608370257,True,False,Deng_Liu_LUAD_2024;Hu_Zhang_2023_NSCLC,1.0,0.8197596304185129,III-IV,1,0.27956291247430487,3,1,0.27956291247430487,0.540196717944208
HLA-E_KLRK1,cDC1,T cell CD8 dividing,3,2.0,1.619722650900092,True,True,Chen_Zhang_2020;Deng_Liu_LUAD_2024,0.6666666666666666,0.5399075503000307,III-IV,1,0.0,1,1,0.0,0.5399075503000307
COL14A1_integrin_a1b1_complex,Pericyte,T cell CD8 effector memory,2,2.0,1.326716343543134,True,False,Deng_Liu_LUAD_2024;Hu_Zhang_2023_NSCLC,1.0,0.663358171771567,III-IV,1,0.12349886400519312,3,1,0.12349886400519312,0.5398593077663738
HLA-E_KLRC1,cDC1,T cell CD8 terminally exhausted,3,2.0,1.6189566814330374,True,False,Deng_Liu_LUAD_2024;Hu_Zhang_2023_NSCLC,0.6666666666666666,0.5396522271443458,III-IV,1,0.0,1,1,0.0,0.5396522271443458
VEGFA_NRP2,myeloid dividing,DC mature,3,3.0,1.6189508908088368,True,True,Chen_Zhang_2020;Deng_Liu_LUAD_2024;Hu_Zhang_2023_NSCLC,1.0,0.539650296936279,III-IV,1,0.0,1,1,0.0,0.539650296936279
PLAU_PLAUR,DC mature,Monocyte classical,3,2.0,1.6167861705987567,False,True,Deng_Liu_LUAD_2024;Hu_Zhang_2023_NSCLC,0.6666666666666666,0.5389287235329189,III-IV,1,0.0,1,1,0.0,0.5389287235329189
COL5A3_integrin_a1b1_complex,Pericyte,T cell CD8 activated,2,2.0,1.0772802844965357,True,False,Deng_Liu_LUAD_2024;Hu_Zhang_2023_NSCLC,1.0,0.5386401422482678,III-IV,1,0.0,1,1,0.0,0.5386401422482678
HLA-E_VSIR,cDC1,Macrophage,3,2.0,1.6157471429876105,True,False,Deng_Liu_LUAD_2024;Hu_Zhang_2023_NSCLC,0.6666666666666666,0.5385823809958702,III-IV,1,0.0,1,1,0.0,0.5385823809958702
JAG1_CD46,Pericyte,T cell CD8 terminally exhausted,2,2.0,1.2911721975397459,True,False,Deng_Liu_LUAD_2024;Hu_Zhang_2023_NSCLC,1.0,0.6455860987698729,III-IV,1,0.1073064300912402,3,1,0.1073064300912402,0.5382796686786328
SPP1_integrin_a4b1_complex,myeloid dividing,pDC,3,2.0,1.614731027807219,True,False,Deng_Liu_LUAD_2024;Hu_Zhang_2023_NSCLC,0.6666666666666666,0.5382436759357397,III-IV,1,0.0,2,1,0.0,0.5382436759357397
ANXA1_FPR2,Macrophage,Neutrophils,4,3.0,2.151812842998708,True,True,Deng_Liu_LUAD_2024;Hu_Zhang_2023_NSCLC;Maynard_Bivona_2020,0.75,0.537953210749677,III-IV,1,0.0,3,1,0.0,0.537953210749677
integrin_aVb1_complex_ADGRE5,Pericyte,Monocyte classical,2,2.0,1.4036351415057418,False,False,Deng_Liu_LUAD_2024;Hu_Zhang_2023_NSCLC,1.0,0.7018175707528709,III-IV,1,0.1642684554076959,3,1,0.1642684554076959,0.537549115345175
APP_TNFRSF21,pDC,pDC,4,3.0,2.1484876822136,True,True,Chen_Zhang_2020;Deng_Liu_LUAD_2024;Hu_Zhang_2023_NSCLC,0.75,0.5371219205534,III-IV,1,0.0,3,1,0.0,0.5371219205534
COL6A3_integrin_a11b1_complex,Pericyte,Fibroblast peribronchial,2,2.0,1.6232957236368182,True,False,Deng_Liu_LUAD_2024;Hu_Zhang_2023_NSCLC,1.0,0.8116478618184091,III-IV,1,0.27455010999314794,3,1,0.27455010999314794,0.5370977518252611
PLAU_PLAUR,Fibroblast peribronchial,DC mature,3,3.0,1.6111465086330183,True,False,Chen_Zhang_2020;Deng_Liu_LUAD_2024;Hu_Zhang_2023_NSCLC,1.0,0.5370488362110061,III-IV,1,0.0,1,1,0.0,0.5370488362110061
CCL4_CCR5,T cell CD8 terminally exhausted,Macrophage alveolar,3,2.0,1.6110114120123673,True,False,Deng_Liu_LUAD_2024;Hu_Zhang_2023_NSCLC,0.6666666666666666,0.5370038040041224,III-IV,1,0.0,4,1,0.0,0.5370038040041224
THY1_integrin_aMb2_complex,Pericyte,cDC2,2,2.0,1.6333969626326814,True,False,Deng_Liu_LUAD_2024;Hu_Zhang_2023_NSCLC,1.0,0.8166984813163407,III-IV,1,0.28024811569115365,3,1,0.28024811569115365,0.5364503656251871
SDC2_ADGRA2,Pericyte,Pericyte,2,2.0,1.6296062674307488,True,True,Deng_Liu_LUAD_2024;Hu_Zhang_2023_NSCLC,1.0,0.8148031337153744,III-IV,1,0.27867936095784196,3,1,0.27867936095784196,0.5361237727575324
JAG1_CD46,Pericyte,Pericyte,2,2.0,1.3364051738958298,True,False,Deng_Liu_LUAD_2024;Hu_Zhang_2023_NSCLC,1.0,0.6682025869479149,III-IV,1,0.13237044249702476,3,1,0.13237044249702476,0.5358321444508901
JAG1_CD46,Pericyte,Mast cell,2,2.0,1.3210219824550316,True,False,Deng_Liu_LUAD_2024;Hu_Zhang_2023_NSCLC,1.0,0.6605109912275158,III-IV,1,0.1249774604204984,3,1,0.1249774604204984,0.5355335308070174
NECTIN3_TIGIT,Pericyte,T cell CD8 dividing,2,2.0,1.0706294389749544,False,True,Deng_Liu_LUAD_2024;Hu_Zhang_2023_NSCLC,1.0,0.5353147194874772,III-IV,1,0.0,3,1,0.0,0.5353147194874772
HLA-E_KLRC2,cDC1,T cell CD8 dividing,3,2.0,1.6045146222408553,True,False,Deng_Liu_LUAD_2024;Hu_Zhang_2023_NSCLC,0.6666666666666666,0.5348382074136184,III-IV,1,0.0,1,1,0.0,0.5348382074136184
HLA-E_VSIR,cDC2,myeloid dividing,3,2.0,1.6019428743992425,False,True,Deng_Liu_LUAD_2024;Hu_Zhang_2023_NSCLC,0.6666666666666666,0.5339809581330809,III-IV,1,0.0,4,1,0.0,0.5339809581330809
COL8A2_integrin_a1b1_complex,Fibroblast peribronchial,Pericyte,2,2.0,1.591732281307069,True,False,Deng_Liu_LUAD_2024;Hu_Zhang_2023_NSCLC,1.0,0.7958661406535344,III-IV,1,0.2625590536982942,3,1,0.2625590536982942,0.5333070869552403
JAG1_CD46,Pericyte,T cell CD4,2,2.0,1.280983368486546,True,False,Deng_Liu_LUAD_2024;Hu_Zhang_2023_NSCLC,1.0,0.640491684243273,III-IV,1,0.1073064300912402,3,1,0.1073064300912402,0.5331852541520328
HLA-E_VSIR,Macrophage alveolar,DC mature,3,2.0,1.5981235701389045,True,True,Deng_Liu_LUAD_2024;Hu_Zhang_2023_NSCLC,0.6666666666666666,0.5327078567129682,III-IV,1,0.0,1,1,0.0,0.5327078567129682
COL15A1_integrin_a1b1_complex,Fibroblast peribronchial,Pericyte,2,2.0,1.705137576428747,True,False,Deng_Liu_LUAD_2024;Hu_Zhang_2023_NSCLC,1.0,0.8525687882143735,III-IV,1,0.320098092249991,3,1,0.320098092249991,0.5324706959643826
HLA-E_VSIR,cDC1,NK cell,3,2.0,1.596069877947511,True,False,Deng_Liu_LUAD_2024;Hu_Zhang_2023_NSCLC,0.6666666666666666,0.5320232926491704,III-IV,1,0.0,1,1,0.0,0.5320232926491704
APP_FPR2,Fibroblast peribronchial,Neutrophils,3,2.0,1.5951733516533386,True,True,Deng_Liu_LUAD_2024;Hu_Zhang_2023_NSCLC,0.6666666666666666,0.5317244505511128,III-IV,1,0.0,3,1,0.0,0.5317244505511128
JAG1_CD46,Pericyte,Fibroblast peribronchial,2,2.0,1.253871661859304,True,False,Deng_Liu_LUAD_2024;Hu_Zhang_2023_NSCLC,1.0,0.626935830929652,III-IV,1,0.09522521547838003,3,1,0.09522521547838003,0.531710615451272
COL12A1_integrin_a1b1_complex,Pericyte,Pericyte,2,2.0,1.6775556789192483,True,False,Deng_Liu_LUAD_2024;Hu_Zhang_2023_NSCLC,1.0,0.8387778394596241,III-IV,1,0.30715135778426916,3,1,0.30715135778426916,0.531626481675355
GAS6_AXL,pDC,myeloid dividing,3,3.0,1.5943379865802187,True,True,Chen_Zhang_2020;Deng_Liu_LUAD_2024;Hu_Zhang_2023_NSCLC,1.0,0.5314459955267395,III-IV,1,0.0,2,1,0.0,0.5314459955267395
BST2_LILRA4,cDC1,pDC,3,2.0,1.5931026048366352,True,True,Deng_Liu_LUAD_2024;Hu_Zhang_2023_NSCLC,0.6666666666666666,0.5310342016122117,III-IV,1,0.0,1,1,0.0,0.5310342016122117
COL5A2_integrin_a1b1_complex,Pericyte,NK cell,2,2.0,1.6186096404588821,True,False,Deng_Liu_LUAD_2024;Hu_Zhang_2023_NSCLC,1.0,0.8093048202294411,III-IV,1,0.2785170759854304,3,1,0.2785170759854304,0.5307877442440107
COL5A1_integrin_a1b1_complex,Fibroblast peribronchial,T cell CD4 dividing,3,2.0,1.5920887713293879,True,False,Deng_Liu_LUAD_2024;Hu_Zhang_2023_NSCLC,0.6666666666666666,0.530696257109796,III-IV,1,0.0,2,1,0.0,0.530696257109796
HLA-E_VSIR,cDC1,Plasma cell,3,2.0,1.5915919256694755,True,False,Deng_Liu_LUAD_2024;Hu_Zhang_2023_NSCLC,0.6666666666666666,0.5305306418898251,III-IV,1,0.0,1,1,0.0,0.5305306418898251
HLA-E_VSIR,cDC1,Mast cell,3,2.0,1.591500472381893,True,False,Deng_Liu_LUAD_2024;Hu_Zhang_2023_NSCLC,0.6666666666666666,0.5305001574606311,III-IV,1,0.0,1,1,0.0,0.5305001574606311
SEMA3C_NRP2,Macrophage alveolar,DC mature,3,3.0,1.5903913362713995,True,True,Chen_Zhang_2020;Deng_Liu_LUAD_2024;Hu_Zhang_2023_NSCLC,1.0,0.5301304454237998,III-IV,1,0.0,1,1,0.0,0.5301304454237998
THY1_integrin_aMb2_complex,Pericyte,Mast cell,2,2.0,1.638508399045352,True,False,Deng_Liu_LUAD_2024;Hu_Zhang_2023_NSCLC,1.0,0.819254199522676,III-IV,1,0.2891557575101879,3,1,0.2891557575101879,0.5300984420124881
CXCL8_CXCR2,Macrophage alveolar,Neutrophils,3,2.0,1.5898847592868903,True,True,Hu_Zhang_2023_NSCLC;Zilionis_Klein_2019,0.6666666666666666,0.5299615864289634,III-IV,1,0.0,3,1,0.0,0.5299615864289634
CD44_TYROBP,DC mature,NK cell,3,2.0,1.5878524093889006,False,True,Chen_Zhang_2020;Deng_Liu_LUAD_2024,0.6666666666666666,0.5292841364629669,III-IV,1,0.0,1,1,0.0,0.5292841364629669
PLAUR_integrin_a4b1_complex,myeloid dividing,DC mature,3,2.0,1.5875786791919004,True,False,Deng_Liu_LUAD_2024;Hu_Zhang_2023_NSCLC,0.6666666666666666,0.5291928930639668,III-IV,1,0.0,1,1,0.0,0.5291928930639668
HLA-E_VSIR,cDC1,T cell regulatory,3,2.0,1.587202354227328,True,False,Deng_Liu_LUAD_2024;Hu_Zhang_2023_NSCLC,0.6666666666666666,0.5290674514091093,III-IV,1,0.0,1,1,0.0,0.5290674514091093
HLA-E_VSIR,cDC1,T cell CD8 activated,3,2.0,1.586210375421563,True,False,Deng_Liu_LUAD_2024;Hu_Zhang_2023_NSCLC,0.6666666666666666,0.5287367918071877,III-IV,1,0.0,1,1,0.0,0.5287367918071877
JAG1_CD46,Pericyte,T cell CD8 effector memory,2,2.0,1.2554745498349549,True,False,Deng_Liu_LUAD_2024;Hu_Zhang_2023_NSCLC,1.0,0.6277372749174774,III-IV,1,0.09991344801471384,3,1,0.09991344801471384,0.5278238269027636
ICAM1_integrin_aXb2_complex,Macrophage,Neutrophils,4,3.0,2.1095171950714335,True,False,Deng_Liu_LUAD_2024;Hu_Zhang_2023_NSCLC;Maynard_Bivona_2020,0.75,0.5273792987678584,III-IV,1,0.0,3,1,0.0,0.5273792987678584
CD44_TYROBP,Neutrophils,Mast cell,4,3.0,2.108114193682196,False,True,Deng_Liu_LUAD_2024;Hu_Zhang_2023_NSCLC;Maynard_Bivona_2020,0.75,0.527028548420549,III-IV,1,0.0,3,1,0.0,0.527028548420549
BST2_LILRA4,T cell CD8 dividing,pDC,3,2.0,1.5806401716027736,False,True,Deng_Liu_LUAD_2024;Hu_Zhang_2023_NSCLC,0.6666666666666666,0.5268800572009246,III-IV,1,0.0,2,1,0.0,0.5268800572009246
CD44_TYROBP,NK cell,Neutrophils,3,2.0,1.5796795093910254,False,True,Hu_Zhang_2023_NSCLC;Zilionis_Klein_2019,0.6666666666666666,0.5265598364636751,III-IV,1,0.0,3,1,0.0,0.5265598364636751
COL6A1_integrin_a1b1_complex,Fibroblast peribronchial,T cell CD4 dividing,3,2.0,1.57954813664468,True,False,Deng_Liu_LUAD_2024;Hu_Zhang_2023_NSCLC,0.6666666666666666,0.5265160455482266,III-IV,1,0.0,2,1,0.0,0.5265160455482266
HLA-E_VSIR,cDC1,T cell CD4,3,2.0,1.5788113828754518,True,False,Deng_Liu_LUAD_2024;Hu_Zhang_2023_NSCLC,0.6666666666666666,0.526270460958484,III-IV,1,0.0,1,1,0.0,0.526270460958484
COL18A1_integrin_a1b1_complex,Mast cell,Pericyte,2,2.0,1.5942471636082947,False,False,Deng_Liu_LUAD_2024;Hu_Zhang_2023_NSCLC,1.0,0.7971235818041473,III-IV,1,0.27114212557250533,3,1,0.27114212557250533,0.525981456231642
integrin_aVb1_complex_ADGRE5,Pericyte,Plasma cell,2,2.0,1.0519236932344151,False,False,Deng_Liu_LUAD_2024;Hu_Zhang_2023_NSCLC,1.0,0.5259618466172076,III-IV,1,0.0,3,1,0.0,0.5259618466172076
integrin_aVb1_complex_ADGRE5,Pericyte,cDC2,2,2.0,1.3504754865801454,False,False,Deng_Liu_LUAD_2024;Hu_Zhang_2023_NSCLC,1.0,0.6752377432900727,III-IV,1,0.14966280789065597,3,1,0.14966280789065597,0.5255749353994167
CD58_CD2,Neutrophils,T cell CD8 activated,3,2.0,1.5758383879528948,False,True,Deng_Liu_LUAD_2024;Hu_Zhang_2023_NSCLC,0.6666666666666666,0.5252794626509649,III-IV,1,0.0,2,1,0.0,0.5252794626509649
FN1_integrin_a4b1_complex,Pericyte,T cell CD4 dividing,2,2.0,1.8840578621026864,True,False,Deng_Liu_LUAD_2024;Hu_Zhang_2023_NSCLC,1.0,0.9420289310513432,III-IV,1,0.4177756139781456,2,1,0.4177756139781456,0.5242533170731976
CCL19_CCRL2,DC mature,Macrophage,3,3.0,1.5726477149392952,True,True,Chen_Zhang_2020;Deng_Liu_LUAD_2024;Hu_Zhang_2023_NSCLC,1.0,0.5242159049797651,III-IV,1,0.0,1,1,0.0,0.5242159049797651
CD44_TYROBP,Fibroblast peribronchial,Neutrophils,3,2.0,1.5717237314109824,False,True,Hu_Zhang_2023_NSCLC;Zilionis_Klein_2019,0.6666666666666666,0.5239079104703275,III-IV,1,0.0,3,1,0.0,0.5239079104703275
CD86_CD28,DC mature,T cell regulatory,3,2.0,1.5710883877060913,True,True,Deng_Liu_LUAD_2024;Hu_Zhang_2023_NSCLC,0.6666666666666666,0.5236961292353638,III-IV,1,0.0,1,1,0.0,0.5236961292353638
BST2_LILRA4,T cell CD8 terminally exhausted,pDC,3,2.0,1.5697066809948352,False,True,Deng_Liu_LUAD_2024;Hu_Zhang_2023_NSCLC,0.6666666666666666,0.5232355603316118,III-IV,1,0.0,2,1,0.0,0.5232355603316118
JAG1_CD46,Pericyte,T cell regulatory,2,2.0,1.2715763978008177,True,False,Deng_Liu_LUAD_2024;Hu_Zhang_2023_NSCLC,1.0,0.6357881989004088,III-IV,1,0.11275199249882795,3,1,0.11275199249882795,0.5230362064015809
PDGFA_PDGFRA,Pericyte,Fibroblast peribronchial,2,2.0,1.494181582378706,True,True,Deng_Liu_LUAD_2024;Hu_Zhang_2023_NSCLC,1.0,0.747090791189353,III-IV,1,0.22454830682678784,3,1,0.22454830682678784,0.5225424843625651
CD52_SIGLEC10,T cell CD8 terminally exhausted,DC mature,3,2.0,1.5670976425129162,True,False,Chen_Zhang_2020;Deng_Liu_LUAD_2024,0.6666666666666666,0.5223658808376387,III-IV,1,0.0,1,1,0.0,0.5223658808376387
JAG1_CD46,Pericyte,NK cell,2,2.0,1.2443797756602553,True,False,Deng_Liu_LUAD_2024;Hu_Zhang_2023_NSCLC,1.0,0.6221898878301276,III-IV,1,0.10032817627754337,3,1,0.10032817627754337,0.5218617115525843
HLA-E_VSIR,cDC1,T cell CD4 dividing,3,2.0,1.5637032363030254,True,False,Deng_Liu_LUAD_2024;Hu_Zhang_2023_NSCLC,0.6666666666666666,0.5212344121010085,III-IV,1,0.0,1,1,0.0,0.5212344121010085
VEGFA_NRP2,Pericyte,DC mature,2,2.0,1.0415726890997816,False,True,Deng_Liu_LUAD_2024;Hu_Zhang_2023_NSCLC,1.0,0.5207863445498908,III-IV,1,0.0,1,1,0.0,0.5207863445498908
HLA-E_VSIR,cDC1,T cell CD8 effector memory,3,2.0,1.5614442590071542,True,False,Deng_Liu_LUAD_2024;Hu_Zhang_2023_NSCLC,0.6666666666666666,0.5204814196690514,III-IV,1,0.0,1,1,0.0,0.5204814196690514
CD80_CTLA4,DC mature,T cell CD4 dividing,3,2.0,1.5603849381044028,True,True,Deng_Liu_LUAD_2024;Hu_Zhang_2023_NSCLC,0.6666666666666666,0.5201283127014676,III-IV,1,0.0,1,1,0.0,0.5201283127014676
SPP1_integrin_a4b1_complex,Macrophage,DC mature,3,2.0,1.5584733039910503,True,False,Deng_Liu_LUAD_2024;Hu_Zhang_2023_NSCLC,0.6666666666666666,0.5194911013303501,III-IV,1,0.0,1,1,0.0,0.5194911013303501
ICAM1_integrin_aXb2_complex,Neutrophils,Macrophage,4,4.0,2.076851693082786,False,False,Deng_Liu_LUAD_2024;Hu_Zhang_2023_NSCLC;Maynard_Bivona_2020;Zilionis_Klein_2019,1.0,0.5192129232706965,III-IV,1,0.0,3,1,0.0,0.5192129232706965
FN1_integrin_a4b1_complex,Macrophage alveolar,DC mature,3,2.0,1.5568928247655482,True,False,Deng_Liu_LUAD_2024;Hu_Zhang_2023_NSCLC,0.6666666666666666,0.5189642749218494,III-IV,1,0.0,1,1,0.0,0.5189642749218494
CD55_ADGRE5,cDC1,NK cell,3,2.0,1.5562167342884743,True,True,Deng_Liu_LUAD_2024;Hu_Zhang_2023_NSCLC,0.6666666666666666,0.5187389114294915,III-IV,1,0.0,1,1,0.0,0.5187389114294915
COL6A1_integrin_a2b1_complex,Fibroblast peribronchial,T cell CD8 dividing,3,2.0,1.5557419699863173,True,False,Deng_Liu_LUAD_2024;Hu_Zhang_2023_NSCLC,0.6666666666666666,0.5185806566621057,III-IV,1,0.0,4,1,0.0,0.5185806566621057
CD55_ADGRE5,cDC1,T cell CD8 terminally exhausted,3,2.0,1.5549737311424248,True,True,Deng_Liu_LUAD_2024;Hu_Zhang_2023_NSCLC,0.6666666666666666,0.5183245770474749,III-IV,1,0.0,1,1,0.0,0.5183245770474749
COL5A1_integrin_a2b1_complex,Fibroblast peribronchial,T cell CD8 dividing,3,2.0,1.5549397226279258,True,False,Deng_Liu_LUAD_2024;Hu_Zhang_2023_NSCLC,0.6666666666666666,0.5183132408759753,III-IV,1,0.0,4,1,0.0,0.5183132408759753
COL14A1_integrin_a1b1_complex,Fibroblast peribronchial,Pericyte,2,2.0,1.6024128235148085,True,False,Deng_Liu_LUAD_2024;Hu_Zhang_2023_NSCLC,1.0,0.8012064117574043,III-IV,1,0.2829889285585488,3,1,0.2829889285585488,0.5182174831988555
TNF_TNFRSF1A,myeloid dividing,Neutrophils,2,2.0,1.0355093618207563,True,False,Deng_Liu_LUAD_2024;Hu_Zhang_2023_NSCLC,1.0,0.5177546809103781,III-IV,1,0.0,2,1,0.0,0.5177546809103781
COL16A1_integrin_a1b1_complex,Fibroblast peribronchial,Pericyte,2,2.0,1.5814980454472622,True,False,Deng_Liu_LUAD_2024;Hu_Zhang_2023_NSCLC,1.0,0.7907490227236311,III-IV,1,0.27303545025064013,3,1,0.27303545025064013,0.517713572472991
LGALS9_HAVCR2,DC mature,cDC1,3,2.0,1.5528237956608884,True,True,Deng_Liu_LUAD_2024;Hu_Zhang_2023_NSCLC,0.6666666666666666,0.5176079318869627,III-IV,1,0.0,1,1,0.0,0.5176079318869627
COL5A3_integrin_a1b1_complex,Fibroblast peribronchial,Pericyte,2,2.0,1.5874808140502068,True,False,Deng_Liu_LUAD_2024;Hu_Zhang_2023_NSCLC,1.0,0.7937404070251034,III-IV,1,0.27631721302607376,3,1,0.27631721302607376,0.5174231939990297
CD44_TYROBP,Plasma cell,Neutrophils,3,2.0,1.5505344484639343,False,True,Hu_Zhang_2023_NSCLC;Zilionis_Klein_2019,0.6666666666666666,0.5168448161546447,III-IV,1,0.0,3,1,0.0,0.5168448161546447
LGALS9_P4HB,DC mature,myeloid dividing,3,2.0,1.5504975719673455,True,True,Deng_Liu_LUAD_2024;Hu_Zhang_2023_NSCLC,0.6666666666666666,0.5168325239891152,III-IV,1,0.0,1,1,0.0,0.5168325239891152
ICAM1_ITGAL,myeloid dividing,NK cell,3,2.0,1.5500799804507455,True,True,Deng_Liu_LUAD_2024;Hu_Zhang_2023_NSCLC,0.6666666666666666,0.5166933268169152,III-IV,1,0.0,4,1,0.0,0.5166933268169152
ICAM1_integrin_aLb2_complex,myeloid dividing,NK cell,3,2.0,1.5500799804507455,True,False,Deng_Liu_LUAD_2024;Hu_Zhang_2023_NSCLC,0.6666666666666666,0.5166933268169152,III-IV,1,0.0,4,1,0.0,0.5166933268169152
APP_TNFRSF21,Fibroblast peribronchial,pDC,4,3.0,2.0656886094000377,True,True,Chen_Zhang_2020;Deng_Liu_LUAD_2024;Hu_Zhang_2023_NSCLC,0.75,0.5164221523500094,III-IV,1,0.0,3,1,0.0,0.5164221523500094
HLA-E_CD94:NKG2A,Plasma cell,NK cell,5,5.0,2.5804915223392912,False,False,Chen_Zhang_2020;Deng_Liu_LUAD_2024;Hu_Zhang_2023_NSCLC;Lambrechts_Thienpont_2018_6653;Zilionis_Klein_2019,1.0,0.5160983044678582,III-IV,1,0.0,5,1,0.0,0.5160983044678582
THY1_ADGRE5,Fibroblast peribronchial,DC mature,3,2.0,1.5473349715175668,True,False,Deng_Liu_LUAD_2024;Hu_Zhang_2023_NSCLC,0.6666666666666666,0.515778323839189,III-IV,1,0.0,1,1,0.0,0.515778323839189
SEMA4D_PTPRC,T cell CD8 dividing,pDC,3,2.0,1.5463376385869632,True,False,Deng_Liu_LUAD_2024;Hu_Zhang_2023_NSCLC,0.6666666666666666,0.5154458795289877,III-IV,1,0.0,2,1,0.0,0.5154458795289877
HLA-E_VSIR,cDC1,T cell CD8 dividing,3,2.0,1.5458704244570862,True,False,Deng_Liu_LUAD_2024;Hu_Zhang_2023_NSCLC,0.6666666666666666,0.5152901414856954,III-IV,1,0.0,1,1,0.0,0.5152901414856954
SPP1_integrin_a4b1_complex,Macrophage,Pericyte,2,2.0,1.478348876144516,True,False,Deng_Liu_LUAD_2024;Hu_Zhang_2023_NSCLC,1.0,0.739174438072258,III-IV,1,0.2240434202459519,3,1,0.2240434202459519,0.5151310178263061
BST2_LILRA4,DC mature,pDC,3,2.0,1.5438042006922226,False,True,Deng_Liu_LUAD_2024;Hu_Zhang_2023_NSCLC,0.6666666666666666,0.5146014002307409,III-IV,1,0.0,1,1,0.0,0.5146014002307409
RARRES2_CCRL2,Fibroblast peribronchial,Neutrophils,3,2.0,1.5437108686759804,True,False,Deng_Liu_LUAD_2024;Hu_Zhang_2023_NSCLC,0.6666666666666666,0.5145702895586601,III-IV,1,0.0,3,1,0.0,0.5145702895586601
PLAUR_integrin_a4b1_complex,Macrophage,Pericyte,2,2.0,1.576605725208503,True,False,Deng_Liu_LUAD_2024;Hu_Zhang_2023_NSCLC,1.0,0.7883028626042515,III-IV,1,0.27399112842150813,3,1,0.27399112842150813,0.5143117341827435
integrin_aVb1_complex_ADGRE5,Pericyte,DC mature,2,2.0,1.0276015712739588,False,False,Deng_Liu_LUAD_2024;Hu_Zhang_2023_NSCLC,1.0,0.5138007856369794,III-IV,1,0.0,1,1,0.0,0.5138007856369794
THY1_ADGRE2,Fibroblast peribronchial,Neutrophils,3,2.0,1.5413295523977828,True,False,Deng_Liu_LUAD_2024;Hu_Zhang_2023_NSCLC,0.6666666666666666,0.5137765174659276,III-IV,1,0.0,3,1,0.0,0.5137765174659276
HLA-E_VSIR,cDC1,pDC,3,2.0,1.5408587570987988,True,False,Deng_Liu_LUAD_2024;Hu_Zhang_2023_NSCLC,0.6666666666666666,0.5136195856995996,III-IV,1,0.0,1,1,0.0,0.5136195856995996
ICAM1_integrin_aXb2_complex,DC mature,Macrophage,3,3.0,1.540761561306386,True,False,Chen_Zhang_2020;Deng_Liu_LUAD_2024;Hu_Zhang_2023_NSCLC,1.0,0.5135871871021287,III-IV,1,0.0,1,1,0.0,0.5135871871021287
HLA-E_VSIR,cDC1,Macrophage alveolar,3,2.0,1.539530309574793,True,False,Deng_Liu_LUAD_2024;Hu_Zhang_2023_NSCLC,0.6666666666666666,0.5131767698582643,III-IV,1,0.0,1,1,0.0,0.5131767698582643
PLAU_PLAUR,Fibroblast peribronchial,pDC,4,4.0,2.0491023737338776,True,True,Chen_Zhang_2020;Deng_Liu_LUAD_2024;Hu_Zhang_2023_NSCLC;Zilionis_Klein_2019,1.0,0.5122755934334694,III-IV,1,0.0,3,1,0.0,0.5122755934334694
APP_SORL1,pDC,myeloid dividing,3,2.0,1.536709416121555,True,True,Deng_Liu_LUAD_2024;Hu_Zhang_2023_NSCLC,0.6666666666666666,0.5122364720405184,III-IV,1,0.0,2,1,0.0,0.5122364720405184
CD226_NECTIN2,cDC1,DC mature,3,3.0,1.535542198325728,True,True,Chen_Zhang_2020;Deng_Liu_LUAD_2024;Hu_Zhang_2023_NSCLC,1.0,0.5118473994419094,III-IV,1,0.0,1,1,0.0,0.5118473994419094
SPP1_integrin_a4b1_complex,myeloid dividing,Plasma cell,3,2.0,1.5348109935504906,True,False,Deng_Liu_LUAD_2024;Hu_Zhang_2023_NSCLC,0.6666666666666666,0.5116036645168301,III-IV,1,0.0,4,1,0.0,0.5116036645168301
HLA-E_VSIR,cDC1,Fibroblast peribronchial,3,2.0,1.534527804166724,True,False,Deng_Liu_LUAD_2024;Hu_Zhang_2023_NSCLC,0.6666666666666666,0.5115092680555747,III-IV,1,0.0,1,1,0.0,0.5115092680555747
LGALS9_HAVCR2,DC mature,T cell CD8 terminally exhausted,3,2.0,1.5340827267994688,True,True,Deng_Liu_LUAD_2024;Hu_Zhang_2023_NSCLC,0.6666666666666666,0.5113609089331562,III-IV,1,0.0,1,1,0.0,0.5113609089331562
COL6A3_integrin_a1b1_complex,Pericyte,T cell CD8 effector memory,2,2.0,1.5835080886773627,True,False,Deng_Liu_LUAD_2024;Hu_Zhang_2023_NSCLC,1.0,0.7917540443386814,III-IV,1,0.2804284323271665,3,1,0.2804284323271665,0.5113256120115148
LAIR1_LILRB4,Macrophage alveolar,pDC,4,4.0,2.0438271934416763,True,True,Chen_Zhang_2020;Deng_Liu_LUAD_2024;Hu_Zhang_2023_NSCLC;Zilionis_Klein_2019,1.0,0.5109567983604191,III-IV,1,0.0,3,1,0.0,0.5109567983604191
integrin_aVb1_complex_ADGRE5,Pericyte,T cell CD4 dividing,2,2.0,1.4489202286572949,False,True,Deng_Liu_LUAD_2024;Hu_Zhang_2023_NSCLC,1.0,0.7244601143286474,III-IV,1,0.21356702369360597,2,1,0.21356702369360597,0.5108930906350415
COL14A1_integrin_a2b1_complex,Pericyte,T cell CD8 dividing,2,2.0,1.0214161820369405,True,False,Deng_Liu_LUAD_2024;Hu_Zhang_2023_NSCLC,1.0,0.5107080910184703,III-IV,1,0.0,3,1,0.0,0.5107080910184703
COL27A1_integrin_a1b1_complex,Fibroblast peribronchial,Pericyte,2,2.0,1.5740055697807271,True,False,Deng_Liu_LUAD_2024;Hu_Zhang_2023_NSCLC,1.0,0.7870027848903636,III-IV,1,0.2767499729525046,3,1,0.2767499729525046,0.510252811937859
PTPRC_MRC1,pDC,myeloid dividing,3,2.0,1.5291760462756887,False,True,Chen_Zhang_2020;Hu_Zhang_2023_NSCLC,0.6666666666666666,0.5097253487585629,III-IV,1,0.0,2,1,0.0,0.5097253487585629
SELPLG_SELL,cDC1,pDC,3,2.0,1.5287956871804158,True,True,Deng_Liu_LUAD_2024;Hu_Zhang_2023_NSCLC,0.6666666666666666,0.5095985623934719,III-IV,1,0.0,1,1,0.0,0.5095985623934719
Cholesterol_byLIPA_RORA,Macrophage,Pericyte,2,2.0,1.4689813184661862,False,True,Deng_Liu_LUAD_2024;Hu_Zhang_2023_NSCLC,1.0,0.7344906592330931,III-IV,1,0.2249450034260161,3,1,0.2249450034260161,0.509545655807077
COL11A1_integrin_a1b1_complex,Fibroblast peribronchial,T cell CD8 terminally exhausted,3,2.0,1.5279124479806225,True,False,Deng_Liu_LUAD_2024;Hu_Zhang_2023_NSCLC,0.6666666666666666,0.5093041493268742,III-IV,1,0.0,4,1,0.0,0.5093041493268742
BST2_LILRA4,T cell CD4 dividing,pDC,3,2.0,1.5269504935757654,False,True,Deng_Liu_LUAD_2024;Hu_Zhang_2023_NSCLC,0.6666666666666666,0.5089834978585884,III-IV,1,0.0,2,1,0.0,0.5089834978585884
LTB_LTBR,B cell,Pericyte,2,2.0,1.4384525166895072,True,False,Deng_Liu_LUAD_2024;Hu_Zhang_2023_NSCLC,1.0,0.7192262583447536,III-IV,1,0.21035738757257746,3,1,0.21035738757257746,0.5088688707721761
ICAM1_ITGAL,DC mature,NK cell,3,2.0,1.5253327016909908,True,True,Deng_Liu_LUAD_2024;Hu_Zhang_2023_NSCLC,0.6666666666666666,0.5084442338969969,III-IV,1,0.0,1,1,0.0,0.5084442338969969
ICAM1_integrin_aLb2_complex,DC mature,NK cell,3,2.0,1.5253327016909908,True,False,Deng_Liu_LUAD_2024;Hu_Zhang_2023_NSCLC,0.6666666666666666,0.5084442338969969,III-IV,1,0.0,1,1,0.0,0.5084442338969969
ProstaglandinE2_byPTGES2_PTGER4,DC mature,T cell CD8 activated,3,3.0,1.5251962498380562,False,True,Chen_Zhang_2020;Deng_Liu_LUAD_2024;Hu_Zhang_2023_NSCLC,1.0,0.5083987499460187,III-IV,1,0.0,1,1,0.0,0.5083987499460187
COL5A3_integrin_a1b1_complex,Pericyte,T cell CD8 terminally exhausted,2,2.0,1.5061097313732312,True,False,Deng_Liu_LUAD_2024;Hu_Zhang_2023_NSCLC,1.0,0.7530548656866156,III-IV,1,0.2447077067330232,3,1,0.2447077067330232,0.5083471589535924
LTB_LTBR,T cell regulatory,Pericyte,2,2.0,1.4437038302431957,True,False,Deng_Liu_LUAD_2024;Hu_Zhang_2023_NSCLC,1.0,0.7218519151215979,III-IV,1,0.2135309603664034,3,1,0.2135309603664034,0.5083209547551945
CXCL16_CXCR6,DC mature,T cell CD8 dividing,3,3.0,1.5230710288005032,True,True,Chen_Zhang_2020;Deng_Liu_LUAD_2024;Hu_Zhang_2023_NSCLC,1.0,0.507690342933501,III-IV,1,0.0,1,1,0.0,0.507690342933501
JAG1_NOTCH2,Pericyte,Mast cell,2,2.0,1.0717919690706261,True,False,Deng_Liu_LUAD_2024;Hu_Zhang_2023_NSCLC,1.0,0.5358959845353131,III-IV,1,0.02841720199857245,3,1,0.02841720199857245,0.5074787825367406
integrin_aVb1_complex_ADGRE5,Pericyte,T cell regulatory,2,2.0,1.2173924126641502,False,False,Deng_Liu_LUAD_2024;Hu_Zhang_2023_NSCLC,1.0,0.6086962063320751,III-IV,1,0.10175267770204478,3,1,0.10175267770204478,0.5069435286300303
CD86_CD28,DC mature,T cell CD4 dividing,3,2.0,1.5205307064952576,True,True,Deng_Liu_LUAD_2024;Hu_Zhang_2023_NSCLC,0.6666666666666666,0.5068435688317525,III-IV,1,0.0,1,1,0.0,0.5068435688317525
LGALS9_P4HB,DC mature,Macrophage,3,2.0,1.5196955284988631,True,True,Deng_Liu_LUAD_2024;Hu_Zhang_2023_NSCLC,0.6666666666666666,0.5065651761662877,III-IV,1,0.0,1,1,0.0,0.5065651761662877
COL14A1_integrin_a1b1_complex,Pericyte,Fibroblast peribronchial,2,2.0,1.322017461841006,True,False,Deng_Liu_LUAD_2024;Hu_Zhang_2023_NSCLC,1.0,0.661008730920503,III-IV,1,0.15471167369901548,3,1,0.15471167369901548,0.5062970572214875
WNT5B_SFRP4,DC mature,Fibroblast peribronchial,3,3.0,1.5175066038230376,True,True,Chen_Zhang_2020;Deng_Liu_LUAD_2024;Hu_Zhang_2023_NSCLC,1.0,0.5058355346076792,III-IV,1,0.0,1,1,0.0,0.5058355346076792
HLA-E_CD94:NKG2A,Plasma cell,T cell CD8 dividing,4,4.0,2.0230333065150097,False,False,Chen_Zhang_2020;Deng_Liu_LUAD_2024;Hu_Zhang_2023_NSCLC;Lambrechts_Thienpont_2018_6653,1.0,0.5057583266287524,III-IV,1,0.0,4,1,0.0,0.5057583266287524
VEGFA_NRP2,DC mature,DC mature,3,3.0,1.5168554891579373,False,True,Chen_Zhang_2020;Deng_Liu_LUAD_2024;Hu_Zhang_2023_NSCLC,1.0,0.5056184963859791,III-IV,1,0.0,1,1,0.0,0.5056184963859791
HLA-E_CD94:NKG2E,DC mature,NK cell,3,2.0,1.5149013470790922,False,False,Chen_Zhang_2020;Deng_Liu_LUAD_2024,0.6666666666666666,0.5049671156930308,III-IV,1,0.0,1,1,0.0,0.5049671156930308
GAS6_AXL,DC mature,Pericyte,2,2.0,1.009722153861571,False,True,Deng_Liu_LUAD_2024;Hu_Zhang_2023_NSCLC,1.0,0.5048610769307855,III-IV,1,0.0,1,1,0.0,0.5048610769307855
SEMA3C_NRP2,Fibroblast peribronchial,DC mature,3,3.0,1.5121970436042456,False,True,Chen_Zhang_2020;Deng_Liu_LUAD_2024;Hu_Zhang_2023_NSCLC,1.0,0.5040656812014151,III-IV,1,0.0,1,1,0.0,0.5040656812014151
CCL19_CCR7,DC mature,T cell regulatory,3,3.0,1.5107831779846623,True,False,Chen_Zhang_2020;Deng_Liu_LUAD_2024;Hu_Zhang_2023_NSCLC,1.0,0.5035943926615541,III-IV,1,0.0,1,1,0.0,0.5035943926615541
COL5A1_integrin_a1b1_complex,Pericyte,T cell CD8 terminally exhausted,2,2.0,1.5687440516579665,True,False,Deng_Liu_LUAD_2024;Hu_Zhang_2023_NSCLC,1.0,0.7843720258289832,III-IV,1,0.2808251289263947,3,1,0.2808251289263947,0.5035468969025885
VEGFA_NRP2,Fibroblast peribronchial,DC mature,3,3.0,1.5099897544475742,False,True,Chen_Zhang_2020;Deng_Liu_LUAD_2024;Hu_Zhang_2023_NSCLC,1.0,0.5033299181491914,III-IV,1,0.0,1,1,0.0,0.5033299181491914
COL5A3_integrin_a1b1_complex,Pericyte,T cell CD8 dividing,2,2.0,1.4970323994967303,True,False,Deng_Liu_LUAD_2024;Hu_Zhang_2023_NSCLC,1.0,0.7485161997483651,III-IV,1,0.2453568466226694,3,1,0.2453568466226694,0.5031593531256957
APP_SORL1,Pericyte,NK cell,2,2.0,1.533292230309609,True,False,Deng_Liu_LUAD_2024;Hu_Zhang_2023_NSCLC,1.0,0.7666461151548045,III-IV,1,0.2640015867863969,3,1,0.2640015867863969,0.5026445283684076
ICAM1_integrin_aXb2_complex,cDC2,Neutrophils,4,3.0,2.0080251391962687,True,False,Deng_Liu_LUAD_2024;Hu_Zhang_2023_NSCLC;Maynard_Bivona_2020,0.75,0.5020062847990672,III-IV,1,0.0,3,1,0.0,0.5020062847990672
SPP1_integrin_a4b1_complex,myeloid dividing,Fibroblast peribronchial,3,2.0,1.5059428871725826,True,False,Deng_Liu_LUAD_2024;Hu_Zhang_2023_NSCLC,0.6666666666666666,0.5019809623908609,III-IV,1,0.0,4,1,0.0,0.5019809623908609
SEMA4D_PTPRC,DC mature,cDC2,3,2.0,1.5056440182115596,False,True,Deng_Liu_LUAD_2024;Hu_Zhang_2023_NSCLC,0.6666666666666666,0.5018813394038532,III-IV,1,0.0,1,1,0.0,0.5018813394038532
COL5A1_integrin_a1b1_complex,Pericyte,T cell CD8 dividing,2,2.0,1.565461096727448,True,False,Deng_Liu_LUAD_2024;Hu_Zhang_2023_NSCLC,1.0,0.782730548363724,III-IV,1,0.2810595405532114,3,1,0.2810595405532114,0.5016710078105127
CADM1_CADM1,Plasma cell,cDC1,3,3.0,1.5036962218779335,True,True,Chen_Zhang_2020;Deng_Liu_LUAD_2024;Hu_Zhang_2023_NSCLC,1.0,0.5012320739593111,III-IV,1,0.0,1,1,0.0,0.5012320739593111
CADM1_CADM1,cDC1,Plasma cell,3,3.0,1.5036962218779335,True,True,Chen_Zhang_2020;Deng_Liu_LUAD_2024;Hu_Zhang_2023_NSCLC,1.0,0.5012320739593111,III-IV,1,0.0,1,1,0.0,0.5012320739593111
APP_SORL1,pDC,T cell CD4 dividing,3,2.0,1.503199006483961,True,False,Deng_Liu_LUAD_2024;Hu_Zhang_2023_NSCLC,0.6666666666666666,0.5010663354946537,III-IV,1,0.0,2,1,0.0,0.5010663354946537
SEMA7A_integrin_a1b1_complex,cDC2,Pericyte,2,2.0,1.5341650282104455,True,False,Deng_Liu_LUAD_2024;Hu_Zhang_2023_NSCLC,1.0,0.7670825141052228,III-IV,1,0.2664899563633741,3,1,0.2664899563633741,0.5005925577418486
PDGFD_PDGFRB,NK cell,Pericyte,2,2.0,1.5224080298857476,False,True,Deng_Liu_LUAD_2024;Hu_Zhang_2023_NSCLC,1.0,0.7612040149428738,III-IV,1,0.2608404710920771,3,1,0.2608404710920771,0.5003635438507967
COL6A1_integrin_a2b1_complex,Pericyte,Fibroblast peribronchial,2,2.0,1.4697591272415877,True,False,Deng_Liu_LUAD_2024;Hu_Zhang_2023_NSCLC,1.0,0.7348795636207939,III-IV,1,0.23466407010710807,3,1,0.23466407010710807,0.5002154935136858
COL5A3_integrin_a1b1_complex,Pericyte,T cell CD4 dividing,2,2.0,1.0001413378147745,True,False,Deng_Liu_LUAD_2024;Hu_Zhang_2023_NSCLC,1.0,0.5000706689073873,III-IV,1,0.0,2,1,0.0,0.5000706689073873
SELPLG_SELL,DC mature,pDC,3,2.0,1.4991131040790089,True,True,Deng_Liu_LUAD_2024;Hu_Zhang_2023_NSCLC,0.6666666666666666,0.4997043680263363,III-IV,1,0.0,1,1,0.0,0.4997043680263363
SEMA7A_integrin_a1b1_complex,B cell,Pericyte,2,2.0,1.5437146160596869,False,False,Deng_Liu_LUAD_2024;Hu_Zhang_2023_NSCLC,1.0,0.7718573080298434,III-IV,1,0.27285513361462727,3,1,0.27285513361462727,0.49900217441521616
CXCL12_CXCR4,Fibroblast peribronchial,DC mature,3,2.0,1.4966491160903526,True,True,Chen_Zhang_2020;Deng_Liu_LUAD_2024,0.6666666666666666,0.4988830386967842,III-IV,1,0.0,1,1,0.0,0.4988830386967842
WNT5A_FRZB,Fibroblast peribronchial,Pericyte,2,2.0,1.3660202789064868,True,True,Deng_Liu_LUAD_2024;Hu_Zhang_2023_NSCLC,1.0,0.6830101394532434,III-IV,1,0.18468950749464666,3,1,0.18468950749464666,0.49832063195859677
JAG1_NOTCH4,Pericyte,pDC,2,2.0,0.9964266631266651,True,False,Deng_Liu_LUAD_2024;Hu_Zhang_2023_NSCLC,1.0,0.49821333156333253,III-IV,1,0.0,2,1,0.0,0.49821333156333253
JAG1_CD46,Pericyte,Macrophage,2,2.0,1.2803498188734321,True,True,Deng_Liu_LUAD_2024;Hu_Zhang_2023_NSCLC,1.0,0.6401749094367161,III-IV,1,0.14199935086011037,3,1,0.14199935086011037,0.49817555857660567
HLA-E_CD94:NKG2E,cDC1,NK cell,3,2.0,1.493989295990338,True,False,Chen_Zhang_2020;Deng_Liu_LUAD_2024,0.6666666666666666,0.49799643199677934,III-IV,1,0.0,1,1,0.0,0.49799643199677934
APP_CD74,Monocyte classical,Macrophage alveolar,4,3.0,2.7748708574124437,False,True,Chen_Zhang_2020;Hu_Zhang_2023_NSCLC;Zilionis_Klein_2019,0.75,0.6937177143531109,III-IV,1,0.19584550470626422,5,1,0.19584550470626422,0.4978722096468467
CD86_CD28,DC mature,T cell CD8 activated,3,2.0,1.4935682756891362,True,True,Deng_Liu_LUAD_2024;Hu_Zhang_2023_NSCLC,0.6666666666666666,0.49785609189637875,III-IV,1,0.0,1,1,0.0,0.49785609189637875
THY1_ADGRE5,Fibroblast peribronchial,Pericyte,2,2.0,1.4973902041254301,True,False,Deng_Liu_LUAD_2024;Hu_Zhang_2023_NSCLC,1.0,0.7486951020627151,III-IV,1,0.25100075732987126,3,1,0.25100075732987126,0.4976943447328438
APP_TNFRSF21,pDC,myeloid dividing,3,2.0,1.4920707778434288,True,True,Deng_Liu_LUAD_2024;Hu_Zhang_2023_NSCLC,0.6666666666666666,0.4973569259478096,III-IV,1,0.0,2,1,0.0,0.4973569259478096
JAG1_NOTCH2,Pericyte,Monocyte classical,2,2.0,1.3600644471423369,True,True,Deng_Liu_LUAD_2024;Hu_Zhang_2023_NSCLC,1.0,0.6800322235711684,III-IV,1,0.18278967674516966,3,1,0.18278967674516966,0.4972425468259988
COL6A3_integrin_a1b1_complex,Pericyte,Fibroblast peribronchial,2,2.0,1.571544858328648,True,False,Deng_Liu_LUAD_2024;Hu_Zhang_2023_NSCLC,1.0,0.785772429164324,III-IV,1,0.28870496592015576,3,1,0.28870496592015576,0.49706746324416823
integrin_aVb1_complex_ADGRE5,Pericyte,Macrophage,2,2.0,1.2576327758992618,False,True,Deng_Liu_LUAD_2024;Hu_Zhang_2023_NSCLC,1.0,0.6288163879496309,III-IV,1,0.13237044249702476,3,1,0.13237044249702476,0.4964459454526061
CD96_NECTIN1,T cell CD8 dividing,Pericyte,2,2.0,1.3363330266858648,True,False,Deng_Liu_LUAD_2024;Hu_Zhang_2023_NSCLC,1.0,0.6681665133429324,III-IV,1,0.17178765912943128,3,1,0.17178765912943128,0.49637885421350114
PTPRC_MRC1,Plasma cell,Macrophage alveolar,4,3.0,1.9852405638202262,False,True,Chen_Zhang_2020;Deng_Liu_LUAD_2024;Hu_Zhang_2023_NSCLC,0.75,0.49631014095505654,III-IV,1,0.0,5,1,0.0,0.49631014095505654
CD96_NECTIN1,T cell CD8 terminally exhausted,pDC,3,2.0,1.4889053416718396,True,True,Deng_Liu_LUAD_2024;Hu_Zhang_2023_NSCLC,0.6666666666666666,0.49630178055727986,III-IV,1,0.0,2,1,0.0,0.49630178055727986
COL5A3_integrin_a11b1_complex,Pericyte,Fibroblast peribronchial,2,2.0,1.3569733139337055,True,False,Deng_Liu_LUAD_2024;Hu_Zhang_2023_NSCLC,1.0,0.6784866569668527,III-IV,1,0.18233618233618235,3,1,0.18233618233618235,0.4961504746306704
LGALS9_P4HB,cDC1,pDC,3,2.0,1.4880324833293304,True,True,Deng_Liu_LUAD_2024;Hu_Zhang_2023_NSCLC,0.6666666666666666,0.49601082777644345,III-IV,1,0.0,1,1,0.0,0.49601082777644345
CCL19_CCRL2,DC mature,Macrophage alveolar,3,3.0,1.487787586962268,True,True,Chen_Zhang_2020;Deng_Liu_LUAD_2024;Hu_Zhang_2023_NSCLC,1.0,0.4959291956540894,III-IV,1,0.0,1,1,0.0,0.4959291956540894
SPP1_integrin_a9b1_complex,myeloid dividing,myeloid dividing,3,2.0,1.487352227413647,True,False,Deng_Liu_LUAD_2024;Hu_Zhang_2023_NSCLC,0.6666666666666666,0.49578407580454903,III-IV,1,0.0,4,1,0.0,0.49578407580454903
LTB_LTBR,T cell CD4,Pericyte,2,2.0,1.3591000247025118,True,False,Deng_Liu_LUAD_2024;Hu_Zhang_2023_NSCLC,1.0,0.6795500123512559,III-IV,1,0.18401312705110173,3,1,0.18401312705110173,0.49553688530015416
HLA-F_VSIR,Pericyte,myeloid dividing,2,2.0,0.9908546410208888,False,True,Deng_Liu_LUAD_2024;Hu_Zhang_2023_NSCLC,1.0,0.4954273205104444,III-IV,1,0.0,3,1,0.0,0.4954273205104444
PLAUR_integrin_a4b1_complex,myeloid dividing,pDC,3,2.0,1.486193812388524,True,False,Deng_Liu_LUAD_2024;Hu_Zhang_2023_NSCLC,0.6666666666666666,0.4953979374628414,III-IV,1,0.0,2,1,0.0,0.4953979374628414
IFNG_Type_II_IFNR,T cell CD8 dividing,Pericyte,2,2.0,1.235199526725585,True,False,Deng_Liu_LUAD_2024;Hu_Zhang_2023_NSCLC,1.0,0.6175997633627925,III-IV,1,0.12221861588950196,3,1,0.12221861588950196,0.4953811474732906
FBN1_integrin_a5b1_complex,Fibroblast peribronchial,Pericyte,2,2.0,1.2614847488836878,True,False,Deng_Liu_LUAD_2024;Hu_Zhang_2023_NSCLC,1.0,0.6307423744418439,III-IV,1,0.13608496519888924,3,1,0.13608496519888924,0.49465740924295465
JAG1_CD46,Pericyte,B cell,2,2.0,1.1700007972256627,True,False,Deng_Liu_LUAD_2024;Hu_Zhang_2023_NSCLC,1.0,0.5850003986128314,III-IV,1,0.09039272963323597,3,1,0.09039272963323597,0.4946076689795954
ICAM1_integrin_aMb2_complex,myeloid dividing,Neutrophils,2,2.0,0.988868200263973,True,False,Deng_Liu_LUAD_2024;Hu_Zhang_2023_NSCLC,1.0,0.4944341001319865,III-IV,1,0.0,2,1,0.0,0.4944341001319865
VEGFB_NRP1,Mast cell,Pericyte,2,2.0,0.9888618639619529,False,True,Deng_Liu_LUAD_2024;Hu_Zhang_2023_NSCLC,1.0,0.49443093198097643,III-IV,1,0.0,3,1,0.0,0.49443093198097643
COL1A1_integrin_a1b1_complex,Fibroblast peribronchial,T cell CD8 activated,4,2.0,1.9748027833551451,True,False,Deng_Liu_LUAD_2024;Hu_Zhang_2023_NSCLC,0.5,0.4937006958387863,III-IV,1,0.0,3,1,0.0,0.4937006958387863
FN1_integrin_a4b7_complex,Pericyte,T cell CD4 dividing,2,2.0,1.7362370030004657,True,False,Deng_Liu_LUAD_2024;Hu_Zhang_2023_NSCLC,1.0,0.8681185015002328,III-IV,1,0.37449962133506437,2,1,0.37449962133506437,0.49361888016516847
LGALS9_P4HB,DC mature,pDC,3,2.0,1.4806257441755029,True,True,Deng_Liu_LUAD_2024;Hu_Zhang_2023_NSCLC,0.6666666666666666,0.4935419147251676,III-IV,1,0.0,1,1,0.0,0.4935419147251676
JAG1_CD46,Pericyte,Macrophage alveolar,2,2.0,1.2960351078679362,True,True,Deng_Liu_LUAD_2024;Hu_Zhang_2023_NSCLC,1.0,0.6480175539339681,III-IV,1,0.15471167369901548,3,1,0.15471167369901548,0.4933058802349526
THY1_ADGRE5,Pericyte,T cell CD4 dividing,2,2.0,1.8782380392125022,True,True,Deng_Liu_LUAD_2024;Hu_Zhang_2023_NSCLC,1.0,0.9391190196062511,III-IV,1,0.44593205669155034,2,1,0.44593205669155034,0.49318696291470077
ICAM1_ITGAL,cDC1,NK cell,3,2.0,1.479286744542807,True,True,Deng_Liu_LUAD_2024;Hu_Zhang_2023_NSCLC,0.6666666666666666,0.493095581514269,III-IV,1,0.0,1,1,0.0,0.493095581514269
ICAM1_integrin_aLb2_complex,cDC1,NK cell,3,2.0,1.479286744542807,True,False,Deng_Liu_LUAD_2024;Hu_Zhang_2023_NSCLC,0.6666666666666666,0.493095581514269,III-IV,1,0.0,1,1,0.0,0.493095581514269
PLAUR_integrin_a4b1_complex,Macrophage alveolar,DC mature,3,2.0,1.4787453231492875,True,False,Deng_Liu_LUAD_2024;Hu_Zhang_2023_NSCLC,0.6666666666666666,0.49291510771642916,III-IV,1,0.0,1,1,0.0,0.49291510771642916
CD93_IFNGR1,cDC1,Neutrophils,2,2.0,0.9855861015904843,True,False,Deng_Liu_LUAD_2024;Hu_Zhang_2023_NSCLC,1.0,0.49279305079524216,III-IV,1,0.0,1,1,0.0,0.49279305079524216
COL14A1_integrin_a1b1_complex,Pericyte,NK cell,2,2.0,1.187269985436982,True,False,Deng_Liu_LUAD_2024;Hu_Zhang_2023_NSCLC,1.0,0.593634992718491,III-IV,1,0.10110353781239857,3,1,0.10110353781239857,0.4925314549060924
COL3A1_integrin_a1b1_complex,Fibroblast peribronchial,T cell CD8 activated,4,2.0,1.9670641791238128,True,False,Deng_Liu_LUAD_2024;Hu_Zhang_2023_NSCLC,0.5,0.4917660447809532,III-IV,1,0.0,3,1,0.0,0.4917660447809532
integrin_aVb1_complex_ADGRE2,Pericyte,Monocyte classical,2,2.0,1.310554905124807,False,True,Deng_Liu_LUAD_2024;Hu_Zhang_2023_NSCLC,1.0,0.6552774525624036,III-IV,1,0.16388979047206895,3,1,0.16388979047206895,0.4913876620903346
ICAM1_SPN,myeloid dividing,NK cell,3,2.0,1.4731521263108465,True,False,Deng_Liu_LUAD_2024;Hu_Zhang_2023_NSCLC,0.6666666666666666,0.4910507087702822,III-IV,1,0.0,4,1,0.0,0.4910507087702822
CD274_CD80,DC mature,DC mature,3,2.0,1.4729881329424261,True,True,Deng_Liu_LUAD_2024;Hu_Zhang_2023_NSCLC,0.6666666666666666,0.49099604431414207,III-IV,1,0.0,1,1,0.0,0.49099604431414207
COL1A2_integrin_a1b1_complex,Fibroblast peribronchial,T cell CD8 activated,4,2.0,1.9637108801598981,True,False,Deng_Liu_LUAD_2024;Hu_Zhang_2023_NSCLC,0.5,0.49092772003997454,III-IV,1,0.0,3,1,0.0,0.49092772003997454
LAMC1_integrin_a7b1_complex,Pericyte,Pericyte,2,2.0,1.3456820539547096,True,False,Deng_Liu_LUAD_2024;Hu_Zhang_2023_NSCLC,1.0,0.6728410269773548,III-IV,1,0.18219192902737205,3,1,0.18219192902737205,0.4906490979499828
JAG1_CD46,Pericyte,Monocyte classical,2,2.0,1.231583452552854,True,False,Deng_Liu_LUAD_2024;Hu_Zhang_2023_NSCLC,1.0,0.615791726276427,III-IV,1,0.12557250531934075,3,1,0.12557250531934075,0.49021922095708625
IL1B_IL1_receptor,cDC2,Pericyte,2,2.0,1.2186429508720615,True,False,Deng_Liu_LUAD_2024;Hu_Zhang_2023_NSCLC,1.0,0.6093214754360308,III-IV,1,0.11911716975008114,3,1,0.11911716975008114,0.49020430568594964
THY1_integrin_aMb2_complex,Fibroblast peribronchial,Neutrophils,3,2.0,1.4705717554572635,True,False,Deng_Liu_LUAD_2024;Hu_Zhang_2023_NSCLC,0.6666666666666666,0.49019058515242114,III-IV,1,0.0,3,1,0.0,0.49019058515242114
NECTIN3_TIGIT,Pericyte,T cell CD4 dividing,2,2.0,0.9795329083652464,False,True,Deng_Liu_LUAD_2024;Hu_Zhang_2023_NSCLC,1.0,0.4897664541826232,III-IV,1,0.0,2,1,0.0,0.4897664541826232
JAG1_CD46,Pericyte,T cell CD4 dividing,2,2.0,1.3033538741671666,True,False,Deng_Liu_LUAD_2024;Hu_Zhang_2023_NSCLC,1.0,0.6516769370835833,III-IV,1,0.16214973493454507,2,1,0.16214973493454507,0.4895272021490382
APLP2_PLXNA4,myeloid dividing,pDC,3,2.0,1.4671794363568225,True,True,Deng_Liu_LUAD_2024;Hu_Zhang_2023_NSCLC,0.6666666666666666,0.48905981211894084,III-IV,1,0.0,2,1,0.0,0.48905981211894084
PLAUR_integrin_a4b1_complex,cDC2,DC mature,3,2.0,1.4663142188491023,True,False,Deng_Liu_LUAD_2024;Hu_Zhang_2023_NSCLC,0.6666666666666666,0.4887714062830341,III-IV,1,0.0,1,1,0.0,0.4887714062830341
JAG1_NOTCH1,Pericyte,cDC1,2,2.0,0.977476385488849,True,False,Deng_Liu_LUAD_2024;Hu_Zhang_2023_NSCLC,1.0,0.4887381927444245,III-IV,1,0.0,1,1,0.0,0.4887381927444245
APP_SORL1,pDC,DC mature,3,2.0,1.4662066225981059,True,False,Deng_Liu_LUAD_2024;Hu_Zhang_2023_NSCLC,0.6666666666666666,0.48873554086603527,III-IV,1,0.0,1,1,0.0,0.48873554086603527
COL8A1_integrin_a1b1_complex,Pericyte,Pericyte,2,2.0,1.5079043302610362,False,False,Deng_Liu_LUAD_2024;Hu_Zhang_2023_NSCLC,1.0,0.7539521651305181,III-IV,1,0.2652457715748855,3,1,0.2652457715748855,0.4887063935556326
CD44_TYROBP,pDC,Neutrophils,3,2.0,1.4658890284092956,False,True,Hu_Zhang_2023_NSCLC;Zilionis_Klein_2019,0.6666666666666666,0.4886296761364319,III-IV,1,0.0,3,1,0.0,0.4886296761364319
CD52_SIGLEC10,cDC2,myeloid dividing,3,3.0,1.5777927101154292,True,True,Chen_Zhang_2020;Deng_Liu_LUAD_2024;Hu_Zhang_2023_NSCLC,1.0,0.5259309033718097,III-IV,1,0.03733940042826552,4,1,0.03733940042826552,0.4885915029435442
CD86_CD28,DC mature,T cell CD4,3,2.0,1.4646086757291972,True,True,Deng_Liu_LUAD_2024;Hu_Zhang_2023_NSCLC,0.6666666666666666,0.4882028919097324,III-IV,1,0.0,1,1,0.0,0.4882028919097324
SELPLG_SELL,pDC,Neutrophils,3,2.0,1.4598637122884508,True,True,Deng_Liu_LUAD_2024;Hu_Zhang_2023_NSCLC,0.6666666666666666,0.4866212374294836,III-IV,1,0.0,3,1,0.0,0.4866212374294836
WNT2B_FRZB,Fibroblast peribronchial,Pericyte,2,2.0,0.9730558830207032,False,True,Deng_Liu_LUAD_2024;Hu_Zhang_2023_NSCLC,1.0,0.4865279415103516,III-IV,1,0.0,3,1,0.0,0.4865279415103516
JAG1_CD46,Pericyte,cDC2,2,2.0,1.1754423811649726,True,False,Deng_Liu_LUAD_2024;Hu_Zhang_2023_NSCLC,1.0,0.5877211905824863,III-IV,1,0.10142810775722168,3,1,0.10142810775722168,0.4862930828252646
HLA-F_VSIR,DC mature,Monocyte classical,3,2.0,1.458351794067001,True,True,Deng_Liu_LUAD_2024;Hu_Zhang_2023_NSCLC,0.6666666666666666,0.48611726468900035,III-IV,1,0.0,1,1,0.0,0.48611726468900035
WNT5B_FRZB,Fibroblast peribronchial,Pericyte,2,2.0,0.9701245676682704,False,True,Deng_Liu_LUAD_2024;Hu_Zhang_2023_NSCLC,1.0,0.4850622838341352,III-IV,1,0.0,3,1,0.0,0.4850622838341352
LTB_LTBR,pDC,myeloid dividing,3,2.0,1.4551423664313075,True,True,Deng_Liu_LUAD_2024;Hu_Zhang_2023_NSCLC,0.6666666666666666,0.4850474554771025,III-IV,1,0.0,2,1,0.0,0.4850474554771025
CD55_ADGRE5,Macrophage alveolar,T cell CD8 terminally exhausted,3,2.0,1.4539367464598154,True,True,Deng_Liu_LUAD_2024;Hu_Zhang_2023_NSCLC,0.6666666666666666,0.4846455821532718,III-IV,1,0.0,4,1,0.0,0.4846455821532718
SEMA7A_integrin_a1b1_complex,Mast cell,Pericyte,2,2.0,1.5341732784987676,False,False,Deng_Liu_LUAD_2024;Hu_Zhang_2023_NSCLC,1.0,0.7670866392493838,III-IV,1,0.28250207364131413,3,1,0.28250207364131413,0.4845845656080697
CXCL3_CXCR2,Macrophage alveolar,Neutrophils,3,2.0,1.453711523431515,True,True,Hu_Zhang_2023_NSCLC;Zilionis_Klein_2019,0.6666666666666666,0.484570507810505,III-IV,1,0.0,3,1,0.0,0.484570507810505
CCL5_CCR1,T cell CD8 effector memory,Neutrophils,4,2.0,1.9380502773577697,True,False,Deng_Liu_LUAD_2024;Hu_Zhang_2023_NSCLC,0.5,0.4845125693394424,III-IV,1,0.0,3,1,0.0,0.4845125693394424
PLAU_PLAUR,myeloid dividing,pDC,3,3.0,1.4523207726020633,True,True,Chen_Zhang_2020;Deng_Liu_LUAD_2024;Hu_Zhang_2023_NSCLC,1.0,0.48410692420068774,III-IV,1,0.0,2,1,0.0,0.48410692420068774
PTPRC_CD22,DC mature,B cell,3,2.0,1.4520175067693164,False,True,Deng_Liu_LUAD_2024;Hu_Zhang_2023_NSCLC,0.6666666666666666,0.4840058355897721,III-IV,1,0.0,1,1,0.0,0.4840058355897721
COL8A1_integrin_a1b1_complex,Fibroblast peribronchial,T cell CD4 dividing,3,2.0,1.451014416769389,True,False,Deng_Liu_LUAD_2024;Hu_Zhang_2023_NSCLC,0.6666666666666666,0.483671472256463,III-IV,1,0.0,2,1,0.0,0.483671472256463
WNT5B_FRZB,Plasma cell,Pericyte,2,2.0,0.9665077077537942,False,True,Deng_Liu_LUAD_2024;Hu_Zhang_2023_NSCLC,1.0,0.4832538538768971,III-IV,1,0.0,3,1,0.0,0.4832538538768971
LGALS9_P4HB,cDC1,Plasma cell,3,2.0,1.444866592031946,True,True,Deng_Liu_LUAD_2024;Hu_Zhang_2023_NSCLC,0.6666666666666666,0.481622197343982,III-IV,1,0.0,1,1,0.0,0.481622197343982
COL9A2_integrin_a1b1_complex,Mast cell,Pericyte,2,2.0,1.5000459558184671,False,False,Deng_Liu_LUAD_2024;Hu_Zhang_2023_NSCLC,1.0,0.7500229779092336,III-IV,1,0.2686898193227307,3,1,0.2686898193227307,0.48133315858650283
HLA-F_LILRB2,DC mature,Monocyte classical,3,2.0,1.4436618383910957,True,True,Deng_Liu_LUAD_2024;Hu_Zhang_2023_NSCLC,0.6666666666666666,0.48122061279703193,III-IV,1,0.0,1,1,0.0,0.48122061279703193
HLA-E_CD94:NKG2C,Plasma cell,T cell CD8 dividing,4,4.0,1.92467809166342,False,False,Chen_Zhang_2020;Deng_Liu_LUAD_2024;Hu_Zhang_2023_NSCLC;Lambrechts_Thienpont_2018_6653,1.0,0.481169522915855,III-IV,1,0.0,4,1,0.0,0.481169522915855
THY1_integrin_aXb2_complex,Fibroblast peribronchial,DC mature,3,2.0,1.443437766000024,True,False,Deng_Liu_LUAD_2024;Hu_Zhang_2023_NSCLC,0.6666666666666666,0.481145922000008,III-IV,1,0.0,1,1,0.0,0.481145922000008
HLA-E_CD94:NKG2A,Plasma cell,T cell CD8 terminally exhausted,4,4.0,1.9243874123585567,False,False,Chen_Zhang_2020;Deng_Liu_LUAD_2024;Hu_Zhang_2023_NSCLC;Lambrechts_Thienpont_2018_6653,1.0,0.4810968530896392,III-IV,1,0.0,4,1,0.0,0.4810968530896392
ICAM1_ITGAL,myeloid dividing,T cell CD8 terminally exhausted,3,2.0,1.4422884272994163,True,False,Deng_Liu_LUAD_2024;Hu_Zhang_2023_NSCLC,0.6666666666666666,0.48076280909980545,III-IV,1,0.0,4,1,0.0,0.48076280909980545
CD96_NECTIN1,T cell CD8 terminally exhausted,Pericyte,2,2.0,1.3910601809877536,True,False,Deng_Liu_LUAD_2024;Hu_Zhang_2023_NSCLC,1.0,0.6955300904938768,III-IV,1,0.21526200007212667,3,1,0.21526200007212667,0.4802680904217501
FN1_integrin_aVb5_complex,Macrophage,Pericyte,2,2.0,1.217138864884031,True,False,Deng_Liu_LUAD_2024;Hu_Zhang_2023_NSCLC,1.0,0.6085694324420154,III-IV,1,0.12871001478596414,3,1,0.12871001478596414,0.47985941765605133
CD55_ADGRE5,cDC1,T cell CD8 dividing,3,2.0,1.4393869802069035,True,True,Deng_Liu_LUAD_2024;Hu_Zhang_2023_NSCLC,0.6666666666666666,0.47979566006896784,III-IV,1,0.0,1,1,0.0,0.47979566006896784
WNT10A_FRZB,pDC,Pericyte,2,2.0,0.9595340482951933,False,True,Deng_Liu_LUAD_2024;Hu_Zhang_2023_NSCLC,1.0,0.47976702414759664,III-IV,1,0.0,2,1,0.0,0.47976702414759664
HLA-E_CD94:NKG2C,NK cell,T cell CD8 dividing,4,4.0,3.3514220343469505,False,False,Chen_Zhang_2020;Deng_Liu_LUAD_2024;Hu_Zhang_2023_NSCLC;Lambrechts_Thienpont_2018_6653,1.0,0.8378555085867376,III-IV,1,0.3582740685931932,4,1,0.3582740685931932,0.4795814399935444
ANXA1_FPR1,DC mature,Monocyte classical,3,3.0,1.4374981268329494,False,True,Chen_Zhang_2020;Deng_Liu_LUAD_2024;Hu_Zhang_2023_NSCLC,1.0,0.4791660422776498,III-IV,1,0.0,1,1,0.0,0.4791660422776498
LGALS9_P4HB,myeloid dividing,pDC,3,2.0,1.437359010984045,True,True,Deng_Liu_LUAD_2024;Hu_Zhang_2023_NSCLC,0.6666666666666666,0.479119670328015,III-IV,1,0.0,2,1,0.0,0.479119670328015
ICAM1_integrin_aLb2_complex,myeloid dividing,T cell CD8 terminally exhausted,3,2.0,1.4372413209737096,True,False,Deng_Liu_LUAD_2024;Hu_Zhang_2023_NSCLC,0.6666666666666666,0.47908044032456987,III-IV,1,0.0,4,1,0.0,0.47908044032456987
HLA-E_VSIR,Fibroblast peribronchial,myeloid dividing,3,2.0,1.4367003579295414,False,True,Deng_Liu_LUAD_2024;Hu_Zhang_2023_NSCLC,0.6666666666666666,0.47890011930984716,III-IV,1,0.0,4,1,0.0,0.47890011930984716
ICAM1_ITGAL,myeloid dividing,T cell CD8 effector memory,3,2.0,1.4362987784193977,True,False,Deng_Liu_LUAD_2024;Hu_Zhang_2023_NSCLC,0.6666666666666666,0.47876625947313256,III-IV,1,0.0,4,1,0.0,0.47876625947313256
ICAM1_integrin_aLb2_complex,myeloid dividing,T cell CD8 effector memory,3,2.0,1.4362987784193977,True,False,Deng_Liu_LUAD_2024;Hu_Zhang_2023_NSCLC,0.6666666666666666,0.47876625947313256,III-IV,1,0.0,4,1,0.0,0.47876625947313256
HLA-E_VSIR,Plasma cell,cDC1,3,2.0,1.4360722128093273,False,True,Deng_Liu_LUAD_2024;Hu_Zhang_2023_NSCLC,0.6666666666666666,0.4786907376031091,III-IV,1,0.0,1,1,0.0,0.4786907376031091
IFNG_Type_II_IFNR,T cell CD8 dividing,DC mature,3,2.0,1.4358552926828567,True,False,Deng_Liu_LUAD_2024;Hu_Zhang_2023_NSCLC,0.6666666666666666,0.4786184308942856,III-IV,1,0.0,1,1,0.0,0.4786184308942856
CD96_NECTIN1,T cell CD8 dividing,pDC,3,2.0,1.435784228386194,True,True,Deng_Liu_LUAD_2024;Hu_Zhang_2023_NSCLC,0.6666666666666666,0.478594742795398,III-IV,1,0.0,2,1,0.0,0.478594742795398
PLAU_PLAUR,DC mature,Macrophage,3,2.0,1.435433802678368,False,True,Deng_Liu_LUAD_2024;Hu_Zhang_2023_NSCLC,0.6666666666666666,0.47847793422612267,III-IV,1,0.0,1,1,0.0,0.47847793422612267
COL27A1_integrin_a1b1_complex,Pericyte,Pericyte,2,2.0,1.4946375291734326,False,False,Deng_Liu_LUAD_2024;Hu_Zhang_2023_NSCLC,1.0,0.7473187645867163,III-IV,1,0.26924880089437053,3,1,0.26924880089437053,0.4780699636923458
JAG1_NOTCH1,Pericyte,Pericyte,2,2.0,1.1189660045610494,True,False,Deng_Liu_LUAD_2024;Hu_Zhang_2023_NSCLC,1.0,0.5594830022805247,III-IV,1,0.08155721446860688,3,1,0.08155721446860688,0.47792578781191786
CLEC2B_KLRF1,Neutrophils,NK cell,3,2.0,1.433496299529105,False,True,Deng_Liu_LUAD_2024;Hu_Zhang_2023_NSCLC,0.6666666666666666,0.477832099843035,III-IV,1,0.0,3,1,0.0,0.477832099843035
CCL19_CCRL2,DC mature,myeloid dividing,3,3.0,1.4334386870466271,True,True,Chen_Zhang_2020;Deng_Liu_LUAD_2024;Hu_Zhang_2023_NSCLC,1.0,0.477812895682209,III-IV,1,0.0,1,1,0.0,0.477812895682209
PPIA_BSG,T cell CD4 dividing,Pericyte,2,2.0,1.8935665863443847,True,True,Deng_Liu_LUAD_2024;Hu_Zhang_2023_NSCLC,1.0,0.9467832931721923,III-IV,1,0.4690847127555988,2,1,0.4690847127555988,0.4776985804165935
Histamine_byHDC_HRH2,Mast cell,pDC,4,3.0,1.9104246259914301,False,False,Chen_Zhang_2020;Deng_Liu_LUAD_2024;Hu_Zhang_2023_NSCLC,0.75,0.47760615649785754,III-IV,1,0.0,3,1,0.0,0.47760615649785754
SELPLG_SELL,T cell CD8 terminally exhausted,pDC,3,2.0,1.4326111312325915,False,True,Deng_Liu_LUAD_2024;Hu_Zhang_2023_NSCLC,0.6666666666666666,0.4775370437441972,III-IV,1,0.0,2,1,0.0,0.4775370437441972
IL1B_IL1_receptor_inhibitor,myeloid dividing,Monocyte classical,3,2.0,1.4323518515671791,True,False,Deng_Liu_LUAD_2024;Hu_Zhang_2023_NSCLC,0.6666666666666666,0.47745061718905973,III-IV,1,0.0,4,1,0.0,0.47745061718905973
LGALS9_P4HB,DC mature,Plasma cell,3,2.0,1.431441917295282,True,True,Deng_Liu_LUAD_2024;Hu_Zhang_2023_NSCLC,0.6666666666666666,0.47714730576509395,III-IV,1,0.0,1,1,0.0,0.47714730576509395
ICAM1_integrin_aMb2_complex,DC mature,Neutrophils,2,2.0,0.9530815773801795,True,False,Deng_Liu_LUAD_2024;Hu_Zhang_2023_NSCLC,1.0,0.47654078869008976,III-IV,1,0.0,1,1,0.0,0.47654078869008976
COL5A3_integrin_a2b1_complex,Pericyte,T cell CD8 dividing,2,2.0,0.9529257990424387,True,False,Deng_Liu_LUAD_2024;Hu_Zhang_2023_NSCLC,1.0,0.47646289952121934,III-IV,1,0.0,3,1,0.0,0.47646289952121934
LGALS9_P4HB,Macrophage,Pericyte,2,2.0,1.5167075641887038,True,True,Deng_Liu_LUAD_2024;Hu_Zhang_2023_NSCLC,1.0,0.7583537820943519,III-IV,1,0.28196112373327564,3,1,0.28196112373327564,0.47639265836107625
ICAM1_SPN,DC mature,NK cell,3,2.0,1.428012879878683,True,False,Deng_Liu_LUAD_2024;Hu_Zhang_2023_NSCLC,0.6666666666666666,0.47600429329289434,III-IV,1,0.0,1,1,0.0,0.47600429329289434
FN1_integrin_aVb5_complex,Macrophage alveolar,Pericyte,2,2.0,1.5196517183597766,True,False,Deng_Liu_LUAD_2024;Hu_Zhang_2023_NSCLC,1.0,0.7598258591798883,III-IV,1,0.2841068917018284,3,1,0.2841068917018284,0.4757189674780599
CD52_SIGLEC10,T cell CD8 dividing,DC mature,3,2.0,1.4251327541906278,True,False,Chen_Zhang_2020;Deng_Liu_LUAD_2024,0.6666666666666666,0.47504425139687595,III-IV,1,0.0,1,1,0.0,0.47504425139687595
SEMA4D_PTPRC,T cell CD8 dividing,T cell CD8 effector memory,4,2.0,1.8987572315691126,True,True,Deng_Liu_LUAD_2024;Hu_Zhang_2023_NSCLC,0.5,0.47468930789227815,III-IV,1,0.0,4,1,0.0,0.47468930789227815
FN1_integrin_aVb1_complex,myeloid dividing,Pericyte,2,2.0,1.4979499746034164,True,False,Deng_Liu_LUAD_2024;Hu_Zhang_2023_NSCLC,1.0,0.7489749873017082,III-IV,1,0.2744058566843377,3,1,0.2744058566843377,0.4745691306173705
ICAM1_ITGAL,DC mature,T cell CD8 terminally exhausted,3,2.0,1.4225670902063154,True,False,Deng_Liu_LUAD_2024;Hu_Zhang_2023_NSCLC,0.6666666666666666,0.47418903006877183,III-IV,1,0.0,1,1,0.0,0.47418903006877183
PLAUR_integrin_a4b1_complex,cDC2,Pericyte,2,2.0,1.3505919375361906,True,False,Deng_Liu_LUAD_2024;Hu_Zhang_2023_NSCLC,1.0,0.6752959687680953,III-IV,1,0.20121533412672654,3,1,0.20121533412672654,0.47408063464136874
JAG1_NOTCH1,Pericyte,T cell CD8 dividing,2,2.0,1.1231809046059356,True,False,Deng_Liu_LUAD_2024;Hu_Zhang_2023_NSCLC,1.0,0.5615904523029678,III-IV,1,0.08765191676584082,3,1,0.08765191676584082,0.47393853553712695
VEGFB_FLT1,pDC,Pericyte,2,2.0,0.9478188655343833,True,False,Deng_Liu_LUAD_2024;Hu_Zhang_2023_NSCLC,1.0,0.47390943276719166,III-IV,1,0.0,2,1,0.0,0.47390943276719166
SEMA4D_PTPRC,T cell CD8 dividing,NK cell,4,2.0,1.8955634281058091,True,True,Deng_Liu_LUAD_2024;Hu_Zhang_2023_NSCLC,0.5,0.4738908570264523,III-IV,1,0.0,4,1,0.0,0.4738908570264523
APP_FPR2,pDC,Monocyte classical,4,3.0,1.8954436187114703,True,False,Chen_Zhang_2020;Deng_Liu_LUAD_2024;Hu_Zhang_2023_NSCLC,0.75,0.47386090467786757,III-IV,1,0.0,3,1,0.0,0.47386090467786757
LGALS9_P4HB,cDC2,Pericyte,2,2.0,1.490169343262342,True,True,Deng_Liu_LUAD_2024;Hu_Zhang_2023_NSCLC,1.0,0.745084671631171,III-IV,1,0.271250315554113,3,1,0.271250315554113,0.473834356077058
SDC2_ADGRA2,Fibroblast peribronchial,Pericyte,2,2.0,1.329600776304785,True,True,Deng_Liu_LUAD_2024;Hu_Zhang_2023_NSCLC,1.0,0.6648003881523925,III-IV,1,0.19108153918280502,3,1,0.19108153918280502,0.4737188489695875
THY1_ADGRE2,Fibroblast peribronchial,Pericyte,2,2.0,1.4225423947462164,True,False,Deng_Liu_LUAD_2024;Hu_Zhang_2023_NSCLC,1.0,0.7112711973731082,III-IV,1,0.23760323127411734,3,1,0.23760323127411734,0.47366796609899087
FN1_integrin_a4b1_complex,Macrophage,T cell CD4 dividing,3,2.0,1.420264433728315,True,False,Deng_Liu_LUAD_2024;Hu_Zhang_2023_NSCLC,0.6666666666666666,0.47342147790943834,III-IV,1,0.0,2,1,0.0,0.47342147790943834
CXCL2_CXCR2,Macrophage alveolar,Neutrophils,3,2.0,1.4200087584692984,True,True,Hu_Zhang_2023_NSCLC;Zilionis_Klein_2019,0.6666666666666666,0.4733362528230995,III-IV,1,0.0,3,1,0.0,0.4733362528230995
COL8A1_integrin_a2b1_complex,Fibroblast peribronchial,T cell CD8 dividing,3,2.0,1.4198684349992825,True,False,Deng_Liu_LUAD_2024;Hu_Zhang_2023_NSCLC,0.6666666666666666,0.47328947833309415,III-IV,1,0.0,4,1,0.0,0.47328947833309415
SEMA4D_PTPRC,T cell CD8 dividing,DC mature,3,2.0,1.4198261812332675,True,False,Deng_Liu_LUAD_2024;Hu_Zhang_2023_NSCLC,0.6666666666666666,0.4732753937444225,III-IV,1,0.0,1,1,0.0,0.4732753937444225
IL1B_IL1_receptor,myeloid dividing,cDC2,3,2.0,1.4192262724478106,True,False,Deng_Liu_LUAD_2024;Hu_Zhang_2023_NSCLC,0.6666666666666666,0.47307542414927023,III-IV,1,0.0,4,1,0.0,0.47307542414927023
FBN1_integrin_a5b1_complex,Pericyte,Monocyte classical,2,2.0,0.9459947761471129,True,False,Deng_Liu_LUAD_2024;Hu_Zhang_2023_NSCLC,1.0,0.47299738807355646,III-IV,1,0.0,3,1,0.0,0.47299738807355646
SEMA4D_PTPRC,T cell CD8 terminally exhausted,NK cell,4,2.0,1.8910406180330268,False,True,Deng_Liu_LUAD_2024;Hu_Zhang_2023_NSCLC,0.5,0.4727601545082567,III-IV,1,0.0,4,1,0.0,0.4727601545082567
FN1_integrin_a4b1_complex,Fibroblast peribronchial,pDC,4,2.0,1.8906958486584033,True,False,Deng_Liu_LUAD_2024;Hu_Zhang_2023_NSCLC,0.5,0.47267396216460084,III-IV,1,0.0,3,1,0.0,0.47267396216460084
ANXA1_FPR1,pDC,Neutrophils,3,2.0,1.4172379630358476,False,True,Deng_Liu_LUAD_2024;Hu_Zhang_2023_NSCLC,0.6666666666666666,0.4724126543452825,III-IV,1,0.0,3,1,0.0,0.4724126543452825
CD55_ADGRE5,myeloid dividing,T cell CD8 terminally exhausted,3,2.0,1.4168403676392947,True,True,Deng_Liu_LUAD_2024;Hu_Zhang_2023_NSCLC,0.6666666666666666,0.47228012254643154,III-IV,1,0.0,4,1,0.0,0.47228012254643154
ICAM1_integrin_aLb2_complex,DC mature,T cell CD8 terminally exhausted,3,2.0,1.4162046773836066,True,False,Deng_Liu_LUAD_2024;Hu_Zhang_2023_NSCLC,0.6666666666666666,0.4720682257945355,III-IV,1,0.0,1,1,0.0,0.4720682257945355
ICAM3_integrin_aLb2_complex,Neutrophils,T cell CD4 dividing,2,2.0,0.9441283775889611,False,False,Deng_Liu_LUAD_2024;Hu_Zhang_2023_NSCLC,1.0,0.47206418879448053,III-IV,1,0.0,2,1,0.0,0.47206418879448053
integrin_aVb1_complex_ADGRE5,Pericyte,myeloid dividing,2,2.0,1.3107018489047233,False,True,Deng_Liu_LUAD_2024;Hu_Zhang_2023_NSCLC,1.0,0.6553509244523616,III-IV,1,0.18334595549785423,3,1,0.18334595549785423,0.4720049689545074
CD55_ADGRE5,myeloid dividing,NK cell,3,2.0,1.4158612780202307,True,True,Deng_Liu_LUAD_2024;Hu_Zhang_2023_NSCLC,0.6666666666666666,0.4719537593400769,III-IV,1,0.0,4,1,0.0,0.4719537593400769
PTPRC_MRC1,DC mature,myeloid dividing,3,2.0,1.4153413575689329,False,True,Chen_Zhang_2020;Hu_Zhang_2023_NSCLC,0.6666666666666666,0.4717804525229776,III-IV,1,0.0,1,1,0.0,0.4717804525229776
LGALS9_HAVCR2,DC mature,cDC2,3,2.0,1.4153069775136227,True,True,Deng_Liu_LUAD_2024;Hu_Zhang_2023_NSCLC,0.6666666666666666,0.4717689925045409,III-IV,1,0.0,1,1,0.0,0.4717689925045409
CD55_ADGRE5,cDC1,T cell CD8 effector memory,3,2.0,1.4145279800519917,True,False,Deng_Liu_LUAD_2024;Hu_Zhang_2023_NSCLC,0.6666666666666666,0.4715093266839972,III-IV,1,0.0,1,1,0.0,0.4715093266839972
ICAM1_ITGAL,myeloid dividing,T cell regulatory,3,2.0,1.4137902088479395,True,False,Deng_Liu_LUAD_2024;Hu_Zhang_2023_NSCLC,0.6666666666666666,0.4712634029493132,III-IV,1,0.0,4,1,0.0,0.4712634029493132
PVR_CD96,DC mature,T cell CD8 terminally exhausted,3,2.0,1.4137445804218665,True,True,Deng_Liu_LUAD_2024;Hu_Zhang_2023_NSCLC,0.6666666666666666,0.47124819347395547,III-IV,1,0.0,1,1,0.0,0.47124819347395547
COL5A1_integrin_a11b1_complex,Pericyte,Fibroblast peribronchial,2,2.0,1.4158132117800255,True,False,Deng_Liu_LUAD_2024;Hu_Zhang_2023_NSCLC,1.0,0.7079066058900128,III-IV,1,0.236755743084857,3,1,0.236755743084857,0.4711508628051557
PLAU_PLAUR,pDC,myeloid dividing,3,2.0,1.4129569146170107,False,True,Deng_Liu_LUAD_2024;Hu_Zhang_2023_NSCLC,0.6666666666666666,0.47098563820567024,III-IV,1,0.0,2,1,0.0,0.47098563820567024
WNT5A_FRZB,DC mature,Pericyte,2,2.0,0.9418661868108251,False,True,Deng_Liu_LUAD_2024;Hu_Zhang_2023_NSCLC,1.0,0.47093309340541256,III-IV,1,0.0,1,1,0.0,0.47093309340541256
COL6A3_integrin_a1b1_complex,Pericyte,NK cell,2,2.0,1.4893261265234803,True,False,Deng_Liu_LUAD_2024;Hu_Zhang_2023_NSCLC,1.0,0.7446630632617401,III-IV,1,0.2737567167946915,3,1,0.2737567167946915,0.47090634646704865
COL5A2_integrin_a2b1_complex,Pericyte,Fibroblast peribronchial,2,2.0,1.5105738576186396,True,False,Deng_Liu_LUAD_2024;Hu_Zhang_2023_NSCLC,1.0,0.7552869288093198,III-IV,1,0.28468390493706947,3,1,0.28468390493706947,0.47060302387225034
HLA-E_CD94:NKG2C,T cell CD8 terminally exhausted,T cell CD8 dividing,4,4.0,3.25832353748049,False,False,Chen_Zhang_2020;Deng_Liu_LUAD_2024;Hu_Zhang_2023_NSCLC;Lambrechts_Thienpont_2018_6653,1.0,0.8145808843701225,III-IV,1,0.34411911568004294,4,1,0.34411911568004294,0.4704617686900796
LGALS9_HAVCR2,DC mature,T cell CD8 dividing,3,2.0,1.411300107632516,True,True,Deng_Liu_LUAD_2024;Hu_Zhang_2023_NSCLC,0.6666666666666666,0.47043336921083867,III-IV,1,0.0,1,1,0.0,0.47043336921083867
SELPLG_SELL,T cell CD8 dividing,pDC,3,2.0,1.4112689197294093,False,True,Deng_Liu_LUAD_2024;Hu_Zhang_2023_NSCLC,0.6666666666666666,0.4704229732431364,III-IV,1,0.0,2,1,0.0,0.4704229732431364
HLA-E_CD94:NKG2C,pDC,T cell CD8 terminally exhausted,3,2.0,1.4111603509589008,False,False,Chen_Zhang_2020;Deng_Liu_LUAD_2024,0.6666666666666666,0.47038678365296693,III-IV,1,0.0,2,1,0.0,0.47038678365296693
SELPLG_SELL,T cell CD4 dividing,pDC,3,2.0,1.410416722365347,False,True,Deng_Liu_LUAD_2024;Hu_Zhang_2023_NSCLC,0.6666666666666666,0.47013890745511566,III-IV,1,0.0,2,1,0.0,0.47013890745511566
HLA-E_CD94:NKG2C,T cell CD8 effector memory,T cell CD8 dividing,4,4.0,3.26234548346384,False,False,Chen_Zhang_2020;Deng_Liu_LUAD_2024;Hu_Zhang_2023_NSCLC;Lambrechts_Thienpont_2018_6653,1.0,0.81558637086596,III-IV,1,0.3457069922011968,4,1,0.3457069922011968,0.46987937866476315
HLA-E_CD94:NKG2C,DC mature,T cell CD8 terminally exhausted,3,2.0,1.409564024739208,False,False,Chen_Zhang_2020;Deng_Liu_LUAD_2024,0.6666666666666666,0.46985467491306937,III-IV,1,0.0,1,1,0.0,0.46985467491306937
ICAM1_ITGAL,DC mature,T cell CD8 effector memory,3,2.0,1.4086884632501233,True,False,Deng_Liu_LUAD_2024;Hu_Zhang_2023_NSCLC,0.6666666666666666,0.46956282108337444,III-IV,1,0.0,1,1,0.0,0.46956282108337444
ICAM1_integrin_aLb2_complex,DC mature,T cell CD8 effector memory,3,2.0,1.4086884632501233,True,False,Deng_Liu_LUAD_2024;Hu_Zhang_2023_NSCLC,0.6666666666666666,0.46956282108337444,III-IV,1,0.0,1,1,0.0,0.46956282108337444
COL8A2_integrin_a1b1_complex,Macrophage alveolar,Pericyte,2,2.0,1.4761177272021113,True,False,Deng_Liu_LUAD_2024;Hu_Zhang_2023_NSCLC,1.0,0.7380588636010557,III-IV,1,0.26854556601392043,3,1,0.26854556601392043,0.4695132975871352
HLA-F_VSIR,DC mature,cDC1,3,2.0,1.4073385035274466,True,True,Deng_Liu_LUAD_2024;Hu_Zhang_2023_NSCLC,0.6666666666666666,0.46911283450914887,III-IV,1,0.0,1,1,0.0,0.46911283450914887
CD96_NECTIN1,T cell CD8 effector memory,Pericyte,2,2.0,1.2222151141695852,True,False,Deng_Liu_LUAD_2024;Hu_Zhang_2023_NSCLC,1.0,0.6111075570847926,III-IV,1,0.14199935086011037,3,1,0.14199935086011037,0.4691082062246822
SEMA4D_PTPRC,T cell CD8 activated,NK cell,4,2.0,1.8759167465520896,False,True,Deng_Liu_LUAD_2024;Hu_Zhang_2023_NSCLC,0.5,0.4689791866380224,III-IV,1,0.0,3,1,0.0,0.4689791866380224
FN1_integrin_aVb1_complex,Fibroblast peribronchial,Mast cell,4,2.0,1.875657461849871,True,False,Deng_Liu_LUAD_2024;Hu_Zhang_2023_NSCLC,0.5,0.46891436546246773,III-IV,1,0.0,5,1,0.0,0.46891436546246773
IL1B_IL1_receptor_inhibitor,myeloid dividing,cDC2,3,2.0,1.4059202648618567,True,False,Deng_Liu_LUAD_2024;Hu_Zhang_2023_NSCLC,0.6666666666666666,0.4686400882872856,III-IV,1,0.0,4,1,0.0,0.4686400882872856
SEMA4D_PTPRC,T cell CD8 dividing,T cell CD8 terminally exhausted,4,2.0,1.873955394126145,True,True,Deng_Liu_LUAD_2024;Hu_Zhang_2023_NSCLC,0.5,0.4684888485315363,III-IV,1,0.0,4,1,0.0,0.4684888485315363
SEMA4D_PTPRC,T cell CD8 dividing,T cell CD4,4,2.0,1.8733350409449017,True,True,Deng_Liu_LUAD_2024;Hu_Zhang_2023_NSCLC,0.5,0.4683337602362254,III-IV,1,0.0,4,1,0.0,0.4683337602362254
CCL5_CCR5,T cell CD8 effector memory,Macrophage alveolar,4,2.0,1.8730854369839252,True,False,Deng_Liu_LUAD_2024;Hu_Zhang_2023_NSCLC,0.5,0.4682713592459813,III-IV,1,0.0,5,1,0.0,0.4682713592459813
CXCL16_CXCR6,DC mature,T cell regulatory,3,3.0,1.4036067103018326,True,False,Chen_Zhang_2020;Deng_Liu_LUAD_2024;Hu_Zhang_2023_NSCLC,1.0,0.4678689034339442,III-IV,1,0.0,1,1,0.0,0.4678689034339442
CD93_IFNGR1,Neutrophils,myeloid dividing,2,2.0,0.9348770996152707,False,True,Deng_Liu_LUAD_2024;Hu_Zhang_2023_NSCLC,1.0,0.46743854980763533,III-IV,1,0.0,2,1,0.0,0.46743854980763533
APP_SORL1,Pericyte,Monocyte classical,2,2.0,1.4830075893183365,True,True,Deng_Liu_LUAD_2024;Hu_Zhang_2023_NSCLC,1.0,0.7415037946591683,III-IV,1,0.27411735006671717,3,1,0.27411735006671717,0.4673864445924511
FN1_integrin_a4b7_complex,Fibroblast peribronchial,T cell CD4,4,2.0,1.8688587961441194,True,False,Deng_Liu_LUAD_2024;Hu_Zhang_2023_NSCLC,0.5,0.46721469903602986,III-IV,1,0.0,5,1,0.0,0.46721469903602986
COL8A2_integrin_a1b1_complex,cDC2,Pericyte,2,2.0,1.4573029497208492,False,False,Deng_Liu_LUAD_2024;Hu_Zhang_2023_NSCLC,1.0,0.7286514748604246,III-IV,1,0.2620902304446608,3,1,0.2620902304446608,0.4665612444157638
LTB_LTBR,pDC,cDC1,3,2.0,1.3995184541421675,True,False,Deng_Liu_LUAD_2024;Hu_Zhang_2023_NSCLC,0.6666666666666666,0.4665061513807225,III-IV,1,0.0,1,1,0.0,0.4665061513807225
FN1_integrin_a4b7_complex,Fibroblast peribronchial,T cell CD8 activated,4,2.0,1.8640563980039015,True,False,Deng_Liu_LUAD_2024;Hu_Zhang_2023_NSCLC,0.5,0.4660140995009754,III-IV,1,0.0,3,1,0.0,0.4660140995009754
LGALS9_P4HB,myeloid dividing,Pericyte,2,2.0,1.4963287828745533,True,True,Deng_Liu_LUAD_2024;Hu_Zhang_2023_NSCLC,1.0,0.7481643914372766,III-IV,1,0.28239388365970647,3,1,0.28239388365970647,0.4657705077775702
FN1_integrin_a8b1_complex,Fibroblast peribronchial,Plasma cell,4,2.0,1.8624926711953462,True,False,Deng_Liu_LUAD_2024;Hu_Zhang_2023_NSCLC,0.5,0.46562316779883656,III-IV,1,0.0,5,1,0.0,0.46562316779883656
JAG1_CD46,Pericyte,myeloid dividing,2,2.0,1.2238920079366362,True,True,Deng_Liu_LUAD_2024;Hu_Zhang_2023_NSCLC,1.0,0.6119460039683181,III-IV,1,0.14647120343322875,3,1,0.14647120343322875,0.4654748005350894
FN1_integrin_a4b7_complex,Fibroblast peribronchial,Mast cell,4,2.0,1.8606396352836645,True,False,Deng_Liu_LUAD_2024;Hu_Zhang_2023_NSCLC,0.5,0.4651599088209161,III-IV,1,0.0,5,1,0.0,0.4651599088209161
FN1_integrin_a5b1_complex,Fibroblast peribronchial,T cell CD8 effector memory,4,2.0,1.8584123898659541,True,False,Deng_Liu_LUAD_2024;Hu_Zhang_2023_NSCLC,0.5,0.46460309746648853,III-IV,1,0.0,5,1,0.0,0.46460309746648853
CXCL16_CXCR6,DC mature,T cell CD8 effector memory,3,3.0,1.3935330595045232,True,False,Chen_Zhang_2020;Deng_Liu_LUAD_2024;Hu_Zhang_2023_NSCLC,1.0,0.46451101983484105,III-IV,1,0.0,1,1,0.0,0.46451101983484105
FN1_integrin_a4b7_complex,Fibroblast peribronchial,Macrophage,4,2.0,1.857136531633993,True,False,Deng_Liu_LUAD_2024;Hu_Zhang_2023_NSCLC,0.5,0.46428413290849824,III-IV,1,0.0,5,1,0.0,0.46428413290849824
integrin_aVb1_complex_ADGRE5,Fibroblast peribronchial,Neutrophils,3,2.0,1.3927555900538715,False,False,Deng_Liu_LUAD_2024;Hu_Zhang_2023_NSCLC,0.6666666666666666,0.4642518633512905,III-IV,1,0.0,3,1,0.0,0.4642518633512905
ICAM1_ITGAL,myeloid dividing,T cell CD4 dividing,3,2.0,1.39268903369863,True,True,Deng_Liu_LUAD_2024;Hu_Zhang_2023_NSCLC,0.6666666666666666,0.46422967789954334,III-IV,1,0.0,2,1,0.0,0.46422967789954334
FN1_integrin_a4b1_complex,Fibroblast peribronchial,Plasma cell,4,2.0,1.8566911470215683,True,False,Deng_Liu_LUAD_2024;Hu_Zhang_2023_NSCLC,0.5,0.4641727867553921,III-IV,1,0.0,5,1,0.0,0.4641727867553921
COL8A2_integrin_a1b1_complex,Macrophage,Pericyte,2,2.0,1.4479402878180072,False,False,Deng_Liu_LUAD_2024;Hu_Zhang_2023_NSCLC,1.0,0.7239701439090036,III-IV,1,0.2598543041581016,3,1,0.2598543041581016,0.464115839750902
HLA-E_CD94:NKG2C,T cell regulatory,T cell CD8 dividing,4,4.0,3.3517255721456665,False,False,Chen_Zhang_2020;Deng_Liu_LUAD_2024;Hu_Zhang_2023_NSCLC;Lambrechts_Thienpont_2018_6653,1.0,0.8379313930364166,III-IV,1,0.37421682138206463,4,1,0.37421682138206463,0.463714571654352
COL4A5_integrin_a1b1_complex,Fibroblast peribronchial,Pericyte,2,2.0,1.4441693318590132,False,False,Deng_Liu_LUAD_2024;Hu_Zhang_2023_NSCLC,1.0,0.7220846659295066,III-IV,1,0.2587724043420246,3,1,0.2587724043420246,0.463312261587482
SELPLG_SELL,myeloid dividing,pDC,3,2.0,1.3892823445905076,True,True,Deng_Liu_LUAD_2024;Hu_Zhang_2023_NSCLC,0.6666666666666666,0.46309411486350255,III-IV,1,0.0,2,1,0.0,0.46309411486350255
CD44_TYROBP,myeloid dividing,Plasma cell,3,2.0,1.3889564078337324,True,False,Deng_Liu_LUAD_2024;Hu_Zhang_2023_NSCLC,0.6666666666666666,0.4629854692779108,III-IV,1,0.0,4,1,0.0,0.4629854692779108
LGALS9_P4HB,DC mature,T cell CD8 dividing,3,2.0,1.3888102044643067,True,False,Deng_Liu_LUAD_2024;Hu_Zhang_2023_NSCLC,0.6666666666666666,0.46293673482143555,III-IV,1,0.0,1,1,0.0,0.46293673482143555
JAG1_NOTCH2,Pericyte,Macrophage,2,2.0,1.1993655326808226,True,True,Deng_Liu_LUAD_2024;Hu_Zhang_2023_NSCLC,1.0,0.5996827663404113,III-IV,1,0.13676288045748378,3,1,0.13676288045748378,0.46291988588292754
CD99_PILRA,Pericyte,Macrophage alveolar,2,2.0,1.4225782265845082,False,True,Deng_Liu_LUAD_2024;Hu_Zhang_2023_NSCLC,1.0,0.7112891132922541,III-IV,1,0.24867467272530563,3,1,0.24867467272530563,0.46261444056694845
CD55_ADGRE5,cDC1,Pericyte,2,2.0,0.9251867834047878,True,False,Deng_Liu_LUAD_2024;Hu_Zhang_2023_NSCLC,1.0,0.4625933917023939,III-IV,1,0.0,1,1,0.0,0.4625933917023939
FN1_integrin_a4b7_complex,Fibroblast peribronchial,Plasma cell,4,2.0,1.8502675571524871,True,False,Deng_Liu_LUAD_2024;Hu_Zhang_2023_NSCLC,0.5,0.4625668892881218,III-IV,1,0.0,5,1,0.0,0.4625668892881218
LGALS9_P4HB,DC mature,Macrophage alveolar,3,2.0,1.387173791507538,True,True,Deng_Liu_LUAD_2024;Hu_Zhang_2023_NSCLC,0.6666666666666666,0.462391263835846,III-IV,1,0.0,1,1,0.0,0.462391263835846
FN1_integrin_a4b7_complex,Fibroblast peribronchial,Monocyte classical,4,2.0,1.849395927790656,True,False,Deng_Liu_LUAD_2024;Hu_Zhang_2023_NSCLC,0.5,0.462348981947664,III-IV,1,0.0,5,1,0.0,0.462348981947664
ICAM1_SPN,myeloid dividing,T cell CD8 dividing,3,2.0,1.3857264854341915,True,True,Deng_Liu_LUAD_2024;Hu_Zhang_2023_NSCLC,0.6666666666666666,0.46190882847806386,III-IV,1,0.0,4,1,0.0,0.46190882847806386
FN1_integrin_a4b7_complex,Fibroblast peribronchial,pDC,4,2.0,1.8476257977066777,True,False,Deng_Liu_LUAD_2024;Hu_Zhang_2023_NSCLC,0.5,0.4619064494266694,III-IV,1,0.0,3,1,0.0,0.4619064494266694
FN1_integrin_a4b1_complex,Fibroblast peribronchial,Fibroblast peribronchial,4,2.0,1.8473925281077452,True,False,Deng_Liu_LUAD_2024;Hu_Zhang_2023_NSCLC,0.5,0.4618481320269363,III-IV,1,0.0,5,1,0.0,0.4618481320269363
ICAM1_SPN,cDC1,NK cell,3,2.0,1.3851375518491333,True,False,Deng_Liu_LUAD_2024;Hu_Zhang_2023_NSCLC,0.6666666666666666,0.46171251728304447,III-IV,1,0.0,1,1,0.0,0.46171251728304447
PLAUR_integrin_a4b1_complex,Macrophage alveolar,Pericyte,2,2.0,1.3831636879969427,True,False,Deng_Liu_LUAD_2024;Hu_Zhang_2023_NSCLC,1.0,0.6915818439984713,III-IV,1,0.2301741858703884,3,1,0.2301741858703884,0.46140765812808293
ICAM1_ITGAL,DC mature,T cell regulatory,3,2.0,1.3833254399866672,True,False,Deng_Liu_LUAD_2024;Hu_Zhang_2023_NSCLC,0.6666666666666666,0.46110847999555576,III-IV,1,0.0,1,1,0.0,0.46110847999555576
ANXA1_FPR3,T cell CD8 activated,cDC2,4,4.0,2.8014118000136903,True,True,Chen_Zhang_2020;Deng_Liu_LUAD_2024;Hu_Zhang_2023_NSCLC;Zilionis_Klein_2019,1.0,0.7003529500034226,III-IV,1,0.2393342709798406,3,1,0.2393342709798406,0.46101867902358196
LGALS9_P4HB,myeloid dividing,Plasma cell,3,2.0,1.3829311084404399,True,True,Deng_Liu_LUAD_2024;Hu_Zhang_2023_NSCLC,0.6666666666666666,0.4609770361468133,III-IV,1,0.0,4,1,0.0,0.4609770361468133
APP_SORL1,Pericyte,T cell CD4,2,2.0,1.4263219283859259,True,False,Deng_Liu_LUAD_2024;Hu_Zhang_2023_NSCLC,1.0,0.7131609641929629,III-IV,1,0.2522810054455624,3,1,0.2522810054455624,0.4608799587474005
ICAM1_SPN,myeloid dividing,cDC1,3,2.0,1.3799778729080456,True,True,Deng_Liu_LUAD_2024;Hu_Zhang_2023_NSCLC,0.6666666666666666,0.4599926243026819,III-IV,1,0.0,1,1,0.0,0.4599926243026819
HLA-E_CD94:NKG2A,Fibroblast peribronchial,T cell CD8 dividing,3,3.0,1.996479237587753,False,False,Chen_Zhang_2020;Deng_Liu_LUAD_2024;Hu_Zhang_2023_NSCLC,1.0,0.6654930791959176,III-IV,1,0.20557940018058973,4,1,0.20557940018058973,0.45991367901532787
ICAM1_integrin_aLb2_complex,myeloid dividing,T cell CD4 dividing,3,2.0,1.379597145774979,True,False,Deng_Liu_LUAD_2024;Hu_Zhang_2023_NSCLC,0.6666666666666666,0.4598657152583263,III-IV,1,0.0,2,1,0.0,0.4598657152583263
HLA-E_CD94:NKG2C,Mast cell,T cell CD8 dividing,4,4.0,3.0805924927745783,False,False,Chen_Zhang_2020;Deng_Liu_LUAD_2024;Hu_Zhang_2023_NSCLC;Lambrechts_Thienpont_2018_6653,1.0,0.7701481231936446,III-IV,1,0.31051857311007836,4,1,0.31051857311007836,0.4596295500835662
CCL4_CCR5,myeloid dividing,T cell CD8 terminally exhausted,3,2.0,1.3783809535475726,True,False,Deng_Liu_LUAD_2024;Hu_Zhang_2023_NSCLC,0.6666666666666666,0.4594603178491909,III-IV,1,0.0,4,1,0.0,0.4594603178491909
APP_TNFRSF21,pDC,Fibroblast peribronchial,4,3.0,1.836189374481454,True,False,Chen_Zhang_2020;Deng_Liu_LUAD_2024;Hu_Zhang_2023_NSCLC,0.75,0.4590473436203635,III-IV,1,0.0,3,1,0.0,0.4590473436203635
COL8A2_integrin_a1b1_complex,myeloid dividing,Pericyte,2,2.0,1.453288998090426,False,False,Deng_Liu_LUAD_2024;Hu_Zhang_2023_NSCLC,1.0,0.726644499045213,III-IV,1,0.2680587110966858,3,1,0.2680587110966858,0.4585857879485272
LGALS9_HAVCR2,DC mature,myeloid dividing,3,2.0,1.3757257156087537,True,True,Deng_Liu_LUAD_2024;Hu_Zhang_2023_NSCLC,0.6666666666666666,0.4585752385362512,III-IV,1,0.0,1,1,0.0,0.4585752385362512
integrin_aVb1_complex_ADGRE5,Pericyte,Macrophage alveolar,2,2.0,1.2767288136675707,False,True,Deng_Liu_LUAD_2024;Hu_Zhang_2023_NSCLC,1.0,0.6383644068337854,III-IV,1,0.17982978109560388,3,1,0.17982978109560388,0.4585346257381815
HLA-E_CD94:NKG2A,T cell CD8 terminally exhausted,T cell CD8 dividing,4,4.0,3.2840842544426034,False,False,Chen_Zhang_2020;Deng_Liu_LUAD_2024;Hu_Zhang_2023_NSCLC;Lambrechts_Thienpont_2018_6653,1.0,0.8210210636106509,III-IV,1,0.3625000302596764,4,1,0.3625000302596764,0.45852103335097444
CD96_NECTIN1,T cell CD8 terminally exhausted,DC mature,3,2.0,1.3753965754433262,True,False,Deng_Liu_LUAD_2024;Hu_Zhang_2023_NSCLC,0.6666666666666666,0.4584655251477754,III-IV,1,0.0,1,1,0.0,0.4584655251477754
ALCAM_CD6,DC mature,T cell CD8 activated,3,2.0,1.3744087268185283,True,True,Deng_Liu_LUAD_2024;Hu_Zhang_2023_NSCLC,0.6666666666666666,0.4581362422728428,III-IV,1,0.0,1,1,0.0,0.4581362422728428
ICAM1_ITGAL,DC mature,T cell CD4 dividing,3,2.0,1.3739153615916018,True,True,Deng_Liu_LUAD_2024;Hu_Zhang_2023_NSCLC,0.6666666666666666,0.4579717871972006,III-IV,1,0.0,1,1,0.0,0.4579717871972006
ALCAM_CD6,DC mature,T cell CD4,3,2.0,1.3722901152338622,True,True,Deng_Liu_LUAD_2024;Hu_Zhang_2023_NSCLC,0.6666666666666666,0.45743003841128743,III-IV,1,0.0,1,1,0.0,0.45743003841128743
FN1_integrin_a4b1_complex,Macrophage alveolar,Pericyte,2,2.0,1.4788692537623278,True,False,Deng_Liu_LUAD_2024;Hu_Zhang_2023_NSCLC,1.0,0.7394346268811639,III-IV,1,0.2820873453784846,3,1,0.2820873453784846,0.4573472815026793
PVR_TIGIT,DC mature,T cell regulatory,3,2.0,1.3713871065702938,True,True,Deng_Liu_LUAD_2024;Hu_Zhang_2023_NSCLC,0.6666666666666666,0.45712903552343126,III-IV,1,0.0,1,1,0.0,0.45712903552343126
CCL5_CCR5,NK cell,Macrophage alveolar,4,2.0,1.8280808898561527,True,False,Deng_Liu_LUAD_2024;Hu_Zhang_2023_NSCLC,0.5,0.4570202224640382,III-IV,1,0.0,5,1,0.0,0.4570202224640382
HLA-E_CD94:NKG2A,NK cell,T cell CD8 dividing,4,4.0,3.3319864098529717,False,False,Chen_Zhang_2020;Deng_Liu_LUAD_2024;Hu_Zhang_2023_NSCLC;Lambrechts_Thienpont_2018_6653,1.0,0.8329966024632429,III-IV,1,0.37630459939633343,4,1,0.37630459939633343,0.4566920030669095
PLAUR_integrin_a4b1_complex,myeloid dividing,Plasma cell,3,2.0,1.3700406927590816,True,False,Deng_Liu_LUAD_2024;Hu_Zhang_2023_NSCLC,0.6666666666666666,0.45668023091969384,III-IV,1,0.0,4,1,0.0,0.45668023091969384
ALCAM_CD6,DC mature,T cell CD4 dividing,3,2.0,1.3699670748017478,True,True,Deng_Liu_LUAD_2024;Hu_Zhang_2023_NSCLC,0.6666666666666666,0.4566556916005826,III-IV,1,0.0,1,1,0.0,0.4566556916005826
LGALS9_HAVCR2,DC mature,Macrophage,3,2.0,1.3698315343507452,True,True,Deng_Liu_LUAD_2024;Hu_Zhang_2023_NSCLC,0.6666666666666666,0.4566105114502484,III-IV,1,0.0,1,1,0.0,0.4566105114502484
CD80_CTLA4,DC mature,T cell CD8 terminally exhausted,3,2.0,1.3693215627742479,True,True,Deng_Liu_LUAD_2024;Hu_Zhang_2023_NSCLC,0.6666666666666666,0.4564405209247493,III-IV,1,0.0,1,1,0.0,0.4564405209247493
COL7A1_integrin_a1b1_complex,Fibroblast peribronchial,Pericyte,2,2.0,1.4790710936914628,False,False,Deng_Liu_LUAD_2024;Hu_Zhang_2023_NSCLC,1.0,0.7395355468457314,III-IV,1,0.2831151502037578,3,1,0.2831151502037578,0.4564203966419736
CD86_CD28,DC mature,T cell CD8 effector memory,3,2.0,1.3689161401810819,True,False,Deng_Liu_LUAD_2024;Hu_Zhang_2023_NSCLC,0.6666666666666666,0.45630538006036064,III-IV,1,0.0,1,1,0.0,0.45630538006036064
ICAM1_ITGAL,myeloid dividing,T cell CD8 dividing,3,2.0,1.368843182045342,True,True,Deng_Liu_LUAD_2024;Hu_Zhang_2023_NSCLC,0.6666666666666666,0.45628106068178065,III-IV,1,0.0,4,1,0.0,0.45628106068178065
SEMA7A_integrin_a1b1_complex,pDC,T cell CD8 terminally exhausted,3,2.0,1.368549788092503,True,False,Deng_Liu_LUAD_2024;Hu_Zhang_2023_NSCLC,0.6666666666666666,0.45618326269750104,III-IV,1,0.0,2,1,0.0,0.45618326269750104
LAIR1_LILRB4,cDC2,pDC,4,4.0,1.8226322475789756,True,True,Chen_Zhang_2020;Deng_Liu_LUAD_2024;Hu_Zhang_2023_NSCLC;Zilionis_Klein_2019,1.0,0.4556580618947439,III-IV,1,0.0,3,1,0.0,0.4556580618947439
HLA-E_CD94:NKG2C,T cell CD4,T cell CD8 dividing,4,4.0,3.1326116032208007,False,False,Chen_Zhang_2020;Deng_Liu_LUAD_2024;Hu_Zhang_2023_NSCLC;Lambrechts_Thienpont_2018_6653,1.0,0.7831529008052002,III-IV,1,0.32758905748649536,4,1,0.32758905748649536,0.4555638433187048
ICAM1_SPN,cDC2,cDC1,3,2.0,1.3665735670150774,True,True,Deng_Liu_LUAD_2024;Hu_Zhang_2023_NSCLC,0.6666666666666666,0.4555245223383591,III-IV,1,0.0,1,1,0.0,0.4555245223383591
HLA-E_CD94:NKG2C,Fibroblast peribronchial,T cell CD8 dividing,3,3.0,1.886575872910384,False,False,Chen_Zhang_2020;Deng_Liu_LUAD_2024;Hu_Zhang_2023_NSCLC,1.0,0.6288586243034614,III-IV,1,0.17345175899964677,4,1,0.17345175899964677,0.45540686530381463
PVR_CD96,DC mature,T cell CD8 dividing,3,2.0,1.3659610208832225,True,True,Deng_Liu_LUAD_2024;Hu_Zhang_2023_NSCLC,0.6666666666666666,0.4553203402944075,III-IV,1,0.0,1,1,0.0,0.4553203402944075
PTPRC_CD22,DC mature,Mast cell,3,2.0,1.3657447907991818,False,True,Deng_Liu_LUAD_2024;Hu_Zhang_2023_NSCLC,0.6666666666666666,0.45524826359972725,III-IV,1,0.0,1,1,0.0,0.45524826359972725
HLA-E_CD94:NKG2C,T cell CD8 dividing,T cell CD8 dividing,4,4.0,3.197903895925899,False,False,Chen_Zhang_2020;Deng_Liu_LUAD_2024;Hu_Zhang_2023_NSCLC;Lambrechts_Thienpont_2018_6653,1.0,0.7994759739814747,III-IV,1,0.3443671519201487,4,1,0.3443671519201487,0.455108822061326
ICAM1_ITGAL,cDC2,T cell CD4 dividing,3,2.0,1.364957301282538,True,True,Deng_Liu_LUAD_2024;Hu_Zhang_2023_NSCLC,0.6666666666666666,0.4549857670941793,III-IV,1,0.0,2,1,0.0,0.4549857670941793
CXCL16_CXCR6,DC mature,T cell CD4 dividing,3,3.0,1.3647334952702659,True,True,Chen_Zhang_2020;Deng_Liu_LUAD_2024;Hu_Zhang_2023_NSCLC,1.0,0.4549111650900886,III-IV,1,0.0,1,1,0.0,0.4549111650900886
PLAU_PLAUR,DC mature,myeloid dividing,3,2.0,1.3643280833226334,False,True,Deng_Liu_LUAD_2024;Hu_Zhang_2023_NSCLC,0.6666666666666666,0.45477602777421117,III-IV,1,0.0,1,1,0.0,0.45477602777421117
SEMA4D_PTPRC,pDC,NK cell,4,2.0,1.8176376366185794,False,True,Deng_Liu_LUAD_2024;Hu_Zhang_2023_NSCLC,0.5,0.45440940915464484,III-IV,1,0.0,3,1,0.0,0.45440940915464484
ICAM1_integrin_aLb2_complex,myeloid dividing,T cell regulatory,3,2.0,1.3630710577085203,True,False,Deng_Liu_LUAD_2024;Hu_Zhang_2023_NSCLC,0.6666666666666666,0.45435701923617344,III-IV,1,0.0,4,1,0.0,0.45435701923617344
HLA-E_KLRK1,Neutrophils,T cell CD8 effector memory,4,2.0,1.8167466343955683,False,True,Deng_Liu_LUAD_2024;Maynard_Bivona_2020,0.5,0.45418665859889207,III-IV,1,0.0,3,1,0.0,0.45418665859889207
HLA-F_VSIR,DC mature,DC mature,3,2.0,1.362166437267014,True,True,Deng_Liu_LUAD_2024;Hu_Zhang_2023_NSCLC,0.6666666666666666,0.4540554790890046,III-IV,1,0.0,1,1,0.0,0.4540554790890046
TENM4_ADGRL2,Fibroblast peribronchial,Pericyte,2,2.0,0.9477789941776336,True,True,Deng_Liu_LUAD_2024;Hu_Zhang_2023_NSCLC,1.0,0.4738894970888168,III-IV,1,0.01997908327022251,3,1,0.01997908327022251,0.45391041381859426
IL1B_IL1_receptor_inhibitor,myeloid dividing,Macrophage,3,2.0,1.3616106559394248,True,False,Deng_Liu_LUAD_2024;Hu_Zhang_2023_NSCLC,0.6666666666666666,0.4538702186464749,III-IV,1,0.0,4,1,0.0,0.4538702186464749
OSM_OSMR,Neutrophils,Fibroblast peribronchial,3,2.0,1.3615814323906803,True,False,Deng_Liu_LUAD_2024;Hu_Zhang_2023_NSCLC,0.6666666666666666,0.4538604774635601,III-IV,1,0.0,3,1,0.0,0.4538604774635601
TNFSF13B_TNFRSF13C,DC mature,B cell,3,2.0,1.3612915692388876,True,True,Deng_Liu_LUAD_2024;Hu_Zhang_2023_NSCLC,0.6666666666666666,0.4537638564129625,III-IV,1,0.0,1,1,0.0,0.4537638564129625
IL1B_IL1_receptor,myeloid dividing,Macrophage,3,2.0,1.3609071400533688,True,False,Deng_Liu_LUAD_2024;Hu_Zhang_2023_NSCLC,0.6666666666666666,0.4536357133511229,III-IV,1,0.0,4,1,0.0,0.4536357133511229
IL1B_IL1_receptor_inhibitor,Monocyte classical,Neutrophils,4,2.0,1.8143084286980367,True,False,Deng_Liu_LUAD_2024;Hu_Zhang_2023_NSCLC,0.5,0.45357710717450916,III-IV,1,0.0,3,1,0.0,0.45357710717450916
ICAM1_SPN,myeloid dividing,pDC,3,2.0,1.3599833797488443,True,True,Deng_Liu_LUAD_2024;Hu_Zhang_2023_NSCLC,0.6666666666666666,0.45332779324961475,III-IV,1,0.0,2,1,0.0,0.45332779324961475
HLA-E_VSIR,Plasma cell,myeloid dividing,3,2.0,1.357799360200718,False,True,Deng_Liu_LUAD_2024;Hu_Zhang_2023_NSCLC,0.6666666666666666,0.45259978673357265,III-IV,1,0.0,4,1,0.0,0.45259978673357265
ICAM1_integrin_aLb2_complex,DC mature,T cell CD4 dividing,3,2.0,1.357336382024735,True,False,Deng_Liu_LUAD_2024;Hu_Zhang_2023_NSCLC,0.6666666666666666,0.4524454606749117,III-IV,1,0.0,1,1,0.0,0.4524454606749117
CD96_NECTIN1,T cell CD8 terminally exhausted,cDC1,3,2.0,1.3568768137664533,True,False,Deng_Liu_LUAD_2024;Hu_Zhang_2023_NSCLC,0.6666666666666666,0.45229227125548443,III-IV,1,0.0,1,1,0.0,0.45229227125548443
ICAM1_ITGAL,DC mature,T cell CD8 dividing,3,2.0,1.3565942993146982,True,True,Deng_Liu_LUAD_2024;Hu_Zhang_2023_NSCLC,0.6666666666666666,0.45219809977156605,III-IV,1,0.0,1,1,0.0,0.45219809977156605
CCL4_CCR5,myeloid dividing,T cell CD8 effector memory,3,2.0,1.355415288789607,True,False,Deng_Liu_LUAD_2024;Hu_Zhang_2023_NSCLC,0.6666666666666666,0.4518050962632023,III-IV,1,0.0,4,1,0.0,0.4518050962632023
COL6A3_integrin_a1b1_complex,Fibroblast peribronchial,T cell CD8 activated,4,2.0,1.8051509159059091,True,False,Deng_Liu_LUAD_2024;Hu_Zhang_2023_NSCLC,0.5,0.4512877289764773,III-IV,1,0.0,3,1,0.0,0.4512877289764773
ICAM1_integrin_aLb2_complex,cDC2,T cell CD4 dividing,3,2.0,1.3528136575776561,True,False,Deng_Liu_LUAD_2024;Hu_Zhang_2023_NSCLC,0.6666666666666666,0.45093788585921873,III-IV,1,0.0,2,1,0.0,0.45093788585921873
ANXA1_FPR1,Plasma cell,Neutrophils,3,2.0,1.3524200362210828,False,True,Deng_Liu_LUAD_2024;Hu_Zhang_2023_NSCLC,0.6666666666666666,0.4508066787403609,III-IV,1,0.0,3,1,0.0,0.4508066787403609
CLEC2B_KLRF1,Pericyte,NK cell,2,2.0,1.097929597700831,False,True,Deng_Liu_LUAD_2024;Hu_Zhang_2023_NSCLC,1.0,0.5489647988504155,III-IV,1,0.09820043997259187,3,1,0.09820043997259187,0.4507643588778236
JAG1_NOTCH1,Pericyte,myeloid dividing,2,2.0,1.0323633626837425,True,False,Deng_Liu_LUAD_2024;Hu_Zhang_2023_NSCLC,1.0,0.5161816813418713,III-IV,1,0.06576147715388221,3,1,0.06576147715388221,0.45042020418798906
HLA-E_CD94:NKG2A,Mast cell,T cell CD8 dividing,4,4.0,3.1238968366834845,False,False,Chen_Zhang_2020;Deng_Liu_LUAD_2024;Hu_Zhang_2023_NSCLC;Lambrechts_Thienpont_2018_6653,1.0,0.7809742091708711,III-IV,1,0.33059916207697204,4,1,0.33059916207697204,0.4503750470938991
CD55_ADGRE5,cDC1,T cell CD4 dividing,3,2.0,1.3499527869947412,True,True,Deng_Liu_LUAD_2024;Hu_Zhang_2023_NSCLC,0.6666666666666666,0.4499842623315804,III-IV,1,0.0,1,1,0.0,0.4499842623315804
JAG1_NOTCH2,Pericyte,Fibroblast peribronchial,2,2.0,1.236997112439382,True,False,Deng_Liu_LUAD_2024;Hu_Zhang_2023_NSCLC,1.0,0.618498556219691,III-IV,1,0.16869006450702165,3,1,0.16869006450702165,0.44980849171266934
ProstaglandinE2_byPTGES3_PTGER4,myeloid dividing,DC mature,3,2.0,1.348726506044802,False,False,Deng_Liu_LUAD_2024;Hu_Zhang_2023_NSCLC,0.6666666666666666,0.44957550201493396,III-IV,1,0.0,1,1,0.0,0.44957550201493396
JAG1_NOTCH1,Pericyte,Monocyte classical,2,2.0,1.0487407944562253,True,False,Deng_Liu_LUAD_2024;Hu_Zhang_2023_NSCLC,1.0,0.5243703972281126,III-IV,1,0.07511991056294853,3,1,0.07511991056294853,0.4492504866651641
ICAM1_SPN,DC mature,pDC,3,2.0,1.3472047710883466,True,True,Deng_Liu_LUAD_2024;Hu_Zhang_2023_NSCLC,0.6666666666666666,0.44906825702944886,III-IV,1,0.0,1,1,0.0,0.44906825702944886
LGALS9_P4HB,DC mature,Monocyte classical,3,2.0,1.3469639462803278,True,False,Deng_Liu_LUAD_2024;Hu_Zhang_2023_NSCLC,0.6666666666666666,0.4489879820934426,III-IV,1,0.0,1,1,0.0,0.4489879820934426
APP_SORL1,Pericyte,T cell regulatory,2,2.0,1.380285369917845,True,False,Deng_Liu_LUAD_2024;Hu_Zhang_2023_NSCLC,1.0,0.6901426849589225,III-IV,1,0.24117350066717155,3,1,0.24117350066717155,0.4489691842917509
CD99_PILRA,pDC,Macrophage,4,3.0,1.7956756405343146,True,True,Chen_Zhang_2020;Deng_Liu_LUAD_2024;Hu_Zhang_2023_NSCLC,0.75,0.44891891013357865,III-IV,1,0.0,3,1,0.0,0.44891891013357865
ICAM1_SPN,myeloid dividing,T cell CD8 terminally exhausted,3,2.0,1.3467181451079244,True,False,Deng_Liu_LUAD_2024;Hu_Zhang_2023_NSCLC,0.6666666666666666,0.44890604836930814,III-IV,1,0.0,4,1,0.0,0.44890604836930814
HLA-E_CD94:NKG2A,T cell CD8 effector memory,T cell CD8 dividing,4,4.0,3.256808366584254,False,False,Chen_Zhang_2020;Deng_Liu_LUAD_2024;Hu_Zhang_2023_NSCLC;Lambrechts_Thienpont_2018_6653,1.0,0.8142020916460635,III-IV,1,0.36530072625085586,4,1,0.36530072625085586,0.44890136539520764
CD55_ADGRE5,cDC1,T cell CD8 activated,3,2.0,1.3448819673861165,True,False,Deng_Liu_LUAD_2024;Hu_Zhang_2023_NSCLC,0.6666666666666666,0.4482939891287055,III-IV,1,0.0,1,1,0.0,0.4482939891287055
HLA-E_CD94:NKG2C,B cell,T cell CD8 dividing,4,4.0,3.1862085418605934,False,False,Chen_Zhang_2020;Deng_Liu_LUAD_2024;Hu_Zhang_2023_NSCLC;Lambrechts_Thienpont_2018_6653,1.0,0.7965521354651484,III-IV,1,0.34831204774585894,4,1,0.34831204774585894,0.4482400877192894
HLA-E_CD94:NKG2A,T cell CD4,T cell CD8 dividing,4,4.0,3.172476500349642,False,False,Chen_Zhang_2020;Deng_Liu_LUAD_2024;Hu_Zhang_2023_NSCLC;Lambrechts_Thienpont_2018_6653,1.0,0.7931191250874104,III-IV,1,0.344990757298215,4,1,0.344990757298215,0.44812836778919546
HLA-F_VSIR,DC mature,cDC2,3,2.0,1.3439991109835838,True,False,Deng_Liu_LUAD_2024;Hu_Zhang_2023_NSCLC,0.6666666666666666,0.4479997036611946,III-IV,1,0.0,1,1,0.0,0.4479997036611946
SEMA4D_PTPRC,Macrophage alveolar,NK cell,4,2.0,1.7909956272666006,False,True,Deng_Liu_LUAD_2024;Hu_Zhang_2023_NSCLC,0.5,0.44774890681665014,III-IV,1,0.0,5,1,0.0,0.44774890681665014
COL5A3_integrin_a1b1_complex,Pericyte,T cell CD8 effector memory,2,2.0,1.287691215542278,True,False,Deng_Liu_LUAD_2024;Hu_Zhang_2023_NSCLC,1.0,0.643845607771139,III-IV,1,0.1962205633091709,3,1,0.1962205633091709,0.44762504446196805
COL15A1_integrin_a1b1_complex,Pericyte,Pericyte,2,2.0,1.4831610910197395,False,False,Deng_Liu_LUAD_2024;Hu_Zhang_2023_NSCLC,1.0,0.7415805455098697,III-IV,1,0.2941685599913448,3,1,0.2941685599913448,0.44741198551852496
SEMA7A_integrin_a1b1_complex,pDC,T cell CD8 dividing,3,2.0,1.341813756681852,True,False,Deng_Liu_LUAD_2024;Hu_Zhang_2023_NSCLC,0.6666666666666666,0.447271252227284,III-IV,1,0.0,2,1,0.0,0.447271252227284
LGALS9_P4HB,Macrophage alveolar,Pericyte,2,2.0,1.4459168567574063,True,True,Deng_Liu_LUAD_2024;Hu_Zhang_2023_NSCLC,1.0,0.7229584283787032,III-IV,1,0.27577626311803527,3,1,0.27577626311803527,0.4471821652606679
ICAM1_SPN,DC mature,cDC1,3,2.0,1.3407522095108235,True,True,Deng_Liu_LUAD_2024;Hu_Zhang_2023_NSCLC,0.6666666666666666,0.4469174031702745,III-IV,1,0.0,1,1,0.0,0.4469174031702745
ICAM1_integrin_aXb2_complex,DC mature,myeloid dividing,3,3.0,1.3400359703992017,True,False,Chen_Zhang_2020;Deng_Liu_LUAD_2024;Hu_Zhang_2023_NSCLC,1.0,0.4466786567997339,III-IV,1,0.0,1,1,0.0,0.4466786567997339
LTB_LTBR,T cell regulatory,DC mature,3,2.0,1.3400316792939058,True,False,Deng_Liu_LUAD_2024;Hu_Zhang_2023_NSCLC,0.6666666666666666,0.4466772264313019,III-IV,1,0.0,1,1,0.0,0.4466772264313019
ICAM1_integrin_aLb2_complex,DC mature,T cell regulatory,3,2.0,1.3395347228242604,True,False,Deng_Liu_LUAD_2024;Hu_Zhang_2023_NSCLC,0.6666666666666666,0.44651157427475346,III-IV,1,0.0,1,1,0.0,0.44651157427475346
VEGFB_NRP1,pDC,myeloid dividing,3,2.0,1.3386133600394192,True,True,Deng_Liu_LUAD_2024;Hu_Zhang_2023_NSCLC,0.6666666666666666,0.4462044533464731,III-IV,1,0.0,2,1,0.0,0.4462044533464731
COL10A1_integrin_a1b1_complex,Fibroblast peribronchial,T cell CD4 dividing,3,2.0,1.3383073639978251,True,False,Deng_Liu_LUAD_2024;Hu_Zhang_2023_NSCLC,0.6666666666666666,0.44610245466594173,III-IV,1,0.0,2,1,0.0,0.44610245466594173
IL1B_IL1_receptor,myeloid dividing,Macrophage alveolar,3,2.0,1.337998915031681,True,False,Deng_Liu_LUAD_2024;Hu_Zhang_2023_NSCLC,0.6666666666666666,0.4459996383438936,III-IV,1,0.0,4,1,0.0,0.4459996383438936
ALCAM_CD6,DC mature,T cell CD8 dividing,3,2.0,1.3376379069943285,True,True,Deng_Liu_LUAD_2024;Hu_Zhang_2023_NSCLC,0.6666666666666666,0.44587930233144285,III-IV,1,0.0,1,1,0.0,0.44587930233144285
ICAM1_SPN,DC mature,T cell CD8 dividing,3,2.0,1.3367813981242813,True,True,Deng_Liu_LUAD_2024;Hu_Zhang_2023_NSCLC,0.6666666666666666,0.44559379937476046,III-IV,1,0.0,1,1,0.0,0.44559379937476046
PLAUR_integrin_a4b1_complex,myeloid dividing,Fibroblast peribronchial,3,2.0,1.3361557865175138,True,False,Deng_Liu_LUAD_2024;Hu_Zhang_2023_NSCLC,0.6666666666666666,0.44538526217250457,III-IV,1,0.0,4,1,0.0,0.44538526217250457
LTB_LTBR,B cell,DC mature,3,2.0,1.3356145212649821,True,False,Deng_Liu_LUAD_2024;Hu_Zhang_2023_NSCLC,0.6666666666666666,0.4452048404216607,III-IV,1,0.0,1,1,0.0,0.4452048404216607
integrin_aVb1_complex_ADGRE2,Pericyte,myeloid dividing,2,2.0,1.034163748861707,False,True,Deng_Liu_LUAD_2024;Hu_Zhang_2023_NSCLC,1.0,0.5170818744308535,III-IV,1,0.07210862274153414,3,1,0.07210862274153414,0.4449732516893194
ICAM1_ITGAL,cDC1,T cell CD8 terminally exhausted,3,2.0,1.3345960387857438,True,False,Deng_Liu_LUAD_2024;Hu_Zhang_2023_NSCLC,0.6666666666666666,0.4448653462619146,III-IV,1,0.0,1,1,0.0,0.4448653462619146
CD55_ADGRE5,cDC1,Monocyte classical,3,2.0,1.3344772054204332,True,False,Deng_Liu_LUAD_2024;Hu_Zhang_2023_NSCLC,0.6666666666666666,0.4448257351401444,III-IV,1,0.0,1,1,0.0,0.4448257351401444
CD55_ADGRE5,Macrophage alveolar,T cell CD8 dividing,3,2.0,1.3327371501054235,True,True,Deng_Liu_LUAD_2024;Hu_Zhang_2023_NSCLC,0.6666666666666666,0.44424571670180785,III-IV,1,0.0,4,1,0.0,0.44424571670180785
PLAUR_integrin_a4b1_complex,Neutrophils,T cell regulatory,4,2.0,1.7769032785557841,True,False,Deng_Liu_LUAD_2024;Hu_Zhang_2023_NSCLC,0.5,0.44422581963894603,III-IV,1,0.0,3,1,0.0,0.44422581963894603
SPP1_integrin_a4b1_complex,Monocyte classical,Pericyte,2,2.0,1.0198062677168394,False,False,Deng_Liu_LUAD_2024;Hu_Zhang_2023_NSCLC,1.0,0.5099031338584197,III-IV,1,0.06576147715388221,3,1,0.06576147715388221,0.4441416567045375
CD47_SIRPA,pDC,myeloid dividing,3,2.0,1.3323441734600254,True,True,Deng_Liu_LUAD_2024;Hu_Zhang_2023_NSCLC,0.6666666666666666,0.44411472448667516,III-IV,1,0.0,2,1,0.0,0.44411472448667516
HLA-F_VSIR,DC mature,myeloid dividing,3,2.0,1.331835199171127,True,True,Deng_Liu_LUAD_2024;Hu_Zhang_2023_NSCLC,0.6666666666666666,0.4439450663903757,III-IV,1,0.0,1,1,0.0,0.4439450663903757
IGFBP3_TMEM219,Fibroblast peribronchial,cDC1,3,2.0,1.3315444394678564,True,True,Deng_Liu_LUAD_2024;Hu_Zhang_2023_NSCLC,0.6666666666666666,0.44384814648928544,III-IV,1,0.0,1,1,0.0,0.44384814648928544
JAG1_NOTCH1,Pericyte,NK cell,2,2.0,1.0555825903322456,True,False,Deng_Liu_LUAD_2024;Hu_Zhang_2023_NSCLC,1.0,0.5277912951661228,III-IV,1,0.08424393234519817,3,1,0.08424393234519817,0.4435473628209246
LGALS9_P4HB,DC mature,cDC2,3,2.0,1.3306082483259822,True,False,Deng_Liu_LUAD_2024;Hu_Zhang_2023_NSCLC,0.6666666666666666,0.4435360827753274,III-IV,1,0.0,1,1,0.0,0.4435360827753274
IL1RN_IL1_receptor,Monocyte classical,Pericyte,2,2.0,1.1080385933780224,True,False,Deng_Liu_LUAD_2024;Hu_Zhang_2023_NSCLC,1.0,0.5540192966890112,III-IV,1,0.11096685780230085,3,1,0.11096685780230085,0.4430524388867103
ICAM1_integrin_aLb2_complex,cDC1,T cell CD8 terminally exhausted,3,2.0,1.3281112718702903,True,False,Deng_Liu_LUAD_2024;Hu_Zhang_2023_NSCLC,0.6666666666666666,0.44270375729009676,III-IV,1,0.0,1,1,0.0,0.44270375729009676
LAIR1_LILRB4,pDC,Macrophage,4,4.0,1.7707812006441452,True,True,Chen_Zhang_2020;Deng_Liu_LUAD_2024;Hu_Zhang_2023_NSCLC;Zilionis_Klein_2019,1.0,0.4426953001610363,III-IV,1,0.0,3,1,0.0,0.4426953001610363
PPIA_BSG,cDC2,T cell CD8 dividing,4,2.0,1.7706368269620794,True,False,Deng_Liu_LUAD_2024;Hu_Zhang_2023_NSCLC,0.5,0.44265920674051984,III-IV,1,0.0,4,1,0.0,0.44265920674051984
WNT10A_FRZB,Plasma cell,Pericyte,2,2.0,0.8848500610329937,False,True,Deng_Liu_LUAD_2024;Hu_Zhang_2023_NSCLC,1.0,0.44242503051649684,III-IV,1,0.0,3,1,0.0,0.44242503051649684
ICAM1_ITGAL,cDC1,T cell CD8 effector memory,3,2.0,1.327143852530861,True,False,Deng_Liu_LUAD_2024;Hu_Zhang_2023_NSCLC,0.6666666666666666,0.44238128417695366,III-IV,1,0.0,1,1,0.0,0.44238128417695366
ICAM1_integrin_aLb2_complex,cDC1,T cell CD8 effector memory,3,2.0,1.327143852530861,True,False,Deng_Liu_LUAD_2024;Hu_Zhang_2023_NSCLC,0.6666666666666666,0.44238128417695366,III-IV,1,0.0,1,1,0.0,0.44238128417695366
HLA-E_CD94:NKG2A,T cell regulatory,T cell CD8 dividing,4,4.0,3.337074499356204,False,False,Chen_Zhang_2020;Deng_Liu_LUAD_2024;Hu_Zhang_2023_NSCLC;Lambrechts_Thienpont_2018_6653,1.0,0.834268624839051,III-IV,1,0.39189943573617514,4,1,0.39189943573617514,0.4423691891028758
CD86_CTLA4,DC mature,T cell CD8 effector memory,3,2.0,1.3264438523354332,True,False,Deng_Liu_LUAD_2024;Hu_Zhang_2023_NSCLC,0.6666666666666666,0.44214795077847774,III-IV,1,0.0,1,1,0.0,0.44214795077847774
LGALS9_P4HB,DC mature,T cell CD4 dividing,3,2.0,1.3262775621834506,True,False,Deng_Liu_LUAD_2024;Hu_Zhang_2023_NSCLC,0.6666666666666666,0.44209252072781685,III-IV,1,0.0,1,1,0.0,0.44209252072781685
JAG1_NOTCH1,Pericyte,cDC2,2,2.0,1.0151611791034036,True,False,Deng_Liu_LUAD_2024;Hu_Zhang_2023_NSCLC,1.0,0.5075805895517018,III-IV,1,0.06576147715388221,3,1,0.06576147715388221,0.4418191123978196
CD44_TYROBP,Plasma cell,NK cell,5,3.0,2.2090492725308626,False,True,Chen_Zhang_2020;Deng_Liu_LUAD_2024;Lambrechts_Thienpont_2018_6653,0.6,0.4418098545061725,III-IV,1,0.0,5,1,0.0,0.4418098545061725
ALCAM_CD6,DC mature,T cell CD8 effector memory,3,2.0,1.3250886341872326,True,True,Deng_Liu_LUAD_2024;Hu_Zhang_2023_NSCLC,0.6666666666666666,0.44169621139574416,III-IV,1,0.0,1,1,0.0,0.44169621139574416
LTB_LTBR,pDC,DC mature,3,2.0,1.321437735537421,True,False,Deng_Liu_LUAD_2024;Hu_Zhang_2023_NSCLC,0.6666666666666666,0.44047924517914033,III-IV,1,0.0,1,1,0.0,0.44047924517914033
ICAM1_integrin_aLb2_complex,myeloid dividing,T cell CD8 dividing,3,2.0,1.3212168514445832,True,False,Deng_Liu_LUAD_2024;Hu_Zhang_2023_NSCLC,0.6666666666666666,0.44040561714819443,III-IV,1,0.0,4,1,0.0,0.44040561714819443
PGF_NRP1,Pericyte,pDC,2,2.0,0.8803816333552126,True,True,Deng_Liu_LUAD_2024;Hu_Zhang_2023_NSCLC,1.0,0.4401908166776063,III-IV,1,0.0,2,1,0.0,0.4401908166776063
PLAUR_integrin_a4b1_complex,Neutrophils,T cell CD4,4,2.0,1.7588760812536748,True,False,Deng_Liu_LUAD_2024;Hu_Zhang_2023_NSCLC,0.5,0.4397190203134187,III-IV,1,0.0,3,1,0.0,0.4397190203134187
LGALS9_P4HB,Monocyte classical,Pericyte,2,2.0,1.3834414577773915,True,True,Deng_Liu_LUAD_2024;Hu_Zhang_2023_NSCLC,1.0,0.6917207288886957,III-IV,1,0.252443290417974,3,1,0.252443290417974,0.43927743847072176
CD52_SIGLEC10,cDC1,myeloid dividing,3,3.0,1.3178103534036365,True,True,Chen_Zhang_2020;Deng_Liu_LUAD_2024;Hu_Zhang_2023_NSCLC,1.0,0.43927011780121217,III-IV,1,0.0,1,1,0.0,0.43927011780121217
PLAUR_integrin_a4b1_complex,Neutrophils,cDC2,4,2.0,1.7569810081586386,True,False,Deng_Liu_LUAD_2024;Hu_Zhang_2023_NSCLC,0.5,0.43924525203965964,III-IV,1,0.0,3,1,0.0,0.43924525203965964
VEGFA_NRP1,Neutrophils,Pericyte,2,2.0,0.8783079097861294,False,True,Deng_Liu_LUAD_2024;Hu_Zhang_2023_NSCLC,1.0,0.4391539548930647,III-IV,1,0.0,2,1,0.0,0.4391539548930647
CD96_NECTIN1,T cell CD8 dividing,DC mature,3,2.0,1.3174519094320218,True,False,Deng_Liu_LUAD_2024;Hu_Zhang_2023_NSCLC,0.6666666666666666,0.4391506364773406,III-IV,1,0.0,1,1,0.0,0.4391506364773406
COL5A1_integrin_a1b1_complex,Pericyte,T cell CD8 effector memory,2,2.0,1.365704662565323,True,False,Deng_Liu_LUAD_2024;Hu_Zhang_2023_NSCLC,1.0,0.6828523312826615,III-IV,1,0.24416675682498468,3,1,0.24416675682498468,0.43868557445767686
HLA-E_CD94:NKG2A,NK cell,T cell CD8 terminally exhausted,4,4.0,3.2931301223506106,False,False,Chen_Zhang_2020;Deng_Liu_LUAD_2024;Hu_Zhang_2023_NSCLC;Lambrechts_Thienpont_2018_6653,1.0,0.8232825305876527,III-IV,1,0.38524740451116846,4,1,0.38524740451116846,0.4380351260764842
APP_SORL1,Pericyte,Macrophage,2,2.0,1.3785952797189238,True,True,Deng_Liu_LUAD_2024;Hu_Zhang_2023_NSCLC,1.0,0.6892976398594619,III-IV,1,0.2513974539290995,3,1,0.2513974539290995,0.4379001859303624
PLAUR_integrin_a4b1_complex,Neutrophils,Monocyte classical,4,2.0,1.7506783520029936,True,False,Deng_Liu_LUAD_2024;Hu_Zhang_2023_NSCLC,0.5,0.4376695880007484,III-IV,1,0.0,3,1,0.0,0.4376695880007484
IFNG_Type_II_IFNR,T cell CD8 terminally exhausted,DC mature,3,2.0,1.3105098710418486,True,False,Deng_Liu_LUAD_2024;Hu_Zhang_2023_NSCLC,0.6666666666666666,0.4368366236806162,III-IV,1,0.0,1,1,0.0,0.4368366236806162
TNFSF13B_TNFRSF13C,Neutrophils,B cell,4,4.0,1.7472416841950666,False,True,Deng_Liu_LUAD_2024;Hu_Zhang_2023_NSCLC;Maynard_Bivona_2020;Zilionis_Klein_2019,1.0,0.43681042104876666,III-IV,1,0.0,3,1,0.0,0.43681042104876666
CXCL1_CXCR1,Neutrophils,Neutrophils,4,3.0,1.7472225144565825,True,True,Hu_Zhang_2023_NSCLC;Maynard_Bivona_2020;Zilionis_Klein_2019,0.75,0.4368056286141456,III-IV,1,0.0,3,1,0.0,0.4368056286141456
FN1_integrin_a4b1_complex,Macrophage,Pericyte,2,2.0,1.1130533785192593,True,False,Deng_Liu_LUAD_2024;Hu_Zhang_2023_NSCLC,1.0,0.5565266892596297,III-IV,1,0.12016300623895561,3,1,0.12016300623895561,0.4363636830206741
HLA-F_LILRB2,DC mature,Macrophage,3,2.0,1.3090824502788165,True,True,Deng_Liu_LUAD_2024;Hu_Zhang_2023_NSCLC,0.6666666666666666,0.43636081675960553,III-IV,1,0.0,1,1,0.0,0.43636081675960553
HLA-E_CD94:NKG2A,T cell CD8 terminally exhausted,T cell CD8 terminally exhausted,4,4.0,3.238455506383212,False,False,Chen_Zhang_2020;Deng_Liu_LUAD_2024;Hu_Zhang_2023_NSCLC;Lambrechts_Thienpont_2018_6653,1.0,0.809613876595803,III-IV,1,0.37336074022058463,4,1,0.37336074022058463,0.43625313637521834
PLAUR_integrin_a4b1_complex,Neutrophils,T cell CD8 effector memory,4,2.0,1.7447873590432197,True,False,Deng_Liu_LUAD_2024;Hu_Zhang_2023_NSCLC,0.5,0.4361968397608049,III-IV,1,0.0,3,1,0.0,0.4361968397608049
IL34_CSF1R,Pericyte,cDC2,2,2.0,0.8722123167275009,False,True,Deng_Liu_LUAD_2024;Hu_Zhang_2023_NSCLC,1.0,0.43610615836375044,III-IV,1,0.0,3,1,0.0,0.43610615836375044
COL5A2_integrin_a1b1_complex,Fibroblast peribronchial,T cell CD8 activated,4,2.0,1.7444124040898945,True,False,Deng_Liu_LUAD_2024;Hu_Zhang_2023_NSCLC,0.5,0.4361031010224736,III-IV,1,0.0,3,1,0.0,0.4361031010224736
HLA-E_CD94:NKG2A,B cell,T cell CD8 dividing,4,4.0,3.2157579749955705,False,False,Chen_Zhang_2020;Deng_Liu_LUAD_2024;Hu_Zhang_2023_NSCLC;Lambrechts_Thienpont_2018_6653,1.0,0.8039394937488926,III-IV,1,0.3680914132721361,4,1,0.3680914132721361,0.4358480804767565
PLAUR_integrin_a4b1_complex,pDC,Pericyte,2,2.0,0.8713554855018659,True,False,Deng_Liu_LUAD_2024;Hu_Zhang_2023_NSCLC,1.0,0.43567774275093296,III-IV,1,0.0,2,1,0.0,0.43567774275093296
HLA-E_VSIR,Macrophage,Neutrophils,4,2.0,1.7416170976114276,True,False,Deng_Liu_LUAD_2024;Hu_Zhang_2023_NSCLC,0.5,0.4354042744028569,III-IV,1,0.0,3,1,0.0,0.4354042744028569
HLA-F_LILRB1,DC mature,Monocyte classical,3,2.0,1.3056868270336017,True,True,Deng_Liu_LUAD_2024;Hu_Zhang_2023_NSCLC,0.6666666666666666,0.4352289423445339,III-IV,1,0.0,1,1,0.0,0.4352289423445339
ICAM1_SPN,DC mature,T cell CD8 terminally exhausted,3,2.0,1.305543963066592,True,False,Deng_Liu_LUAD_2024;Hu_Zhang_2023_NSCLC,0.6666666666666666,0.4351813210221973,III-IV,1,0.0,1,1,0.0,0.4351813210221973
VEGFB_NRP1,cDC2,Pericyte,2,2.0,0.8700730038699392,False,True,Deng_Liu_LUAD_2024;Hu_Zhang_2023_NSCLC,1.0,0.4350365019349696,III-IV,1,0.0,3,1,0.0,0.4350365019349696
OSM_OSMR,myeloid dividing,Pericyte,2,2.0,0.9412344504478919,True,False,Deng_Liu_LUAD_2024;Hu_Zhang_2023_NSCLC,1.0,0.47061722522394595,III-IV,1,0.035684662266940746,3,1,0.035684662266940746,0.4349325629570052
JAG1_NOTCH2,Pericyte,Macrophage alveolar,2,2.0,1.1149955356773191,True,False,Deng_Liu_LUAD_2024;Hu_Zhang_2023_NSCLC,1.0,0.5574977678386596,III-IV,1,0.12307672712254882,3,1,0.12307672712254882,0.43442104071611076
PPIA_BSG,cDC2,T cell CD8 terminally exhausted,4,2.0,1.7374703102948548,True,False,Deng_Liu_LUAD_2024;Hu_Zhang_2023_NSCLC,0.5,0.4343675775737137,III-IV,1,0.0,4,1,0.0,0.4343675775737137
HLA-F_VSIR,NK cell,myeloid dividing,3,2.0,1.3016377990857957,False,True,Deng_Liu_LUAD_2024;Hu_Zhang_2023_NSCLC,0.6666666666666666,0.4338792663619319,III-IV,1,0.0,4,1,0.0,0.4338792663619319
ICAM1_SPN,myeloid dividing,T cell CD4 dividing,3,2.0,1.3015597890335797,True,True,Deng_Liu_LUAD_2024;Hu_Zhang_2023_NSCLC,0.6666666666666666,0.43385326301119326,III-IV,1,0.0,2,1,0.0,0.43385326301119326
HLA-E_CD94:NKG2A,Macrophage alveolar,T cell CD8 dividing,3,3.0,2.16886779854132,True,False,Chen_Zhang_2020;Deng_Liu_LUAD_2024;Hu_Zhang_2023_NSCLC,1.0,0.7229559328471066,III-IV,1,0.289189481531635,4,1,0.289189481531635,0.4337664513154716
RARRES2_CCRL2,Fibroblast peribronchial,DC mature,3,2.0,1.301209272663245,True,False,Deng_Liu_LUAD_2024;Hu_Zhang_2023_NSCLC,0.6666666666666666,0.43373642422108166,III-IV,1,0.0,1,1,0.0,0.43373642422108166
SEMA4D_PTPRC,T cell CD8 dividing,B cell,4,2.0,1.7346787713473188,True,False,Deng_Liu_LUAD_2024;Hu_Zhang_2023_NSCLC,0.5,0.4336696928368297,III-IV,1,0.0,4,1,0.0,0.4336696928368297
COL12A1_integrin_a1b1_complex,Fibroblast peribronchial,T cell CD4 dividing,3,2.0,1.3002016042066113,True,False,Deng_Liu_LUAD_2024;Hu_Zhang_2023_NSCLC,0.6666666666666666,0.43340053473553714,III-IV,1,0.0,2,1,0.0,0.43340053473553714
ALCAM_CD6,DC mature,T cell regulatory,3,2.0,1.2998859677182235,True,False,Deng_Liu_LUAD_2024;Hu_Zhang_2023_NSCLC,0.6666666666666666,0.43329532257274117,III-IV,1,0.0,1,1,0.0,0.43329532257274117
RNASET2_TLR8,pDC,myeloid dividing,3,2.0,1.2998277372033948,True,False,Deng_Liu_LUAD_2024;Hu_Zhang_2023_NSCLC,0.6666666666666666,0.4332759124011316,III-IV,1,0.0,2,1,0.0,0.4332759124011316
ICAM3_integrin_aLb2_complex,Neutrophils,cDC1,2,2.0,0.8664558719679358,False,False,Deng_Liu_LUAD_2024;Hu_Zhang_2023_NSCLC,1.0,0.4332279359839679,III-IV,1,0.0,1,1,0.0,0.4332279359839679
ICAM1_ITGAL,cDC1,T cell regulatory,3,2.0,1.2990087122440261,True,False,Deng_Liu_LUAD_2024;Hu_Zhang_2023_NSCLC,0.6666666666666666,0.43300290408134207,III-IV,1,0.0,1,1,0.0,0.43300290408134207
CD96_NECTIN1,T cell CD8 dividing,cDC1,3,2.0,1.2983178034835317,True,False,Deng_Liu_LUAD_2024;Hu_Zhang_2023_NSCLC,0.6666666666666666,0.4327726011611772,III-IV,1,0.0,1,1,0.0,0.4327726011611772
CCL4_CCR5,Macrophage,T cell CD4 dividing,3,2.0,1.2981420290257433,True,False,Deng_Liu_LUAD_2024;Hu_Zhang_2023_NSCLC,0.6666666666666666,0.43271400967524776,III-IV,1,0.0,2,1,0.0,0.43271400967524776
ICAM1_ITGAL,DC mature,cDC1,3,2.0,1.2979175033221262,True,True,Deng_Liu_LUAD_2024;Hu_Zhang_2023_NSCLC,0.6666666666666666,0.43263916777404204,III-IV,1,0.0,1,1,0.0,0.43263916777404204
ICAM1_integrin_aLb2_complex,DC mature,cDC1,3,2.0,1.2979175033221262,True,False,Deng_Liu_LUAD_2024;Hu_Zhang_2023_NSCLC,0.6666666666666666,0.43263916777404204,III-IV,1,0.0,1,1,0.0,0.43263916777404204
ALCAM_CD6,DC mature,T cell CD8 terminally exhausted,3,2.0,1.2973045492089808,True,True,Deng_Liu_LUAD_2024;Hu_Zhang_2023_NSCLC,0.6666666666666666,0.4324348497363269,III-IV,1,0.0,1,1,0.0,0.4324348497363269
SEMA7A_PLXNC1,DC mature,Neutrophils,2,2.0,0.8648547670216292,True,False,Deng_Liu_LUAD_2024;Hu_Zhang_2023_NSCLC,1.0,0.4324273835108146,III-IV,1,0.0,1,1,0.0,0.4324273835108146
CCL19_CCRL2,DC mature,cDC2,3,3.0,1.2966310767727078,True,False,Chen_Zhang_2020;Deng_Liu_LUAD_2024;Hu_Zhang_2023_NSCLC,1.0,0.4322103589242359,III-IV,1,0.0,1,1,0.0,0.4322103589242359
ICAM1_integrin_aLb2_complex,DC mature,T cell CD8 dividing,3,2.0,1.2964266742076385,True,False,Deng_Liu_LUAD_2024;Hu_Zhang_2023_NSCLC,0.6666666666666666,0.4321422247358795,III-IV,1,0.0,1,1,0.0,0.4321422247358795
PVR_TIGIT,DC mature,T cell CD8 terminally exhausted,3,2.0,1.2961274224493549,True,True,Deng_Liu_LUAD_2024;Hu_Zhang_2023_NSCLC,0.6666666666666666,0.43204247414978497,III-IV,1,0.0,1,1,0.0,0.43204247414978497
PPIA_BSG,cDC2,pDC,4,2.0,1.727517324648483,True,False,Deng_Liu_LUAD_2024;Hu_Zhang_2023_NSCLC,0.5,0.43187933116212074,III-IV,1,0.0,3,1,0.0,0.43187933116212074
HLA-F_LILRB1,DC mature,Macrophage,3,2.0,1.2952144106889567,True,True,Deng_Liu_LUAD_2024;Hu_Zhang_2023_NSCLC,0.6666666666666666,0.4317381368963189,III-IV,1,0.0,1,1,0.0,0.4317381368963189
HLA-E_CD94:NKG2A,Fibroblast peribronchial,T cell CD8 terminally exhausted,3,3.0,1.9811227119730876,False,False,Chen_Zhang_2020;Deng_Liu_LUAD_2024;Hu_Zhang_2023_NSCLC,1.0,0.6603742373243625,III-IV,1,0.2286698493328812,4,1,0.2286698493328812,0.4317043879914813
SDC2_ADGRA2,Pericyte,Fibroblast peribronchial,2,2.0,1.3397627390344753,True,False,Deng_Liu_LUAD_2024;Hu_Zhang_2023_NSCLC,1.0,0.6698813695172376,III-IV,1,0.238216307836561,3,1,0.238216307836561,0.43166506168067664
THY1_ADGRE5,Fibroblast peribronchial,pDC,4,2.0,1.7247638035130675,True,True,Deng_Liu_LUAD_2024;Hu_Zhang_2023_NSCLC,0.5,0.43119095087826687,III-IV,1,0.0,3,1,0.0,0.43119095087826687
PLAUR_integrin_a4b1_complex,Neutrophils,B cell,4,2.0,1.724719303331551,True,False,Deng_Liu_LUAD_2024;Hu_Zhang_2023_NSCLC,0.5,0.4311798258328878,III-IV,1,0.0,3,1,0.0,0.4311798258328878
HLA-E_CD94:NKG2E,T cell CD8 activated,NK cell,4,2.0,1.7234872495194642,False,False,Chen_Zhang_2020;Deng_Liu_LUAD_2024,0.5,0.43087181237986605,III-IV,1,0.0,3,1,0.0,0.43087181237986605
HLA-E_CD94:NKG2C,Macrophage alveolar,T cell CD8 dividing,3,3.0,2.0758241155097714,True,False,Chen_Zhang_2020;Deng_Liu_LUAD_2024;Hu_Zhang_2023_NSCLC,1.0,0.6919413718365904,III-IV,1,0.2614238425394442,4,1,0.2614238425394442,0.43051752929714626
SEMA4D_PTPRC,Plasma cell,T cell CD8 dividing,4,2.0,1.7198656758369242,False,True,Deng_Liu_LUAD_2024;Hu_Zhang_2023_NSCLC,0.5,0.42996641895923104,III-IV,1,0.0,4,1,0.0,0.42996641895923104
JAG1_NOTCH1,Pericyte,Macrophage,2,2.0,0.9936914759652984,True,False,Deng_Liu_LUAD_2024;Hu_Zhang_2023_NSCLC,1.0,0.4968457379826492,III-IV,1,0.06711385192397851,3,1,0.06711385192397851,0.4297318860586707
COL10A1_integrin_a2b1_complex,Fibroblast peribronchial,T cell CD8 dividing,3,2.0,1.28747523729854,True,False,Deng_Liu_LUAD_2024;Hu_Zhang_2023_NSCLC,0.6666666666666666,0.4291584124328467,III-IV,1,0.0,4,1,0.0,0.4291584124328467
ICAM1_SPN,DC mature,Macrophage alveolar,3,2.0,1.286940081691756,True,True,Deng_Liu_LUAD_2024;Hu_Zhang_2023_NSCLC,0.6666666666666666,0.4289800272305853,III-IV,1,0.0,1,1,0.0,0.4289800272305853
CD55_ADGRE5,myeloid dividing,T cell CD8 dividing,3,2.0,1.286444500270164,True,True,Deng_Liu_LUAD_2024;Hu_Zhang_2023_NSCLC,0.6666666666666666,0.42881483342338805,III-IV,1,0.0,4,1,0.0,0.42881483342338805
NECTIN3_TIGIT,Fibroblast peribronchial,T cell CD8 terminally exhausted,3,2.0,1.2862370291918572,False,True,Deng_Liu_LUAD_2024;Hu_Zhang_2023_NSCLC,0.6666666666666666,0.4287456763972857,III-IV,1,0.0,4,1,0.0,0.4287456763972857
ICAM1_SPN,cDC2,T cell CD4 dividing,3,2.0,1.28515610039112,True,True,Deng_Liu_LUAD_2024;Hu_Zhang_2023_NSCLC,0.6666666666666666,0.42838536679704003,III-IV,1,0.0,2,1,0.0,0.42838536679704003
HLA-E_CD94:NKG2A,T cell CD4,T cell CD8 terminally exhausted,4,4.0,3.133420873764466,False,False,Chen_Zhang_2020;Deng_Liu_LUAD_2024;Hu_Zhang_2023_NSCLC;Lambrechts_Thienpont_2018_6653,1.0,0.7833552184411166,III-IV,1,0.3559842374086693,4,1,0.3559842374086693,0.42737098103244725
COL6A2_integrin_a1b1_complex,Fibroblast peribronchial,T cell CD8 activated,4,2.0,1.7089255215345722,True,False,Deng_Liu_LUAD_2024;Hu_Zhang_2023_NSCLC,0.5,0.42723138038364306,III-IV,1,0.0,3,1,0.0,0.42723138038364306
ICAM1_ITGAL,myeloid dividing,T cell CD4,3,2.0,1.2813585702433676,True,False,Deng_Liu_LUAD_2024;Hu_Zhang_2023_NSCLC,0.6666666666666666,0.42711952341445586,III-IV,1,0.0,4,1,0.0,0.42711952341445586
ICAM1_integrin_aLb2_complex,myeloid dividing,T cell CD4,3,2.0,1.2813585702433676,True,False,Deng_Liu_LUAD_2024;Hu_Zhang_2023_NSCLC,0.6666666666666666,0.42711952341445586,III-IV,1,0.0,4,1,0.0,0.42711952341445586
FN1_integrin_aVb1_complex,cDC2,Pericyte,2,2.0,0.8539301764499942,False,False,Deng_Liu_LUAD_2024;Hu_Zhang_2023_NSCLC,1.0,0.4269650882249971,III-IV,1,0.0,3,1,0.0,0.4269650882249971
SEMA7A_PLXNC1,pDC,DC mature,3,2.0,1.280616588269452,True,True,Deng_Liu_LUAD_2024;Hu_Zhang_2023_NSCLC,0.6666666666666666,0.42687219608981736,III-IV,1,0.0,1,1,0.0,0.42687219608981736
HLA-E_CD94:NKG2A,T cell CD8 effector memory,T cell CD8 terminally exhausted,4,4.0,3.2093700911159613,False,False,Chen_Zhang_2020;Deng_Liu_LUAD_2024;Hu_Zhang_2023_NSCLC;Lambrechts_Thienpont_2018_6653,1.0,0.8023425227789903,III-IV,1,0.37563277638769477,4,1,0.37563277638769477,0.42670974639129555
HLA-F_LILRB1,DC mature,pDC,3,2.0,1.2790602504553825,True,False,Deng_Liu_LUAD_2024;Hu_Zhang_2023_NSCLC,0.6666666666666666,0.42635341681846084,III-IV,1,0.0,1,1,0.0,0.42635341681846084
IL1B_IL1_receptor,Monocyte classical,Macrophage alveolar,4,2.0,1.7045397276969674,True,False,Deng_Liu_LUAD_2024;Hu_Zhang_2023_NSCLC,0.5,0.42613493192424184,III-IV,1,0.0,5,1,0.0,0.42613493192424184
VEGFB_NRP1,Macrophage,Pericyte,2,2.0,1.1012091124928123,True,True,Deng_Liu_LUAD_2024;Hu_Zhang_2023_NSCLC,1.0,0.5506045562464061,III-IV,1,0.1246528904756753,3,1,0.1246528904756753,0.42595166577073085
COL5A1_integrin_a1b1_complex,Pericyte,Fibroblast peribronchial,2,2.0,1.3643359256296648,True,False,Deng_Liu_LUAD_2024;Hu_Zhang_2023_NSCLC,1.0,0.6821679628148324,III-IV,1,0.25644631973745896,3,1,0.25644631973745896,0.4257216430773734
ICAM1_SPN,cDC1,T cell CD8 dividing,3,2.0,1.2770295160259986,True,True,Deng_Liu_LUAD_2024;Hu_Zhang_2023_NSCLC,0.6666666666666666,0.4256765053419995,III-IV,1,0.0,1,1,0.0,0.4256765053419995
PLAUR_integrin_a4b1_complex,Neutrophils,Mast cell,4,2.0,1.7025920955307232,True,False,Deng_Liu_LUAD_2024;Hu_Zhang_2023_NSCLC,0.5,0.4256480238826808,III-IV,1,0.0,3,1,0.0,0.4256480238826808
IGFBP3_TMEM219,Fibroblast peribronchial,DC mature,3,2.0,1.2766237610036333,True,False,Deng_Liu_LUAD_2024;Hu_Zhang_2023_NSCLC,0.6666666666666666,0.42554125366787776,III-IV,1,0.0,1,1,0.0,0.42554125366787776
HLA-F_VSIR,DC mature,Macrophage,3,2.0,1.2761843953744472,True,False,Deng_Liu_LUAD_2024;Hu_Zhang_2023_NSCLC,0.6666666666666666,0.42539479845814904,III-IV,1,0.0,1,1,0.0,0.42539479845814904
CD55_ADGRE5,cDC1,cDC2,3,2.0,1.2748124953245847,True,False,Deng_Liu_LUAD_2024;Hu_Zhang_2023_NSCLC,0.6666666666666666,0.4249374984415282,III-IV,1,0.0,1,1,0.0,0.4249374984415282
ProstaglandinE2_byPTGES3_PTGER4,myeloid dividing,pDC,3,2.0,1.274685451965401,False,False,Deng_Liu_LUAD_2024;Hu_Zhang_2023_NSCLC,0.6666666666666666,0.42489515065513367,III-IV,1,0.0,2,1,0.0,0.42489515065513367
ICAM1_ITGAL,cDC1,T cell CD4 dividing,3,2.0,1.2743438406681755,True,True,Deng_Liu_LUAD_2024;Hu_Zhang_2023_NSCLC,0.6666666666666666,0.42478128022272515,III-IV,1,0.0,1,1,0.0,0.42478128022272515
CCL4_CCR5,myeloid dividing,T cell CD4 dividing,3,2.0,1.2738231910628364,True,False,Deng_Liu_LUAD_2024;Hu_Zhang_2023_NSCLC,0.6666666666666666,0.4246077303542788,III-IV,1,0.0,2,1,0.0,0.4246077303542788
JAG1_NOTCH1,Pericyte,T cell CD4 dividing,2,2.0,1.0794221812356046,True,False,Deng_Liu_LUAD_2024;Hu_Zhang_2023_NSCLC,1.0,0.5397110906178023,III-IV,1,0.11560099534783079,2,1,0.11560099534783079,0.4241100952699715
CD58_CD2,Neutrophils,T cell regulatory,4,2.0,1.6961541306171544,False,True,Deng_Liu_LUAD_2024;Hu_Zhang_2023_NSCLC,0.5,0.4240385326542886,III-IV,1,0.0,3,1,0.0,0.4240385326542886
ICAM1_SPN,myeloid dividing,cDC2,3,2.0,1.271374129743168,True,True,Deng_Liu_LUAD_2024;Hu_Zhang_2023_NSCLC,0.6666666666666666,0.423791376581056,III-IV,1,0.0,4,1,0.0,0.423791376581056
CD80_CTLA4,DC mature,T cell CD8 dividing,3,2.0,1.2712287675203535,True,True,Deng_Liu_LUAD_2024;Hu_Zhang_2023_NSCLC,0.6666666666666666,0.4237429225067845,III-IV,1,0.0,1,1,0.0,0.4237429225067845
CD1B_complex_IL6ST,DC mature,Pericyte,2,2.0,0.846531188940689,False,True,Deng_Liu_LUAD_2024;Hu_Zhang_2023_NSCLC,1.0,0.4232655944703445,III-IV,1,0.0,1,1,0.0,0.4232655944703445
CD86_CTLA4,DC mature,DC mature,3,2.0,1.2696716963408234,True,False,Chen_Zhang_2020;Deng_Liu_LUAD_2024,0.6666666666666666,0.4232238987802745,III-IV,1,0.0,1,1,0.0,0.4232238987802745
PLAUR_integrin_a4b1_complex,Neutrophils,Macrophage,4,2.0,1.6918615378388342,True,False,Deng_Liu_LUAD_2024;Hu_Zhang_2023_NSCLC,0.5,0.42296538445970855,III-IV,1,0.0,3,1,0.0,0.42296538445970855
LAIR1_LILRB4,pDC,pDC,4,3.0,1.6905316799267305,True,True,Deng_Liu_LUAD_2024;Hu_Zhang_2023_NSCLC;Zilionis_Klein_2019,0.75,0.4226329199816826,III-IV,1,0.0,3,1,0.0,0.4226329199816826
CD248_IL6R,Pericyte,Monocyte classical,2,2.0,1.2600880929320535,True,True,Deng_Liu_LUAD_2024;Hu_Zhang_2023_NSCLC,1.0,0.6300440464660267,III-IV,1,0.20750838472357458,3,1,0.20750838472357458,0.42253566174245216
BST2_LILRA4,Fibroblast peribronchial,pDC,4,2.0,1.6899286030726652,True,True,Deng_Liu_LUAD_2024;Hu_Zhang_2023_NSCLC,0.5,0.4224821507681663,III-IV,1,0.0,3,1,0.0,0.4224821507681663
PTPRC_MRC1,myeloid dividing,Monocyte classical,3,3.0,2.2400818697339506,True,True,Chen_Zhang_2020;Deng_Liu_LUAD_2024;Hu_Zhang_2023_NSCLC,1.0,0.7466939565779835,III-IV,1,0.32445293689466026,4,1,0.32445293689466026,0.4222410196833233
VCAM1_integrin_a4b1_complex,Fibroblast peribronchial,Pericyte,2,2.0,1.0026182929663885,True,False,Deng_Liu_LUAD_2024;Hu_Zhang_2023_NSCLC,1.0,0.5013091464831942,III-IV,1,0.07912293988243356,3,1,0.07912293988243356,0.42218620660076067
LGALS9_P4HB,DC mature,cDC1,3,2.0,1.2662717746918184,True,False,Deng_Liu_LUAD_2024;Hu_Zhang_2023_NSCLC,0.6666666666666666,0.42209059156393947,III-IV,1,0.0,1,1,0.0,0.42209059156393947
PPIA_BSG,Macrophage,pDC,4,2.0,1.6875072492231178,True,False,Deng_Liu_LUAD_2024;Hu_Zhang_2023_NSCLC,0.5,0.42187681230577945,III-IV,1,0.0,3,1,0.0,0.42187681230577945
JAG1_NOTCH2,Pericyte,myeloid dividing,2,2.0,1.1069135925242837,True,False,Deng_Liu_LUAD_2024;Hu_Zhang_2023_NSCLC,1.0,0.5534567962621418,III-IV,1,0.13170791400062534,3,1,0.13170791400062534,0.4217488822615165
LGALS9_HAVCR2,DC mature,NK cell,3,2.0,1.2644285101838881,True,False,Deng_Liu_LUAD_2024;Hu_Zhang_2023_NSCLC,0.6666666666666666,0.42147617006129606,III-IV,1,0.0,1,1,0.0,0.42147617006129606
LipoxinA4_byALOX5_FPR2,Mast cell,Neutrophils,4,4.0,1.6849951746320753,False,True,Deng_Liu_LUAD_2024;Hu_Zhang_2023_NSCLC;Maynard_Bivona_2020;Zilionis_Klein_2019,1.0,0.4212487936580188,III-IV,1,0.0,3,1,0.0,0.4212487936580188
integrin_aVb1_complex_ADGRE2,Pericyte,Macrophage,2,2.0,1.0925105887262703,False,True,Deng_Liu_LUAD_2024;Hu_Zhang_2023_NSCLC,1.0,0.5462552943631351,III-IV,1,0.12528399870172022,3,1,0.12528399870172022,0.4209712956614149
CD44_TYROBP,Pericyte,Mast cell,2,2.0,1.7353552093640108,False,True,Deng_Liu_LUAD_2024;Hu_Zhang_2023_NSCLC,1.0,0.8676776046820054,III-IV,1,0.4471280656428098,3,1,0.4471280656428098,0.42054953903919556
ICAM1_SPN,cDC1,cDC1,3,2.0,1.2611746982132173,True,True,Deng_Liu_LUAD_2024;Hu_Zhang_2023_NSCLC,0.6666666666666666,0.4203915660710724,III-IV,1,0.0,1,1,0.0,0.4203915660710724
LGALS9_P4HB,DC mature,Mast cell,3,2.0,1.2602664059400948,True,False,Deng_Liu_LUAD_2024;Hu_Zhang_2023_NSCLC,0.6666666666666666,0.42008880198003157,III-IV,1,0.0,1,1,0.0,0.42008880198003157
PLAUR_integrin_a4b1_complex,Monocyte classical,pDC,4,2.0,1.680138956009926,True,False,Deng_Liu_LUAD_2024;Hu_Zhang_2023_NSCLC,0.5,0.4200347390024815,III-IV,1,0.0,3,1,0.0,0.4200347390024815
ICAM1_SPN,DC mature,T cell CD4 dividing,3,2.0,1.2596331837193748,True,True,Deng_Liu_LUAD_2024;Hu_Zhang_2023_NSCLC,0.6666666666666666,0.4198777279064583,III-IV,1,0.0,1,1,0.0,0.4198777279064583
PPIA_BSG,cDC2,T cell CD8 activated,4,2.0,1.6789553519177105,True,False,Deng_Liu_LUAD_2024;Hu_Zhang_2023_NSCLC,0.5,0.4197388379794276,III-IV,1,0.0,3,1,0.0,0.4197388379794276
CD55_ADGRE5,cDC1,Mast cell,3,2.0,1.2591538107396754,True,False,Deng_Liu_LUAD_2024;Hu_Zhang_2023_NSCLC,0.6666666666666666,0.4197179369132251,III-IV,1,0.0,1,1,0.0,0.4197179369132251
COL12A1_integrin_a2b1_complex,Fibroblast peribronchial,T cell CD8 dividing,3,2.0,1.2583527822883496,True,False,Deng_Liu_LUAD_2024;Hu_Zhang_2023_NSCLC,0.6666666666666666,0.41945092742944984,III-IV,1,0.0,4,1,0.0,0.41945092742944984
ProstaglandinE2_byPTGES3_PTGER4,Pericyte,myeloid dividing,2,2.0,1.103681751101635,False,True,Deng_Liu_LUAD_2024;Hu_Zhang_2023_NSCLC,1.0,0.5518408755508175,III-IV,1,0.13262288578744275,3,1,0.13262288578744275,0.41921798976337477
ICAM1_integrin_aLb2_complex,cDC1,T cell CD4 dividing,3,2.0,1.2572754447303311,True,False,Deng_Liu_LUAD_2024;Hu_Zhang_2023_NSCLC,0.6666666666666666,0.4190918149101104,III-IV,1,0.0,1,1,0.0,0.4190918149101104
APP_SORL1,Pericyte,myeloid dividing,2,2.0,1.3362141731733304,True,True,Deng_Liu_LUAD_2024;Hu_Zhang_2023_NSCLC,1.0,0.6681070865866652,III-IV,1,0.24986476252299036,3,1,0.24986476252299036,0.4182423240636748
HLA-E_KLRK1,Plasma cell,T cell CD8 dividing,4,3.0,1.6726497897323531,False,True,Chen_Zhang_2020;Deng_Liu_LUAD_2024;Lambrechts_Thienpont_2018_6653,0.75,0.4181624474330883,III-IV,1,0.0,4,1,0.0,0.4181624474330883
APP_SORL1,pDC,NK cell,4,2.0,1.6717450784209549,True,False,Deng_Liu_LUAD_2024;Hu_Zhang_2023_NSCLC,0.5,0.4179362696052387,III-IV,1,0.0,3,1,0.0,0.4179362696052387
FN1_integrin_a4b1_complex,myeloid dividing,DC mature,3,2.0,1.253755593700519,True,False,Deng_Liu_LUAD_2024;Hu_Zhang_2023_NSCLC,0.6666666666666666,0.4179185312335063,III-IV,1,0.0,1,1,0.0,0.4179185312335063
FN1_integrin_a4b1_complex,Macrophage,DC mature,3,2.0,1.252751647443562,True,False,Deng_Liu_LUAD_2024;Hu_Zhang_2023_NSCLC,0.6666666666666666,0.41758388248118733,III-IV,1,0.0,1,1,0.0,0.41758388248118733
CRTAM_CADM1,cDC1,cDC1,3,3.0,1.2523606871843578,False,True,Chen_Zhang_2020;Deng_Liu_LUAD_2024;Hu_Zhang_2023_NSCLC,1.0,0.4174535623947859,III-IV,1,0.0,1,1,0.0,0.4174535623947859
VEGFB_NRP1,Macrophage alveolar,Pericyte,2,2.0,1.0688186618660935,True,True,Deng_Liu_LUAD_2024;Hu_Zhang_2023_NSCLC,1.0,0.5344093309330468,III-IV,1,0.11698943344512965,3,1,0.11698943344512965,0.41741989748791714
HLA-E_CD94:NKG2A,Macrophage alveolar,T cell CD8 terminally exhausted,3,3.0,2.160085618716437,True,False,Chen_Zhang_2020;Deng_Liu_LUAD_2024;Hu_Zhang_2023_NSCLC,1.0,0.7200285395721456,III-IV,1,0.3026989955463343,4,1,0.3026989955463343,0.41732954402581135
HLA-E_CD94:NKG2A,T cell regulatory,T cell CD8 terminally exhausted,4,4.0,3.2760500852629564,False,False,Chen_Zhang_2020;Deng_Liu_LUAD_2024;Hu_Zhang_2023_NSCLC;Lambrechts_Thienpont_2018_6653,1.0,0.8190125213157391,III-IV,1,0.40185837242418,4,1,0.40185837242418,0.4171541488915591
BST2_LILRA4,Mast cell,pDC,4,2.0,1.6684332071868613,False,True,Deng_Liu_LUAD_2024;Hu_Zhang_2023_NSCLC,0.5,0.4171083017967153,III-IV,1,0.0,3,1,0.0,0.4171083017967153
HLA-F_LILRB1,DC mature,cDC2,3,2.0,1.2503650727398405,True,True,Deng_Liu_LUAD_2024;Hu_Zhang_2023_NSCLC,0.6666666666666666,0.41678835757994687,III-IV,1,0.0,1,1,0.0,0.41678835757994687
ICAM1_integrin_aMb2_complex,cDC1,Neutrophils,2,2.0,0.8334734606357187,True,False,Deng_Liu_LUAD_2024;Hu_Zhang_2023_NSCLC,1.0,0.41673673031785935,III-IV,1,0.0,1,1,0.0,0.41673673031785935
CD52_SIGLEC10,T cell CD8 activated,myeloid dividing,3,2.0,1.2496308355863872,False,True,Chen_Zhang_2020;Hu_Zhang_2023_NSCLC,0.6666666666666666,0.41654361186212907,III-IV,1,0.0,2,1,0.0,0.41654361186212907
OSM_OSMR,Monocyte classical,Pericyte,2,2.0,1.0425959766919988,True,False,Deng_Liu_LUAD_2024;Hu_Zhang_2023_NSCLC,1.0,0.5212979883459994,III-IV,1,0.10481806051426305,3,1,0.10481806051426305,0.4164799278317363
ICAM1_ITGAL,DC mature,T cell CD4,3,2.0,1.249429259358421,True,False,Deng_Liu_LUAD_2024;Hu_Zhang_2023_NSCLC,0.6666666666666666,0.41647641978614036,III-IV,1,0.0,1,1,0.0,0.41647641978614036
ICAM1_integrin_aLb2_complex,DC mature,T cell CD4,3,2.0,1.249429259358421,True,False,Deng_Liu_LUAD_2024;Hu_Zhang_2023_NSCLC,0.6666666666666666,0.41647641978614036,III-IV,1,0.0,1,1,0.0,0.41647641978614036
APP_SORL1,Pericyte,T cell CD8 effector memory,2,2.0,1.3255173419348012,True,False,Deng_Liu_LUAD_2024;Hu_Zhang_2023_NSCLC,1.0,0.6627586709674006,III-IV,1,0.2463666197843413,3,1,0.2463666197843413,0.41639205118305933
COL3A1_ADGRG1,Fibroblast peribronchial,NK cell,4,4.0,3.9447181374292417,True,True,Chen_Zhang_2020;Deng_Liu_LUAD_2024;Hu_Zhang_2023_NSCLC;Zilionis_Klein_2019,1.0,0.9861795343573104,III-IV,1,0.5698198551310606,5,1,0.5698198551310606,0.41635967922624983
CD44_TYROBP,T cell CD4 dividing,Mast cell,3,3.0,2.5447928231589048,True,True,Chen_Zhang_2020;Deng_Liu_LUAD_2024;Hu_Zhang_2023_NSCLC,1.0,0.8482642743863016,III-IV,1,0.4322135974304068,2,1,0.4322135974304068,0.41605067695589476
PVR_CD96,DC mature,T cell CD8 effector memory,3,2.0,1.2478494500281245,True,True,Deng_Liu_LUAD_2024;Hu_Zhang_2023_NSCLC,0.6666666666666666,0.41594981667604153,III-IV,1,0.0,1,1,0.0,0.41594981667604153
F11R_integrin_aLb2_complex,DC mature,NK cell,3,2.0,1.2477861877440446,True,False,Deng_Liu_LUAD_2024;Hu_Zhang_2023_NSCLC,0.6666666666666666,0.4159287292480149,III-IV,1,0.0,1,1,0.0,0.4159287292480149
SEMA3C_NRP2,pDC,DC mature,3,2.0,1.2470641112276672,True,True,Deng_Liu_LUAD_2024;Hu_Zhang_2023_NSCLC,0.6666666666666666,0.4156880370758891,III-IV,1,0.0,1,1,0.0,0.4156880370758891
HLA-E_CD94:NKG2A,Mast cell,T cell CD8 terminally exhausted,4,4.0,3.0261934787438785,False,False,Chen_Zhang_2020;Deng_Liu_LUAD_2024;Hu_Zhang_2023_NSCLC;Lambrechts_Thienpont_2018_6653,1.0,0.7565483696859696,III-IV,1,0.34104557051407747,4,1,0.34104557051407747,0.41550279917189215
SPP1_integrin_a9b1_complex,Macrophage,myeloid dividing,3,2.0,1.2462410618602588,True,False,Deng_Liu_LUAD_2024;Hu_Zhang_2023_NSCLC,0.6666666666666666,0.41541368728675293,III-IV,1,0.0,4,1,0.0,0.41541368728675293
CCL3_CCR1,Macrophage,Neutrophils,4,2.0,1.6616291823194649,True,False,Deng_Liu_LUAD_2024;Hu_Zhang_2023_NSCLC,0.5,0.4154072955798662,III-IV,1,0.0,3,1,0.0,0.4154072955798662
ICAM1_ITGAL,cDC1,T cell CD8 dividing,3,2.0,1.2459571773972562,True,True,Deng_Liu_LUAD_2024;Hu_Zhang_2023_NSCLC,0.6666666666666666,0.41531905913241873,III-IV,1,0.0,1,1,0.0,0.41531905913241873
COL1A1_integrin_a1b1_complex,Fibroblast peribronchial,T cell CD8 terminally exhausted,3,2.0,1.9936664631864178,True,False,Deng_Liu_LUAD_2024;Hu_Zhang_2023_NSCLC,0.6666666666666666,0.6645554877288059,III-IV,1,0.24932381261495185,4,1,0.24932381261495185,0.41523167511385406
COL1A2_integrin_a1b1_complex,Fibroblast peribronchial,T cell CD8 terminally exhausted,3,2.0,1.989648507295179,True,False,Deng_Liu_LUAD_2024;Hu_Zhang_2023_NSCLC,0.6666666666666666,0.663216169098393,III-IV,1,0.24799848534025748,4,1,0.24799848534025748,0.4152176837581355
COL1A1_integrin_a1b1_complex,Fibroblast peribronchial,T cell CD8 dividing,3,2.0,1.9935701241969594,True,False,Deng_Liu_LUAD_2024;Hu_Zhang_2023_NSCLC,0.6666666666666666,0.6645233747323198,III-IV,1,0.2493508601103538,4,1,0.2493508601103538,0.415172514621966
COL1A2_integrin_a1b1_complex,Fibroblast peribronchial,T cell CD8 dividing,3,2.0,1.9889641262353348,True,False,Deng_Liu_LUAD_2024;Hu_Zhang_2023_NSCLC,0.6666666666666666,0.662988042078445,III-IV,1,0.24803905658336037,4,1,0.24803905658336037,0.41494898549508463
COL3A1_integrin_a1b1_complex,Fibroblast peribronchial,T cell CD8 terminally exhausted,3,2.0,1.991520980241436,True,False,Deng_Liu_LUAD_2024;Hu_Zhang_2023_NSCLC,0.6666666666666666,0.6638403267471453,III-IV,1,0.24890457643622202,4,1,0.24890457643622202,0.41493575031092333
HLA-F_LILRB1,DC mature,myeloid dividing,3,2.0,1.2445432754216819,True,True,Deng_Liu_LUAD_2024;Hu_Zhang_2023_NSCLC,0.6666666666666666,0.41484775847389393,III-IV,1,0.0,1,1,0.0,0.41484775847389393
CD274_PDCD1,DC mature,T cell CD8 terminally exhausted,3,2.0,1.2443723312609025,True,True,Deng_Liu_LUAD_2024;Hu_Zhang_2023_NSCLC,0.6666666666666666,0.4147907770869675,III-IV,1,0.0,1,1,0.0,0.4147907770869675
LGALS9_HAVCR2,DC mature,Mast cell,3,2.0,1.2441722642874997,True,False,Deng_Liu_LUAD_2024;Hu_Zhang_2023_NSCLC,0.6666666666666666,0.4147240880958332,III-IV,1,0.0,1,1,0.0,0.4147240880958332
COL3A1_integrin_a1b1_complex,Fibroblast peribronchial,T cell CD8 dividing,3,2.0,1.991041284906149,True,False,Deng_Liu_LUAD_2024;Hu_Zhang_2023_NSCLC,0.6666666666666666,0.6636804283020497,III-IV,1,0.24897219517472682,4,1,0.24897219517472682,0.41470823312732286
HLA-E_CD94:NKG2A,T cell CD8 dividing,T cell CD8 terminally exhausted,4,4.0,3.1687054817222506,False,False,Chen_Zhang_2020;Deng_Liu_LUAD_2024;Hu_Zhang_2023_NSCLC;Lambrechts_Thienpont_2018_6653,1.0,0.7921763704305627,III-IV,1,0.37764620870461957,4,1,0.37764620870461957,0.4145301617259431
COL5A3_integrin_a1b1_complex,Pericyte,Fibroblast peribronchial,2,2.0,1.2609097319937659,True,False,Deng_Liu_LUAD_2024;Hu_Zhang_2023_NSCLC,1.0,0.6304548659968829,III-IV,1,0.21614555158858959,3,1,0.21614555158858959,0.4143093144082933
CD80_CD28,DC mature,T cell regulatory,3,2.0,1.2426491290989603,True,True,Deng_Liu_LUAD_2024;Hu_Zhang_2023_NSCLC,0.6666666666666666,0.4142163763663201,III-IV,1,0.0,1,1,0.0,0.4142163763663201
HLA-E_CD94:NKG2A,B cell,T cell CD8 terminally exhausted,4,4.0,3.169658974194199,False,False,Chen_Zhang_2020;Deng_Liu_LUAD_2024;Hu_Zhang_2023_NSCLC;Lambrechts_Thienpont_2018_6653,1.0,0.7924147435485498,III-IV,1,0.3782525893437896,4,1,0.3782525893437896,0.4141621542047602
LGALS9_HAVCR2,DC mature,Monocyte classical,3,2.0,1.2414596218700455,True,True,Deng_Liu_LUAD_2024;Hu_Zhang_2023_NSCLC,0.6666666666666666,0.41381987395668185,III-IV,1,0.0,1,1,0.0,0.41381987395668185
HLA-F_VSIR,DC mature,NK cell,3,2.0,1.2412586230875222,True,False,Deng_Liu_LUAD_2024;Hu_Zhang_2023_NSCLC,0.6666666666666666,0.4137528743625074,III-IV,1,0.0,1,1,0.0,0.4137528743625074
ICAM1_ITGAL,myeloid dividing,T cell CD8 activated,3,2.0,1.240792784005699,True,False,Deng_Liu_LUAD_2024;Hu_Zhang_2023_NSCLC,0.6666666666666666,0.4135975946685663,III-IV,1,0.0,2,1,0.0,0.4135975946685663
ICAM1_integrin_aLb2_complex,myeloid dividing,T cell CD8 activated,3,2.0,1.240792784005699,True,False,Deng_Liu_LUAD_2024;Hu_Zhang_2023_NSCLC,0.6666666666666666,0.4135975946685663,III-IV,1,0.0,2,1,0.0,0.4135975946685663
CD55_ADGRE5,cDC1,B cell,3,2.0,1.240094108490264,True,False,Deng_Liu_LUAD_2024;Hu_Zhang_2023_NSCLC,0.6666666666666666,0.41336470283008797,III-IV,1,0.0,1,1,0.0,0.41336470283008797
JAG1_NOTCH2,Pericyte,cDC2,2,2.0,1.1531848359337993,True,False,Deng_Liu_LUAD_2024;Hu_Zhang_2023_NSCLC,1.0,0.5765924179668996,III-IV,1,0.1632475234649089,3,1,0.1632475234649089,0.41334489450199075
HLA-F_LILRB2,Pericyte,Monocyte classical,2,2.0,1.2207328274781704,False,True,Deng_Liu_LUAD_2024;Hu_Zhang_2023_NSCLC,1.0,0.6103664137390852,III-IV,1,0.19705001983482995,3,1,0.19705001983482995,0.41331639390425523
CXCL9_CXCR3,Pericyte,pDC,2,2.0,0.8265995702315011,False,True,Deng_Liu_LUAD_2024;Hu_Zhang_2023_NSCLC,1.0,0.41329978511575055,III-IV,1,0.0,2,1,0.0,0.41329978511575055
ICAM1_integrin_aLb2_complex,cDC1,T cell regulatory,3,2.0,1.2397490822385313,True,False,Deng_Liu_LUAD_2024;Hu_Zhang_2023_NSCLC,0.6666666666666666,0.41324969407951045,III-IV,1,0.0,1,1,0.0,0.41324969407951045
CXCL8_CXCR1,cDC2,Neutrophils,4,3.0,1.6529379912924198,False,True,Hu_Zhang_2023_NSCLC;Maynard_Bivona_2020;Zilionis_Klein_2019,0.75,0.41323449782310495,III-IV,1,0.0,3,1,0.0,0.41323449782310495
integrin_aVb1_complex_ADGRE2,Pericyte,cDC2,2,2.0,1.1255876567547225,False,True,Deng_Liu_LUAD_2024;Hu_Zhang_2023_NSCLC,1.0,0.5627938283773612,III-IV,1,0.14966280789065597,3,1,0.14966280789065597,0.41313102048670525
ICAM1_SPN,DC mature,cDC2,3,2.0,1.2393504794807673,True,True,Deng_Liu_LUAD_2024;Hu_Zhang_2023_NSCLC,0.6666666666666666,0.4131168264935891,III-IV,1,0.0,1,1,0.0,0.4131168264935891
CD55_ADGRE5,cDC1,T cell CD4,3,2.0,1.2377367573352869,True,False,Deng_Liu_LUAD_2024;Hu_Zhang_2023_NSCLC,0.6666666666666666,0.4125789191117623,III-IV,1,0.0,1,1,0.0,0.4125789191117623
ICAM1_SPN,cDC1,pDC,3,2.0,1.2377217224692059,True,True,Deng_Liu_LUAD_2024;Hu_Zhang_2023_NSCLC,0.6666666666666666,0.41257390748973527,III-IV,1,0.0,1,1,0.0,0.41257390748973527
FN1_integrin_a4b1_complex,Fibroblast peribronchial,T cell CD8 terminally exhausted,3,2.0,1.9285338468028037,True,False,Deng_Liu_LUAD_2024;Hu_Zhang_2023_NSCLC,0.6666666666666666,0.6428446156009345,III-IV,1,0.23029589959969707,4,1,0.23029589959969707,0.41254871600123744
APP_PLXNA4,pDC,pDC,4,2.0,1.6490210191759467,True,True,Deng_Liu_LUAD_2024;Hu_Zhang_2023_NSCLC,0.5,0.41225525479398667,III-IV,1,0.0,3,1,0.0,0.41225525479398667
CXCL8_CXCR1,Macrophage alveolar,Neutrophils,3,2.0,1.2364890256480712,True,True,Hu_Zhang_2023_NSCLC;Zilionis_Klein_2019,0.6666666666666666,0.41216300854935706,III-IV,1,0.0,3,1,0.0,0.41216300854935706
LTB_LTBR,T cell CD4,DC mature,3,2.0,1.236205140165347,True,False,Deng_Liu_LUAD_2024;Hu_Zhang_2023_NSCLC,0.6666666666666666,0.4120683800551157,III-IV,1,0.0,1,1,0.0,0.4120683800551157
HLA-F_VSIR,DC mature,Plasma cell,3,2.0,1.235195482170321,True,False,Deng_Liu_LUAD_2024;Hu_Zhang_2023_NSCLC,0.6666666666666666,0.411731827390107,III-IV,1,0.0,1,1,0.0,0.411731827390107
APP_SORL1,Fibroblast peribronchial,DC mature,3,2.0,1.235129409348461,True,False,Deng_Liu_LUAD_2024;Hu_Zhang_2023_NSCLC,0.6666666666666666,0.4117098031161537,III-IV,1,0.0,1,1,0.0,0.4117098031161537
SEMA7A_PLXNC1,cDC1,Neutrophils,2,2.0,0.8231277401106394,True,False,Deng_Liu_LUAD_2024;Hu_Zhang_2023_NSCLC,1.0,0.4115638700553197,III-IV,1,0.0,1,1,0.0,0.4115638700553197
CXCL12_CXCR4,Fibroblast peribronchial,cDC1,3,2.0,1.2345516511882162,True,False,Chen_Zhang_2020;Deng_Liu_LUAD_2024,0.6666666666666666,0.41151721706273875,III-IV,1,0.0,1,1,0.0,0.41151721706273875
HLA-E_CD94:NKG2C,Pericyte,NK cell,2,2.0,1.6363687336113664,False,False,Deng_Liu_LUAD_2024;Hu_Zhang_2023_NSCLC,1.0,0.8181843668056832,III-IV,1,0.40687551367906627,3,1,0.40687551367906627,0.4113088531266169
HLA-E_CD94:NKG2A,T cell CD8 activated,T cell CD8 dividing,3,3.0,2.5863250512251788,False,False,Chen_Zhang_2020;Deng_Liu_LUAD_2024;Hu_Zhang_2023_NSCLC,1.0,0.862108350408393,III-IV,1,0.4512063182949259,2,1,0.4512063182949259,0.41090203211346704
FN1_integrin_a4b1_complex,Fibroblast peribronchial,myeloid dividing,3,2.0,1.9103027998859425,True,False,Deng_Liu_LUAD_2024;Hu_Zhang_2023_NSCLC,0.6666666666666666,0.6367675999619808,III-IV,1,0.22596830033538895,4,1,0.22596830033538895,0.4107992996265919
HLA-F_VSIR,T cell CD8 effector memory,myeloid dividing,3,2.0,1.232387412425305,False,True,Deng_Liu_LUAD_2024;Hu_Zhang_2023_NSCLC,0.6666666666666666,0.4107958041417683,III-IV,1,0.0,4,1,0.0,0.4107958041417683
HLA-F_VSIR,DC mature,Mast cell,3,2.0,1.2317904854290338,True,False,Deng_Liu_LUAD_2024;Hu_Zhang_2023_NSCLC,0.6666666666666666,0.4105968284763446,III-IV,1,0.0,1,1,0.0,0.4105968284763446
TNF_TNFRSF1A,myeloid dividing,Pericyte,2,2.0,0.8206791018826796,True,True,Deng_Liu_LUAD_2024;Hu_Zhang_2023_NSCLC,1.0,0.4103395509413398,III-IV,1,0.0,3,1,0.0,0.4103395509413398
ICAM1_ITGAL,Mast cell,T cell CD4 dividing,3,2.0,1.2310148324066248,False,True,Deng_Liu_LUAD_2024;Hu_Zhang_2023_NSCLC,0.6666666666666666,0.4103382774688749,III-IV,1,0.0,2,1,0.0,0.4103382774688749
TNFSF10_TNFRSF10B,Mast cell,DC mature,3,2.0,1.2310068541058299,True,True,Deng_Liu_LUAD_2024;Hu_Zhang_2023_NSCLC,0.6666666666666666,0.41033561803527663,III-IV,1,0.0,1,1,0.0,0.41033561803527663
JAG1_NOTCH2,Pericyte,Pericyte,2,2.0,1.1415340437016261,True,False,Deng_Liu_LUAD_2024;Hu_Zhang_2023_NSCLC,1.0,0.5707670218508131,III-IV,1,0.16045056436018137,3,1,0.16045056436018137,0.4103164574906317
CCL4_CCR5,myeloid dividing,cDC2,3,2.0,1.2308766577060544,True,False,Deng_Liu_LUAD_2024;Hu_Zhang_2023_NSCLC,0.6666666666666666,0.4102922192353515,III-IV,1,0.0,4,1,0.0,0.4102922192353515
ICAM1_integrin_aXb2_complex,DC mature,cDC1,3,3.0,1.230871818121825,True,False,Chen_Zhang_2020;Deng_Liu_LUAD_2024;Hu_Zhang_2023_NSCLC,1.0,0.41029060604060835,III-IV,1,0.0,1,1,0.0,0.41029060604060835
PLAU_PLAUR,pDC,Monocyte classical,4,2.0,1.64081013882465,False,True,Deng_Liu_LUAD_2024;Hu_Zhang_2023_NSCLC,0.5,0.4102025347061625,III-IV,1,0.0,3,1,0.0,0.4102025347061625
CADM1_NECTIN3,cDC1,T cell CD8 dividing,3,2.0,1.2291571525597582,True,False,Deng_Liu_LUAD_2024;Hu_Zhang_2023_NSCLC,0.6666666666666666,0.4097190508532527,III-IV,1,0.0,1,1,0.0,0.4097190508532527
SEMA4D_PTPRC,Neutrophils,cDC2,4,2.0,1.6386516659568464,False,True,Deng_Liu_LUAD_2024;Hu_Zhang_2023_NSCLC,0.5,0.4096629164892116,III-IV,1,0.0,3,1,0.0,0.4096629164892116
APP_SORL1,Pericyte,Macrophage alveolar,2,2.0,1.3116684673919896,True,False,Deng_Liu_LUAD_2024;Hu_Zhang_2023_NSCLC,1.0,0.6558342336959948,III-IV,1,0.2464928414295503,3,1,0.2464928414295503,0.4093413922664445
ICAM1_integrin_aMb2_complex,DC mature,Monocyte classical,3,2.0,1.2273821317370983,True,False,Deng_Liu_LUAD_2024;Hu_Zhang_2023_NSCLC,0.6666666666666666,0.4091273772456994,III-IV,1,0.0,1,1,0.0,0.4091273772456994
JAG1_NOTCH1,Pericyte,Macrophage alveolar,2,2.0,0.9452464125399225,True,False,Deng_Liu_LUAD_2024;Hu_Zhang_2023_NSCLC,1.0,0.47262320626996124,III-IV,1,0.06377799415774099,3,1,0.06377799415774099,0.40884521211222025
ICAM1_SPN,Mast cell,cDC1,3,2.0,1.2262343695567868,False,True,Deng_Liu_LUAD_2024;Hu_Zhang_2023_NSCLC,0.6666666666666666,0.40874478985226226,III-IV,1,0.0,1,1,0.0,0.40874478985226226
ICAM1_SPN,cDC1,T cell CD8 terminally exhausted,3,2.0,1.2257983584404348,True,False,Deng_Liu_LUAD_2024;Hu_Zhang_2023_NSCLC,0.6666666666666666,0.40859945281347826,III-IV,1,0.0,1,1,0.0,0.40859945281347826
HLA-E_CD94:NKG2C,Monocyte classical,T cell CD8 dividing,4,4.0,2.6978526534134075,False,False,Chen_Zhang_2020;Deng_Liu_LUAD_2024;Hu_Zhang_2023_NSCLC;Lambrechts_Thienpont_2018_6653,1.0,0.6744631633533519,III-IV,1,0.2658813605607109,4,1,0.2658813605607109,0.408581802792641
FN1_integrin_a4b1_complex,Fibroblast peribronchial,T cell CD8 dividing,3,2.0,1.9227248883032853,True,False,Deng_Liu_LUAD_2024;Hu_Zhang_2023_NSCLC,0.6666666666666666,0.6409082961010951,III-IV,1,0.23267607919506653,4,1,0.23267607919506653,0.4082322169060286
ICAM3_integrin_aLb2_complex,T cell CD4 dividing,NK cell,3,2.0,1.2243529562797781,True,False,Deng_Liu_LUAD_2024;Hu_Zhang_2023_NSCLC,0.6666666666666666,0.4081176520932594,III-IV,1,0.0,2,1,0.0,0.4081176520932594
FN1_integrin_a5b1_complex,Macrophage alveolar,Pericyte,2,2.0,1.366995323970287,True,False,Deng_Liu_LUAD_2024;Hu_Zhang_2023_NSCLC,1.0,0.6834976619851435,III-IV,1,0.27539759818240833,3,1,0.27539759818240833,0.40810006380273517
PPIA_BSG,Macrophage,T cell CD8 activated,4,2.0,1.6323087103159368,True,False,Deng_Liu_LUAD_2024;Hu_Zhang_2023_NSCLC,0.5,0.4080771775789842,III-IV,1,0.0,3,1,0.0,0.4080771775789842
CD55_ADGRE5,Macrophage alveolar,T cell CD4 dividing,3,2.0,1.223994174510703,True,True,Deng_Liu_LUAD_2024;Hu_Zhang_2023_NSCLC,0.6666666666666666,0.4079980581702343,III-IV,1,0.0,2,1,0.0,0.4079980581702343
LGALS9_P4HB,DC mature,NK cell,3,2.0,1.2239475487970304,True,False,Deng_Liu_LUAD_2024;Hu_Zhang_2023_NSCLC,0.6666666666666666,0.4079825162656768,III-IV,1,0.0,1,1,0.0,0.4079825162656768
KLRB1_CLEC2D,NK cell,DC mature,3,2.0,1.2238486007420344,True,False,Deng_Liu_LUAD_2024;Hu_Zhang_2023_NSCLC,0.6666666666666666,0.40794953358067815,III-IV,1,0.0,1,1,0.0,0.40794953358067815
LAMC1_integrin_a6b1_complex,Pericyte,Macrophage alveolar,2,2.0,1.1675951783582386,True,False,Deng_Liu_LUAD_2024;Hu_Zhang_2023_NSCLC,1.0,0.5837975891791193,III-IV,1,0.17588084676692273,3,1,0.17588084676692273,0.40791674241219655
LGALS9_P4HB,pDC,myeloid dividing,3,2.0,1.2235112858403756,False,True,Deng_Liu_LUAD_2024;Hu_Zhang_2023_NSCLC,0.6666666666666666,0.4078370952801252,III-IV,1,0.0,2,1,0.0,0.4078370952801252
CD55_ADGRE5,cDC1,pDC,3,2.0,1.2235065260586515,True,True,Deng_Liu_LUAD_2024;Hu_Zhang_2023_NSCLC,0.6666666666666666,0.40783550868621715,III-IV,1,0.0,1,1,0.0,0.40783550868621715
HLA-F_VSIR,DC mature,T cell regulatory,3,2.0,1.2234649724086788,True,False,Deng_Liu_LUAD_2024;Hu_Zhang_2023_NSCLC,0.6666666666666666,0.4078216574695596,III-IV,1,0.0,1,1,0.0,0.4078216574695596
JAG1_VASN,Pericyte,Fibroblast peribronchial,2,2.0,1.2305545942531373,True,True,Deng_Liu_LUAD_2024;Hu_Zhang_2023_NSCLC,1.0,0.6152772971265686,III-IV,1,0.20759149157998533,3,1,0.20759149157998533,0.4076858055465833
BST2_LILRA4,pDC,pDC,4,2.0,1.6292576197154611,False,True,Deng_Liu_LUAD_2024;Hu_Zhang_2023_NSCLC,0.5,0.4073144049288653,III-IV,1,0.0,3,1,0.0,0.4073144049288653
HLA-E_VSIR,Macrophage,pDC,4,2.0,1.6290251308214674,True,False,Deng_Liu_LUAD_2024;Hu_Zhang_2023_NSCLC,0.5,0.40725628270536685,III-IV,1,0.0,3,1,0.0,0.40725628270536685
CD47_SIRPG,pDC,T cell CD8 terminally exhausted,3,2.0,1.2217432510677173,True,True,Deng_Liu_LUAD_2024;Hu_Zhang_2023_NSCLC,0.6666666666666666,0.40724775035590577,III-IV,1,0.0,2,1,0.0,0.40724775035590577
FN1_integrin_aVb1_complex,Fibroblast peribronchial,myeloid dividing,3,2.0,1.8973521440041388,True,False,Deng_Liu_LUAD_2024;Hu_Zhang_2023_NSCLC,0.6666666666666666,0.6324507146680463,III-IV,1,0.2255084929135562,4,1,0.2255084929135562,0.40694222175449
HLA-F_VSIR,DC mature,T cell CD8 activated,3,2.0,1.220760897598328,True,False,Deng_Liu_LUAD_2024;Hu_Zhang_2023_NSCLC,0.6666666666666666,0.40692029919944267,III-IV,1,0.0,1,1,0.0,0.40692029919944267
BST2_LILRA4,Macrophage,pDC,4,2.0,1.627538361372662,True,True,Deng_Liu_LUAD_2024;Hu_Zhang_2023_NSCLC,0.5,0.4068845903431655,III-IV,1,0.0,3,1,0.0,0.4068845903431655
CCL4_CCR5,myeloid dividing,Macrophage,3,2.0,1.2202204432715715,True,False,Deng_Liu_LUAD_2024;Hu_Zhang_2023_NSCLC,0.6666666666666666,0.40674014775719053,III-IV,1,0.0,4,1,0.0,0.40674014775719053
CD44_TYROBP,pDC,NK cell,4,2.0,1.6265830054112085,False,True,Chen_Zhang_2020;Deng_Liu_LUAD_2024,0.5,0.4066457513528021,III-IV,1,0.0,3,1,0.0,0.4066457513528021
HLA-E_VSIR,Macrophage,Fibroblast peribronchial,4,2.0,1.6260011634216105,True,False,Deng_Liu_LUAD_2024;Hu_Zhang_2023_NSCLC,0.5,0.4065002908554026,III-IV,1,0.0,5,1,0.0,0.4065002908554026
APP_SORL1,pDC,T cell CD8 activated,4,2.0,1.6242857280146086,True,False,Deng_Liu_LUAD_2024;Hu_Zhang_2023_NSCLC,0.5,0.40607143200365214,III-IV,1,0.0,2,1,0.0,0.40607143200365214
SELPLG_SELL,pDC,pDC,4,2.0,1.6240409190929985,True,True,Deng_Liu_LUAD_2024;Hu_Zhang_2023_NSCLC,0.5,0.40601022977324963,III-IV,1,0.0,3,1,0.0,0.40601022977324963
CCL5_CCR5,T cell CD8 terminally exhausted,myeloid dividing,3,2.0,1.921338663576996,True,False,Deng_Liu_LUAD_2024;Hu_Zhang_2023_NSCLC,0.6666666666666666,0.640446221192332,III-IV,1,0.23448826138699558,4,1,0.23448826138699558,0.4059579598053364
HLA-E_KLRC2,Macrophage alveolar,NK cell,4,2.0,1.6236021276597032,True,True,Deng_Liu_LUAD_2024;Hu_Zhang_2023_NSCLC,0.5,0.4059005319149258,III-IV,1,0.0,5,1,0.0,0.4059005319149258
APP_SORL1,pDC,Monocyte classical,4,2.0,1.6230933598798531,True,True,Deng_Liu_LUAD_2024;Hu_Zhang_2023_NSCLC,0.5,0.4057733399699633,III-IV,1,0.0,3,1,0.0,0.4057733399699633
ICAM1_integrin_aXb2_complex,DC mature,Macrophage alveolar,3,2.0,1.216851696423479,True,False,Deng_Liu_LUAD_2024;Hu_Zhang_2023_NSCLC,0.6666666666666666,0.4056172321411597,III-IV,1,0.0,1,1,0.0,0.4056172321411597
COL6A3_integrin_a2b1_complex,Pericyte,Fibroblast peribronchial,2,2.0,1.3721100897117617,True,False,Deng_Liu_LUAD_2024;Hu_Zhang_2023_NSCLC,1.0,0.6860550448558809,III-IV,1,0.2807349706083883,3,1,0.2807349706083883,0.40532007424749256
THBS1_CD36,Fibroblast peribronchial,pDC,4,3.0,1.6211797658965206,True,True,Chen_Zhang_2020;Deng_Liu_LUAD_2024;Hu_Zhang_2023_NSCLC,0.75,0.40529494147413014,III-IV,1,0.0,3,1,0.0,0.40529494147413014
CCL4_CCR5,NK cell,Macrophage alveolar,4,2.0,1.6202071289784397,True,False,Deng_Liu_LUAD_2024;Hu_Zhang_2023_NSCLC,0.5,0.4050517822446099,III-IV,1,0.0,5,1,0.0,0.4050517822446099
ICAM1_integrin_aLb2_complex,Mast cell,T cell CD4 dividing,3,2.0,1.2144664413629445,False,False,Deng_Liu_LUAD_2024;Hu_Zhang_2023_NSCLC,0.6666666666666666,0.40482214712098147,III-IV,1,0.0,2,1,0.0,0.40482214712098147
CD47_SIRPG,pDC,T cell CD8 dividing,3,2.0,1.2143073639172361,True,True,Deng_Liu_LUAD_2024;Hu_Zhang_2023_NSCLC,0.6666666666666666,0.4047691213057454,III-IV,1,0.0,2,1,0.0,0.4047691213057454
CD55_ADGRE5,pDC,myeloid dividing,3,2.0,1.2142018025358867,True,True,Deng_Liu_LUAD_2024;Hu_Zhang_2023_NSCLC,0.6666666666666666,0.4047339341786289,III-IV,1,0.0,2,1,0.0,0.4047339341786289
LAIR1_LILRB4,Monocyte classical,pDC,4,3.0,1.6183105370752227,True,True,Deng_Liu_LUAD_2024;Hu_Zhang_2023_NSCLC;Zilionis_Klein_2019,0.75,0.40457763426880566,III-IV,1,0.0,3,1,0.0,0.40457763426880566
ICAM1_integrin_aMb2_complex,Neutrophils,Macrophage alveolar,3,2.0,1.213318779918754,False,False,Deng_Liu_LUAD_2024;Hu_Zhang_2023_NSCLC,0.6666666666666666,0.4044395933062513,III-IV,1,0.0,3,1,0.0,0.4044395933062513
TNF_TNFRSF1B,myeloid dividing,DC mature,3,2.0,1.2128408424287809,True,True,Deng_Liu_LUAD_2024;Hu_Zhang_2023_NSCLC,0.6666666666666666,0.4042802808095936,III-IV,1,0.0,1,1,0.0,0.4042802808095936
SDC1_ADGRA2,Fibroblast peribronchial,Pericyte,2,2.0,1.1692288361820937,True,True,Deng_Liu_LUAD_2024;Hu_Zhang_2023_NSCLC,1.0,0.5846144180910469,III-IV,1,0.18067726928486424,3,1,0.18067726928486424,0.4039371488061826
CD58_CD2,myeloid dividing,T cell CD8 terminally exhausted,3,2.0,1.8248013801009775,True,True,Deng_Liu_LUAD_2024;Hu_Zhang_2023_NSCLC,0.6666666666666666,0.6082671267003258,III-IV,1,0.20454668397706371,4,1,0.20454668397706371,0.4037204427232621
ICAM1_ITGAL,DC mature,T cell CD8 activated,3,2.0,1.2106155915862693,True,False,Deng_Liu_LUAD_2024;Hu_Zhang_2023_NSCLC,0.6666666666666666,0.40353853052875643,III-IV,1,0.0,1,1,0.0,0.40353853052875643
ICAM1_integrin_aLb2_complex,DC mature,T cell CD8 activated,3,2.0,1.2106155915862693,True,False,Deng_Liu_LUAD_2024;Hu_Zhang_2023_NSCLC,0.6666666666666666,0.40353853052875643,III-IV,1,0.0,1,1,0.0,0.40353853052875643
CADM1_NECTIN3,cDC1,Fibroblast peribronchial,3,2.0,1.2104458461853316,True,False,Deng_Liu_LUAD_2024;Hu_Zhang_2023_NSCLC,0.6666666666666666,0.40348194872844384,III-IV,1,0.0,1,1,0.0,0.40348194872844384
CCL3_CCR5,myeloid dividing,Macrophage alveolar,3,2.0,1.2098981338210466,True,False,Deng_Liu_LUAD_2024;Hu_Zhang_2023_NSCLC,0.6666666666666666,0.40329937794034887,III-IV,1,0.0,4,1,0.0,0.40329937794034887
FN1_integrin_a4b7_complex,Fibroblast peribronchial,myeloid dividing,3,2.0,1.8746757530916571,True,False,Deng_Liu_LUAD_2024;Hu_Zhang_2023_NSCLC,0.6666666666666666,0.6248919176972191,III-IV,1,0.22164070107108083,4,1,0.22164070107108083,0.4032512166261383
HLA-F_VSIR,DC mature,T cell CD4,3,2.0,1.2091935753161367,True,False,Deng_Liu_LUAD_2024;Hu_Zhang_2023_NSCLC,0.6666666666666666,0.4030645251053789,III-IV,1,0.0,1,1,0.0,0.4030645251053789
CD58_CD2,Neutrophils,T cell CD4,4,2.0,1.611116384087408,False,True,Deng_Liu_LUAD_2024;Hu_Zhang_2023_NSCLC,0.5,0.402779096021852,III-IV,1,0.0,3,1,0.0,0.402779096021852
CD274_CD80,DC mature,cDC2,3,2.0,1.2082295104895415,True,True,Deng_Liu_LUAD_2024;Hu_Zhang_2023_NSCLC,0.6666666666666666,0.4027431701631805,III-IV,1,0.0,1,1,0.0,0.4027431701631805
ANXA1_FPR3,DC mature,Macrophage,3,3.0,1.2080568655520856,False,True,Chen_Zhang_2020;Deng_Liu_LUAD_2024;Hu_Zhang_2023_NSCLC,1.0,0.4026856218506952,III-IV,1,0.0,1,1,0.0,0.4026856218506952
THY1_ADGRE5,Fibroblast peribronchial,T cell CD8 terminally exhausted,3,2.0,1.842617585597346,True,True,Deng_Liu_LUAD_2024;Hu_Zhang_2023_NSCLC,0.6666666666666666,0.614205861865782,III-IV,1,0.2118765552309856,4,1,0.2118765552309856,0.4023293066347964
CD58_CD2,myeloid dividing,T cell CD4,3,2.0,1.715973237152634,True,True,Deng_Liu_LUAD_2024;Hu_Zhang_2023_NSCLC,0.6666666666666666,0.571991079050878,III-IV,1,0.16970950989938333,4,1,0.16970950989938333,0.40228156915149466
LGALS9_HAVCR2,pDC,cDC1,3,2.0,1.20605366064084,False,True,Deng_Liu_LUAD_2024;Hu_Zhang_2023_NSCLC,0.6666666666666666,0.40201788688028,III-IV,1,0.0,1,1,0.0,0.40201788688028
JAG1_VASN,Pericyte,Pericyte,2,2.0,1.3102185270690752,True,True,Deng_Liu_LUAD_2024;Hu_Zhang_2023_NSCLC,1.0,0.6551092635345376,III-IV,1,0.25313732606105144,3,1,0.25313732606105144,0.40197193747348614
CXCL16_CXCR6,cDC1,T cell CD4,3,2.0,1.2058054669855598,True,False,Deng_Liu_LUAD_2024;Hu_Zhang_2023_NSCLC,0.6666666666666666,0.4019351556618533,III-IV,1,0.0,1,1,0.0,0.4019351556618533
COL6A2_integrin_a1b1_complex,Fibroblast peribronchial,T cell CD8 terminally exhausted,3,2.0,1.8552034810212845,True,False,Deng_Liu_LUAD_2024;Hu_Zhang_2023_NSCLC,0.6666666666666666,0.6184011603404281,III-IV,1,0.21648815319701395,4,1,0.21648815319701395,0.40191300714341416
HLA-E_CD94:NKG2A,T cell CD8 activated,T cell CD8 terminally exhausted,3,3.0,2.5925993962283744,False,False,Chen_Zhang_2020;Deng_Liu_LUAD_2024;Hu_Zhang_2023_NSCLC,1.0,0.8641997987427915,III-IV,1,0.4623769338959212,2,1,0.4623769338959212,0.4018228648468703
CD58_CD2,myeloid dividing,T cell CD8 dividing,3,2.0,1.7636744046177921,True,True,Deng_Liu_LUAD_2024;Hu_Zhang_2023_NSCLC,0.6666666666666666,0.5878914682059307,III-IV,1,0.18608676836524937,4,1,0.18608676836524937,0.40180469984068135
IFNG_Type_II_IFNR,T cell CD8 terminally exhausted,Pericyte,2,2.0,1.0310661232100677,True,False,Deng_Liu_LUAD_2024;Hu_Zhang_2023_NSCLC,1.0,0.5155330616050339,III-IV,1,0.11385192397850626,3,1,0.11385192397850626,0.40168113762652763
PVR_CD96,DC mature,T cell CD8 activated,3,2.0,1.2048125563706742,True,True,Deng_Liu_LUAD_2024;Hu_Zhang_2023_NSCLC,0.6666666666666666,0.4016041854568914,III-IV,1,0.0,1,1,0.0,0.4016041854568914
PLAU_PLAUR,myeloid dividing,DC mature,3,3.0,1.2041713702186794,True,False,Chen_Zhang_2020;Deng_Liu_LUAD_2024;Hu_Zhang_2023_NSCLC,1.0,0.4013904567395598,III-IV,1,0.0,1,1,0.0,0.4013904567395598
FN1_integrin_a4b7_complex,Fibroblast peribronchial,T cell CD8 terminally exhausted,3,2.0,1.8948558827749071,True,False,Deng_Liu_LUAD_2024;Hu_Zhang_2023_NSCLC,0.6666666666666666,0.6316186275916357,III-IV,1,0.23029589959969707,4,1,0.23029589959969707,0.4013227279919386
LAMC1_integrin_a6b1_complex,Pericyte,Macrophage,2,2.0,1.1253061395905668,True,False,Deng_Liu_LUAD_2024;Hu_Zhang_2023_NSCLC,1.0,0.5626530697952834,III-IV,1,0.16161780085830718,3,1,0.16161780085830718,0.4010352689369762
CD96_NECTIN1,T cell CD8 effector memory,DC mature,3,2.0,1.2029920934837652,True,False,Deng_Liu_LUAD_2024;Hu_Zhang_2023_NSCLC,0.6666666666666666,0.4009973644945884,III-IV,1,0.0,1,1,0.0,0.4009973644945884
HLA-E_CD94:NKG2A,T cell CD4 dividing,T cell CD8 terminally exhausted,3,3.0,2.465497473665139,True,False,Chen_Zhang_2020;Deng_Liu_LUAD_2024;Hu_Zhang_2023_NSCLC,1.0,0.8218324912217131,III-IV,1,0.4208860759493671,2,1,0.4208860759493671,0.400946415272346
PLAUR_integrin_a4b1_complex,Monocyte classical,Fibroblast peribronchial,4,2.0,1.6037528959871947,True,False,Deng_Liu_LUAD_2024;Hu_Zhang_2023_NSCLC,0.5,0.4009382239967987,III-IV,1,0.0,5,1,0.0,0.4009382239967987
SEMA4D_PTPRC,myeloid dividing,T cell regulatory,3,2.0,1.830044876531665,True,True,Deng_Liu_LUAD_2024;Hu_Zhang_2023_NSCLC,0.6666666666666666,0.6100149588438883,III-IV,1,0.20909066320458725,4,1,0.20909066320458725,0.4009242956393011
CCL5_CCR5,T cell CD8 effector memory,myeloid dividing,3,2.0,1.8776288274462574,True,False,Deng_Liu_LUAD_2024;Hu_Zhang_2023_NSCLC,0.6666666666666666,0.6258762758154192,III-IV,1,0.22507573298712538,4,1,0.22507573298712538,0.4008005428282938
SEMA7A_integrin_a1b1_complex,DC mature,T cell CD8 terminally exhausted,3,2.0,1.2022917961167798,True,False,Deng_Liu_LUAD_2024;Hu_Zhang_2023_NSCLC,0.6666666666666666,0.40076393203892663,III-IV,1,0.0,1,1,0.0,0.40076393203892663
CCL5_CCR5,T cell CD8 dividing,myeloid dividing,3,2.0,1.8528601624079832,True,False,Deng_Liu_LUAD_2024;Hu_Zhang_2023_NSCLC,0.6666666666666666,0.6176200541359944,III-IV,1,0.21693443687114572,4,1,0.21693443687114572,0.4006856172648487
COL6A3_integrin_a1b1_complex,Fibroblast peribronchial,T cell CD8 terminally exhausted,3,2.0,1.915301290959584,True,False,Deng_Liu_LUAD_2024;Hu_Zhang_2023_NSCLC,0.6666666666666666,0.6384337636531946,III-IV,1,0.23869414692199503,4,1,0.23869414692199503,0.39973961673119957
COL6A1_integrin_a1b1_complex,Fibroblast peribronchial,T cell CD8 activated,4,2.0,1.5987319407585376,True,False,Deng_Liu_LUAD_2024;Hu_Zhang_2023_NSCLC,0.5,0.3996829851896344,III-IV,1,0.0,3,1,0.0,0.3996829851896344
CCL5_CCR5,NK cell,myeloid dividing,3,2.0,1.8356799846333092,True,False,Deng_Liu_LUAD_2024;Hu_Zhang_2023_NSCLC,0.6666666666666666,0.6118933282111031,III-IV,1,0.21247160012982796,4,1,0.21247160012982796,0.39942172808127513
CD55_ADGRE5,DC mature,Macrophage alveolar,3,2.0,1.196700054915289,True,True,Deng_Liu_LUAD_2024;Hu_Zhang_2023_NSCLC,0.6666666666666666,0.39890001830509636,III-IV,1,0.0,1,1,0.0,0.39890001830509636
SEMA4D_PTPRC,pDC,cDC2,4,2.0,1.5954587421213524,False,True,Deng_Liu_LUAD_2024;Hu_Zhang_2023_NSCLC,0.5,0.3988646855303381,III-IV,1,0.0,3,1,0.0,0.3988646855303381
FN1_integrin_a5b1_complex,Fibroblast peribronchial,myeloid dividing,3,2.0,1.8990585131602373,True,False,Deng_Liu_LUAD_2024;Hu_Zhang_2023_NSCLC,0.6666666666666666,0.6330195043867458,III-IV,1,0.23420426268527533,4,1,0.23420426268527533,0.3988152417014705
COL6A3_integrin_a1b1_complex,Fibroblast peribronchial,T cell CD8 dividing,3,2.0,1.9127547321850638,True,False,Deng_Liu_LUAD_2024;Hu_Zhang_2023_NSCLC,0.6666666666666666,0.6375849107283545,III-IV,1,0.23882938439900464,4,1,0.23882938439900464,0.3987555263293499
CD55_ADGRE5,cDC1,Macrophage,3,2.0,1.1961851623792736,True,True,Deng_Liu_LUAD_2024;Hu_Zhang_2023_NSCLC,0.6666666666666666,0.39872838745975786,III-IV,1,0.0,1,1,0.0,0.39872838745975786
FBN1_integrin_a5b1_complex,Fibroblast peribronchial,DC mature,3,2.0,1.195635133084202,True,False,Deng_Liu_LUAD_2024;Hu_Zhang_2023_NSCLC,0.6666666666666666,0.3985450443614007,III-IV,1,0.0,1,1,0.0,0.3985450443614007
FN1_integrin_a3b1_complex,Macrophage alveolar,Pericyte,2,2.0,1.31046976799202,True,False,Deng_Liu_LUAD_2024;Hu_Zhang_2023_NSCLC,1.0,0.65523488399601,III-IV,1,0.2568430163366872,3,1,0.2568430163366872,0.39839186765932283
COL6A2_integrin_a1b1_complex,Fibroblast peribronchial,T cell CD8 dividing,3,2.0,1.8451756081424522,True,False,Deng_Liu_LUAD_2024;Hu_Zhang_2023_NSCLC,0.6666666666666666,0.6150585360474841,III-IV,1,0.21675862815103322,4,1,0.21675862815103322,0.39829990789645087
COL12A1_integrin_a1b1_complex,Fibroblast peribronchial,T cell CD8 terminally exhausted,3,2.0,1.6414172300955447,True,False,Deng_Liu_LUAD_2024;Hu_Zhang_2023_NSCLC,0.6666666666666666,0.5471390766985149,III-IV,1,0.14895055717840527,4,1,0.14895055717840527,0.39818851952010964
CCL4_CCR5,T cell CD8 effector memory,Macrophage alveolar,4,2.0,1.5919868011907572,True,False,Deng_Liu_LUAD_2024;Hu_Zhang_2023_NSCLC,0.5,0.3979967002976893,III-IV,1,0.0,5,1,0.0,0.3979967002976893
CD58_CD2,Neutrophils,T cell CD8 effector memory,4,2.0,1.591954505190318,False,True,Deng_Liu_LUAD_2024;Hu_Zhang_2023_NSCLC,0.5,0.3979886262975795,III-IV,1,0.0,3,1,0.0,0.3979886262975795
FN1_integrin_a4b7_complex,Fibroblast peribronchial,T cell CD8 dividing,3,2.0,1.8869669046987336,True,False,Deng_Liu_LUAD_2024;Hu_Zhang_2023_NSCLC,0.6666666666666666,0.6289889682329112,III-IV,1,0.23113437195715678,4,1,0.23113437195715678,0.39785459627575437
HLA-F_VSIR,T cell CD4 dividing,myeloid dividing,3,2.0,1.1925137790392268,True,True,Deng_Liu_LUAD_2024;Hu_Zhang_2023_NSCLC,0.6666666666666666,0.3975045930130756,III-IV,1,0.0,2,1,0.0,0.3975045930130756
APP_SORL1,pDC,T cell CD4,4,2.0,1.5898962546894428,True,False,Deng_Liu_LUAD_2024;Hu_Zhang_2023_NSCLC,0.5,0.3974740636723607,III-IV,1,0.0,3,1,0.0,0.3974740636723607
LGALS9_P4HB,DC mature,DC mature,3,2.0,1.1921046392831909,True,False,Deng_Liu_LUAD_2024;Hu_Zhang_2023_NSCLC,0.6666666666666666,0.39736821309439696,III-IV,1,0.0,1,1,0.0,0.39736821309439696
HLA-E_CD94:NKG2C,Macrophage,T cell CD8 dividing,4,4.0,2.8211886337079535,True,False,Chen_Zhang_2020;Deng_Liu_LUAD_2024;Hu_Zhang_2023_NSCLC;Lambrechts_Thienpont_2018_6653,1.0,0.7052971584269884,III-IV,1,0.3080986253168654,4,1,0.3080986253168654,0.397198533110123
LGALS9_HAVCR2,DC mature,Macrophage alveolar,3,2.0,1.1913069603078932,True,True,Deng_Liu_LUAD_2024;Hu_Zhang_2023_NSCLC,0.6666666666666666,0.3971023201026311,III-IV,1,0.0,1,1,0.0,0.3971023201026311
FN1_integrin_aVb5_complex,Fibroblast peribronchial,myeloid dividing,3,2.0,1.8677118650368074,True,False,Deng_Liu_LUAD_2024;Hu_Zhang_2023_NSCLC,0.6666666666666666,0.6225706216789358,III-IV,1,0.2255084929135562,4,1,0.2255084929135562,0.3970621287653796
ProstaglandinE2_byPTGES2_PTGER4,DC mature,T cell CD4,3,3.0,1.1907260659007424,False,False,Chen_Zhang_2020;Deng_Liu_LUAD_2024;Hu_Zhang_2023_NSCLC,1.0,0.3969086886335808,III-IV,1,0.0,1,1,0.0,0.3969086886335808
IGFBP3_TMEM219,Fibroblast peribronchial,T cell CD8 dividing,3,2.0,1.1902660841889239,True,False,Deng_Liu_LUAD_2024;Hu_Zhang_2023_NSCLC,0.6666666666666666,0.39675536139630796,III-IV,1,0.0,4,1,0.0,0.39675536139630796
LGALS9_P4HB,cDC1,DC mature,3,2.0,1.1902365080637551,True,False,Deng_Liu_LUAD_2024;Hu_Zhang_2023_NSCLC,0.6666666666666666,0.39674550268791836,III-IV,1,0.0,1,1,0.0,0.39674550268791836
ALCAM_CD6,Pericyte,T cell CD4 dividing,2,2.0,0.9356745116398473,False,True,Deng_Liu_LUAD_2024;Hu_Zhang_2023_NSCLC,1.0,0.46783725581992364,III-IV,1,0.07137834036568214,2,1,0.07137834036568214,0.3964589154542415
HLA-F_LILRB2,DC mature,pDC,3,2.0,1.188587815373819,True,False,Deng_Liu_LUAD_2024;Hu_Zhang_2023_NSCLC,0.6666666666666666,0.39619593845793966,III-IV,1,0.0,1,1,0.0,0.39619593845793966
VEGFB_NRP1,myeloid dividing,Pericyte,2,2.0,1.087283638203481,True,True,Deng_Liu_LUAD_2024;Hu_Zhang_2023_NSCLC,1.0,0.5436418191017405,III-IV,1,0.14751703992210322,3,1,0.14751703992210322,0.3961247791796373
IL1B_IL1_receptor_inhibitor,Neutrophils,Neutrophils,4,2.0,1.5839879502272498,True,False,Deng_Liu_LUAD_2024;Hu_Zhang_2023_NSCLC,0.5,0.39599698755681245,III-IV,1,0.0,3,1,0.0,0.39599698755681245
KLRB1_CLEC2D,NK cell,T cell CD8 activated,4,2.0,1.583723215700877,True,True,Deng_Liu_LUAD_2024;Hu_Zhang_2023_NSCLC,0.5,0.39593080392521923,III-IV,1,0.0,3,1,0.0,0.39593080392521923
CD55_ADGRE5,Monocyte classical,DC mature,3,2.0,1.1873502419046993,True,False,Deng_Liu_LUAD_2024;Hu_Zhang_2023_NSCLC,0.6666666666666666,0.3957834139682331,III-IV,1,0.0,1,1,0.0,0.3957834139682331
ICAM1_integrin_aLb2_complex,cDC1,T cell CD8 dividing,3,2.0,1.187166035833571,True,False,Deng_Liu_LUAD_2024;Hu_Zhang_2023_NSCLC,0.6666666666666666,0.39572201194452367,III-IV,1,0.0,1,1,0.0,0.39572201194452367
CD55_ADGRE5,DC mature,myeloid dividing,3,2.0,1.1862802933411671,True,True,Deng_Liu_LUAD_2024;Hu_Zhang_2023_NSCLC,0.6666666666666666,0.3954267644470557,III-IV,1,0.0,1,1,0.0,0.3954267644470557
APLP2_PLXNA4,Monocyte classical,pDC,4,2.0,1.5814987153424678,True,True,Deng_Liu_LUAD_2024;Hu_Zhang_2023_NSCLC,0.5,0.39537467883561694,III-IV,1,0.0,3,1,0.0,0.39537467883561694
APP_PLXNA4,Fibroblast peribronchial,pDC,4,2.0,1.5809757790271788,True,True,Deng_Liu_LUAD_2024;Hu_Zhang_2023_NSCLC,0.5,0.3952439447567947,III-IV,1,0.0,3,1,0.0,0.3952439447567947
COL12A1_integrin_a1b1_complex,Fibroblast peribronchial,T cell CD8 dividing,3,2.0,1.6338095727480908,True,False,Deng_Liu_LUAD_2024;Hu_Zhang_2023_NSCLC,0.6666666666666666,0.5446031909160303,III-IV,1,0.1494509358433409,4,1,0.1494509358433409,0.39515225507268936
CCL4_CCR5,myeloid dividing,Monocyte classical,3,2.0,1.1843495949168874,True,False,Deng_Liu_LUAD_2024;Hu_Zhang_2023_NSCLC,0.6666666666666666,0.39478319830562913,III-IV,1,0.0,4,1,0.0,0.39478319830562913
CD96_NECTIN1,T cell CD8 effector memory,cDC1,3,2.0,1.1843488343591728,True,False,Deng_Liu_LUAD_2024;Hu_Zhang_2023_NSCLC,0.6666666666666666,0.3947829447863909,III-IV,1,0.0,1,1,0.0,0.3947829447863909
COL5A1_integrin_a1b1_complex,Fibroblast peribronchial,T cell CD8 activated,4,2.0,1.578749279056765,True,False,Deng_Liu_LUAD_2024;Hu_Zhang_2023_NSCLC,0.5,0.39468731976419125,III-IV,1,0.0,3,1,0.0,0.39468731976419125
HLA-E_CD94:NKG2C,T cell CD4 dividing,T cell CD8 dividing,3,3.0,2.3689668716585857,True,False,Chen_Zhang_2020;Deng_Liu_LUAD_2024;Hu_Zhang_2023_NSCLC,1.0,0.7896556238861953,III-IV,1,0.39502867034512607,2,1,0.39502867034512607,0.3946269535410692
HLA-F_LILRB1,Pericyte,Macrophage,2,2.0,0.9746083324204962,False,True,Deng_Liu_LUAD_2024;Hu_Zhang_2023_NSCLC,1.0,0.4873041662102481,III-IV,1,0.09289913087381442,3,1,0.09289913087381442,0.3944050353364337
COL5A1_integrin_a1b1_complex,Pericyte,NK cell,2,2.0,1.2606334782919402,True,False,Deng_Liu_LUAD_2024;Hu_Zhang_2023_NSCLC,1.0,0.6303167391459701,III-IV,1,0.23596234988640052,3,1,0.23596234988640052,0.39435438925956956
LGALS9_P4HB,DC mature,T cell CD8 terminally exhausted,3,2.0,1.1828680587095755,True,False,Deng_Liu_LUAD_2024;Hu_Zhang_2023_NSCLC,0.6666666666666666,0.39428935290319184,III-IV,1,0.0,1,1,0.0,0.39428935290319184
PLAUR_integrin_a4b1_complex,myeloid dividing,T cell CD4,3,2.0,1.611965483815745,True,False,Deng_Liu_LUAD_2024;Hu_Zhang_2023_NSCLC,0.6666666666666666,0.5373218279385816,III-IV,1,0.14310829817158932,4,1,0.14310829817158932,0.3942135297669923
HLA-F_LILRB1,DC mature,Macrophage alveolar,3,2.0,1.1825168925912592,True,True,Deng_Liu_LUAD_2024;Hu_Zhang_2023_NSCLC,0.6666666666666666,0.39417229753041977,III-IV,1,0.0,1,1,0.0,0.39417229753041977
CD55_ADGRE5,myeloid dividing,T cell CD4 dividing,3,2.0,1.182506491586751,True,True,Deng_Liu_LUAD_2024;Hu_Zhang_2023_NSCLC,0.6666666666666666,0.394168830528917,III-IV,1,0.0,2,1,0.0,0.394168830528917
CD55_ADGRE5,Monocyte classical,Pericyte,2,2.0,1.1470883161028564,True,False,Deng_Liu_LUAD_2024;Hu_Zhang_2023_NSCLC,1.0,0.5735441580514282,III-IV,1,0.17955930614158463,3,1,0.17955930614158463,0.39398485190984356
CCL4_CCR5,Macrophage,myeloid dividing,3,2.0,1.181758540997657,True,False,Deng_Liu_LUAD_2024;Hu_Zhang_2023_NSCLC,0.6666666666666666,0.3939195136658857,III-IV,1,0.0,4,1,0.0,0.3939195136658857
HLA-F_VSIR,DC mature,T cell CD4 dividing,3,2.0,1.1814100695705814,True,False,Deng_Liu_LUAD_2024;Hu_Zhang_2023_NSCLC,0.6666666666666666,0.3938033565235271,III-IV,1,0.0,1,1,0.0,0.3938033565235271
LGALS9_HAVCR2,pDC,T cell CD8 terminally exhausted,3,2.0,1.1809447240957518,False,True,Deng_Liu_LUAD_2024;Hu_Zhang_2023_NSCLC,0.6666666666666666,0.3936482413652506,III-IV,1,0.0,2,1,0.0,0.3936482413652506
CCL3_CCR1,Monocyte classical,Neutrophils,4,2.0,1.5738281180665217,True,False,Deng_Liu_LUAD_2024;Hu_Zhang_2023_NSCLC,0.5,0.3934570295166304,III-IV,1,0.0,3,1,0.0,0.3934570295166304
CD86_CTLA4,cDC2,DC mature,3,2.0,1.1795523418968041,True,False,Chen_Zhang_2020;Deng_Liu_LUAD_2024,0.6666666666666666,0.3931841139656014,III-IV,1,0.0,1,1,0.0,0.3931841139656014
HLA-F_VSIR,DC mature,T cell CD8 effector memory,3,2.0,1.1788837990508603,True,False,Deng_Liu_LUAD_2024;Hu_Zhang_2023_NSCLC,0.6666666666666666,0.3929612663502868,III-IV,1,0.0,1,1,0.0,0.3929612663502868
HLA-F_VSIR,T cell regulatory,myeloid dividing,3,2.0,1.178840986199373,False,True,Deng_Liu_LUAD_2024;Hu_Zhang_2023_NSCLC,0.6666666666666666,0.392946995399791,III-IV,1,0.0,4,1,0.0,0.392946995399791
CD58_CD2,myeloid dividing,T cell regulatory,3,2.0,1.7838897063177404,True,True,Deng_Liu_LUAD_2024;Hu_Zhang_2023_NSCLC,0.6666666666666666,0.5946299021059135,III-IV,1,0.20184193443687115,4,1,0.20184193443687115,0.39278796766904234
ICAM1_SPN,myeloid dividing,T cell CD8 effector memory,3,2.0,1.1782192579700759,True,False,Deng_Liu_LUAD_2024;Hu_Zhang_2023_NSCLC,0.6666666666666666,0.392739752656692,III-IV,1,0.0,4,1,0.0,0.392739752656692
ANXA1_FPR1,T cell regulatory,Neutrophils,4,2.0,1.5705669386692267,False,True,Deng_Liu_LUAD_2024;Maynard_Bivona_2020,0.5,0.3926417346673067,III-IV,1,0.0,3,1,0.0,0.3926417346673067
ProstaglandinE2_byPTGES3_PTGER4,pDC,myeloid dividing,3,2.0,1.1777738683208452,False,True,Deng_Liu_LUAD_2024;Hu_Zhang_2023_NSCLC,0.6666666666666666,0.3925912894402817,III-IV,1,0.0,2,1,0.0,0.3925912894402817
APLP2_PLXNA4,Macrophage alveolar,pDC,4,2.0,1.5701674883074073,True,True,Deng_Liu_LUAD_2024;Hu_Zhang_2023_NSCLC,0.5,0.3925418720768518,III-IV,1,0.0,3,1,0.0,0.3925418720768518
HLA-E_CD94:NKG2C,T cell CD8 activated,T cell CD8 dividing,3,3.0,2.5146708041534938,False,False,Chen_Zhang_2020;Deng_Liu_LUAD_2024;Hu_Zhang_2023_NSCLC,1.0,0.8382236013844979,III-IV,1,0.4457427242237369,2,1,0.4457427242237369,0.392480877160761
PTPRC_CD22,pDC,B cell,4,2.0,1.5690868516414216,False,True,Deng_Liu_LUAD_2024;Hu_Zhang_2023_NSCLC,0.5,0.3922717129103554,III-IV,1,0.0,3,1,0.0,0.3922717129103554
SEMA7A_integrin_a1b1_complex,DC mature,T cell CD8 dividing,3,2.0,1.1760168843006764,True,False,Deng_Liu_LUAD_2024;Hu_Zhang_2023_NSCLC,0.6666666666666666,0.3920056281002255,III-IV,1,0.0,1,1,0.0,0.3920056281002255
HLA-F_VSIR,T cell CD8 terminally exhausted,myeloid dividing,3,2.0,1.1754670967722958,False,True,Deng_Liu_LUAD_2024;Hu_Zhang_2023_NSCLC,0.6666666666666666,0.3918223655907653,III-IV,1,0.0,4,1,0.0,0.3918223655907653
HLA-F_LILRB2,DC mature,cDC2,3,2.0,1.175364925161423,True,False,Deng_Liu_LUAD_2024;Hu_Zhang_2023_NSCLC,0.6666666666666666,0.391788308387141,III-IV,1,0.0,1,1,0.0,0.391788308387141
ICAM1_integrin_aMb2_complex,DC mature,Macrophage,3,2.0,1.1748131027633952,True,False,Deng_Liu_LUAD_2024;Hu_Zhang_2023_NSCLC,0.6666666666666666,0.39160436758779843,III-IV,1,0.0,1,1,0.0,0.39160436758779843
LGALS9_HAVCR2,DC mature,DC mature,3,2.0,1.1746878625807802,True,True,Deng_Liu_LUAD_2024;Hu_Zhang_2023_NSCLC,0.6666666666666666,0.39156262086026006,III-IV,1,0.0,1,1,0.0,0.39156262086026006
BST2_LILRA4,cDC2,pDC,4,2.0,1.565725574376712,False,True,Deng_Liu_LUAD_2024;Hu_Zhang_2023_NSCLC,0.5,0.391431393594178,III-IV,1,0.0,3,1,0.0,0.391431393594178
ProstaglandinE2_byPTGES2_PTGER4,DC mature,myeloid dividing,3,3.0,1.1736103131584512,False,True,Chen_Zhang_2020;Deng_Liu_LUAD_2024;Hu_Zhang_2023_NSCLC,1.0,0.39120343771948374,III-IV,1,0.0,1,1,0.0,0.39120343771948374
CD80_CD28,DC mature,T cell CD4 dividing,3,2.0,1.173310381749806,True,True,Deng_Liu_LUAD_2024;Hu_Zhang_2023_NSCLC,0.6666666666666666,0.39110346058326867,III-IV,1,0.0,1,1,0.0,0.39110346058326867
ICAM1_SPN,cDC1,T cell CD4 dividing,3,2.0,1.1721698473861868,True,True,Deng_Liu_LUAD_2024;Hu_Zhang_2023_NSCLC,0.6666666666666666,0.3907232824620623,III-IV,1,0.0,1,1,0.0,0.3907232824620623
ICOSLG_ICOS,DC mature,T cell regulatory,3,2.0,1.1707341612244146,True,True,Deng_Liu_LUAD_2024;Hu_Zhang_2023_NSCLC,0.6666666666666666,0.39024472040813823,III-IV,1,0.0,1,1,0.0,0.39024472040813823
THY1_ADGRE5,Fibroblast peribronchial,T cell CD8 dividing,3,2.0,1.8116465975800886,True,True,Deng_Liu_LUAD_2024;Hu_Zhang_2023_NSCLC,0.6666666666666666,0.6038821991933628,III-IV,1,0.21366168992751272,4,1,0.21366168992751272,0.3902205092658501
PLAUR_integrin_a4b1_complex,myeloid dividing,T cell CD8 terminally exhausted,3,2.0,1.6217935667455075,True,False,Deng_Liu_LUAD_2024;Hu_Zhang_2023_NSCLC,0.6666666666666666,0.5405978555818358,III-IV,1,0.15042464567781025,4,1,0.15042464567781025,0.3901732099040256
HLA-E_CD94:NKG2C,Pericyte,T cell CD8 dividing,2,2.0,1.5606392867366854,False,False,Deng_Liu_LUAD_2024;Hu_Zhang_2023_NSCLC,1.0,0.7803196433683427,III-IV,1,0.390361091977685,3,1,0.390361091977685,0.3899585513906577
APP_SORL1,pDC,Macrophage,4,2.0,1.559459838009467,True,True,Deng_Liu_LUAD_2024;Hu_Zhang_2023_NSCLC,0.5,0.38986495950236677,III-IV,1,0.0,3,1,0.0,0.38986495950236677
CCL22_CCR4,DC mature,T cell regulatory,3,2.0,1.1695568632133828,True,False,Deng_Liu_LUAD_2024;Hu_Zhang_2023_NSCLC,0.6666666666666666,0.3898522877377943,III-IV,1,0.0,1,1,0.0,0.3898522877377943
COL5A2_integrin_a1b1_complex,Fibroblast peribronchial,T cell CD8 dividing,3,2.0,1.8817479778079935,True,False,Deng_Liu_LUAD_2024;Hu_Zhang_2023_NSCLC,0.6666666666666666,0.6272493259359978,III-IV,1,0.2375446283674132,4,1,0.2375446283674132,0.3897046975685846
APP_SORL1,pDC,T cell regulatory,4,2.0,1.5587711706276681,True,False,Deng_Liu_LUAD_2024;Hu_Zhang_2023_NSCLC,0.5,0.38969279265691703,III-IV,1,0.0,3,1,0.0,0.38969279265691703
APLP2_PLXNA4,Macrophage,pDC,4,2.0,1.5586365216913376,True,True,Deng_Liu_LUAD_2024;Hu_Zhang_2023_NSCLC,0.5,0.3896591304228344,III-IV,1,0.0,3,1,0.0,0.3896591304228344
APP_SORL1,Pericyte,cDC2,2,2.0,1.2690080498032936,True,False,Deng_Liu_LUAD_2024;Hu_Zhang_2023_NSCLC,1.0,0.6345040249016468,III-IV,1,0.24492408669623858,3,1,0.24492408669623858,0.38957993820540826
COL5A2_integrin_a1b1_complex,Fibroblast peribronchial,T cell CD8 terminally exhausted,3,2.0,1.8809732515578992,True,False,Deng_Liu_LUAD_2024;Hu_Zhang_2023_NSCLC,0.6666666666666666,0.626991083852633,III-IV,1,0.23743643838580547,4,1,0.23743643838580547,0.38955464546682755
IL1A_IL1_receptor_inhibitor,myeloid dividing,Neutrophils,2,2.0,0.7790274709215617,True,False,Deng_Liu_LUAD_2024;Hu_Zhang_2023_NSCLC,1.0,0.38951373546078083,III-IV,1,0.0,2,1,0.0,0.38951373546078083
SEMA4D_PTPRC,myeloid dividing,T cell CD8 dividing,3,2.0,1.7460837472966706,True,True,Deng_Liu_LUAD_2024;Hu_Zhang_2023_NSCLC,0.6666666666666666,0.5820279157655569,III-IV,1,0.19263226225251542,4,1,0.19263226225251542,0.3893956535130415
IGFBP3_TMEM219,Fibroblast peribronchial,T cell CD4 dividing,3,2.0,1.16757370141721,True,False,Deng_Liu_LUAD_2024;Hu_Zhang_2023_NSCLC,0.6666666666666666,0.38919123380573667,III-IV,1,0.0,2,1,0.0,0.38919123380573667
GAS6_AXL,pDC,cDC2,4,3.0,1.5561362867002326,True,True,Deng_Liu_LUAD_2024;Hu_Zhang_2023_NSCLC;Zilionis_Klein_2019,0.75,0.38903407167505816,III-IV,1,0.0,3,1,0.0,0.38903407167505816
ICAM1_integrin_aMb2_complex,DC mature,myeloid dividing,3,2.0,1.1665856110257216,True,False,Deng_Liu_LUAD_2024;Hu_Zhang_2023_NSCLC,0.6666666666666666,0.38886187034190717,III-IV,1,0.0,1,1,0.0,0.38886187034190717
WNT5A_SFRP2,DC mature,Fibroblast peribronchial,3,2.0,1.166578196847205,False,True,Deng_Liu_LUAD_2024;Hu_Zhang_2023_NSCLC,0.6666666666666666,0.38885939894906835,III-IV,1,0.0,1,1,0.0,0.38885939894906835
COL8A1_integrin_a1b1_complex,Fibroblast peribronchial,T cell CD8 terminally exhausted,3,2.0,1.721246395334193,True,False,Deng_Liu_LUAD_2024;Hu_Zhang_2023_NSCLC,0.6666666666666666,0.573748798444731,III-IV,1,0.1849913448014714,4,1,0.1849913448014714,0.38875745364325964
PLAUR_integrin_a4b1_complex,myeloid dividing,NK cell,3,2.0,1.6335958459566606,True,False,Deng_Liu_LUAD_2024;Hu_Zhang_2023_NSCLC,0.6666666666666666,0.5445319486522202,III-IV,1,0.15579357351509251,4,1,0.15579357351509251,0.3887383751371277
PLAUR_integrin_a4b1_complex,myeloid dividing,T cell regulatory,3,2.0,1.6289263741651014,True,False,Deng_Liu_LUAD_2024;Hu_Zhang_2023_NSCLC,0.6666666666666666,0.5429754580550338,III-IV,1,0.15438710375419237,4,1,0.15438710375419237,0.3885883543008414
CD55_ADGRE5,Monocyte classical,Neutrophils,4,2.0,1.5533483991589823,True,False,Deng_Liu_LUAD_2024;Hu_Zhang_2023_NSCLC,0.5,0.38833709978974557,III-IV,1,0.0,3,1,0.0,0.38833709978974557
CXCL16_CXCR6,DC mature,T cell CD8 activated,3,3.0,1.1641126402541622,True,False,Chen_Zhang_2020;Deng_Liu_LUAD_2024;Hu_Zhang_2023_NSCLC,1.0,0.3880375467513874,III-IV,1,0.0,1,1,0.0,0.3880375467513874
CCL4_CCR5,myeloid dividing,myeloid dividing,3,2.0,1.1641074168198176,True,False,Deng_Liu_LUAD_2024;Hu_Zhang_2023_NSCLC,0.6666666666666666,0.38803580560660583,III-IV,1,0.0,4,1,0.0,0.38803580560660583
HLA-F_LILRB2,DC mature,myeloid dividing,3,2.0,1.1639416907901134,True,True,Deng_Liu_LUAD_2024;Hu_Zhang_2023_NSCLC,0.6666666666666666,0.38798056359670446,III-IV,1,0.0,1,1,0.0,0.38798056359670446
PPIA_BSG,myeloid dividing,Fibroblast peribronchial,3,2.0,1.8722867002793553,True,True,Deng_Liu_LUAD_2024;Hu_Zhang_2023_NSCLC,0.6666666666666666,0.6240955667597851,III-IV,1,0.23617872984961594,4,1,0.23617872984961594,0.3879168369101691
VCAM1_integrin_a4b1_complex,Fibroblast peribronchial,DC mature,3,2.0,1.163704220494929,True,False,Deng_Liu_LUAD_2024;Hu_Zhang_2023_NSCLC,0.6666666666666666,0.38790140683164304,III-IV,1,0.0,1,1,0.0,0.38790140683164304
HLA-F_LILRB2,Pericyte,Macrophage,2,2.0,0.9871779388136457,False,True,Deng_Liu_LUAD_2024;Hu_Zhang_2023_NSCLC,1.0,0.49358896940682284,III-IV,1,0.10602618197554907,3,1,0.10602618197554907,0.38756278743127376
GAS6_AXL,pDC,Fibroblast peribronchial,4,4.0,1.54927967107529,True,True,Chen_Zhang_2020;Deng_Liu_LUAD_2024;Hu_Zhang_2023_NSCLC;Zilionis_Klein_2019,1.0,0.3873199177688225,III-IV,1,0.0,3,1,0.0,0.3873199177688225
CD58_CD2,Macrophage alveolar,T cell CD8 terminally exhausted,3,2.0,1.7638401759787508,True,True,Deng_Liu_LUAD_2024;Hu_Zhang_2023_NSCLC,0.6666666666666666,0.5879467253262503,III-IV,1,0.20081412961159797,4,1,0.20081412961159797,0.3871325957146523
HLA-E_CD94:NKG2A,Pericyte,T cell CD8 dividing,2,2.0,1.607147526981616,False,False,Deng_Liu_LUAD_2024;Hu_Zhang_2023_NSCLC,1.0,0.803573763490808,III-IV,1,0.41669099855008046,3,1,0.41669099855008046,0.38688276494072754
THY1_ADGRE5,Fibroblast peribronchial,Plasma cell,4,2.0,1.5471191242307865,True,False,Deng_Liu_LUAD_2024;Hu_Zhang_2023_NSCLC,0.5,0.3867797810576966,III-IV,1,0.0,5,1,0.0,0.3867797810576966
COL21A1_integrin_a1b1_complex,Pericyte,T cell CD8 dividing,2,2.0,0.7735528153136795,False,False,Deng_Liu_LUAD_2024;Hu_Zhang_2023_NSCLC,1.0,0.38677640765683974,III-IV,1,0.0,3,1,0.0,0.38677640765683974
APP_SORL1,pDC,pDC,4,2.0,1.5468865346006717,True,False,Deng_Liu_LUAD_2024;Hu_Zhang_2023_NSCLC,0.5,0.38672163365016793,III-IV,1,0.0,3,1,0.0,0.38672163365016793
LGALS9_HAVCR2,Macrophage,DC mature,3,2.0,1.1594175761845626,True,True,Deng_Liu_LUAD_2024;Hu_Zhang_2023_NSCLC,0.6666666666666666,0.3864725253948542,III-IV,1,0.0,1,1,0.0,0.3864725253948542
HLA-E_CD94:NKG2A,Monocyte classical,T cell CD8 dividing,4,4.0,2.724891451026772,False,False,Chen_Zhang_2020;Deng_Liu_LUAD_2024;Hu_Zhang_2023_NSCLC;Lambrechts_Thienpont_2018_6653,1.0,0.681222862756693,III-IV,1,0.29476510623567204,4,1,0.29476510623567204,0.38645775652102093
PLAUR_integrin_a4b1_complex,Macrophage,pDC,4,2.0,1.5436779229275592,True,False,Deng_Liu_LUAD_2024;Hu_Zhang_2023_NSCLC,0.5,0.3859194807318898,III-IV,1,0.0,3,1,0.0,0.3859194807318898
PPIA_BSG,myeloid dividing,T cell CD8 dividing,3,2.0,1.840053559179419,True,False,Deng_Liu_LUAD_2024;Hu_Zhang_2023_NSCLC,0.6666666666666666,0.6133511863931397,III-IV,1,0.2274423888347939,4,1,0.2274423888347939,0.3859087975583458
COL11A1_integrin_a1b1_complex,Fibroblast peribronchial,T cell CD8 dividing,3,2.0,1.5186938941358865,True,False,Deng_Liu_LUAD_2024;Hu_Zhang_2023_NSCLC,0.6666666666666666,0.5062312980452955,III-IV,1,0.1203343070431678,4,1,0.1203343070431678,0.3858969910021277
COL8A1_integrin_a1b1_complex,Fibroblast peribronchial,T cell CD8 dividing,3,2.0,1.7135815601643762,True,False,Deng_Liu_LUAD_2024;Hu_Zhang_2023_NSCLC,0.6666666666666666,0.5711938533881254,III-IV,1,0.18530239099859352,4,1,0.18530239099859352,0.3858914623895319
LAMC1_integrin_a2b1_complex,Pericyte,Fibroblast peribronchial,2,2.0,1.1661767079995702,True,False,Deng_Liu_LUAD_2024;Hu_Zhang_2023_NSCLC,1.0,0.5830883539997851,III-IV,1,0.19726639979804536,3,1,0.19726639979804536,0.3858219542017397
ANXA1_FPR2,T cell CD4,Neutrophils,4,2.0,1.54312368789943,True,True,Deng_Liu_LUAD_2024;Hu_Zhang_2023_NSCLC,0.5,0.3857809219748575,III-IV,1,0.0,3,1,0.0,0.3857809219748575
LGALS9_P4HB,Macrophage,DC mature,3,2.0,1.1567402719984066,True,False,Deng_Liu_LUAD_2024;Hu_Zhang_2023_NSCLC,0.6666666666666666,0.3855800906661355,III-IV,1,0.0,1,1,0.0,0.3855800906661355
PLAU_PLAUR,DC mature,cDC2,3,2.0,1.1560799769451284,False,True,Deng_Liu_LUAD_2024;Hu_Zhang_2023_NSCLC,0.6666666666666666,0.3853599923150428,III-IV,1,0.0,1,1,0.0,0.3853599923150428
LGALS9_HAVCR2,cDC1,DC mature,3,2.0,1.155676161093095,True,True,Deng_Liu_LUAD_2024;Hu_Zhang_2023_NSCLC,0.6666666666666666,0.38522538703103165,III-IV,1,0.0,1,1,0.0,0.38522538703103165
CXCL9_CXCR3,DC mature,pDC,3,2.0,1.1553023041634904,True,True,Deng_Liu_LUAD_2024;Hu_Zhang_2023_NSCLC,0.6666666666666666,0.38510076805449683,III-IV,1,0.0,1,1,0.0,0.38510076805449683
HLA-E_CD94:NKG2C,cDC2,T cell CD8 dividing,4,4.0,2.7164563868286544,True,False,Chen_Zhang_2020;Deng_Liu_LUAD_2024;Hu_Zhang_2023_NSCLC;Lambrechts_Thienpont_2018_6653,1.0,0.6791140967071636,III-IV,1,0.29410316417522453,4,1,0.29410316417522453,0.3850109325319391
integrin_aVb1_complex_ADGRE2,Pericyte,pDC,2,2.0,0.7694856447904547,False,False,Deng_Liu_LUAD_2024;Hu_Zhang_2023_NSCLC,1.0,0.38474282239522734,III-IV,1,0.0,2,1,0.0,0.38474282239522734
HLA-F_VSIR,T cell CD8 dividing,myeloid dividing,3,2.0,1.1541520689114044,False,True,Deng_Liu_LUAD_2024;Hu_Zhang_2023_NSCLC,0.6666666666666666,0.3847173563038015,III-IV,1,0.0,4,1,0.0,0.3847173563038015
VEGFB_NRP1,B cell,Pericyte,2,2.0,0.7685757407393938,False,True,Deng_Liu_LUAD_2024;Hu_Zhang_2023_NSCLC,1.0,0.3842878703696969,III-IV,1,0.0,3,1,0.0,0.3842878703696969
TNF_TNFRSF1B,DC mature,Monocyte classical,3,2.0,1.152585858957463,False,True,Deng_Liu_LUAD_2024;Hu_Zhang_2023_NSCLC,0.6666666666666666,0.3841952863191543,III-IV,1,0.0,1,1,0.0,0.3841952863191543
CD93_IFNGR1,Monocyte classical,DC mature,3,2.0,1.1519228238816894,True,True,Deng_Liu_LUAD_2024;Hu_Zhang_2023_NSCLC,0.6666666666666666,0.38397427462722983,III-IV,1,0.0,1,1,0.0,0.38397427462722983
COL12A1_integrin_a1b1_complex,Pericyte,T cell CD8 terminally exhausted,2,2.0,1.2360452820146999,True,False,Deng_Liu_LUAD_2024;Hu_Zhang_2023_NSCLC,1.0,0.6180226410073499,III-IV,1,0.23405099354466444,3,1,0.23405099354466444,0.38397164746268553
CCL22_DPP4,DC mature,pDC,3,2.0,1.1515001603013895,True,False,Deng_Liu_LUAD_2024;Hu_Zhang_2023_NSCLC,0.6666666666666666,0.3838333867671298,III-IV,1,0.0,1,1,0.0,0.3838333867671298
ProstaglandinE2_byPTGES3_PTGER3,myeloid dividing,Fibroblast peribronchial,3,2.0,1.151079043020549,False,False,Deng_Liu_LUAD_2024;Hu_Zhang_2023_NSCLC,0.6666666666666666,0.38369301434018305,III-IV,1,0.0,4,1,0.0,0.38369301434018305
HLA-F_LILRB1,DC mature,B cell,3,2.0,1.1509524429002984,True,False,Deng_Liu_LUAD_2024;Hu_Zhang_2023_NSCLC,0.6666666666666666,0.38365081430009945,III-IV,1,0.0,1,1,0.0,0.38365081430009945
CD44_TYROBP,T cell CD8 activated,Mast cell,4,3.0,2.70278825383864,False,True,Chen_Zhang_2020;Deng_Liu_LUAD_2024;Hu_Zhang_2023_NSCLC,0.75,0.67569706345966,III-IV,1,0.29205366357069146,3,1,0.29205366357069146,0.3836433998889685
PPIA_BSG,T cell CD8 dividing,Macrophage alveolar,3,2.0,1.8505616965526226,True,True,Deng_Liu_LUAD_2024;Hu_Zhang_2023_NSCLC,0.6666666666666666,0.6168538988508742,III-IV,1,0.23329817158931082,4,1,0.23329817158931082,0.38355572726156334
VCAM1_integrin_a4b1_complex,Fibroblast peribronchial,T cell CD8 terminally exhausted,3,2.0,1.2875452489027368,True,False,Deng_Liu_LUAD_2024;Hu_Zhang_2023_NSCLC,0.6666666666666666,0.4291817496342456,III-IV,1,0.04572379097695553,4,1,0.04572379097695553,0.38345795865729004
CD86_CTLA4,pDC,T cell CD4 dividing,3,2.0,1.1497559093269338,False,True,Deng_Liu_LUAD_2024;Hu_Zhang_2023_NSCLC,0.6666666666666666,0.38325196977564463,III-IV,1,0.0,2,1,0.0,0.38325196977564463
CD96_NECTIN1,T cell CD8 activated,DC mature,3,2.0,1.149503358834414,True,False,Deng_Liu_LUAD_2024;Hu_Zhang_2023_NSCLC,0.6666666666666666,0.38316778627813797,III-IV,1,0.0,1,1,0.0,0.38316778627813797
LAIR1_LILRB4,Mast cell,pDC,4,3.0,1.5325167714359882,False,True,Deng_Liu_LUAD_2024;Hu_Zhang_2023_NSCLC;Zilionis_Klein_2019,0.75,0.38312919285899705,III-IV,1,0.0,3,1,0.0,0.38312919285899705
APP_SORL1,pDC,T cell CD8 effector memory,4,2.0,1.5310465401081168,True,False,Deng_Liu_LUAD_2024;Hu_Zhang_2023_NSCLC,0.5,0.3827616350270292,III-IV,1,0.0,3,1,0.0,0.3827616350270292
CCL4_CCR5,myeloid dividing,T cell CD8 dividing,3,2.0,1.366770747898609,True,True,Deng_Liu_LUAD_2024;Hu_Zhang_2023_NSCLC,0.6666666666666666,0.45559024929953634,III-IV,1,0.0728524288650871,4,1,0.0728524288650871,0.38273782043444926
CD55_ADGRE5,DC mature,Macrophage,3,2.0,1.1479980589761234,True,True,Deng_Liu_LUAD_2024;Hu_Zhang_2023_NSCLC,0.6666666666666666,0.3826660196587078,III-IV,1,0.0,1,1,0.0,0.3826660196587078
CD58_CD2,myeloid dividing,T cell CD8 effector memory,3,2.0,1.7138465918623065,True,True,Deng_Liu_LUAD_2024;Hu_Zhang_2023_NSCLC,0.6666666666666666,0.5712821972874355,III-IV,1,0.188777994157741,4,1,0.188777994157741,0.38250420312969446
integrin_aVb1_complex_ADGRE5,Pericyte,Pericyte,2,2.0,0.9653993837649114,False,False,Deng_Liu_LUAD_2024;Hu_Zhang_2023_NSCLC,1.0,0.4826996918824557,III-IV,1,0.10032817627754337,3,1,0.10032817627754337,0.38237151560491234
ICAM1_ITGAL,pDC,T cell CD4 dividing,3,2.0,1.1465384882800271,False,True,Deng_Liu_LUAD_2024;Hu_Zhang_2023_NSCLC,0.6666666666666666,0.3821794960933424,III-IV,1,0.0,2,1,0.0,0.3821794960933424
PPIA_BSG,T cell CD8 dividing,myeloid dividing,3,2.0,1.8440435053921727,True,True,Deng_Liu_LUAD_2024;Hu_Zhang_2023_NSCLC,0.6666666666666666,0.6146811684640575,III-IV,1,0.2327301741858704,4,1,0.2327301741858704,0.38195099427818713
IGFBP3_TMEM219,Fibroblast peribronchial,T cell CD8 terminally exhausted,3,2.0,1.1450551237121163,True,False,Deng_Liu_LUAD_2024;Hu_Zhang_2023_NSCLC,0.6666666666666666,0.38168504123737207,III-IV,1,0.0,4,1,0.0,0.38168504123737207
HLA-F_VSIR,DC mature,T cell CD8 dividing,3,2.0,1.144563788318031,True,False,Deng_Liu_LUAD_2024;Hu_Zhang_2023_NSCLC,0.6666666666666666,0.381521262772677,III-IV,1,0.0,1,1,0.0,0.381521262772677
CD274_PDCD1,DC mature,T cell CD8 dividing,3,2.0,1.1442726760383362,True,True,Deng_Liu_LUAD_2024;Hu_Zhang_2023_NSCLC,0.6666666666666666,0.38142422534611203,III-IV,1,0.0,1,1,0.0,0.38142422534611203
PVR_CD96,myeloid dividing,T cell CD8 activated,3,2.0,1.1434768556444737,False,True,Deng_Liu_LUAD_2024;Hu_Zhang_2023_NSCLC,0.6666666666666666,0.38115895188149124,III-IV,1,0.0,2,1,0.0,0.38115895188149124
TNF_TNFRSF1B,Monocyte classical,DC mature,3,2.0,1.1430432621950293,True,True,Deng_Liu_LUAD_2024;Hu_Zhang_2023_NSCLC,0.6666666666666666,0.3810144207316764,III-IV,1,0.0,1,1,0.0,0.3810144207316764
integrin_aVb1_complex_ADGRE5,Pericyte,Fibroblast peribronchial,2,2.0,0.882545979138879,False,False,Deng_Liu_LUAD_2024;Hu_Zhang_2023_NSCLC,1.0,0.4412729895694395,III-IV,1,0.06026181975549064,3,1,0.06026181975549064,0.38101116981394884
ProstaglandinE2_byPTGES3_PTGER2,myeloid dividing,cDC1,3,2.0,1.142278115950056,False,False,Deng_Liu_LUAD_2024;Hu_Zhang_2023_NSCLC,0.6666666666666666,0.38075937198335197,III-IV,1,0.0,1,1,0.0,0.38075937198335197
VEGFA_NRP1,DC mature,Pericyte,2,2.0,0.7615108798335131,False,True,Deng_Liu_LUAD_2024;Hu_Zhang_2023_NSCLC,1.0,0.38075543991675653,III-IV,1,0.0,1,1,0.0,0.38075543991675653
PLAUR_integrin_a4b1_complex,myeloid dividing,myeloid dividing,3,2.0,1.5483530913467691,True,False,Deng_Liu_LUAD_2024;Hu_Zhang_2023_NSCLC,0.6666666666666666,0.5161176971155897,III-IV,1,0.13550795196364818,4,1,0.13550795196364818,0.38060974515194157
SELPLG_SELL,DC mature,B cell,3,2.0,1.1416963598136294,True,True,Deng_Liu_LUAD_2024;Hu_Zhang_2023_NSCLC,0.6666666666666666,0.3805654532712098,III-IV,1,0.0,1,1,0.0,0.3805654532712098
SPP1_integrin_a4b1_complex,myeloid dividing,T cell CD4,3,2.0,1.6968863361505129,True,False,Deng_Liu_LUAD_2024;Hu_Zhang_2023_NSCLC,0.6666666666666666,0.5656287787168376,III-IV,1,0.18514010602618197,4,1,0.18514010602618197,0.3804886726906556
ICAM1_ITGAL,cDC1,T cell CD4,3,2.0,1.1410073751130485,True,False,Deng_Liu_LUAD_2024;Hu_Zhang_2023_NSCLC,0.6666666666666666,0.3803357917043495,III-IV,1,0.0,1,1,0.0,0.3803357917043495
ICAM1_integrin_aLb2_complex,cDC1,T cell CD4,3,2.0,1.1410073751130485,True,False,Deng_Liu_LUAD_2024;Hu_Zhang_2023_NSCLC,0.6666666666666666,0.3803357917043495,III-IV,1,0.0,1,1,0.0,0.3803357917043495
CD58_CD2,Macrophage alveolar,T cell CD8 dividing,3,2.0,1.6863835075708937,True,True,Deng_Liu_LUAD_2024;Hu_Zhang_2023_NSCLC,0.6666666666666666,0.5621278358569646,III-IV,1,0.1818132640917451,4,1,0.1818132640917451,0.38031457176521943
ICAM1_SPN,DC mature,T cell CD8 effector memory,3,2.0,1.1409403805556804,True,False,Deng_Liu_LUAD_2024;Hu_Zhang_2023_NSCLC,0.6666666666666666,0.38031346018522677,III-IV,1,0.0,1,1,0.0,0.38031346018522677
ProstaglandinE2_byPTGES2_PTGER4,DC mature,NK cell,3,3.0,1.1407525607419329,False,False,Chen_Zhang_2020;Deng_Liu_LUAD_2024;Hu_Zhang_2023_NSCLC,1.0,0.3802508535806443,III-IV,1,0.0,1,1,0.0,0.3802508535806443
ICAM1_SPN,myeloid dividing,Mast cell,3,2.0,1.1405113554893298,True,False,Deng_Liu_LUAD_2024;Hu_Zhang_2023_NSCLC,0.6666666666666666,0.3801704518297766,III-IV,1,0.0,4,1,0.0,0.3801704518297766
VEGFB_NRP1,Pericyte,Pericyte,2,2.0,0.7603277441642609,False,True,Deng_Liu_LUAD_2024;Hu_Zhang_2023_NSCLC,1.0,0.3801638720821304,III-IV,1,0.0,3,1,0.0,0.3801638720821304
APP_SORL1,pDC,Macrophage alveolar,4,2.0,1.5191910671881923,True,False,Deng_Liu_LUAD_2024;Hu_Zhang_2023_NSCLC,0.5,0.3797977667970481,III-IV,1,0.0,3,1,0.0,0.3797977667970481
SPP1_integrin_a4b1_complex,myeloid dividing,NK cell,3,2.0,1.7163243277188593,True,False,Deng_Liu_LUAD_2024;Hu_Zhang_2023_NSCLC,0.6666666666666666,0.5721081092396197,III-IV,1,0.19233473980309423,4,1,0.19233473980309423,0.3797733694365255
SPP1_integrin_a4b1_complex,myeloid dividing,T cell regulatory,3,2.0,1.7139398483264578,True,False,Deng_Liu_LUAD_2024;Hu_Zhang_2023_NSCLC,0.6666666666666666,0.571313282775486,III-IV,1,0.1915774099318403,4,1,0.1915774099318403,0.3797358728436457
HLA-E_CD94:NKG2E,pDC,NK cell,4,2.0,1.5187251492917277,False,False,Chen_Zhang_2020;Deng_Liu_LUAD_2024,0.5,0.37968128732293194,III-IV,1,0.0,3,1,0.0,0.37968128732293194
HLA-E_CD94:NKG2A,cDC2,T cell CD8 dividing,4,4.0,2.7744881147086797,True,False,Chen_Zhang_2020;Deng_Liu_LUAD_2024;Hu_Zhang_2023_NSCLC;Lambrechts_Thienpont_2018_6653,1.0,0.6936220286771699,III-IV,1,0.3142132679649837,4,1,0.3142132679649837,0.3794087607121862
HLA-F_VSIR,DC mature,pDC,3,2.0,1.137042421531951,True,False,Deng_Liu_LUAD_2024;Hu_Zhang_2023_NSCLC,0.6666666666666666,0.37901414051065035,III-IV,1,0.0,1,1,0.0,0.37901414051065035
ICAM1_SPN,cDC1,cDC2,3,2.0,1.1346315190549725,True,True,Deng_Liu_LUAD_2024;Hu_Zhang_2023_NSCLC,0.6666666666666666,0.3782105063516575,III-IV,1,0.0,1,1,0.0,0.3782105063516575
BST2_LILRA4,Monocyte classical,pDC,4,2.0,1.51279143236872,False,True,Deng_Liu_LUAD_2024;Hu_Zhang_2023_NSCLC,0.5,0.37819785809218,III-IV,1,0.0,3,1,0.0,0.37819785809218
CD80_CD28,DC mature,T cell CD8 activated,3,2.0,1.1343321212293136,True,True,Deng_Liu_LUAD_2024;Hu_Zhang_2023_NSCLC,0.6666666666666666,0.37811070707643785,III-IV,1,0.0,1,1,0.0,0.37811070707643785
PPIA_BSG,myeloid dividing,Mast cell,3,2.0,1.824011170709063,True,False,Deng_Liu_LUAD_2024;Hu_Zhang_2023_NSCLC,0.6666666666666666,0.6080037235696877,III-IV,1,0.23007951963648166,4,1,0.23007951963648166,0.377924203933206
PPIA_BSG,myeloid dividing,myeloid dividing,3,2.0,1.844164413921579,True,True,Deng_Liu_LUAD_2024;Hu_Zhang_2023_NSCLC,0.6666666666666666,0.614721471307193,III-IV,1,0.23681434599156118,4,1,0.23681434599156118,0.37790712531563186
PPIA_BSG,myeloid dividing,Macrophage alveolar,3,2.0,1.8454328176805754,True,True,Deng_Liu_LUAD_2024;Hu_Zhang_2023_NSCLC,0.6666666666666666,0.6151442725601918,III-IV,1,0.23727415341339392,4,1,0.23727415341339392,0.37787011914679786
HLA-F_VSIR,DC mature,Macrophage alveolar,3,2.0,1.133316358625346,True,False,Deng_Liu_LUAD_2024;Hu_Zhang_2023_NSCLC,0.6666666666666666,0.377772119541782,III-IV,1,0.0,1,1,0.0,0.377772119541782
SELPLG_SELL,NK cell,pDC,4,2.0,1.5105363585975429,False,True,Deng_Liu_LUAD_2024;Hu_Zhang_2023_NSCLC,0.5,0.3776340896493857,III-IV,1,0.0,3,1,0.0,0.3776340896493857
COL24A1_integrin_a1b1_complex,pDC,T cell CD8 dividing,3,2.0,1.1327998543113922,True,False,Deng_Liu_LUAD_2024;Hu_Zhang_2023_NSCLC,0.6666666666666666,0.3775999514371307,III-IV,1,0.0,2,1,0.0,0.3775999514371307
GAS6_AXL,Pericyte,cDC1,2,2.0,0.755053382186054,True,True,Deng_Liu_LUAD_2024;Hu_Zhang_2023_NSCLC,1.0,0.377526691093027,III-IV,1,0.0,1,1,0.0,0.377526691093027
ICAM1_SPN,myeloid dividing,T cell regulatory,3,2.0,1.1320411954726206,True,False,Deng_Liu_LUAD_2024;Hu_Zhang_2023_NSCLC,0.6666666666666666,0.3773470651575402,III-IV,1,0.0,4,1,0.0,0.3773470651575402
PPIA_BSG,myeloid dividing,T cell CD8 terminally exhausted,3,2.0,1.81317340963705,True,False,Deng_Liu_LUAD_2024;Hu_Zhang_2023_NSCLC,0.6666666666666666,0.6043911365456833,III-IV,1,0.22723953261927946,4,1,0.22723953261927946,0.3771516039264039
LAMC1_integrin_a6b1_complex,Pericyte,myeloid dividing,2,2.0,1.1500276450137261,True,False,Deng_Liu_LUAD_2024;Hu_Zhang_2023_NSCLC,1.0,0.5750138225068631,III-IV,1,0.197879476360489,3,1,0.197879476360489,0.3771343461463741
ICAM1_integrin_aXb2_complex,pDC,Monocyte classical,4,3.0,1.5079137875184725,False,False,Deng_Liu_LUAD_2024;Hu_Zhang_2023_NSCLC;Zilionis_Klein_2019,0.75,0.3769784468796181,III-IV,1,0.0,3,1,0.0,0.3769784468796181
IL6_IL6_receptor,Pericyte,DC mature,2,2.0,0.7536536034146644,False,False,Deng_Liu_LUAD_2024;Hu_Zhang_2023_NSCLC,1.0,0.3768268017073322,III-IV,1,0.0,1,1,0.0,0.3768268017073322
PPIA_BSG,myeloid dividing,NK cell,3,2.0,1.8060628649002293,True,False,Deng_Liu_LUAD_2024;Hu_Zhang_2023_NSCLC,0.6666666666666666,0.6020209549667431,III-IV,1,0.22526506545493888,4,1,0.22526506545493888,0.3767558895118043
ICAM1_SPN,myeloid dividing,T cell CD4,3,2.0,1.1302070475836539,True,False,Deng_Liu_LUAD_2024;Hu_Zhang_2023_NSCLC,0.6666666666666666,0.37673568252788464,III-IV,1,0.0,4,1,0.0,0.37673568252788464
ICAM1_SPN,myeloid dividing,T cell CD8 activated,3,2.0,1.1301232703885025,True,False,Deng_Liu_LUAD_2024;Hu_Zhang_2023_NSCLC,0.6666666666666666,0.37670775679616747,III-IV,1,0.0,2,1,0.0,0.37670775679616747
CD47_SIRPA,DC mature,Macrophage,3,2.0,1.1299774044850825,False,True,Deng_Liu_LUAD_2024;Hu_Zhang_2023_NSCLC,0.6666666666666666,0.37665913482836083,III-IV,1,0.0,1,1,0.0,0.37665913482836083
ICAM1_SPN,pDC,cDC1,3,2.0,1.1291992935013173,False,True,Deng_Liu_LUAD_2024;Hu_Zhang_2023_NSCLC,0.6666666666666666,0.3763997645004391,III-IV,1,0.0,1,1,0.0,0.3763997645004391
APP_SORL1,pDC,cDC2,4,2.0,1.5054908338289383,True,False,Deng_Liu_LUAD_2024;Hu_Zhang_2023_NSCLC,0.5,0.3763727084572346,III-IV,1,0.0,3,1,0.0,0.3763727084572346
IL34_CSF1R,Pericyte,Macrophage,2,2.0,0.7525318059695782,False,True,Deng_Liu_LUAD_2024;Hu_Zhang_2023_NSCLC,1.0,0.3762659029847891,III-IV,1,0.0,3,1,0.0,0.3762659029847891
PPIA_BSG,myeloid dividing,Macrophage,3,2.0,1.8317020260189714,True,True,Deng_Liu_LUAD_2024;Hu_Zhang_2023_NSCLC,0.6666666666666666,0.6105673420063238,III-IV,1,0.23444769014389266,4,1,0.23444769014389266,0.3761196518624311
SPP1_integrin_a4b1_complex,myeloid dividing,T cell CD8 terminally exhausted,3,2.0,1.6963123165481906,True,False,Deng_Liu_LUAD_2024;Hu_Zhang_2023_NSCLC,0.6666666666666666,0.5654374388493969,III-IV,1,0.18933246781348048,4,1,0.18933246781348048,0.37610497103591645
CCL3_CCR5,myeloid dividing,T cell CD8 effector memory,3,2.0,1.4134768439590835,True,False,Deng_Liu_LUAD_2024;Hu_Zhang_2023_NSCLC,0.6666666666666666,0.47115894798636115,III-IV,1,0.09513956507627394,4,1,0.09513956507627394,0.3760193829100872
CD96_NECTIN1,T cell CD8 activated,cDC1,3,2.0,1.1279358963275419,True,False,Deng_Liu_LUAD_2024;Hu_Zhang_2023_NSCLC,0.6666666666666666,0.37597863210918064,III-IV,1,0.0,1,1,0.0,0.37597863210918064
ICAM1_integrin_aLb2_complex,pDC,T cell CD4 dividing,3,2.0,1.1270841875336672,False,False,Deng_Liu_LUAD_2024;Hu_Zhang_2023_NSCLC,0.6666666666666666,0.3756947291778891,III-IV,1,0.0,2,1,0.0,0.3756947291778891
PLAUR_integrin_a4b1_complex,Monocyte classical,myeloid dividing,3,2.0,1.7195463876641446,True,False,Deng_Liu_LUAD_2024;Hu_Zhang_2023_NSCLC,0.6666666666666666,0.5731821292213816,III-IV,1,0.19751433517256303,4,1,0.19751433517256303,0.37566779404881856
HLA-E_CD94:NKG2A,Macrophage,T cell CD8 dividing,4,4.0,2.813256829630068,True,False,Chen_Zhang_2020;Deng_Liu_LUAD_2024;Hu_Zhang_2023_NSCLC;Lambrechts_Thienpont_2018_6653,1.0,0.703314207407517,III-IV,1,0.327689275207195,4,1,0.327689275207195,0.37562493220032206
CD55_ADGRE5,cDC1,T cell regulatory,3,2.0,1.1265918347047583,True,False,Deng_Liu_LUAD_2024;Hu_Zhang_2023_NSCLC,0.6666666666666666,0.3755306115682528,III-IV,1,0.0,1,1,0.0,0.3755306115682528
APP_TNFRSF21,pDC,Mast cell,4,2.0,1.5020166212988113,True,False,Deng_Liu_LUAD_2024;Hu_Zhang_2023_NSCLC,0.5,0.3755041553247028,III-IV,1,0.0,3,1,0.0,0.3755041553247028
LGALS9_P4HB,DC mature,T cell CD4,3,2.0,1.126475731288331,True,False,Deng_Liu_LUAD_2024;Hu_Zhang_2023_NSCLC,0.6666666666666666,0.37549191042944363,III-IV,1,0.0,1,1,0.0,0.37549191042944363
HLA-F_LILRB2,DC mature,Macrophage alveolar,3,2.0,1.1264138944203652,True,False,Deng_Liu_LUAD_2024;Hu_Zhang_2023_NSCLC,0.6666666666666666,0.37547129814012176,III-IV,1,0.0,1,1,0.0,0.37547129814012176
CCL4_CCR5,T cell CD8 dividing,myeloid dividing,3,2.0,1.6661007781482562,True,False,Deng_Liu_LUAD_2024;Hu_Zhang_2023_NSCLC,0.6666666666666666,0.5553669260494187,III-IV,1,0.1799605106567132,4,1,0.1799605106567132,0.37540641539270553
CCL3_CCR5,myeloid dividing,Macrophage,3,2.0,1.3006276071893275,True,False,Deng_Liu_LUAD_2024;Hu_Zhang_2023_NSCLC,0.6666666666666666,0.4335425357297758,III-IV,1,0.05815211511414043,4,1,0.05815211511414043,0.3753904206156354
PLAUR_integrin_a4b1_complex,myeloid dividing,T cell CD8 effector memory,3,2.0,1.5709911672755728,True,False,Deng_Liu_LUAD_2024;Hu_Zhang_2023_NSCLC,0.6666666666666666,0.5236637224251909,III-IV,1,0.14840960727036676,4,1,0.14840960727036676,0.3752541151548241
ICAM1_SPN,DC mature,myeloid dividing,3,2.0,1.1253988772636943,True,True,Deng_Liu_LUAD_2024;Hu_Zhang_2023_NSCLC,0.6666666666666666,0.37513295908789807,III-IV,1,0.0,1,1,0.0,0.37513295908789807
PTPRC_CD22,pDC,Mast cell,4,2.0,1.499757306536934,False,True,Deng_Liu_LUAD_2024;Hu_Zhang_2023_NSCLC,0.5,0.3749393266342335,III-IV,1,0.0,3,1,0.0,0.3749393266342335
CCL4_CCR5,myeloid dividing,Macrophage alveolar,3,2.0,1.1237220389015097,True,False,Deng_Liu_LUAD_2024;Hu_Zhang_2023_NSCLC,0.6666666666666666,0.3745740129671699,III-IV,1,0.0,4,1,0.0,0.3745740129671699
CD47_SIRPA,myeloid dividing,DC mature,3,2.0,1.1231692544735248,True,True,Deng_Liu_LUAD_2024;Hu_Zhang_2023_NSCLC,0.6666666666666666,0.3743897514911749,III-IV,1,0.0,1,1,0.0,0.3743897514911749
CD47_SIRPG,pDC,T cell CD4 dividing,3,2.0,1.1222860152737315,True,True,Deng_Liu_LUAD_2024;Hu_Zhang_2023_NSCLC,0.6666666666666666,0.37409533842457715,III-IV,1,0.0,2,1,0.0,0.37409533842457715
CD248_IL6R,Pericyte,pDC,2,2.0,0.747703357468432,True,False,Deng_Liu_LUAD_2024;Hu_Zhang_2023_NSCLC,1.0,0.373851678734216,III-IV,1,0.0,2,1,0.0,0.373851678734216
HLA-F_VSIR,DC mature,Fibroblast peribronchial,3,2.0,1.1214411615729012,True,False,Deng_Liu_LUAD_2024;Hu_Zhang_2023_NSCLC,0.6666666666666666,0.3738137205243004,III-IV,1,0.0,1,1,0.0,0.3738137205243004
CCL3_CCR5,myeloid dividing,T cell CD8 terminally exhausted,3,2.0,1.4303548284807368,True,False,Deng_Liu_LUAD_2024;Hu_Zhang_2023_NSCLC,0.6666666666666666,0.47678494282691225,III-IV,1,0.10319971870604781,4,1,0.10319971870604781,0.3735852241208644
PLAUR_integrin_a4b1_complex,myeloid dividing,T cell CD8 dividing,3,2.0,1.5941538467024705,True,False,Deng_Liu_LUAD_2024;Hu_Zhang_2023_NSCLC,0.6666666666666666,0.5313846155674902,III-IV,1,0.15821432435356486,4,1,0.15821432435356486,0.3731702912139253
PPIA_BSG,myeloid dividing,cDC2,3,2.0,1.7974895057642115,True,False,Deng_Liu_LUAD_2024;Hu_Zhang_2023_NSCLC,0.6666666666666666,0.5991631685880705,III-IV,1,0.22600887157849184,4,1,0.22600887157849184,0.3731542970095787
APP_TNFRSF21,pDC,Macrophage,4,2.0,1.491837513281302,True,False,Deng_Liu_LUAD_2024;Hu_Zhang_2023_NSCLC,0.5,0.3729593783203255,III-IV,1,0.0,3,1,0.0,0.3729593783203255
LGALS9_P4HB,myeloid dividing,DC mature,3,2.0,1.1185978795167384,True,False,Deng_Liu_LUAD_2024;Hu_Zhang_2023_NSCLC,0.6666666666666666,0.3728659598389128,III-IV,1,0.0,1,1,0.0,0.3728659598389128
LTB_LTBR,pDC,Fibroblast peribronchial,4,2.0,1.489007840675106,True,False,Deng_Liu_LUAD_2024;Hu_Zhang_2023_NSCLC,0.5,0.3722519601687765,III-IV,1,0.0,3,1,0.0,0.3722519601687765
HLA-E_CD94:NKG2C,Plasma cell,NK cell,5,4.0,1.86108876206029,False,False,Chen_Zhang_2020;Deng_Liu_LUAD_2024;Hu_Zhang_2023_NSCLC;Lambrechts_Thienpont_2018_6653,0.8,0.372217752412058,III-IV,1,0.0,5,1,0.0,0.372217752412058
GAS6_AXL,pDC,cDC1,3,2.0,1.1165148177092248,True,True,Deng_Liu_LUAD_2024;Hu_Zhang_2023_NSCLC,0.6666666666666666,0.3721716059030749,III-IV,1,0.0,1,1,0.0,0.3721716059030749
PPIA_BSG,myeloid dividing,T cell CD8 effector memory,3,2.0,1.7811103665144752,True,False,Deng_Liu_LUAD_2024;Hu_Zhang_2023_NSCLC,0.6666666666666666,0.5937034555048251,III-IV,1,0.22181650979119333,4,1,0.22181650979119333,0.37188694571363173
ANXA1_FPR3,DC mature,cDC2,3,3.0,1.1153616975631033,False,True,Chen_Zhang_2020;Deng_Liu_LUAD_2024;Hu_Zhang_2023_NSCLC,1.0,0.37178723252103446,III-IV,1,0.0,1,1,0.0,0.37178723252103446
PPIA_BSG,myeloid dividing,T cell CD4,3,2.0,1.7775160765279419,True,False,Deng_Liu_LUAD_2024;Hu_Zhang_2023_NSCLC,0.6666666666666666,0.5925053588426473,III-IV,1,0.22078870496592015,4,1,0.22078870496592015,0.37171665387672714
PLAUR_integrin_a4b1_complex,myeloid dividing,Monocyte classical,3,2.0,1.557718019812337,True,False,Deng_Liu_LUAD_2024;Hu_Zhang_2023_NSCLC,0.6666666666666666,0.5192393399374456,III-IV,1,0.14758465866060802,4,1,0.14758465866060802,0.37165468127683765
SEMA4D_PTPRC,Macrophage alveolar,T cell CD8 dividing,3,2.0,1.6942245251797892,False,True,Deng_Liu_LUAD_2024;Hu_Zhang_2023_NSCLC,0.6666666666666666,0.5647415083932631,III-IV,1,0.19311911716975008,4,1,0.19311911716975008,0.37162239122351304
F11R_integrin_aLb2_complex,DC mature,T cell CD8 terminally exhausted,3,2.0,1.1147159375362712,True,False,Deng_Liu_LUAD_2024;Hu_Zhang_2023_NSCLC,0.6666666666666666,0.37157197917875706,III-IV,1,0.0,1,1,0.0,0.37157197917875706
PTPRC_MRC1,Plasma cell,myeloid dividing,3,2.0,1.1143249071777248,False,True,Chen_Zhang_2020;Hu_Zhang_2023_NSCLC,0.6666666666666666,0.37144163572590827,III-IV,1,0.0,4,1,0.0,0.37144163572590827
VEGFB_FLT1,pDC,myeloid dividing,3,2.0,1.1133825489055234,True,False,Deng_Liu_LUAD_2024;Hu_Zhang_2023_NSCLC,0.6666666666666666,0.3711275163018411,III-IV,1,0.0,2,1,0.0,0.3711275163018411
PPIA_BSG,myeloid dividing,Monocyte classical,3,2.0,1.801387676333795,True,False,Deng_Liu_LUAD_2024;Hu_Zhang_2023_NSCLC,0.6666666666666666,0.6004625587779316,III-IV,1,0.2295520934761441,4,1,0.2295520934761441,0.3709104653017875
CD47_SIRPA,pDC,DC mature,3,2.0,1.1126844123283364,True,True,Deng_Liu_LUAD_2024;Hu_Zhang_2023_NSCLC,0.6666666666666666,0.3708948041094455,III-IV,1,0.0,1,1,0.0,0.3708948041094455
PLAU_PLAUR,pDC,Macrophage,4,2.0,1.482296221051637,False,True,Deng_Liu_LUAD_2024;Hu_Zhang_2023_NSCLC,0.5,0.37057405526290926,III-IV,1,0.0,3,1,0.0,0.37057405526290926
PPIA_BSG,myeloid dividing,T cell regulatory,3,2.0,1.7887835023406744,True,False,Deng_Liu_LUAD_2024;Hu_Zhang_2023_NSCLC,0.6666666666666666,0.5962611674468915,III-IV,1,0.2258060153629774,4,1,0.2258060153629774,0.3704551520839141
IGFBP3_TMEM219,Fibroblast peribronchial,myeloid dividing,3,2.0,1.372236835899388,True,True,Deng_Liu_LUAD_2024;Hu_Zhang_2023_NSCLC,0.6666666666666666,0.45741227863312933,III-IV,1,0.08707941144650005,4,1,0.08707941144650005,0.3703328671866293
SPP1_integrin_a4b1_complex,myeloid dividing,myeloid dividing,3,2.0,1.6549228966736107,True,False,Deng_Liu_LUAD_2024;Hu_Zhang_2023_NSCLC,0.6666666666666666,0.5516409655578702,III-IV,1,0.1813805041653143,4,1,0.1813805041653143,0.370260461392556
PPIA_BSG,cDC2,myeloid dividing,3,2.0,1.781713851432233,True,True,Deng_Liu_LUAD_2024;Hu_Zhang_2023_NSCLC,0.6666666666666666,0.5939046171440777,III-IV,1,0.22373688196473007,4,1,0.22373688196473007,0.37016773517934765
ProstaglandinE2_byPTGES3_PTGER3,myeloid dividing,cDC1,3,2.0,1.1102536900195226,False,False,Deng_Liu_LUAD_2024;Hu_Zhang_2023_NSCLC,0.6666666666666666,0.37008456333984086,III-IV,1,0.0,1,1,0.0,0.37008456333984086
ProstaglandinE2_byPTGES2_PTGER4,DC mature,cDC2,3,3.0,1.1098434929826526,False,True,Chen_Zhang_2020;Deng_Liu_LUAD_2024;Hu_Zhang_2023_NSCLC,1.0,0.3699478309942175,III-IV,1,0.0,1,1,0.0,0.3699478309942175
CD47_SIRPA,Pericyte,Macrophage,2,2.0,1.0880580068403454,False,True,Deng_Liu_LUAD_2024;Hu_Zhang_2023_NSCLC,1.0,0.5440290034201727,III-IV,1,0.17427602870640846,3,1,0.17427602870640846,0.3697529747137642
CCL3_CCR5,myeloid dividing,Monocyte classical,3,2.0,1.2694290764216247,True,False,Deng_Liu_LUAD_2024;Hu_Zhang_2023_NSCLC,0.6666666666666666,0.4231430254738749,III-IV,1,0.05340527967110246,4,1,0.05340527967110246,0.3697377458027724
SEMA7A_PLXNC1,pDC,Neutrophils,3,2.0,1.1087744304485483,True,False,Deng_Liu_LUAD_2024;Hu_Zhang_2023_NSCLC,0.6666666666666666,0.36959147681618276,III-IV,1,0.0,3,1,0.0,0.36959147681618276
FN1_integrin_aVb5_complex,Monocyte classical,Pericyte,2,2.0,0.8990381745373779,False,False,Deng_Liu_LUAD_2024;Hu_Zhang_2023_NSCLC,1.0,0.44951908726868894,III-IV,1,0.08000649139889647,3,1,0.08000649139889647,0.36951259586979246
ProstaglandinE2_byPTGES3_PTGER4,DC mature,myeloid dividing,3,2.0,1.1081613504152514,False,True,Deng_Liu_LUAD_2024;Hu_Zhang_2023_NSCLC,0.6666666666666666,0.3693871168050838,III-IV,1,0.0,1,1,0.0,0.3693871168050838
CCL3_CCR5,myeloid dividing,cDC2,3,2.0,1.3088010086667516,True,False,Deng_Liu_LUAD_2024;Hu_Zhang_2023_NSCLC,0.6666666666666666,0.43626700288891723,III-IV,1,0.06711835983987882,4,1,0.06711835983987882,0.3691486430490384
LGALS9_P4HB,cDC2,DC mature,3,2.0,1.1072729837468918,True,False,Deng_Liu_LUAD_2024;Hu_Zhang_2023_NSCLC,0.6666666666666666,0.36909099458229727,III-IV,1,0.0,1,1,0.0,0.36909099458229727
CCL3_CCR5,myeloid dividing,T cell CD8 dividing,3,2.0,1.4197260293816238,True,True,Deng_Liu_LUAD_2024;Hu_Zhang_2023_NSCLC,0.6666666666666666,0.4732420097938746,III-IV,1,0.10424104727902196,4,1,0.10424104727902196,0.36900096251485265
TNF_TNFRSF1B,myeloid dividing,pDC,3,2.0,1.1069579768592608,True,True,Deng_Liu_LUAD_2024;Hu_Zhang_2023_NSCLC,0.6666666666666666,0.36898599228642026,III-IV,1,0.0,2,1,0.0,0.36898599228642026
COL6A1_integrin_a1b1_complex,Fibroblast peribronchial,T cell CD8 terminally exhausted,3,2.0,1.7959772400031437,True,False,Deng_Liu_LUAD_2024;Hu_Zhang_2023_NSCLC,0.6666666666666666,0.598659080001048,III-IV,1,0.22974142594395758,4,1,0.22974142594395758,0.36891765405709037
BST2_LILRA4,NK cell,pDC,4,2.0,1.4748591502517323,False,True,Deng_Liu_LUAD_2024;Hu_Zhang_2023_NSCLC,0.5,0.3687147875629331,III-IV,1,0.0,3,1,0.0,0.3687147875629331
SPP1_integrin_a4b1_complex,myeloid dividing,T cell CD8 effector memory,3,2.0,1.6696093870269486,True,False,Deng_Liu_LUAD_2024;Hu_Zhang_2023_NSCLC,0.6666666666666666,0.5565364623423162,III-IV,1,0.18807475927729092,4,1,0.18807475927729092,0.36846170306502535
COL8A1_integrin_a1b1_complex,Fibroblast peribronchial,T cell CD8 activated,4,2.0,1.4736893016768595,True,False,Deng_Liu_LUAD_2024;Hu_Zhang_2023_NSCLC,0.5,0.3684223254192149,III-IV,1,0.0,3,1,0.0,0.3684223254192149
LGALS9_HAVCR2,myeloid dividing,DC mature,3,2.0,1.1048886101274173,True,True,Deng_Liu_LUAD_2024;Hu_Zhang_2023_NSCLC,0.6666666666666666,0.36829620337580576,III-IV,1,0.0,1,1,0.0,0.36829620337580576
KLRB1_CLEC2D,NK cell,myeloid dividing,3,2.0,1.1041781535226143,True,False,Deng_Liu_LUAD_2024;Hu_Zhang_2023_NSCLC,0.6666666666666666,0.3680593845075381,III-IV,1,0.0,4,1,0.0,0.3680593845075381
LGALS9_P4HB,DC mature,T cell CD8 effector memory,3,2.0,1.1031389848808986,True,False,Deng_Liu_LUAD_2024;Hu_Zhang_2023_NSCLC,0.6666666666666666,0.3677129949602995,III-IV,1,0.0,1,1,0.0,0.3677129949602995
ICAM1_integrin_aXb2_complex,pDC,Macrophage,4,3.0,1.470653747460025,False,False,Deng_Liu_LUAD_2024;Hu_Zhang_2023_NSCLC;Zilionis_Klein_2019,0.75,0.36766343686500624,III-IV,1,0.0,3,1,0.0,0.36766343686500624
PLAUR_integrin_a4b1_complex,myeloid dividing,B cell,3,2.0,1.5249000047930246,True,False,Deng_Liu_LUAD_2024;Hu_Zhang_2023_NSCLC,0.6666666666666666,0.5083000015976749,III-IV,1,0.14066049983771503,4,1,0.14066049983771503,0.36763950175995985
ANXA1_FPR1,cDC2,cDC1,3,2.0,1.102905292190257,True,False,Deng_Liu_LUAD_2024;Hu_Zhang_2023_NSCLC,0.6666666666666666,0.3676350973967523,III-IV,1,0.0,1,1,0.0,0.3676350973967523
CD44_TYROBP,Pericyte,Macrophage alveolar,2,2.0,1.904587591457569,False,True,Deng_Liu_LUAD_2024;Hu_Zhang_2023_NSCLC,1.0,0.9522937957287845,III-IV,1,0.5847205144902262,3,1,0.5847205144902262,0.36757328123855826
SEMA4D_PLXNB2,T cell CD8 dividing,Pericyte,2,2.0,0.7349897487901038,True,False,Deng_Liu_LUAD_2024;Hu_Zhang_2023_NSCLC,1.0,0.3674948743950519,III-IV,1,0.0,3,1,0.0,0.3674948743950519
FN1_integrin_a5b1_complex,Macrophage,Pericyte,2,2.0,0.9301975290275666,True,False,Deng_Liu_LUAD_2024;Hu_Zhang_2023_NSCLC,1.0,0.4650987645137833,III-IV,1,0.09769555339175591,3,1,0.09769555339175591,0.3674032111220274
ICAM1_SPN,DC mature,Mast cell,3,2.0,1.1018028209700126,True,False,Deng_Liu_LUAD_2024;Hu_Zhang_2023_NSCLC,0.6666666666666666,0.3672676069900042,III-IV,1,0.0,1,1,0.0,0.3672676069900042
SPP1_integrin_a4b1_complex,myeloid dividing,Monocyte classical,3,2.0,1.6645951408239599,True,False,Deng_Liu_LUAD_2024;Hu_Zhang_2023_NSCLC,0.6666666666666666,0.55486504694132,III-IV,1,0.18761495185545818,4,1,0.18761495185545818,0.3672500950858618
COL5A3_integrin_a1b1_complex,Pericyte,NK cell,2,2.0,1.095713277115459,True,False,Deng_Liu_LUAD_2024;Hu_Zhang_2023_NSCLC,1.0,0.5478566385577295,III-IV,1,0.18085758592087706,3,1,0.18085758592087706,0.3669990526368524
TNFSF9_TNFRSF9,pDC,T cell CD8 dividing,3,3.0,1.1005533834764512,False,True,Chen_Zhang_2020;Deng_Liu_LUAD_2024;Hu_Zhang_2023_NSCLC,1.0,0.36685112782548374,III-IV,1,0.0,2,1,0.0,0.36685112782548374
COL3A1_ADGRG1,Pericyte,T cell CD8 dividing,2,2.0,1.8283195387639544,True,False,Deng_Liu_LUAD_2024;Hu_Zhang_2023_NSCLC,1.0,0.9141597693819772,III-IV,1,0.547400035854824,3,1,0.547400035854824,0.3667597335271532
HLA-E_CD94:NKG2A,Monocyte classical,T cell CD8 terminally exhausted,4,4.0,2.6900719538763456,False,False,Chen_Zhang_2020;Deng_Liu_LUAD_2024;Hu_Zhang_2023_NSCLC;Lambrechts_Thienpont_2018_6653,1.0,0.6725179884690864,III-IV,1,0.3058661594958682,4,1,0.3058661594958682,0.3666518289732182
HLA-F_LILRB1,DC mature,Plasma cell,3,2.0,1.0997244232449082,True,False,Deng_Liu_LUAD_2024;Hu_Zhang_2023_NSCLC,0.6666666666666666,0.3665748077483027,III-IV,1,0.0,1,1,0.0,0.3665748077483027
integrin_aVb1_complex_ADGRE5,Fibroblast peribronchial,T cell CD8 terminally exhausted,3,2.0,1.5508694192113333,False,True,Deng_Liu_LUAD_2024;Hu_Zhang_2023_NSCLC,0.6666666666666666,0.5169564730704445,III-IV,1,0.15042464567781025,4,1,0.15042464567781025,0.36653182739263424
FN1_integrin_a4b7_complex,Macrophage,cDC1,3,2.0,1.099456369463344,True,False,Deng_Liu_LUAD_2024;Hu_Zhang_2023_NSCLC,0.6666666666666666,0.3664854564877813,III-IV,1,0.0,1,1,0.0,0.3664854564877813
ICAM1_ITGAL,cDC1,T cell CD8 activated,3,2.0,1.0990899770803164,True,False,Deng_Liu_LUAD_2024;Hu_Zhang_2023_NSCLC,0.6666666666666666,0.3663633256934388,III-IV,1,0.0,1,1,0.0,0.3663633256934388
ICAM1_integrin_aLb2_complex,cDC1,T cell CD8 activated,3,2.0,1.0990899770803164,True,False,Deng_Liu_LUAD_2024;Hu_Zhang_2023_NSCLC,0.6666666666666666,0.3663633256934388,III-IV,1,0.0,1,1,0.0,0.3663633256934388
PLAUR_integrin_a4b1_complex,Mast cell,Pericyte,2,2.0,1.0851917922062033,True,False,Deng_Liu_LUAD_2024;Hu_Zhang_2023_NSCLC,1.0,0.5425958961031017,III-IV,1,0.17624148003894838,3,1,0.17624148003894838,0.3663544160641533
COL6A1_integrin_a1b1_complex,Fibroblast peribronchial,T cell CD8 dividing,3,2.0,1.7881377334360653,True,False,Deng_Liu_LUAD_2024;Hu_Zhang_2023_NSCLC,0.6666666666666666,0.5960459111453551,III-IV,1,0.22987666342096721,4,1,0.22987666342096721,0.36616924772438786
SPP1_integrin_a4b1_complex,myeloid dividing,T cell CD8 dividing,3,2.0,1.680322532480297,True,False,Deng_Liu_LUAD_2024;Hu_Zhang_2023_NSCLC,0.6666666666666666,0.5601075108267657,III-IV,1,0.19407930325651845,4,1,0.19407930325651845,0.36602820757024723
APP_SORL1,pDC,Mast cell,4,2.0,1.4638615965075512,True,False,Deng_Liu_LUAD_2024;Hu_Zhang_2023_NSCLC,0.5,0.3659653991268878,III-IV,1,0.0,3,1,0.0,0.3659653991268878
IL1RN_IL1_receptor_inhibitor,Neutrophils,Neutrophils,4,2.0,1.4634274540462466,True,False,Deng_Liu_LUAD_2024;Hu_Zhang_2023_NSCLC,0.5,0.36585686351156166,III-IV,1,0.0,3,1,0.0,0.36585686351156166
COL12A1_integrin_a1b1_complex,Pericyte,T cell CD8 dividing,2,2.0,1.201011767409403,True,False,Deng_Liu_LUAD_2024;Hu_Zhang_2023_NSCLC,1.0,0.6005058837047015,III-IV,1,0.23466407010710807,3,1,0.23466407010710807,0.3658418135975934
CD99_PILRA,pDC,Monocyte classical,4,2.0,1.4627633058363347,True,True,Deng_Liu_LUAD_2024;Hu_Zhang_2023_NSCLC,0.5,0.3656908264590837,III-IV,1,0.0,3,1,0.0,0.3656908264590837
SEMA4D_PTPRC,T cell CD8 dividing,myeloid dividing,3,2.0,1.6035587120032668,True,True,Deng_Liu_LUAD_2024;Hu_Zhang_2023_NSCLC,0.6666666666666666,0.5345195706677556,III-IV,1,0.16885751379422265,4,1,0.16885751379422265,0.3656620568735329
ProstaglandinE2_byPTGES3_PTGER4,T cell CD8 dividing,myeloid dividing,3,2.0,1.4517514374893383,False,True,Deng_Liu_LUAD_2024;Hu_Zhang_2023_NSCLC,0.6666666666666666,0.48391714582977946,III-IV,1,0.11831926863572433,4,1,0.11831926863572433,0.3655978771940551
CD55_ADGRE5,Macrophage alveolar,NK cell,4,2.0,1.4619309534881384,True,True,Deng_Liu_LUAD_2024;Hu_Zhang_2023_NSCLC,0.5,0.3654827383720346,III-IV,1,0.0,5,1,0.0,0.3654827383720346
BST2_LILRA4,Macrophage alveolar,pDC,4,2.0,1.461663720705961,True,True,Deng_Liu_LUAD_2024;Hu_Zhang_2023_NSCLC,0.5,0.36541593017649027,III-IV,1,0.0,3,1,0.0,0.36541593017649027
PTPRC_CD22,T cell CD8 dividing,myeloid dividing,3,2.0,1.6664853231803143,True,False,Deng_Liu_LUAD_2024;Hu_Zhang_2023_NSCLC,0.6666666666666666,0.5554951077267715,III-IV,1,0.19013036892783727,4,1,0.19013036892783727,0.36536473879893416
COL8A2_integrin_a1b1_complex,Fibroblast peribronchial,T cell CD8 terminally exhausted,3,2.0,1.0957451399505778,True,False,Deng_Liu_LUAD_2024;Hu_Zhang_2023_NSCLC,0.6666666666666666,0.36524837998352594,III-IV,1,0.0,4,1,0.0,0.36524837998352594
ICAM1_SPN,DC mature,T cell CD4,3,2.0,1.095249749927616,True,False,Deng_Liu_LUAD_2024;Hu_Zhang_2023_NSCLC,0.6666666666666666,0.365083249975872,III-IV,1,0.0,1,1,0.0,0.365083249975872
CD80_CD28,DC mature,T cell CD4,3,2.0,1.094962138228131,True,True,Deng_Liu_LUAD_2024;Hu_Zhang_2023_NSCLC,0.6666666666666666,0.364987379409377,III-IV,1,0.0,1,1,0.0,0.364987379409377
CLEC2B_KLRF1,DC mature,NK cell,3,2.0,1.0943567745817138,False,True,Deng_Liu_LUAD_2024;Hu_Zhang_2023_NSCLC,0.6666666666666666,0.36478559152723794,III-IV,1,0.0,1,1,0.0,0.36478559152723794
CCL3_CCR5,myeloid dividing,myeloid dividing,3,2.0,1.2490839863031917,True,False,Deng_Liu_LUAD_2024;Hu_Zhang_2023_NSCLC,0.6666666666666666,0.4163613287677306,III-IV,1,0.05191766742399654,4,1,0.05191766742399654,0.364443661343734
IL1RN_IL1_receptor_inhibitor,Monocyte classical,Neutrophils,4,2.0,1.4576853289263028,True,False,Deng_Liu_LUAD_2024;Hu_Zhang_2023_NSCLC,0.5,0.3644213322315757,III-IV,1,0.0,3,1,0.0,0.3644213322315757
CD40LG_CD40,T cell CD4 dividing,DC mature,3,2.0,1.0931211755405688,False,True,Deng_Liu_LUAD_2024;Hu_Zhang_2023_NSCLC,0.6666666666666666,0.36437372518018957,III-IV,1,0.0,1,1,0.0,0.36437372518018957
LGALS9_P4HB,Macrophage,pDC,4,2.0,1.4563698864355368,True,True,Deng_Liu_LUAD_2024;Hu_Zhang_2023_NSCLC,0.5,0.3640924716088842,III-IV,1,0.0,3,1,0.0,0.3640924716088842
COL5A1_integrin_a1b1_complex,Fibroblast peribronchial,T cell CD8 dividing,3,2.0,1.797029791438554,True,False,Deng_Liu_LUAD_2024;Hu_Zhang_2023_NSCLC,0.6666666666666666,0.599009930479518,III-IV,1,0.23500216379963215,4,1,0.23500216379963215,0.3640077666798859
LGALS9_HAVCR2,cDC2,DC mature,3,2.0,1.0918210298297988,True,True,Deng_Liu_LUAD_2024;Hu_Zhang_2023_NSCLC,0.6666666666666666,0.3639403432765996,III-IV,1,0.0,1,1,0.0,0.3639403432765996
F11R_integrin_aLb2_complex,DC mature,T cell CD8 effector memory,3,2.0,1.0918096919793638,True,False,Deng_Liu_LUAD_2024;Hu_Zhang_2023_NSCLC,0.6666666666666666,0.3639365639931213,III-IV,1,0.0,1,1,0.0,0.3639365639931213
ICAM1_SPN,Fibroblast peribronchial,cDC1,3,2.0,1.0917813549084854,False,True,Deng_Liu_LUAD_2024;Hu_Zhang_2023_NSCLC,0.6666666666666666,0.3639271183028285,III-IV,1,0.0,1,1,0.0,0.3639271183028285
ICAM1_SPN,DC mature,T cell regulatory,3,2.0,1.0916125564270864,True,False,Deng_Liu_LUAD_2024;Hu_Zhang_2023_NSCLC,0.6666666666666666,0.36387085214236214,III-IV,1,0.0,1,1,0.0,0.36387085214236214
ICAM1_ITGAL,Fibroblast peribronchial,T cell CD4 dividing,3,2.0,1.091471838139457,False,True,Deng_Liu_LUAD_2024;Hu_Zhang_2023_NSCLC,0.6666666666666666,0.36382394604648566,III-IV,1,0.0,2,1,0.0,0.36382394604648566
PPIA_BSG,myeloid dividing,B cell,3,2.0,1.7499326679766258,True,False,Deng_Liu_LUAD_2024;Hu_Zhang_2023_NSCLC,0.6666666666666666,0.583310889325542,III-IV,1,0.21953099642973062,4,1,0.21953099642973062,0.36377989289581136
ProstaglandinE2_byPTGES3_PTGER4,Pericyte,Macrophage,2,2.0,1.0194198993609884,False,True,Deng_Liu_LUAD_2024;Hu_Zhang_2023_NSCLC,1.0,0.5097099496804942,III-IV,1,0.1460564751703992,3,1,0.1460564751703992,0.363653474510095
ICAM1_SPN,DC mature,T cell CD8 activated,3,2.0,1.0906697469220532,True,False,Deng_Liu_LUAD_2024;Hu_Zhang_2023_NSCLC,0.6666666666666666,0.36355658230735105,III-IV,1,0.0,1,1,0.0,0.36355658230735105
FN1_integrin_aVb1_complex,cDC1,Pericyte,2,2.0,0.7271091469224037,False,False,Deng_Liu_LUAD_2024;Hu_Zhang_2023_NSCLC,1.0,0.36355457346120185,III-IV,1,0.0,1,1,0.0,0.36355457346120185
COL5A1_integrin_a1b1_complex,Fibroblast peribronchial,T cell CD8 terminally exhausted,3,2.0,1.793992657827663,True,False,Deng_Liu_LUAD_2024;Hu_Zhang_2023_NSCLC,0.6666666666666666,0.597997552609221,III-IV,1,0.23482635507951963,4,1,0.23482635507951963,0.3631711975297014
APP_FPR2,pDC,Macrophage alveolar,4,2.0,1.451855185620507,True,False,Deng_Liu_LUAD_2024;Hu_Zhang_2023_NSCLC,0.5,0.36296379640512677,III-IV,1,0.0,3,1,0.0,0.36296379640512677
SEMA3C_NRP2,Macrophage,DC mature,3,2.0,1.0882819281272356,True,True,Deng_Liu_LUAD_2024;Hu_Zhang_2023_NSCLC,0.6666666666666666,0.36276064270907854,III-IV,1,0.0,1,1,0.0,0.36276064270907854
FN1_integrin_a3b1_complex,Macrophage,Pericyte,2,2.0,0.8268387026726844,True,False,Deng_Liu_LUAD_2024;Hu_Zhang_2023_NSCLC,1.0,0.4134193513363422,III-IV,1,0.05113779797324101,3,1,0.05113779797324101,0.3622815533631012
COL3A1_ADGRG1,Pericyte,T cell CD8 terminally exhausted,2,2.0,1.8565733210174695,True,False,Deng_Liu_LUAD_2024;Hu_Zhang_2023_NSCLC,1.0,0.9282866605087348,III-IV,1,0.5660461322544915,3,1,0.5660461322544915,0.36224052825424324
SPP1_integrin_a4b1_complex,myeloid dividing,B cell,3,2.0,1.6372684733878033,True,False,Deng_Liu_LUAD_2024;Hu_Zhang_2023_NSCLC,0.6666666666666666,0.5457561577959344,III-IV,1,0.1838553499945905,4,1,0.1838553499945905,0.3619008078013439
PTPRC_MRC1,Plasma cell,Macrophage,5,4.0,1.8093277438377273,False,True,Chen_Zhang_2020;Deng_Liu_LUAD_2024;Hu_Zhang_2023_NSCLC;Lambrechts_Thienpont_2018_6653,0.8,0.36186554876754545,III-IV,1,0.0,5,1,0.0,0.36186554876754545
LGALS9_P4HB,DC mature,T cell regulatory,3,2.0,1.0849968275173367,True,False,Deng_Liu_LUAD_2024;Hu_Zhang_2023_NSCLC,0.6666666666666666,0.36166560917244556,III-IV,1,0.0,1,1,0.0,0.36166560917244556
LTB_LTBR,pDC,Macrophage,4,2.0,1.4463891832454314,True,True,Deng_Liu_LUAD_2024;Hu_Zhang_2023_NSCLC,0.5,0.36159729581135786,III-IV,1,0.0,3,1,0.0,0.36159729581135786
TNF_TNFRSF1B,Macrophage,DC mature,3,2.0,1.0840875379566148,True,True,Deng_Liu_LUAD_2024;Hu_Zhang_2023_NSCLC,0.6666666666666666,0.3613625126522049,III-IV,1,0.0,1,1,0.0,0.3613625126522049
CCL4_CCR5,T cell CD8 terminally exhausted,myeloid dividing,3,2.0,1.6252121880471797,True,False,Deng_Liu_LUAD_2024;Hu_Zhang_2023_NSCLC,0.6666666666666666,0.5417373960157266,III-IV,1,0.18048793681705075,4,1,0.18048793681705075,0.3612494591986758
LCK_CD8_receptor,T cell CD8 dividing,T cell CD4 dividing,3,2.0,1.083698014311482,True,False,Chen_Zhang_2020;Deng_Liu_LUAD_2024,0.6666666666666666,0.3612326714371607,III-IV,1,0.0,2,1,0.0,0.3612326714371607
APP_TNFRSF21,pDC,Macrophage alveolar,4,2.0,1.4445176672923252,True,False,Deng_Liu_LUAD_2024;Hu_Zhang_2023_NSCLC,0.5,0.3611294168230813,III-IV,1,0.0,3,1,0.0,0.3611294168230813
BST2_LILRA4,Plasma cell,pDC,4,2.0,1.443221435179862,False,True,Deng_Liu_LUAD_2024;Hu_Zhang_2023_NSCLC,0.5,0.3608053587949655,III-IV,1,0.0,3,1,0.0,0.3608053587949655
ICAM1_SPN,Monocyte classical,pDC,4,2.0,1.4430323534804703,True,True,Deng_Liu_LUAD_2024;Hu_Zhang_2023_NSCLC,0.5,0.3607580883701176,III-IV,1,0.0,3,1,0.0,0.3607580883701176
IL34_CSF1R,Pericyte,myeloid dividing,2,2.0,0.7214296544857826,False,True,Deng_Liu_LUAD_2024;Hu_Zhang_2023_NSCLC,1.0,0.3607148272428913,III-IV,1,0.0,3,1,0.0,0.3607148272428913
RARRES2_CMKLR1,Fibroblast peribronchial,pDC,4,2.0,1.4427633729265912,True,False,Deng_Liu_LUAD_2024;Hu_Zhang_2023_NSCLC,0.5,0.3606908432316478,III-IV,1,0.0,3,1,0.0,0.3606908432316478
CCL19_CCR7,DC mature,pDC,3,2.0,1.0800458587088462,True,False,Deng_Liu_LUAD_2024;Hu_Zhang_2023_NSCLC,0.6666666666666666,0.36001528623628204,III-IV,1,0.0,1,1,0.0,0.36001528623628204
APP_SORL1,Pericyte,Mast cell,2,2.0,1.2045506223084694,True,False,Deng_Liu_LUAD_2024;Hu_Zhang_2023_NSCLC,1.0,0.6022753111542347,III-IV,1,0.24241768545566014,3,1,0.24241768545566014,0.3598576256985746
PECAM1_CD38,Neutrophils,Plasma cell,3,2.0,1.0795422788392355,False,True,Deng_Liu_LUAD_2024;Hu_Zhang_2023_NSCLC,0.6666666666666666,0.35984742627974514,III-IV,1,0.0,3,1,0.0,0.35984742627974514
integrin_aVb1_complex_ADGRE2,Pericyte,Pericyte,2,2.0,0.8476519135460849,False,False,Deng_Liu_LUAD_2024;Hu_Zhang_2023_NSCLC,1.0,0.42382595677304247,III-IV,1,0.06410256410256411,3,1,0.06410256410256411,0.35972339267047837
SPP1_integrin_a4b1_complex,myeloid dividing,cDC2,3,2.0,1.666366409226107,True,False,Deng_Liu_LUAD_2024;Hu_Zhang_2023_NSCLC,0.6666666666666666,0.5554554697420356,III-IV,1,0.19602672292545711,4,1,0.19602672292545711,0.35942874681657855
PLAUR_integrin_a4b1_complex,myeloid dividing,Mast cell,3,2.0,1.4742151291188255,True,False,Deng_Liu_LUAD_2024;Hu_Zhang_2023_NSCLC,0.6666666666666666,0.49140504303960847,III-IV,1,0.1321811100292113,4,1,0.1321811100292113,0.3592239330103972
SEMA7A_PLXNC1,DC mature,DC mature,3,2.0,1.0767132509442148,True,True,Deng_Liu_LUAD_2024;Hu_Zhang_2023_NSCLC,0.6666666666666666,0.3589044169814049,III-IV,1,0.0,1,1,0.0,0.3589044169814049
SPP1_integrin_a9b1_complex,myeloid dividing,Fibroblast peribronchial,3,2.0,1.5961172037772258,True,False,Deng_Liu_LUAD_2024;Hu_Zhang_2023_NSCLC,0.6666666666666666,0.532039067925742,III-IV,1,0.17353673049875581,4,1,0.17353673049875581,0.3585023374269861
ICAM1_integrin_aLb2_complex,Fibroblast peribronchial,T cell CD4 dividing,3,2.0,1.0754740405131265,False,False,Deng_Liu_LUAD_2024;Hu_Zhang_2023_NSCLC,0.6666666666666666,0.35849134683770884,III-IV,1,0.0,2,1,0.0,0.35849134683770884
APP_TNFRSF21,Pericyte,Macrophage alveolar,2,2.0,1.1969306650806235,True,False,Deng_Liu_LUAD_2024;Hu_Zhang_2023_NSCLC,1.0,0.5984653325403118,III-IV,1,0.24032601247791122,3,1,0.24032601247791122,0.35813932006240057
BST2_LILRA4,T cell regulatory,pDC,4,2.0,1.432230751639143,False,True,Deng_Liu_LUAD_2024;Hu_Zhang_2023_NSCLC,0.5,0.35805768790978576,III-IV,1,0.0,3,1,0.0,0.35805768790978576
SPP1_integrin_a4b1_complex,Macrophage,pDC,4,2.0,1.4320879229297754,True,False,Deng_Liu_LUAD_2024;Hu_Zhang_2023_NSCLC,0.5,0.35802198073244385,III-IV,1,0.0,3,1,0.0,0.35802198073244385
LGALS9_P4HB,cDC2,pDC,4,2.0,1.431699565035532,True,True,Deng_Liu_LUAD_2024;Hu_Zhang_2023_NSCLC,0.5,0.357924891258883,III-IV,1,0.0,3,1,0.0,0.357924891258883
ICAM1_integrin_aMb2_complex,myeloid dividing,Macrophage,3,2.0,1.1957971620982601,True,False,Deng_Liu_LUAD_2024;Hu_Zhang_2023_NSCLC,0.6666666666666666,0.39859905403275336,III-IV,1,0.04069295683219734,4,1,0.04069295683219734,0.357906097200556
CXCL2_CXCR2,cDC2,Neutrophils,4,2.0,1.4314809716154755,False,True,Hu_Zhang_2023_NSCLC;Maynard_Bivona_2020,0.5,0.3578702429038689,III-IV,1,0.0,3,1,0.0,0.3578702429038689
APP_FPR2,pDC,Macrophage,4,2.0,1.4314703802863118,True,False,Deng_Liu_LUAD_2024;Hu_Zhang_2023_NSCLC,0.5,0.35786759507157795,III-IV,1,0.0,3,1,0.0,0.35786759507157795
PPIA_BSG,Macrophage,myeloid dividing,3,2.0,1.7418601486877234,True,True,Deng_Liu_LUAD_2024;Hu_Zhang_2023_NSCLC,0.6666666666666666,0.5806200495625745,III-IV,1,0.22287136211186845,4,1,0.22287136211186845,0.3577486874507061
PLAUR_integrin_a4b1_complex,myeloid dividing,cDC2,3,2.0,1.55560826293272,True,False,Deng_Liu_LUAD_2024;Hu_Zhang_2023_NSCLC,0.6666666666666666,0.51853608764424,III-IV,1,0.1608244076598507,4,1,0.1608244076598507,0.35771167998438924
OSM_OSMR,Mast cell,Pericyte,2,2.0,0.7152352292186973,False,False,Deng_Liu_LUAD_2024;Hu_Zhang_2023_NSCLC,1.0,0.35761761460934866,III-IV,1,0.0,3,1,0.0,0.35761761460934866
TNF_TNFRSF1B,T cell CD8 activated,T cell CD4 dividing,3,2.0,1.072523585297676,False,True,Deng_Liu_LUAD_2024;Hu_Zhang_2023_NSCLC,0.6666666666666666,0.357507861765892,III-IV,1,0.0,1,1,0.0,0.357507861765892
COL14A1_integrin_a2b1_complex,Pericyte,Fibroblast peribronchial,2,2.0,0.9635653063912293,True,False,Deng_Liu_LUAD_2024;Hu_Zhang_2023_NSCLC,1.0,0.48178265319561464,III-IV,1,0.12429225720364961,3,1,0.12429225720364961,0.357490395991965
ICAM1_integrin_aMb2_complex,myeloid dividing,Monocyte classical,3,2.0,1.2518878704623742,True,False,Deng_Liu_LUAD_2024;Hu_Zhang_2023_NSCLC,0.6666666666666666,0.4172959568207914,III-IV,1,0.06000486854917235,4,1,0.06000486854917235,0.35729108827161904
CD96_NECTIN1,T cell CD4 dividing,pDC,3,2.0,1.0713039680421506,True,True,Deng_Liu_LUAD_2024;Hu_Zhang_2023_NSCLC,0.6666666666666666,0.35710132268071687,III-IV,1,0.0,2,1,0.0,0.35710132268071687
SELPLG_SELL,T cell CD8 effector memory,pDC,4,2.0,1.4283458983847748,False,True,Deng_Liu_LUAD_2024;Hu_Zhang_2023_NSCLC,0.5,0.3570864745961937,III-IV,1,0.0,3,1,0.0,0.3570864745961937
COL10A1_integrin_a1b1_complex,Fibroblast peribronchial,T cell CD8 dividing,3,2.0,1.657886966375834,True,False,Deng_Liu_LUAD_2024;Hu_Zhang_2023_NSCLC,0.6666666666666666,0.5526289887919447,III-IV,1,0.19556691550362437,4,1,0.19556691550362437,0.3570620732883203
COL10A1_integrin_a1b1_complex,Fibroblast peribronchial,T cell CD8 terminally exhausted,3,2.0,1.655660280043596,True,False,Deng_Liu_LUAD_2024;Hu_Zhang_2023_NSCLC,0.6666666666666666,0.551886760014532,III-IV,1,0.19502596559558585,4,1,0.19502596559558585,0.35686079441894614
CD274_PDCD1,DC mature,T cell CD4 dividing,3,2.0,1.0693420162362854,True,True,Deng_Liu_LUAD_2024;Hu_Zhang_2023_NSCLC,0.6666666666666666,0.3564473387454285,III-IV,1,0.0,1,1,0.0,0.3564473387454285
ICAM1_SPN,Neutrophils,cDC2,4,2.0,1.4257192493571373,False,True,Deng_Liu_LUAD_2024;Hu_Zhang_2023_NSCLC,0.5,0.35642981233928434,III-IV,1,0.0,3,1,0.0,0.35642981233928434
VEGFB_NRP1,T cell CD8 dividing,Pericyte,2,2.0,0.7125790594707577,False,True,Deng_Liu_LUAD_2024;Hu_Zhang_2023_NSCLC,1.0,0.35628952973537886,III-IV,1,0.0,3,1,0.0,0.35628952973537886
KLRB1_CLEC2D,NK cell,cDC1,3,2.0,1.0682583574866653,True,False,Deng_Liu_LUAD_2024;Hu_Zhang_2023_NSCLC,0.6666666666666666,0.35608611916222177,III-IV,1,0.0,1,1,0.0,0.35608611916222177
TNF_TNFRSF1B,cDC2,DC mature,3,2.0,1.0679639360253907,True,True,Deng_Liu_LUAD_2024;Hu_Zhang_2023_NSCLC,0.6666666666666666,0.35598797867513027,III-IV,1,0.0,1,1,0.0,0.35598797867513027
CD40LG_CD40,T cell regulatory,DC mature,3,2.0,1.067777322360967,False,True,Deng_Liu_LUAD_2024;Hu_Zhang_2023_NSCLC,0.6666666666666666,0.35592577412032234,III-IV,1,0.0,1,1,0.0,0.35592577412032234
SPP1_integrin_a4b1_complex,myeloid dividing,Mast cell,3,2.0,1.606878647163858,True,False,Deng_Liu_LUAD_2024;Hu_Zhang_2023_NSCLC,0.6666666666666666,0.535626215721286,III-IV,1,0.1797035594503949,4,1,0.1797035594503949,0.3559226562708911
LTB_LTBR,pDC,Monocyte classical,4,2.0,1.4212091269988136,True,False,Deng_Liu_LUAD_2024;Hu_Zhang_2023_NSCLC,0.5,0.3553022817497034,III-IV,1,0.0,3,1,0.0,0.3553022817497034
ICAM1_ITGAL,myeloid dividing,Monocyte classical,3,2.0,1.0656101307818782,True,False,Deng_Liu_LUAD_2024;Hu_Zhang_2023_NSCLC,0.6666666666666666,0.3552033769272927,III-IV,1,0.0,4,1,0.0,0.3552033769272927
HLA-E_VSIR,Macrophage,myeloid dividing,3,2.0,1.7125940842632268,True,True,Deng_Liu_LUAD_2024;Hu_Zhang_2023_NSCLC,0.6666666666666666,0.5708646947544089,III-IV,1,0.21592015579357351,4,1,0.21592015579357351,0.35494453896083544
HLA-E_CD94:NKG2A,Macrophage,T cell CD8 terminally exhausted,4,4.0,2.764505700654178,True,False,Chen_Zhang_2020;Deng_Liu_LUAD_2024;Hu_Zhang_2023_NSCLC;Lambrechts_Thienpont_2018_6653,1.0,0.6911264251635445,III-IV,1,0.33632905293916426,4,1,0.33632905293916426,0.35479737222438024
CCL4_CCR5,Macrophage,T cell CD8 terminally exhausted,4,2.0,1.4181432533725595,True,False,Deng_Liu_LUAD_2024;Hu_Zhang_2023_NSCLC,0.5,0.3545358133431399,III-IV,1,0.0,4,1,0.0,0.3545358133431399
CCL3_CCR5,Monocyte classical,myeloid dividing,3,2.0,1.264030360738669,True,False,Deng_Liu_LUAD_2024;Hu_Zhang_2023_NSCLC,0.6666666666666666,0.4213434535795563,III-IV,1,0.06729416855999135,4,1,0.06729416855999135,0.354049285019565
HLA-F_VSIR,Neutrophils,cDC1,2,2.0,0.7079771362852334,False,True,Deng_Liu_LUAD_2024;Hu_Zhang_2023_NSCLC,1.0,0.3539885681426167,III-IV,1,0.0,1,1,0.0,0.3539885681426167
PLAU_PLAUR,Macrophage alveolar,cDC1,3,2.0,1.0616950113599115,True,True,Deng_Liu_LUAD_2024;Hu_Zhang_2023_NSCLC,0.6666666666666666,0.3538983371199705,III-IV,1,0.0,1,1,0.0,0.3538983371199705
Cholesterol_byLIPA_RORA,Pericyte,T cell CD4 dividing,2,2.0,1.040672667262205,False,True,Deng_Liu_LUAD_2024;Hu_Zhang_2023_NSCLC,1.0,0.5203363336311025,III-IV,1,0.16645028670345127,2,1,0.16645028670345127,0.35388604692765124
ANXA1_FPR1,DC mature,cDC2,3,3.0,1.0615947007806366,False,True,Chen_Zhang_2020;Deng_Liu_LUAD_2024;Hu_Zhang_2023_NSCLC,1.0,0.35386490026021217,III-IV,1,0.0,1,1,0.0,0.35386490026021217
ICAM1_ITGAL,cDC2,T cell CD8 terminally exhausted,4,2.0,1.4151270124331945,True,False,Deng_Liu_LUAD_2024;Hu_Zhang_2023_NSCLC,0.5,0.3537817531082986,III-IV,1,0.0,4,1,0.0,0.3537817531082986
COL11A1_integrin_a1b1_complex,Fibroblast peribronchial,T cell CD4 dividing,3,2.0,1.0606070310306943,True,False,Deng_Liu_LUAD_2024;Hu_Zhang_2023_NSCLC,0.6666666666666666,0.3535356770102314,III-IV,1,0.0,2,1,0.0,0.3535356770102314
CD55_ADGRE5,Monocyte classical,pDC,4,2.0,1.4137640879717264,True,True,Deng_Liu_LUAD_2024;Hu_Zhang_2023_NSCLC,0.5,0.3534410219929316,III-IV,1,0.0,3,1,0.0,0.3534410219929316
SPP1_integrin_a4b1_complex,Macrophage,myeloid dividing,3,2.0,1.504332826785106,True,False,Deng_Liu_LUAD_2024;Hu_Zhang_2023_NSCLC,0.6666666666666666,0.5014442755950353,III-IV,1,0.14840960727036676,4,1,0.14840960727036676,0.35303466832466857
SEMA7A_PLXNC1,pDC,myeloid dividing,3,2.0,1.0582534877010967,True,True,Deng_Liu_LUAD_2024;Hu_Zhang_2023_NSCLC,0.6666666666666666,0.35275116256703226,III-IV,1,0.0,2,1,0.0,0.35275116256703226
HLA-E_CD94:NKG2A,Pericyte,T cell CD8 terminally exhausted,2,2.0,1.5788039938809657,False,False,Deng_Liu_LUAD_2024;Hu_Zhang_2023_NSCLC,1.0,0.7894019969404829,III-IV,1,0.43665274845692714,3,1,0.43665274845692714,0.3527492484835557
ICAM1_integrin_aLb2_complex,cDC2,T cell CD8 terminally exhausted,4,2.0,1.410385791339349,True,False,Deng_Liu_LUAD_2024;Hu_Zhang_2023_NSCLC,0.5,0.35259644783483723,III-IV,1,0.0,4,1,0.0,0.35259644783483723
PLAUR_integrin_a4b1_complex,Macrophage,Fibroblast peribronchial,4,2.0,1.4101176720793058,True,False,Deng_Liu_LUAD_2024;Hu_Zhang_2023_NSCLC,0.5,0.35252941801982646,III-IV,1,0.0,5,1,0.0,0.35252941801982646
LGALS9_HAVCR2,Macrophage alveolar,DC mature,3,2.0,1.0574042721262207,True,True,Deng_Liu_LUAD_2024;Hu_Zhang_2023_NSCLC,0.6666666666666666,0.35246809070874024,III-IV,1,0.0,1,1,0.0,0.35246809070874024
CD55_ADGRE5,myeloid dividing,pDC,3,2.0,1.057234879301707,True,True,Deng_Liu_LUAD_2024;Hu_Zhang_2023_NSCLC,0.6666666666666666,0.35241162643390234,III-IV,1,0.0,2,1,0.0,0.35241162643390234
LTB_LTBR,pDC,Macrophage alveolar,4,2.0,1.409496870622323,True,True,Deng_Liu_LUAD_2024;Hu_Zhang_2023_NSCLC,0.5,0.35237421765558075,III-IV,1,0.0,3,1,0.0,0.35237421765558075
CD47_SIRPA,pDC,Macrophage,4,2.0,1.4087736910454192,True,True,Deng_Liu_LUAD_2024;Hu_Zhang_2023_NSCLC,0.5,0.3521934227613548,III-IV,1,0.0,3,1,0.0,0.3521934227613548
HLA-E_CD94:NKG2A,cDC2,T cell CD8 terminally exhausted,4,4.0,2.7286229451013417,True,False,Chen_Zhang_2020;Deng_Liu_LUAD_2024;Hu_Zhang_2023_NSCLC;Lambrechts_Thienpont_2018_6653,1.0,0.6821557362753354,III-IV,1,0.3299966220890424,4,1,0.3299966220890424,0.35215911418629303
FN1_integrin_aVb1_complex,Macrophage alveolar,Mast cell,4,2.0,1.4086091939963932,True,False,Deng_Liu_LUAD_2024;Hu_Zhang_2023_NSCLC,0.5,0.3521522984990983,III-IV,1,0.0,5,1,0.0,0.3521522984990983
ICAM1_integrin_aXb2_complex,Monocyte classical,DC mature,3,2.0,1.0562913898278559,True,False,Deng_Liu_LUAD_2024;Hu_Zhang_2023_NSCLC,0.6666666666666666,0.3520971299426186,III-IV,1,0.0,1,1,0.0,0.3520971299426186
COL4A2_integrin_a1b1_complex,Fibroblast peribronchial,T cell CD4 dividing,3,2.0,1.0562461039045945,True,False,Deng_Liu_LUAD_2024;Hu_Zhang_2023_NSCLC,0.6666666666666666,0.3520820346348648,III-IV,1,0.0,2,1,0.0,0.3520820346348648
ICAM1_ITGAL,pDC,cDC1,3,2.0,1.055867582892581,False,True,Deng_Liu_LUAD_2024;Hu_Zhang_2023_NSCLC,0.6666666666666666,0.3519558609641937,III-IV,1,0.0,1,1,0.0,0.3519558609641937
ICAM1_integrin_aLb2_complex,pDC,cDC1,3,2.0,1.055867582892581,False,False,Deng_Liu_LUAD_2024;Hu_Zhang_2023_NSCLC,0.6666666666666666,0.3519558609641937,III-IV,1,0.0,1,1,0.0,0.3519558609641937
CXCL16_CXCR6,Neutrophils,T cell CD8 dividing,2,2.0,0.7038697116079985,False,True,Deng_Liu_LUAD_2024;Hu_Zhang_2023_NSCLC,1.0,0.35193485580399925,III-IV,1,0.0,2,1,0.0,0.35193485580399925
IL1B_IL1_receptor_inhibitor,cDC2,Neutrophils,4,2.0,1.407658748693377,True,False,Deng_Liu_LUAD_2024;Hu_Zhang_2023_NSCLC,0.5,0.35191468717334423,III-IV,1,0.0,3,1,0.0,0.35191468717334423
LTB_LTBR,pDC,cDC2,4,2.0,1.4073665484635738,True,False,Deng_Liu_LUAD_2024;Hu_Zhang_2023_NSCLC,0.5,0.35184163711589345,III-IV,1,0.0,3,1,0.0,0.35184163711589345
PLAUR_integrin_a4b1_complex,myeloid dividing,Macrophage,3,2.0,1.452778024189523,True,False,Deng_Liu_LUAD_2024;Hu_Zhang_2023_NSCLC,0.6666666666666666,0.48425934139650767,III-IV,1,0.1325056799740344,4,1,0.1325056799740344,0.3517536614224733
PVR_TIGIT,DC mature,T cell CD8 dividing,3,2.0,1.0544146758908988,True,True,Deng_Liu_LUAD_2024;Hu_Zhang_2023_NSCLC,0.6666666666666666,0.3514715586302996,III-IV,1,0.0,1,1,0.0,0.3514715586302996
HLA-E_CD94:NKG2C,T cell CD4 dividing,NK cell,3,3.0,2.421647721561233,True,False,Chen_Zhang_2020;Deng_Liu_LUAD_2024;Hu_Zhang_2023_NSCLC,1.0,0.8072159071870777,III-IV,1,0.45576820128479656,2,1,0.45576820128479656,0.35144770590228114
CCL3_CCR5,T cell CD8 dividing,T cell CD4 dividing,3,2.0,1.0538725443077253,True,False,Deng_Liu_LUAD_2024;Hu_Zhang_2023_NSCLC,0.6666666666666666,0.3512908481025751,III-IV,1,0.0,2,1,0.0,0.3512908481025751
SPP1_integrin_a9b1_complex,myeloid dividing,Mast cell,3,2.0,1.5953490757430664,True,False,Deng_Liu_LUAD_2024;Hu_Zhang_2023_NSCLC,0.6666666666666666,0.5317830252476888,III-IV,1,0.18109650546359407,4,1,0.18109650546359407,0.35068651978409476
APP_FPR2,Pericyte,Macrophage alveolar,2,2.0,1.196070177133791,True,False,Deng_Liu_LUAD_2024;Hu_Zhang_2023_NSCLC,1.0,0.5980350885668955,III-IV,1,0.24739442460961447,3,1,0.24739442460961447,0.350640663957281
SPP1_integrin_a4b1_complex,myeloid dividing,Macrophage,3,2.0,1.5914394615501206,True,False,Deng_Liu_LUAD_2024;Hu_Zhang_2023_NSCLC,0.6666666666666666,0.5304798205167068,III-IV,1,0.1799605106567132,4,1,0.1799605106567132,0.35051930985999363
OSM_LIFR,Neutrophils,Fibroblast peribronchial,3,2.0,1.0512284780047414,True,False,Deng_Liu_LUAD_2024;Hu_Zhang_2023_NSCLC,0.6666666666666666,0.3504094926682471,III-IV,1,0.0,3,1,0.0,0.3504094926682471
HLA-E_KLRC2,Macrophage,T cell CD8 dividing,4,3.0,2.25538218209505,True,True,Deng_Liu_LUAD_2024;Hu_Zhang_2023_NSCLC;Lambrechts_Thienpont_2018_6653,0.75,0.5638455455237625,III-IV,1,0.21386454614302716,4,1,0.21386454614302716,0.34998099938073535
HLA-F_VSIR,T cell CD4,myeloid dividing,3,2.0,1.0498026891668717,False,True,Deng_Liu_LUAD_2024;Hu_Zhang_2023_NSCLC,0.6666666666666666,0.34993422972229055,III-IV,1,0.0,4,1,0.0,0.34993422972229055
HLA-F_VSIR,B cell,myeloid dividing,3,2.0,1.0487709347036724,False,True,Deng_Liu_LUAD_2024;Hu_Zhang_2023_NSCLC,0.6666666666666666,0.34959031156789083,III-IV,1,0.0,4,1,0.0,0.34959031156789083
LGALS9_P4HB,DC mature,T cell CD8 activated,3,2.0,1.0482895067071016,True,False,Deng_Liu_LUAD_2024;Hu_Zhang_2023_NSCLC,0.6666666666666666,0.3494298355690339,III-IV,1,0.0,1,1,0.0,0.3494298355690339
SELPLG_SELL,T cell regulatory,pDC,4,2.0,1.3974626414554243,False,True,Deng_Liu_LUAD_2024;Hu_Zhang_2023_NSCLC,0.5,0.3493656603638561,III-IV,1,0.0,3,1,0.0,0.3493656603638561
CCL4_CCR5,NK cell,myeloid dividing,3,2.0,1.6346771978491064,True,False,Deng_Liu_LUAD_2024;Hu_Zhang_2023_NSCLC,0.6666666666666666,0.5448923992830355,III-IV,1,0.19556691550362437,4,1,0.19556691550362437,0.3493254837794111
FBN1_integrin_a5b1_complex,Pericyte,cDC2,2,2.0,0.6985609079499717,True,False,Deng_Liu_LUAD_2024;Hu_Zhang_2023_NSCLC,1.0,0.34928045397498586,III-IV,1,0.0,3,1,0.0,0.34928045397498586
ICAM1_integrin_aXb2_complex,pDC,cDC2,4,3.0,1.3962944435624087,False,False,Deng_Liu_LUAD_2024;Hu_Zhang_2023_NSCLC;Zilionis_Klein_2019,0.75,0.3490736108906022,III-IV,1,0.0,3,1,0.0,0.3490736108906022
CD55_ADGRE5,cDC1,cDC1,3,2.0,1.0470816755777503,True,False,Deng_Liu_LUAD_2024;Hu_Zhang_2023_NSCLC,0.6666666666666666,0.34902722519258345,III-IV,1,0.0,1,1,0.0,0.34902722519258345
HEBP1_FPR3,Pericyte,Macrophage,2,2.0,1.007419341242583,False,True,Deng_Liu_LUAD_2024;Hu_Zhang_2023_NSCLC,1.0,0.5037096706212915,III-IV,1,0.15471167369901548,3,1,0.15471167369901548,0.34899799692227595
CD47_SIRPA,cDC1,DC mature,3,2.0,1.0467638531155337,True,True,Deng_Liu_LUAD_2024;Hu_Zhang_2023_NSCLC,0.6666666666666666,0.34892128437184455,III-IV,1,0.0,1,1,0.0,0.34892128437184455
CCL22_CCR4,DC mature,T cell CD4 dividing,3,2.0,1.046556437442093,True,False,Deng_Liu_LUAD_2024;Hu_Zhang_2023_NSCLC,0.6666666666666666,0.348852145814031,III-IV,1,0.0,1,1,0.0,0.348852145814031
ICAM1_SPN,Macrophage,pDC,4,2.0,1.3949314852338275,True,True,Deng_Liu_LUAD_2024;Hu_Zhang_2023_NSCLC,0.5,0.34873287130845687,III-IV,1,0.0,3,1,0.0,0.34873287130845687
SEMA4D_PTPRC,myeloid dividing,cDC2,3,2.0,1.6104902738368407,True,True,Deng_Liu_LUAD_2024;Hu_Zhang_2023_NSCLC,0.6666666666666666,0.5368300912789469,III-IV,1,0.18825056799740345,4,1,0.18825056799740345,0.3485795232815434
PTPRC_MRC1,T cell CD8 dividing,myeloid dividing,3,3.0,2.7898008820323486,True,True,Chen_Zhang_2020;Deng_Liu_LUAD_2024;Hu_Zhang_2023_NSCLC,1.0,0.9299336273441162,III-IV,1,0.5814661041084742,4,1,0.5814661041084742,0.348467523235642
ICOSLG_ICOS,pDC,T cell CD4 dividing,3,2.0,1.045209429287766,True,True,Deng_Liu_LUAD_2024;Hu_Zhang_2023_NSCLC,0.6666666666666666,0.348403143095922,III-IV,1,0.0,2,1,0.0,0.348403143095922
GAS6_AXL,DC mature,cDC2,3,2.0,1.0449838257076527,False,True,Deng_Liu_LUAD_2024;Hu_Zhang_2023_NSCLC,0.6666666666666666,0.3483279419025509,III-IV,1,0.0,1,1,0.0,0.3483279419025509
VCAM1_integrin_a4b1_complex,Fibroblast peribronchial,T cell CD8 dividing,3,2.0,1.2214712030989494,True,False,Deng_Liu_LUAD_2024;Hu_Zhang_2023_NSCLC,0.6666666666666666,0.4071570676996498,III-IV,1,0.058841826246889536,4,1,0.058841826246889536,0.34831524145276027
FN1_integrin_a4b1_complex,Macrophage alveolar,T cell CD8 terminally exhausted,3,2.0,1.6679846594602328,True,False,Deng_Liu_LUAD_2024;Hu_Zhang_2023_NSCLC,0.6666666666666666,0.5559948864867442,III-IV,1,0.20771124093908905,4,1,0.20771124093908905,0.3482836455476552
SEMA7A_PLXNC1,DC mature,cDC2,3,2.0,1.0447235537914468,True,True,Deng_Liu_LUAD_2024;Hu_Zhang_2023_NSCLC,0.6666666666666666,0.3482411845971489,III-IV,1,0.0,1,1,0.0,0.3482411845971489
ProstaglandinE2_byPTGES3_PTGER4,myeloid dividing,myeloid dividing,3,2.0,1.4761687500474718,False,True,Deng_Liu_LUAD_2024;Hu_Zhang_2023_NSCLC,0.6666666666666666,0.4920562500158239,III-IV,1,0.14408200800605864,4,1,0.14408200800605864,0.3479742420097653
LGALS9_HAVCR2,DC mature,T cell CD4 dividing,3,2.0,1.0439007058962806,True,False,Deng_Liu_LUAD_2024;Hu_Zhang_2023_NSCLC,0.6666666666666666,0.34796690196542684,III-IV,1,0.0,1,1,0.0,0.34796690196542684
SELPLG_SELL,pDC,cDC1,3,2.0,1.0433130365495429,True,True,Deng_Liu_LUAD_2024;Hu_Zhang_2023_NSCLC,0.6666666666666666,0.34777101218318096,III-IV,1,0.0,1,1,0.0,0.34777101218318096
ANXA1_FPR1,B cell,Neutrophils,4,2.0,1.3906310862285927,False,True,Deng_Liu_LUAD_2024;Maynard_Bivona_2020,0.5,0.34765777155714817,III-IV,1,0.0,3,1,0.0,0.34765777155714817
LTB_LTBR,T cell regulatory,myeloid dividing,3,2.0,1.5006261404714034,True,True,Deng_Liu_LUAD_2024;Hu_Zhang_2023_NSCLC,0.6666666666666666,0.5002087134904678,III-IV,1,0.15283187276858162,4,1,0.15283187276858162,0.3473768407218862
IFNG_Type_II_IFNR,T cell CD8 effector memory,DC mature,3,2.0,1.041872469722701,False,False,Deng_Liu_LUAD_2024;Hu_Zhang_2023_NSCLC,0.6666666666666666,0.3472908232409004,III-IV,1,0.0,1,1,0.0,0.3472908232409004
integrin_aVb1_complex_ADGRE2,Pericyte,Macrophage alveolar,2,2.0,0.8658720809618623,False,False,Deng_Liu_LUAD_2024;Hu_Zhang_2023_NSCLC,1.0,0.43293604048093115,III-IV,1,0.08575859208770602,3,1,0.08575859208770602,0.3471774483932251
ICOSLG_ICOS,DC mature,T cell CD4 dividing,3,2.0,1.0414247027010115,True,True,Deng_Liu_LUAD_2024;Hu_Zhang_2023_NSCLC,0.6666666666666666,0.3471415675670038,III-IV,1,0.0,1,1,0.0,0.3471415675670038
integrin_aVb1_complex_ADGRE2,Fibroblast peribronchial,Neutrophils,3,2.0,1.0407371283061266,False,False,Deng_Liu_LUAD_2024;Hu_Zhang_2023_NSCLC,0.6666666666666666,0.34691237610204223,III-IV,1,0.0,3,1,0.0,0.34691237610204223
ICAM1_integrin_aMb2_complex,Neutrophils,Monocyte classical,4,2.0,1.387027401776288,False,False,Deng_Liu_LUAD_2024;Hu_Zhang_2023_NSCLC,0.5,0.346756850444072,III-IV,1,0.0,3,1,0.0,0.346756850444072
CCL4_CCR5,T cell CD8 effector memory,myeloid dividing,3,2.0,1.6092338476026486,True,False,Deng_Liu_LUAD_2024;Hu_Zhang_2023_NSCLC,0.6666666666666666,0.5364112825342162,III-IV,1,0.1899410364600238,4,1,0.1899410364600238,0.3464702460741924
RNASET2_TLR8,pDC,Macrophage alveolar,4,2.0,1.3856304587267085,True,True,Deng_Liu_LUAD_2024;Hu_Zhang_2023_NSCLC,0.5,0.34640761468167713,III-IV,1,0.0,3,1,0.0,0.34640761468167713
SEMA7A_PLXNC1,cDC1,DC mature,3,2.0,1.0385493563374877,True,True,Deng_Liu_LUAD_2024;Hu_Zhang_2023_NSCLC,0.6666666666666666,0.3461831187791626,III-IV,1,0.0,1,1,0.0,0.3461831187791626
ICAM1_SPN,myeloid dividing,Macrophage,3,2.0,1.037372073436874,True,False,Deng_Liu_LUAD_2024;Hu_Zhang_2023_NSCLC,0.6666666666666666,0.3457906911456247,III-IV,1,0.0,4,1,0.0,0.3457906911456247
SPP1_integrin_a4b1_complex,Macrophage alveolar,Pericyte,2,2.0,0.8479786612286354,True,False,Deng_Liu_LUAD_2024;Hu_Zhang_2023_NSCLC,1.0,0.4239893306143177,III-IV,1,0.07822135670236936,3,1,0.07822135670236936,0.34576797391194836
LTB_LTBR,T cell CD4,myeloid dividing,3,2.0,1.4251562855441107,True,True,Deng_Liu_LUAD_2024;Hu_Zhang_2023_NSCLC,0.6666666666666666,0.4750520951813702,III-IV,1,0.12928702802120523,4,1,0.12928702802120523,0.345765067160165
ANXA1_FPR2,myeloid dividing,Monocyte classical,3,3.0,1.975105040474867,True,False,Chen_Zhang_2020;Deng_Liu_LUAD_2024;Hu_Zhang_2023_NSCLC,1.0,0.6583683468249556,III-IV,1,0.3126683880341417,4,1,0.3126683880341417,0.3456999587908139
LGALS9_P4HB,Macrophage alveolar,pDC,4,2.0,1.3827118613095708,True,True,Deng_Liu_LUAD_2024;Hu_Zhang_2023_NSCLC,0.5,0.3456779653273927,III-IV,1,0.0,3,1,0.0,0.3456779653273927
COL3A1_ADGRG1,Pericyte,NK cell,2,2.0,1.8754207017443407,True,True,Deng_Liu_LUAD_2024;Hu_Zhang_2023_NSCLC,1.0,0.9377103508721704,III-IV,1,0.592246921354069,3,1,0.592246921354069,0.3454634295181014
CD93_IFNGR1,cDC1,DC mature,3,2.0,1.03565326840662,True,True,Deng_Liu_LUAD_2024;Hu_Zhang_2023_NSCLC,0.6666666666666666,0.34521775613554,III-IV,1,0.0,1,1,0.0,0.34521775613554
DHEAsulfate_bySULT2B_PPARG,Pericyte,Macrophage alveolar,2,2.0,0.6904269043695279,False,True,Deng_Liu_LUAD_2024;Hu_Zhang_2023_NSCLC,1.0,0.34521345218476396,III-IV,1,0.0,3,1,0.0,0.34521345218476396
CXCL14_CXCR4,Fibroblast peribronchial,T cell regulatory,4,3.0,2.582942494250745,True,True,Deng_Liu_LUAD_2024;Hu_Zhang_2023_NSCLC;Zilionis_Klein_2019,0.75,0.6457356235626862,III-IV,1,0.30105772521429086,5,1,0.30105772521429086,0.34467789834839535
APP_SORL1,Fibroblast peribronchial,pDC,4,2.0,1.3786244327523836,True,False,Deng_Liu_LUAD_2024;Hu_Zhang_2023_NSCLC,0.5,0.3446561081880959,III-IV,1,0.0,3,1,0.0,0.3446561081880959
ICAM1_SPN,cDC2,T cell CD8 dividing,4,2.0,1.3779550361905595,True,True,Deng_Liu_LUAD_2024;Hu_Zhang_2023_NSCLC,0.5,0.34448875904763987,III-IV,1,0.0,4,1,0.0,0.34448875904763987
SELPLG_SELL,T cell CD4,pDC,4,2.0,1.377758489944591,False,True,Deng_Liu_LUAD_2024;Hu_Zhang_2023_NSCLC,0.5,0.34443962248614773,III-IV,1,0.0,3,1,0.0,0.34443962248614773
CCL3_CCR5,Macrophage,myeloid dividing,3,2.0,1.4016675535138985,True,False,Deng_Liu_LUAD_2024;Hu_Zhang_2023_NSCLC,0.6666666666666666,0.46722251783796614,III-IV,1,0.12291734285405172,4,1,0.12291734285405172,0.34430517498391444
CD80_CTLA4,DC mature,T cell CD4,3,2.0,1.0327539518830693,True,False,Deng_Liu_LUAD_2024;Hu_Zhang_2023_NSCLC,0.6666666666666666,0.34425131729435643,III-IV,1,0.0,1,1,0.0,0.34425131729435643
IL1B_IL1_receptor_inhibitor,Macrophage alveolar,Neutrophils,3,2.0,1.0323690693850054,False,False,Deng_Liu_LUAD_2024;Hu_Zhang_2023_NSCLC,0.6666666666666666,0.34412302312833515,III-IV,1,0.0,3,1,0.0,0.34412302312833515
LGALS3_MERTK,Macrophage,myeloid dividing,3,2.0,1.6319940056366695,True,True,Deng_Liu_LUAD_2024;Hu_Zhang_2023_NSCLC,0.6666666666666666,0.5439980018788898,III-IV,1,0.20009737098344693,4,1,0.20009737098344693,0.34390063089544287
NECTIN3_TIGIT,T cell CD8 dividing,T cell regulatory,4,2.0,1.3755417009362556,False,True,Deng_Liu_LUAD_2024;Hu_Zhang_2023_NSCLC,0.5,0.3438854252340639,III-IV,1,0.0,4,1,0.0,0.3438854252340639
APP_TREM2_receptor,DC mature,Macrophage,3,3.0,1.0316232615441958,False,False,Chen_Zhang_2020;Deng_Liu_LUAD_2024;Hu_Zhang_2023_NSCLC,1.0,0.34387442051473194,III-IV,1,0.0,1,1,0.0,0.34387442051473194
SEMA4D_PTPRC,T cell CD8 dividing,Mast cell,4,2.0,1.3750711121463204,True,False,Deng_Liu_LUAD_2024;Hu_Zhang_2023_NSCLC,0.5,0.3437677780365801,III-IV,1,0.0,4,1,0.0,0.3437677780365801
PLAU_PLAUR,Macrophage,pDC,4,3.0,1.37462463686453,True,True,Deng_Liu_LUAD_2024;Hu_Zhang_2023_NSCLC;Zilionis_Klein_2019,0.75,0.3436561592161325,III-IV,1,0.0,3,1,0.0,0.3436561592161325
VEGFA_NRP1,Neutrophils,myeloid dividing,2,2.0,0.6870130982544465,False,True,Deng_Liu_LUAD_2024;Hu_Zhang_2023_NSCLC,1.0,0.3435065491272232,III-IV,1,0.0,2,1,0.0,0.3435065491272232
RNASET2_TLR8,pDC,Macrophage,4,2.0,1.3739153615916018,True,True,Deng_Liu_LUAD_2024;Hu_Zhang_2023_NSCLC,0.5,0.34347884039790044,III-IV,1,0.0,3,1,0.0,0.34347884039790044
NECTIN3_TIGIT,Fibroblast peribronchial,T cell CD8 dividing,3,2.0,1.0295276156894415,False,True,Deng_Liu_LUAD_2024;Hu_Zhang_2023_NSCLC,0.6666666666666666,0.3431758718964805,III-IV,1,0.0,4,1,0.0,0.3431758718964805
THY1_ADGRE5,Fibroblast peribronchial,myeloid dividing,3,2.0,1.6680426482083708,True,True,Deng_Liu_LUAD_2024;Hu_Zhang_2023_NSCLC,0.6666666666666666,0.5560142160694569,III-IV,1,0.21302607378556745,4,1,0.21302607378556745,0.3429881422838894
ICAM1_integrin_aMb2_complex,DC mature,Macrophage alveolar,3,2.0,1.0288902229933057,True,False,Deng_Liu_LUAD_2024;Hu_Zhang_2023_NSCLC,0.6666666666666666,0.3429634076644352,III-IV,1,0.0,1,1,0.0,0.3429634076644352
SELPLG_SELL,Macrophage,pDC,4,2.0,1.3717748650846167,False,True,Deng_Liu_LUAD_2024;Hu_Zhang_2023_NSCLC,0.5,0.34294371627115416,III-IV,1,0.0,3,1,0.0,0.34294371627115416
ICAM1_SPN,cDC1,T cell CD8 effector memory,3,2.0,1.0287646906759391,True,False,Deng_Liu_LUAD_2024;Hu_Zhang_2023_NSCLC,0.6666666666666666,0.3429215635586464,III-IV,1,0.0,1,1,0.0,0.3429215635586464
SPP1_integrin_a4b1_complex,Monocyte classical,myeloid dividing,3,2.0,1.0860201302199721,False,False,Deng_Liu_LUAD_2024;Hu_Zhang_2023_NSCLC,0.6666666666666666,0.362006710073324,III-IV,1,0.019298387969274047,4,1,0.019298387969274047,0.34270832210405
VEGFB_FLT1,pDC,cDC1,3,2.0,1.0274923028033514,True,False,Deng_Liu_LUAD_2024;Hu_Zhang_2023_NSCLC,0.6666666666666666,0.3424974342677838,III-IV,1,0.0,1,1,0.0,0.3424974342677838
CD47_SIRPA,Pericyte,Monocyte classical,2,2.0,0.9172872935143728,False,True,Deng_Liu_LUAD_2024;Hu_Zhang_2023_NSCLC,1.0,0.4586436467571864,III-IV,1,0.11659273684590139,3,1,0.11659273684590139,0.342050909911285
HLA-F_VSIR,T cell CD8 activated,myeloid dividing,3,2.0,1.025858730605199,False,True,Deng_Liu_LUAD_2024;Hu_Zhang_2023_NSCLC,0.6666666666666666,0.34195291020173296,III-IV,1,0.0,2,1,0.0,0.34195291020173296
PLAUR_integrin_a4b1_complex,Macrophage alveolar,T cell CD8 terminally exhausted,3,2.0,1.526020673993554,True,False,Deng_Liu_LUAD_2024;Hu_Zhang_2023_NSCLC,0.6666666666666666,0.5086735579978513,III-IV,1,0.16678838039597532,4,1,0.16678838039597532,0.341885177601876
ProstaglandinE2_byPTGES3_PTGER4,myeloid dividing,T cell CD4,3,2.0,1.4879002218390713,False,False,Deng_Liu_LUAD_2024;Hu_Zhang_2023_NSCLC,0.6666666666666666,0.49596674061302376,III-IV,1,0.15423834252948176,4,1,0.15423834252948176,0.341728398083542
THY1_ADGRE2,Fibroblast peribronchial,pDC,4,2.0,1.3666437196498435,True,False,Deng_Liu_LUAD_2024;Hu_Zhang_2023_NSCLC,0.5,0.3416609299124609,III-IV,1,0.0,3,1,0.0,0.3416609299124609
PLAUR_integrin_a4b1_complex,Macrophage,myeloid dividing,3,2.0,1.6003638608843032,True,False,Deng_Liu_LUAD_2024;Hu_Zhang_2023_NSCLC,0.6666666666666666,0.5334546202947678,III-IV,1,0.1918073136427567,4,1,0.1918073136427567,0.34164730665201104
CLEC2B_KLRF1,myeloid dividing,NK cell,3,2.0,1.4466828693330216,True,True,Deng_Liu_LUAD_2024;Hu_Zhang_2023_NSCLC,0.6666666666666666,0.4822276231110072,III-IV,1,0.14066049983771503,4,1,0.14066049983771503,0.3415671232732922
ProstaglandinE2_byPTGES3_PTGER4,DC mature,Macrophage,3,2.0,1.0241687915104594,False,True,Deng_Liu_LUAD_2024;Hu_Zhang_2023_NSCLC,0.6666666666666666,0.3413895971701531,III-IV,1,0.0,1,1,0.0,0.3413895971701531
VEGFB_NRP1,pDC,Macrophage,4,2.0,1.3648635058801386,True,True,Deng_Liu_LUAD_2024;Hu_Zhang_2023_NSCLC,0.5,0.34121587647003465,III-IV,1,0.0,3,1,0.0,0.34121587647003465
TNFSF10_TNFRSF11B,Mast cell,DC mature,3,2.0,1.02238029219479,True,False,Deng_Liu_LUAD_2024;Hu_Zhang_2023_NSCLC,0.6666666666666666,0.3407934307315967,III-IV,1,0.0,1,1,0.0,0.3407934307315967
HLA-E_VSIR,myeloid dividing,myeloid dividing,3,2.0,1.6163383532090065,True,True,Deng_Liu_LUAD_2024;Hu_Zhang_2023_NSCLC,0.6666666666666666,0.5387794510696688,III-IV,1,0.19812290381910636,4,1,0.19812290381910636,0.3406565472505625
FN1_integrin_a4b1_complex,Macrophage,T cell CD8 terminally exhausted,4,2.0,1.362555394541178,True,False,Deng_Liu_LUAD_2024;Hu_Zhang_2023_NSCLC,0.5,0.3406388486352945,III-IV,1,0.0,4,1,0.0,0.3406388486352945
F11R_integrin_aLb2_complex,DC mature,T cell CD4 dividing,3,2.0,1.0219012516442905,True,False,Deng_Liu_LUAD_2024;Hu_Zhang_2023_NSCLC,0.6666666666666666,0.3406337505480968,III-IV,1,0.0,1,1,0.0,0.3406337505480968
SELPLG_SELL,T cell CD8 activated,pDC,4,2.0,1.3622258161736234,False,True,Deng_Liu_LUAD_2024;Hu_Zhang_2023_NSCLC,0.5,0.34055645404340584,III-IV,1,0.0,2,1,0.0,0.34055645404340584
HLA-F_VSIR,pDC,cDC1,3,2.0,1.021522040589847,False,True,Deng_Liu_LUAD_2024;Hu_Zhang_2023_NSCLC,0.6666666666666666,0.3405073468632824,III-IV,1,0.0,1,1,0.0,0.3405073468632824
LGALS9_P4HB,pDC,Fibroblast peribronchial,4,2.0,1.3614154797047036,False,True,Deng_Liu_LUAD_2024;Hu_Zhang_2023_NSCLC,0.5,0.3403538699261759,III-IV,1,0.0,3,1,0.0,0.3403538699261759
CCL3_CCR5,Macrophage,Macrophage alveolar,4,2.0,1.3614016687824946,True,False,Deng_Liu_LUAD_2024;Hu_Zhang_2023_NSCLC,0.5,0.34035041719562364,III-IV,1,0.0,5,1,0.0,0.34035041719562364
CD47_SIRPA,DC mature,myeloid dividing,3,2.0,1.0207387064382005,False,True,Deng_Liu_LUAD_2024;Hu_Zhang_2023_NSCLC,0.6666666666666666,0.3402462354794002,III-IV,1,0.0,1,1,0.0,0.3402462354794002
CD99_PILRA,pDC,Macrophage alveolar,4,2.0,1.360679143990378,True,True,Deng_Liu_LUAD_2024;Hu_Zhang_2023_NSCLC,0.5,0.3401697859975945,III-IV,1,0.0,3,1,0.0,0.3401697859975945
FN1_integrin_a4b1_complex,Macrophage,myeloid dividing,3,2.0,1.1835825095015822,True,False,Deng_Liu_LUAD_2024;Hu_Zhang_2023_NSCLC,0.6666666666666666,0.39452750316719404,III-IV,1,0.05459536946878719,4,1,0.05459536946878719,0.33993213369840686
NECTIN3_TIGIT,Fibroblast peribronchial,T cell regulatory,4,2.0,1.3596959947056317,False,True,Deng_Liu_LUAD_2024;Hu_Zhang_2023_NSCLC,0.5,0.33992399867640793,III-IV,1,0.0,5,1,0.0,0.33992399867640793
RNASET2_TLR8,pDC,Monocyte classical,4,2.0,1.3577383292217213,True,False,Deng_Liu_LUAD_2024;Hu_Zhang_2023_NSCLC,0.5,0.33943458230543033,III-IV,1,0.0,3,1,0.0,0.33943458230543033
ICAM1_ITGAL,DC mature,Monocyte classical,3,2.0,1.0181389841757456,True,False,Deng_Liu_LUAD_2024;Hu_Zhang_2023_NSCLC,0.6666666666666666,0.33937966139191517,III-IV,1,0.0,1,1,0.0,0.33937966139191517
ICAM1_integrin_aLb2_complex,DC mature,Monocyte classical,3,2.0,1.0181389841757456,True,False,Deng_Liu_LUAD_2024;Hu_Zhang_2023_NSCLC,0.6666666666666666,0.33937966139191517,III-IV,1,0.0,1,1,0.0,0.33937966139191517
PTPRC_MRC1,T cell CD4,myeloid dividing,3,3.0,2.701935563491498,True,True,Chen_Zhang_2020;Deng_Liu_LUAD_2024;Hu_Zhang_2023_NSCLC,1.0,0.9006451878304994,III-IV,1,0.5613363046347652,4,1,0.5613363046347652,0.33930888319573416
integrin_aVb1_complex_ADGRE5,myeloid dividing,T cell CD8 terminally exhausted,3,2.0,1.2524428912322483,False,True,Deng_Liu_LUAD_2024;Hu_Zhang_2023_NSCLC,0.6666666666666666,0.4174809637440828,III-IV,1,0.07818078545926647,4,1,0.07818078545926647,0.3393001782848163
LTB_LTBR,B cell,myeloid dividing,3,2.0,1.4683669036792841,True,True,Deng_Liu_LUAD_2024;Hu_Zhang_2023_NSCLC,0.6666666666666666,0.4894556345597614,III-IV,1,0.1501812182191929,4,1,0.1501812182191929,0.3392744163405685
BST2_LILRA4,B cell,pDC,4,2.0,1.3568457920779462,False,True,Deng_Liu_LUAD_2024;Hu_Zhang_2023_NSCLC,0.5,0.33921144801948655,III-IV,1,0.0,3,1,0.0,0.33921144801948655
IGFBP3_TMEM219,Fibroblast peribronchial,cDC2,4,2.0,1.3560352440631722,True,True,Deng_Liu_LUAD_2024;Hu_Zhang_2023_NSCLC,0.5,0.33900881101579305,III-IV,1,0.0,5,1,0.0,0.33900881101579305
ICAM1_SPN,myeloid dividing,Monocyte classical,3,2.0,1.016820081399218,True,False,Deng_Liu_LUAD_2024;Hu_Zhang_2023_NSCLC,0.6666666666666666,0.3389400271330727,III-IV,1,0.0,4,1,0.0,0.3389400271330727
HLA-E_KLRK1,Macrophage,T cell CD8 effector memory,6,4.0,3.1176147803182905,True,True,Deng_Liu_LUAD_2024;Lambrechts_Thienpont_2018_6653;Maynard_Bivona_2020;Zilionis_Klein_2019,0.6666666666666666,0.5196024633863817,III-IV,1,0.18083511777301928,5,1,0.18083511777301928,0.3387673456133624
APP_TNFRSF21,myeloid dividing,pDC,3,2.0,1.016266465898234,True,True,Deng_Liu_LUAD_2024;Hu_Zhang_2023_NSCLC,0.6666666666666666,0.3387554886327447,III-IV,1,0.0,2,1,0.0,0.3387554886327447
JAG1_NOTCH2,Pericyte,T cell CD4 dividing,2,2.0,1.0652039929622523,True,False,Deng_Liu_LUAD_2024;Hu_Zhang_2023_NSCLC,1.0,0.5326019964811262,III-IV,1,0.19390574608112487,2,1,0.19390574608112487,0.3386962504000013
SELPLG_SELL,cDC2,pDC,4,2.0,1.3544143092114176,False,True,Deng_Liu_LUAD_2024;Hu_Zhang_2023_NSCLC,0.5,0.3386035773028544,III-IV,1,0.0,3,1,0.0,0.3386035773028544
AREG_EGFR,Mast cell,Fibroblast peribronchial,4,4.0,2.6181871469003415,True,True,Chen_Zhang_2020;Deng_Liu_LUAD_2024;Hu_Zhang_2023_NSCLC;Zilionis_Klein_2019,1.0,0.6545467867250854,III-IV,1,0.3161709227146267,5,1,0.3161709227146267,0.33837586401045866
COL4A2_integrin_a2b1_complex,Fibroblast peribronchial,T cell CD8 dividing,3,2.0,1.0142766404076478,True,False,Deng_Liu_LUAD_2024;Hu_Zhang_2023_NSCLC,0.6666666666666666,0.3380922134692159,III-IV,1,0.0,4,1,0.0,0.3380922134692159
TNF_TNFRSF1B,T cell CD8 activated,T cell CD8 dividing,3,2.0,1.0142617012408817,False,True,Deng_Liu_LUAD_2024;Hu_Zhang_2023_NSCLC,0.6666666666666666,0.33808723374696054,III-IV,1,0.0,2,1,0.0,0.33808723374696054
SELPLG_SELL,Macrophage alveolar,pDC,4,2.0,1.3508085504174918,True,True,Deng_Liu_LUAD_2024;Hu_Zhang_2023_NSCLC,0.5,0.33770213760437295,III-IV,1,0.0,3,1,0.0,0.33770213760437295
BST2_LILRA4,T cell CD8 effector memory,pDC,4,2.0,1.3503327283860629,False,True,Deng_Liu_LUAD_2024;Hu_Zhang_2023_NSCLC,0.5,0.3375831820965157,III-IV,1,0.0,3,1,0.0,0.3375831820965157
NECTIN2_TIGIT,DC mature,T cell CD8 effector memory,3,2.0,1.012072007357033,True,False,Chen_Zhang_2020;Deng_Liu_LUAD_2024,0.6666666666666666,0.33735733578567767,III-IV,1,0.0,1,1,0.0,0.33735733578567767
ICAM1_SPN,Monocyte classical,DC mature,3,2.0,1.0119191885165497,True,False,Deng_Liu_LUAD_2024;Hu_Zhang_2023_NSCLC,0.6666666666666666,0.3373063961721832,III-IV,1,0.0,1,1,0.0,0.3373063961721832
PTPRC_MRC1,myeloid dividing,Macrophage alveolar,3,3.0,2.68564841336752,True,True,Chen_Zhang_2020;Deng_Liu_LUAD_2024;Hu_Zhang_2023_NSCLC,1.0,0.8952161377891733,III-IV,1,0.5581396610143629,4,1,0.5581396610143629,0.33707647677481045
SELPLG_SELL,Monocyte classical,pDC,4,2.0,1.3481270757559203,False,True,Deng_Liu_LUAD_2024;Hu_Zhang_2023_NSCLC,0.5,0.33703176893898007,III-IV,1,0.0,3,1,0.0,0.33703176893898007
TENM3_ADGRL2,Fibroblast peribronchial,Pericyte,2,2.0,0.734448125924342,True,True,Deng_Liu_LUAD_2024;Hu_Zhang_2023_NSCLC,1.0,0.367224062962171,III-IV,1,0.030996429730606945,3,1,0.030996429730606945,0.33622763323156407
ALCAM_CD6,pDC,T cell CD4 dividing,3,2.0,1.0078935212752371,True,True,Deng_Liu_LUAD_2024;Hu_Zhang_2023_NSCLC,0.6666666666666666,0.3359645070917457,III-IV,1,0.0,2,1,0.0,0.3359645070917457
CD248_IL6R,Pericyte,Macrophage,2,2.0,1.065204778703997,True,True,Deng_Liu_LUAD_2024;Hu_Zhang_2023_NSCLC,1.0,0.5326023893519986,III-IV,1,0.1967795448808107,3,1,0.1967795448808107,0.3358228444711878
SPP1_integrin_a4b1_complex,myeloid dividing,Macrophage alveolar,3,2.0,1.5341740843877365,True,False,Deng_Liu_LUAD_2024;Hu_Zhang_2023_NSCLC,0.6666666666666666,0.5113913614625788,III-IV,1,0.1756193876447041,4,1,0.1756193876447041,0.3357719738178747
LCK_CD8_receptor,T cell CD8 dividing,T cell CD8 activated,3,2.0,1.0069071648188568,True,False,Chen_Zhang_2020;Deng_Liu_LUAD_2024,0.6666666666666666,0.3356357216062856,III-IV,1,0.0,2,1,0.0,0.3356357216062856
SELPLG_SELL,pDC,B cell,4,2.0,1.3424151009570355,True,True,Deng_Liu_LUAD_2024;Hu_Zhang_2023_NSCLC,0.5,0.3356037752392589,III-IV,1,0.0,3,1,0.0,0.3356037752392589
FN1_integrin_aVb5_complex,myeloid dividing,Pericyte,2,2.0,1.1996030281600372,True,False,Deng_Liu_LUAD_2024;Hu_Zhang_2023_NSCLC,1.0,0.5998015140800186,III-IV,1,0.2646507266760431,3,1,0.2646507266760431,0.33515078740397547
LCK_CD8_receptor,T cell CD4 dividing,T cell CD4 dividing,3,2.0,1.0053197980762778,True,False,Chen_Zhang_2020;Deng_Liu_LUAD_2024,0.6666666666666666,0.33510659935875925,III-IV,1,0.0,2,1,0.0,0.33510659935875925
COL12A1_integrin_a11b1_complex,Pericyte,Fibroblast peribronchial,2,2.0,0.9927131469039489,True,False,Deng_Liu_LUAD_2024;Hu_Zhang_2023_NSCLC,1.0,0.4963565734519744,III-IV,1,0.16161780085830718,3,1,0.16161780085830718,0.33473877259366724
COL11A1_integrin_a2b1_complex,Fibroblast peribronchial,T cell CD8 dividing,3,2.0,1.0041248872838355,True,False,Deng_Liu_LUAD_2024;Hu_Zhang_2023_NSCLC,0.6666666666666666,0.33470829576127853,III-IV,1,0.0,4,1,0.0,0.33470829576127853
BST2_LILRA4,T cell CD4,pDC,4,2.0,1.338491277934202,False,True,Deng_Liu_LUAD_2024;Hu_Zhang_2023_NSCLC,0.5,0.3346228194835505,III-IV,1,0.0,3,1,0.0,0.3346228194835505
CD96_NECTIN1,T cell CD8 effector memory,pDC,4,2.0,1.3375986299806937,True,True,Deng_Liu_LUAD_2024;Hu_Zhang_2023_NSCLC,0.5,0.3343996574951734,III-IV,1,0.0,3,1,0.0,0.3343996574951734
PTPRC_MRC1,T cell CD8 terminally exhausted,myeloid dividing,3,3.0,2.802038412426053,True,True,Chen_Zhang_2020;Deng_Liu_LUAD_2024;Hu_Zhang_2023_NSCLC,1.0,0.9340128041420176,III-IV,1,0.599726586389336,4,1,0.599726586389336,0.33428621775268164
VCAM1_integrin_a4b1_complex,Fibroblast peribronchial,myeloid dividing,3,2.0,1.0870852132288529,True,False,Deng_Liu_LUAD_2024;Hu_Zhang_2023_NSCLC,0.6666666666666666,0.36236173774295094,III-IV,1,0.02812939521800281,4,1,0.02812939521800281,0.33423234252494816
HLA-E_KLRC1,Macrophage,T cell CD8 dividing,4,3.0,2.200998765113939,True,True,Deng_Liu_LUAD_2024;Hu_Zhang_2023_NSCLC;Lambrechts_Thienpont_2018_6653,0.75,0.5502496912784848,III-IV,1,0.2160283457751812,4,1,0.2160283457751812,0.33422134550330357
SEMA4D_PTPRC,T cell CD8 dividing,Macrophage alveolar,3,2.0,1.4939514809307832,True,True,Deng_Liu_LUAD_2024;Hu_Zhang_2023_NSCLC,0.6666666666666666,0.4979838269769277,III-IV,1,0.16385372714486637,4,1,0.16385372714486637,0.3341300998320613
FBN1_integrin_a5b1_complex,Fibroblast peribronchial,myeloid dividing,3,2.0,1.3754535467566404,True,False,Deng_Liu_LUAD_2024;Hu_Zhang_2023_NSCLC,0.6666666666666666,0.4584845155855468,III-IV,1,0.12440495510115764,4,1,0.12440495510115764,0.3340795604843892
CXCL1_CXCR2,Macrophage,Neutrophils,4,2.0,1.3355498986354282,False,True,Hu_Zhang_2023_NSCLC;Maynard_Bivona_2020,0.5,0.33388747465885704,III-IV,1,0.0,3,1,0.0,0.33388747465885704
IFNG_Type_II_IFNR,T cell CD8 dividing,myeloid dividing,3,2.0,1.4701976164665198,True,False,Deng_Liu_LUAD_2024;Hu_Zhang_2023_NSCLC,0.6666666666666666,0.4900658721555066,III-IV,1,0.15621280969382234,4,1,0.15621280969382234,0.3338530624616843
ICAM1_SPN,cDC2,T cell CD8 terminally exhausted,4,2.0,1.3351068414352407,True,False,Deng_Liu_LUAD_2024;Hu_Zhang_2023_NSCLC,0.5,0.3337767103588102,III-IV,1,0.0,4,1,0.0,0.3337767103588102
ICAM1_ITGAL,cDC2,T cell CD8 dividing,4,2.0,1.333966035084094,True,True,Deng_Liu_LUAD_2024;Hu_Zhang_2023_NSCLC,0.5,0.3334915087710235,III-IV,1,0.0,4,1,0.0,0.3334915087710235
COL10A1_integrin_a1b1_complex,Fibroblast peribronchial,T cell CD8 activated,4,2.0,1.3314434615800192,True,False,Deng_Liu_LUAD_2024;Hu_Zhang_2023_NSCLC,0.5,0.3328608653950048,III-IV,1,0.0,3,1,0.0,0.3328608653950048
ICAM1_integrin_aMb2_complex,Neutrophils,Macrophage,4,2.0,1.3310704810546685,False,False,Deng_Liu_LUAD_2024;Hu_Zhang_2023_NSCLC,0.5,0.33276762026366713,III-IV,1,0.0,3,1,0.0,0.33276762026366713
CCL3_CCR5,myeloid dividing,T cell CD4 dividing,3,2.0,1.3491998348572323,True,False,Deng_Liu_LUAD_2024;Hu_Zhang_2023_NSCLC,0.6666666666666666,0.4497332782857441,III-IV,1,0.11711565509033864,2,1,0.11711565509033864,0.33261762319540544
CD55_ADGRE5,cDC1,Plasma cell,3,2.0,0.9978053276070624,True,False,Deng_Liu_LUAD_2024;Hu_Zhang_2023_NSCLC,0.6666666666666666,0.3326017758690208,III-IV,1,0.0,1,1,0.0,0.3326017758690208
FN1_integrin_a4b1_complex,Macrophage alveolar,T cell CD8 dividing,3,2.0,1.6314333839384596,True,False,Deng_Liu_LUAD_2024;Hu_Zhang_2023_NSCLC,0.6666666666666666,0.5438111279794865,III-IV,1,0.21138970031375096,4,1,0.21138970031375096,0.33242142766573557
HLA-E_KLRK1,cDC2,T cell CD8 effector memory,6,4.0,3.075296101744003,True,True,Chen_Zhang_2020;Deng_Liu_LUAD_2024;Lambrechts_Thienpont_2018_6653;Maynard_Bivona_2020,0.6666666666666666,0.5125493502906672,III-IV,1,0.1801391862955032,5,1,0.1801391862955032,0.332410163995164
PLAUR_integrin_a4b1_complex,cDC2,myeloid dividing,3,2.0,1.376325463216417,True,False,Deng_Liu_LUAD_2024;Hu_Zhang_2023_NSCLC,0.6666666666666666,0.45877515440547234,III-IV,1,0.12651465974250783,4,1,0.12651465974250783,0.3322604946629645
PLAUR_integrin_a4b1_complex,myeloid dividing,Macrophage alveolar,3,2.0,1.3717673955012337,True,False,Deng_Liu_LUAD_2024;Hu_Zhang_2023_NSCLC,0.6666666666666666,0.45725579850041126,III-IV,1,0.1250676187385048,4,1,0.1250676187385048,0.33218817976190645
ICAM1_ITGAL,Macrophage alveolar,T cell CD4 dividing,3,2.0,0.9964833221580038,False,True,Deng_Liu_LUAD_2024;Hu_Zhang_2023_NSCLC,0.6666666666666666,0.3321611073860013,III-IV,1,0.0,2,1,0.0,0.3321611073860013
COL11A1_integrin_a1b1_complex,Fibroblast peribronchial,T cell CD8 effector memory,4,2.0,1.3285188199956124,True,False,Deng_Liu_LUAD_2024;Hu_Zhang_2023_NSCLC,0.5,0.3321297049989031,III-IV,1,0.0,5,1,0.0,0.3321297049989031
HLA-E_KLRK1,myeloid dividing,T cell CD8 effector memory,3,2.0,1.6723842076388422,True,True,Chen_Zhang_2020;Deng_Liu_LUAD_2024,0.6666666666666666,0.5574614025462807,III-IV,1,0.22547510706638116,4,1,0.22547510706638116,0.33198629547989955
ICAM1_integrin_aMb2_complex,myeloid dividing,NK cell,3,2.0,0.995957852329268,True,False,Deng_Liu_LUAD_2024;Hu_Zhang_2023_NSCLC,0.6666666666666666,0.3319859507764227,III-IV,1,0.0,4,1,0.0,0.3319859507764227
CD248_IL6R,Pericyte,Plasma cell,2,2.0,0.6639466570808861,True,False,Deng_Liu_LUAD_2024;Hu_Zhang_2023_NSCLC,1.0,0.33197332854044304,III-IV,1,0.0,3,1,0.0,0.33197332854044304
IL1RN_IL1_receptor_inhibitor,Macrophage alveolar,Neutrophils,3,2.0,0.9954708334779736,True,False,Deng_Liu_LUAD_2024;Hu_Zhang_2023_NSCLC,0.6666666666666666,0.3318236111593245,III-IV,1,0.0,3,1,0.0,0.3318236111593245
ICAM1_SPN,cDC2,pDC,4,2.0,1.3264589879376354,True,True,Deng_Liu_LUAD_2024;Hu_Zhang_2023_NSCLC,0.5,0.33161474698440885,III-IV,1,0.0,3,1,0.0,0.33161474698440885
PECAM1_CD38,myeloid dividing,Plasma cell,3,2.0,0.9947692920198921,True,True,Deng_Liu_LUAD_2024;Hu_Zhang_2023_NSCLC,0.6666666666666666,0.3315897640066307,III-IV,1,0.0,4,1,0.0,0.3315897640066307
JAG1_NOTCH3,Pericyte,Fibroblast peribronchial,2,2.0,1.2016681438275685,True,False,Deng_Liu_LUAD_2024;Hu_Zhang_2023_NSCLC,1.0,0.6008340719137842,III-IV,1,0.2692620447072511,3,1,0.2692620447072511,0.3315720272065331
CD248_IL6R,Pericyte,myeloid dividing,2,2.0,1.0005114675078965,True,True,Deng_Liu_LUAD_2024;Hu_Zhang_2023_NSCLC,1.0,0.5002557337539483,III-IV,1,0.1688845612896246,3,1,0.1688845612896246,0.3313711724643237
ICAM1_ITGAL,DC mature,Macrophage alveolar,3,2.0,0.9932599576799497,True,True,Deng_Liu_LUAD_2024;Hu_Zhang_2023_NSCLC,0.6666666666666666,0.3310866525599832,III-IV,1,0.0,1,1,0.0,0.3310866525599832
ICAM1_integrin_aLb2_complex,DC mature,Macrophage alveolar,3,2.0,0.9932599576799497,True,False,Deng_Liu_LUAD_2024;Hu_Zhang_2023_NSCLC,0.6666666666666666,0.3310866525599832,III-IV,1,0.0,1,1,0.0,0.3310866525599832
HLA-F_LILRB2,T cell CD4 dividing,myeloid dividing,3,2.0,0.9928131023201563,True,True,Deng_Liu_LUAD_2024;Hu_Zhang_2023_NSCLC,0.6666666666666666,0.3309377007733854,III-IV,1,0.0,2,1,0.0,0.3309377007733854
IGFBP3_TMEM219,Fibroblast peribronchial,Mast cell,4,2.0,1.3235979914345688,True,False,Deng_Liu_LUAD_2024;Hu_Zhang_2023_NSCLC,0.5,0.3308994978586422,III-IV,1,0.0,5,1,0.0,0.3308994978586422
F11R_integrin_aLb2_complex,DC mature,T cell regulatory,3,2.0,0.9926526246423641,True,False,Deng_Liu_LUAD_2024;Hu_Zhang_2023_NSCLC,0.6666666666666666,0.3308842082141214,III-IV,1,0.0,1,1,0.0,0.3308842082141214
ProstaglandinE2_byPTGES3_PTGER4,myeloid dividing,NK cell,3,2.0,1.4763843253467253,False,False,Deng_Liu_LUAD_2024;Hu_Zhang_2023_NSCLC,0.6666666666666666,0.4921281084489084,III-IV,1,0.16132478632478633,4,1,0.16132478632478633,0.3308033221241221
COL12A1_integrin_a1b1_complex,Fibroblast peribronchial,T cell CD8 activated,4,2.0,1.3212755806032117,True,False,Deng_Liu_LUAD_2024;Hu_Zhang_2023_NSCLC,0.5,0.3303188951508029,III-IV,1,0.0,3,1,0.0,0.3303188951508029
PTPRC_MRC1,T cell CD8 dividing,Macrophage alveolar,3,3.0,2.8804700041499838,True,True,Chen_Zhang_2020;Deng_Liu_LUAD_2024;Hu_Zhang_2023_NSCLC,1.0,0.9601566680499946,III-IV,1,0.6300419798884478,4,1,0.6300419798884478,0.33011468816154677
LGALS9_P4HB,Monocyte classical,pDC,4,2.0,1.3194591723451787,True,True,Deng_Liu_LUAD_2024;Hu_Zhang_2023_NSCLC,0.5,0.3298647930862947,III-IV,1,0.0,3,1,0.0,0.3298647930862947
ICAM1_ITGAL,myeloid dividing,Macrophage,3,2.0,0.9893490036965926,True,False,Deng_Liu_LUAD_2024;Hu_Zhang_2023_NSCLC,0.6666666666666666,0.32978300123219756,III-IV,1,0.0,4,1,0.0,0.32978300123219756
ProstaglandinE2_byPTGES3_PTGER4,T cell CD8 dividing,Macrophage alveolar,3,2.0,1.3798044053074316,False,True,Deng_Liu_LUAD_2024;Hu_Zhang_2023_NSCLC,0.6666666666666666,0.45993480176914386,III-IV,1,0.1302201666125717,4,1,0.1302201666125717,0.3297146351565722
ICAM1_SPN,cDC1,Mast cell,3,2.0,0.9882360710301672,True,False,Deng_Liu_LUAD_2024;Hu_Zhang_2023_NSCLC,0.6666666666666666,0.3294120236767224,III-IV,1,0.0,1,1,0.0,0.3294120236767224
PVR_CD96,DC mature,T cell CD4 dividing,3,2.0,0.9879666623477734,True,True,Deng_Liu_LUAD_2024;Hu_Zhang_2023_NSCLC,0.6666666666666666,0.32932222078259116,III-IV,1,0.0,1,1,0.0,0.32932222078259116
VEGFB_NRP1,DC mature,Pericyte,2,2.0,0.6585263687575865,False,True,Deng_Liu_LUAD_2024;Hu_Zhang_2023_NSCLC,1.0,0.32926318437879326,III-IV,1,0.0,1,1,0.0,0.32926318437879326
PGD2_byPTGDS_PTGDR,pDC,NK cell,4,2.0,1.316960357455276,False,False,Deng_Liu_LUAD_2024;Hu_Zhang_2023_NSCLC,0.5,0.329240089363819,III-IV,1,0.0,3,1,0.0,0.329240089363819
ICAM3_integrin_aLb2_complex,T cell regulatory,T cell CD4 dividing,3,2.0,0.9849920304632478,False,False,Deng_Liu_LUAD_2024;Hu_Zhang_2023_NSCLC,0.6666666666666666,0.3283306768210826,III-IV,1,0.0,2,1,0.0,0.3283306768210826
ICAM1_SPN,DC mature,Macrophage,3,2.0,0.9839761872703834,True,False,Deng_Liu_LUAD_2024;Hu_Zhang_2023_NSCLC,0.6666666666666666,0.32799206242346113,III-IV,1,0.0,1,1,0.0,0.32799206242346113
ProstaglandinE2_byPTGES3_PTGER4,T cell regulatory,myeloid dividing,3,2.0,1.2239340148991544,False,True,Deng_Liu_LUAD_2024;Hu_Zhang_2023_NSCLC,0.6666666666666666,0.4079780049663848,III-IV,1,0.08003353889429839,4,1,0.08003353889429839,0.32794446607208644
LGALS9_HAVCR2,pDC,T cell CD8 dividing,3,2.0,0.9836693299349533,False,True,Deng_Liu_LUAD_2024;Hu_Zhang_2023_NSCLC,0.6666666666666666,0.3278897766449844,III-IV,1,0.0,2,1,0.0,0.3278897766449844
ProstaglandinE2_byPTGES3_PTGER4,Mast cell,myeloid dividing,3,2.0,1.2233147698152433,False,True,Deng_Liu_LUAD_2024;Hu_Zhang_2023_NSCLC,0.6666666666666666,0.40777158993841445,III-IV,1,0.08027696635291572,4,1,0.08027696635291572,0.32749462358549875
ICAM1_ITGAL,myeloid dividing,B cell,3,2.0,0.9822319262223155,True,False,Deng_Liu_LUAD_2024;Hu_Zhang_2023_NSCLC,0.6666666666666666,0.32741064207410514,III-IV,1,0.0,4,1,0.0,0.32741064207410514
ICAM1_integrin_aLb2_complex,myeloid dividing,B cell,3,2.0,0.9822319262223155,True,False,Deng_Liu_LUAD_2024;Hu_Zhang_2023_NSCLC,0.6666666666666666,0.32741064207410514,III-IV,1,0.0,4,1,0.0,0.32741064207410514
PTPRC_MRC1,T cell CD8 effector memory,myeloid dividing,3,3.0,2.784687573247143,True,True,Chen_Zhang_2020;Deng_Liu_LUAD_2024;Hu_Zhang_2023_NSCLC,1.0,0.928229191082381,III-IV,1,0.6008533590256764,4,1,0.6008533590256764,0.3273758320567046
ICAM1_SPN,DC mature,Monocyte classical,3,2.0,0.9816855385380234,True,False,Deng_Liu_LUAD_2024;Hu_Zhang_2023_NSCLC,0.6666666666666666,0.3272285128460078,III-IV,1,0.0,1,1,0.0,0.3272285128460078
VEGFB_NRP1,T cell CD4 dividing,Pericyte,2,2.0,0.6542078968697439,False,True,Deng_Liu_LUAD_2024;Hu_Zhang_2023_NSCLC,1.0,0.32710394843487195,III-IV,1,0.0,2,1,0.0,0.32710394843487195
ProstaglandinE2_byPTGES2_PTGER4,DC mature,Macrophage,3,3.0,0.981081371344266,False,True,Chen_Zhang_2020;Deng_Liu_LUAD_2024;Hu_Zhang_2023_NSCLC,1.0,0.327027123781422,III-IV,1,0.0,1,1,0.0,0.327027123781422
FN1_integrin_a4b1_complex,Macrophage,T cell CD8 dividing,4,2.0,1.3079817721615288,True,False,Deng_Liu_LUAD_2024;Hu_Zhang_2023_NSCLC,0.5,0.3269954430403822,III-IV,1,0.0,4,1,0.0,0.3269954430403822
ICAM1_integrin_aXb2_complex,Mast cell,Neutrophils,4,2.0,1.3076497479522202,True,False,Deng_Liu_LUAD_2024;Maynard_Bivona_2020,0.5,0.32691243698805506,III-IV,1,0.0,3,1,0.0,0.32691243698805506
ICAM1_SPN,cDC1,T cell regulatory,3,2.0,0.979855102775121,True,False,Deng_Liu_LUAD_2024;Hu_Zhang_2023_NSCLC,0.6666666666666666,0.326618367591707,III-IV,1,0.0,1,1,0.0,0.326618367591707
ICAM1_SPN,cDC1,T cell CD4,3,2.0,0.9793445519659268,True,False,Deng_Liu_LUAD_2024;Hu_Zhang_2023_NSCLC,0.6666666666666666,0.3264481839886423,III-IV,1,0.0,1,1,0.0,0.3264481839886423
CD80_CD28,DC mature,T cell CD8 effector memory,3,2.0,0.9786995436190326,True,False,Deng_Liu_LUAD_2024;Hu_Zhang_2023_NSCLC,0.6666666666666666,0.3262331812063442,III-IV,1,0.0,1,1,0.0,0.3262331812063442
LTB_LTBR,cDC2,myeloid dividing,3,2.0,1.157466921934684,True,True,Deng_Liu_LUAD_2024;Hu_Zhang_2023_NSCLC,0.6666666666666666,0.38582230731156136,III-IV,1,0.059612679865844426,4,1,0.059612679865844426,0.3262096274457169
PVR_TIGIT,Fibroblast peribronchial,T cell CD8 terminally exhausted,3,2.0,0.9785879548316052,False,True,Chen_Zhang_2020;Deng_Liu_LUAD_2024,0.6666666666666666,0.3261959849438684,III-IV,1,0.0,4,1,0.0,0.3261959849438684
IGFBP3_TMEM219,Fibroblast peribronchial,Fibroblast peribronchial,4,2.0,1.304292926214881,True,False,Deng_Liu_LUAD_2024;Hu_Zhang_2023_NSCLC,0.5,0.32607323155372026,III-IV,1,0.0,5,1,0.0,0.32607323155372026
VEGFB_NRP1,pDC,pDC,4,2.0,1.3039800650066309,True,True,Deng_Liu_LUAD_2024;Hu_Zhang_2023_NSCLC,0.5,0.3259950162516577,III-IV,1,0.0,3,1,0.0,0.3259950162516577
NECTIN3_TIGIT,T cell CD8 dividing,T cell CD8 terminally exhausted,4,2.0,1.303703640053399,False,True,Deng_Liu_LUAD_2024;Hu_Zhang_2023_NSCLC,0.5,0.32592591001334975,III-IV,1,0.0,4,1,0.0,0.32592591001334975
ICAM1_SPN,cDC1,T cell CD8 activated,3,2.0,0.9776996167333094,True,False,Deng_Liu_LUAD_2024;Hu_Zhang_2023_NSCLC,0.6666666666666666,0.32589987224443645,III-IV,1,0.0,1,1,0.0,0.32589987224443645
CD55_ADGRE5,cDC1,DC mature,3,2.0,0.9776392355022943,True,False,Deng_Liu_LUAD_2024;Hu_Zhang_2023_NSCLC,0.6666666666666666,0.3258797451674314,III-IV,1,0.0,1,1,0.0,0.3258797451674314
VEGFA_NRP1,Mast cell,Pericyte,2,2.0,1.317650616467789,True,True,Deng_Liu_LUAD_2024;Hu_Zhang_2023_NSCLC,1.0,0.6588253082338945,III-IV,1,0.332985263342987,3,1,0.332985263342987,0.3258400448909075
PLAUR_integrin_a4b1_complex,cDC2,pDC,4,2.0,1.302148626919323,True,False,Deng_Liu_LUAD_2024;Hu_Zhang_2023_NSCLC,0.5,0.32553715672983075,III-IV,1,0.0,3,1,0.0,0.32553715672983075
CD86_CTLA4,pDC,T cell regulatory,4,2.0,1.3014703756524502,False,True,Deng_Liu_LUAD_2024;Hu_Zhang_2023_NSCLC,0.5,0.32536759391311254,III-IV,1,0.0,3,1,0.0,0.32536759391311254
ICAM1_integrin_aLb2_complex,Macrophage alveolar,T cell CD4 dividing,3,2.0,0.9759584231001304,False,False,Deng_Liu_LUAD_2024;Hu_Zhang_2023_NSCLC,0.6666666666666666,0.3253194743667101,III-IV,1,0.0,2,1,0.0,0.3253194743667101
TNFSF13B_TNFRSF13B,DC mature,B cell,3,2.0,0.9758762022780507,True,True,Deng_Liu_LUAD_2024;Hu_Zhang_2023_NSCLC,0.6666666666666666,0.3252920674260169,III-IV,1,0.0,1,1,0.0,0.3252920674260169
Histamine_byHDC_HRH1,Mast cell,Fibroblast peribronchial,4,3.0,1.8457816924225847,False,True,Chen_Zhang_2020;Deng_Liu_LUAD_2024;Hu_Zhang_2023_NSCLC,0.75,0.4614454231056462,III-IV,1,0.13620036784593748,5,1,0.13620036784593748,0.3252450552597087
ICAM1_SPN,Macrophage alveolar,cDC1,3,2.0,0.9756290109471757,False,True,Deng_Liu_LUAD_2024;Hu_Zhang_2023_NSCLC,0.6666666666666666,0.32520967031572523,III-IV,1,0.0,1,1,0.0,0.32520967031572523
APP_FPR2,pDC,myeloid dividing,3,2.0,0.9756278716476419,True,False,Chen_Zhang_2020;Hu_Zhang_2023_NSCLC,0.6666666666666666,0.32520929054921394,III-IV,1,0.0,2,1,0.0,0.32520929054921394
APP_CD74,cDC2,Macrophage alveolar,4,3.0,2.7785113206998515,False,True,Chen_Zhang_2020;Hu_Zhang_2023_NSCLC;Zilionis_Klein_2019,0.75,0.6946278301749629,III-IV,1,0.36942403740224805,5,1,0.36942403740224805,0.32520379277271483
ProstaglandinE2_byPTGES3_PTGER4,myeloid dividing,Macrophage,3,2.0,1.4272894887559249,False,True,Deng_Liu_LUAD_2024;Hu_Zhang_2023_NSCLC,0.6666666666666666,0.4757631629186416,III-IV,1,0.15064102564102563,4,1,0.15064102564102563,0.32512213727761596
CD47_SIRPA,pDC,Macrophage alveolar,4,2.0,1.3003299722457884,True,True,Deng_Liu_LUAD_2024;Hu_Zhang_2023_NSCLC,0.5,0.3250824930614471,III-IV,1,0.0,3,1,0.0,0.3250824930614471
ICAM1_SPN,myeloid dividing,Macrophage alveolar,3,2.0,1.3431306497727626,True,True,Deng_Liu_LUAD_2024;Hu_Zhang_2023_NSCLC,0.6666666666666666,0.44771021659092086,III-IV,1,0.12268743914313535,4,1,0.12268743914313535,0.3250227774477855
HEBP1_FPR3,Pericyte,cDC2,2,2.0,0.8852448811494088,False,True,Deng_Liu_LUAD_2024;Hu_Zhang_2023_NSCLC,1.0,0.4426224405747044,III-IV,1,0.11767463666197843,3,1,0.11767463666197843,0.324947803912726
TNFSF13B_TNFRSF17,DC mature,Plasma cell,3,2.0,0.9746242336172192,True,True,Deng_Liu_LUAD_2024;Hu_Zhang_2023_NSCLC,0.6666666666666666,0.32487474453907306,III-IV,1,0.0,1,1,0.0,0.32487474453907306
ANXA1_FPR1,pDC,Monocyte classical,4,3.0,1.2994374476127895,False,True,Chen_Zhang_2020;Deng_Liu_LUAD_2024;Hu_Zhang_2023_NSCLC,0.75,0.32485936190319736,III-IV,1,0.0,3,1,0.0,0.32485936190319736
integrin_aVb1_complex_ADGRE5,Fibroblast peribronchial,T cell CD8 dividing,3,2.0,1.437631406492431,False,True,Deng_Liu_LUAD_2024;Hu_Zhang_2023_NSCLC,0.6666666666666666,0.4792104688308103,III-IV,1,0.15472519744671642,4,1,0.15472519744671642,0.3244852713840939
ICAM1_integrin_aXb2_complex,Macrophage,DC mature,3,2.0,0.9730068597873474,True,False,Deng_Liu_LUAD_2024;Hu_Zhang_2023_NSCLC,0.6666666666666666,0.3243356199291158,III-IV,1,0.0,1,1,0.0,0.3243356199291158
CD47_SIRPA,Pericyte,myeloid dividing,2,2.0,0.9727319106182903,False,True,Deng_Liu_LUAD_2024;Hu_Zhang_2023_NSCLC,1.0,0.48636595530914517,III-IV,1,0.16208662411194055,3,1,0.16208662411194055,0.32427933119720465
VEGFA_NRP2,Macrophage alveolar,DC mature,3,2.0,0.972109920475078,False,True,Deng_Liu_LUAD_2024;Hu_Zhang_2023_NSCLC,0.6666666666666666,0.32403664015835937,III-IV,1,0.0,1,1,0.0,0.32403664015835937
LGALS9_P4HB,DC mature,B cell,3,2.0,0.9714525971373735,True,False,Deng_Liu_LUAD_2024;Hu_Zhang_2023_NSCLC,0.6666666666666666,0.32381753237912453,III-IV,1,0.0,1,1,0.0,0.32381753237912453
ICAM1_integrin_aMb2_complex,myeloid dividing,myeloid dividing,3,2.0,1.1943528881821601,True,False,Deng_Liu_LUAD_2024;Hu_Zhang_2023_NSCLC,0.6666666666666666,0.3981176293940534,III-IV,1,0.0747457535432219,4,1,0.0747457535432219,0.3233718758508315
COL12A1_integrin_a11b1_complex,Fibroblast peribronchial,Fibroblast peribronchial,4,2.0,1.5227646861226665,True,False,Deng_Liu_LUAD_2024;Hu_Zhang_2023_NSCLC,0.5,0.3806911715306666,III-IV,1,0.05745969923185114,5,1,0.05745969923185114,0.3232314722988155
CD96_NECTIN1,T cell CD8 activated,pDC,4,2.0,1.2928144733387652,True,True,Deng_Liu_LUAD_2024;Hu_Zhang_2023_NSCLC,0.5,0.3232036183346913,III-IV,1,0.0,2,1,0.0,0.3232036183346913
integrin_aVb1_complex_ADGRE5,Macrophage alveolar,T cell CD8 terminally exhausted,3,2.0,1.195228975117352,False,True,Deng_Liu_LUAD_2024;Hu_Zhang_2023_NSCLC,0.6666666666666666,0.3984096583724506,III-IV,1,0.07524613220815753,4,1,0.07524613220815753,0.3231635261642931
ProstaglandinE2_byPTGES3_PTGER4,B cell,myeloid dividing,3,2.0,1.1529426411145332,False,True,Deng_Liu_LUAD_2024;Hu_Zhang_2023_NSCLC,0.6666666666666666,0.38431421370484437,III-IV,1,0.061167910851455155,4,1,0.061167910851455155,0.3231463028533892
APP_CD74,Macrophage,Macrophage alveolar,4,3.0,2.775583668267579,False,True,Chen_Zhang_2020;Hu_Zhang_2023_NSCLC;Zilionis_Klein_2019,0.75,0.6938959170668948,III-IV,1,0.37080220359210836,5,1,0.37080220359210836,0.32309371347478644
ICAM1_integrin_aLb2_complex,cDC2,T cell CD8 dividing,4,2.0,1.2917538730872753,True,False,Deng_Liu_LUAD_2024;Hu_Zhang_2023_NSCLC,0.5,0.3229384682718188,III-IV,1,0.0,4,1,0.0,0.3229384682718188
CD86_CD28,myeloid dividing,T cell regulatory,3,2.0,1.4136742162412457,True,True,Deng_Liu_LUAD_2024;Hu_Zhang_2023_NSCLC,0.6666666666666666,0.4712247387470819,III-IV,1,0.14840960727036676,4,1,0.14840960727036676,0.32281513147671514
HLA-E_VSIR,Macrophage alveolar,myeloid dividing,3,2.0,1.572541843719634,True,True,Deng_Liu_LUAD_2024;Hu_Zhang_2023_NSCLC,0.6666666666666666,0.5241806145732113,III-IV,1,0.20140917451044033,4,1,0.20140917451044033,0.322771440062771
FN1_integrin_a4b1_complex,Macrophage alveolar,Fibroblast peribronchial,4,2.0,1.2905829617463243,True,False,Deng_Liu_LUAD_2024;Hu_Zhang_2023_NSCLC,0.5,0.32264574043658106,III-IV,1,0.0,5,1,0.0,0.32264574043658106
LGALS9_P4HB,Macrophage alveolar,Plasma cell,4,2.0,1.2898141789273776,True,True,Deng_Liu_LUAD_2024;Hu_Zhang_2023_NSCLC,0.5,0.3224535447318444,III-IV,1,0.0,5,1,0.0,0.3224535447318444
NECTIN2_TIGIT,DC mature,NK cell,3,2.0,0.9670001539293425,True,False,Chen_Zhang_2020;Deng_Liu_LUAD_2024,0.6666666666666666,0.3223333846431142,III-IV,1,0.0,1,1,0.0,0.3223333846431142
OSM_OSMR,Macrophage,Pericyte,2,2.0,0.8058006437400792,True,False,Deng_Liu_LUAD_2024;Hu_Zhang_2023_NSCLC,1.0,0.4029003218700396,III-IV,1,0.08072775794294781,3,1,0.08072775794294781,0.3221725639270918
ICAM1_ITGAL,myeloid dividing,myeloid dividing,3,2.0,0.9665134446758936,True,False,Deng_Liu_LUAD_2024;Hu_Zhang_2023_NSCLC,0.6666666666666666,0.32217114822529785,III-IV,1,0.0,4,1,0.0,0.32217114822529785
FN1_integrin_aVb1_complex,myeloid dividing,Mast cell,3,2.0,0.9664375248981916,True,False,Deng_Liu_LUAD_2024;Hu_Zhang_2023_NSCLC,0.6666666666666666,0.3221458416327305,III-IV,1,0.0,4,1,0.0,0.3221458416327305
BST2_LILRA4,T cell CD8 activated,pDC,4,2.0,1.2884255869022412,False,True,Deng_Liu_LUAD_2024;Hu_Zhang_2023_NSCLC,0.5,0.3221063967255603,III-IV,1,0.0,2,1,0.0,0.3221063967255603
ProstaglandinE2_byPTGES3_PTGER4,myeloid dividing,cDC2,3,2.0,1.458044664744044,False,True,Deng_Liu_LUAD_2024;Hu_Zhang_2023_NSCLC,0.6666666666666666,0.48601488824801464,III-IV,1,0.16401601211727795,4,1,0.16401601211727795,0.3219988761307367
ProstaglandinE2_byPTGES3_PTGER4,T cell CD4,myeloid dividing,3,2.0,1.1704038575567877,False,True,Deng_Liu_LUAD_2024;Hu_Zhang_2023_NSCLC,0.6666666666666666,0.3901346191855959,III-IV,1,0.06822730715135779,4,1,0.06822730715135779,0.3219073120342381
TNF_TNFRSF1B,myeloid dividing,T cell CD8 activated,3,2.0,0.9654840474379289,True,False,Deng_Liu_LUAD_2024;Hu_Zhang_2023_NSCLC,0.6666666666666666,0.321828015812643,III-IV,1,0.0,2,1,0.0,0.321828015812643
CD47_SIRPA,DC mature,Monocyte classical,3,2.0,0.965266930876022,False,True,Deng_Liu_LUAD_2024;Hu_Zhang_2023_NSCLC,0.6666666666666666,0.32175564362534065,III-IV,1,0.0,1,1,0.0,0.32175564362534065
ProstaglandinE2_byPTGES3_PTGER4,T cell CD8 terminally exhausted,myeloid dividing,3,2.0,1.1698810068672016,False,True,Deng_Liu_LUAD_2024;Hu_Zhang_2023_NSCLC,0.6666666666666666,0.38996033562240057,III-IV,1,0.06822730715135779,4,1,0.06822730715135779,0.3217330284710428
PLAUR_integrin_a4b1_complex,Macrophage alveolar,T cell CD8 dividing,3,2.0,1.482325988575436,True,False,Deng_Liu_LUAD_2024;Hu_Zhang_2023_NSCLC,0.6666666666666666,0.4941086628584787,III-IV,1,0.17240073569187495,4,1,0.17240073569187495,0.3217079271666038
LGALS9_P4HB,myeloid dividing,Fibroblast peribronchial,3,2.0,1.60395316443284,True,True,Deng_Liu_LUAD_2024;Hu_Zhang_2023_NSCLC,0.6666666666666666,0.5346510548109467,III-IV,1,0.2131613112625771,4,1,0.2131613112625771,0.32148974354836957
NECTIN3_TIGIT,T cell CD8 dividing,T cell CD4 dividing,3,2.0,0.9644410407499973,False,True,Deng_Liu_LUAD_2024;Hu_Zhang_2023_NSCLC,0.6666666666666666,0.32148034691666577,III-IV,1,0.0,2,1,0.0,0.32148034691666577
VEGFB_NRP1,T cell CD4,Pericyte,2,2.0,0.6425945532906068,False,True,Deng_Liu_LUAD_2024;Hu_Zhang_2023_NSCLC,1.0,0.3212972766453034,III-IV,1,0.0,3,1,0.0,0.3212972766453034
VEGFB_NRP1,Plasma cell,Pericyte,2,2.0,0.6418538154077871,False,True,Deng_Liu_LUAD_2024;Hu_Zhang_2023_NSCLC,1.0,0.32092690770389354,III-IV,1,0.0,3,1,0.0,0.32092690770389354
HLA-E_CD94:NKG2C,myeloid dividing,NK cell,3,3.0,2.3193155827141467,True,False,Chen_Zhang_2020;Deng_Liu_LUAD_2024;Hu_Zhang_2023_NSCLC,1.0,0.7731051942380489,III-IV,1,0.45243196721597206,4,1,0.45243196721597206,0.32067322702207685
ICAM3_integrin_aLb2_complex,T cell CD8 terminally exhausted,T cell CD4 dividing,3,2.0,0.9616907431704587,False,False,Deng_Liu_LUAD_2024;Hu_Zhang_2023_NSCLC,0.6666666666666666,0.32056358105681954,III-IV,1,0.0,2,1,0.0,0.32056358105681954
PVR_TIGIT,DC mature,T cell CD4 dividing,3,2.0,0.960809317220846,True,True,Deng_Liu_LUAD_2024;Hu_Zhang_2023_NSCLC,0.6666666666666666,0.32026977240694865,III-IV,1,0.0,1,1,0.0,0.32026977240694865
CD47_SIRPA,pDC,Monocyte classical,4,2.0,1.279251145404955,True,True,Deng_Liu_LUAD_2024;Hu_Zhang_2023_NSCLC,0.5,0.3198127863512388,III-IV,1,0.0,3,1,0.0,0.3198127863512388
ProstaglandinE2_byPTGES2_PTGER4,DC mature,T cell CD8 effector memory,3,3.0,0.9591486208992022,False,False,Chen_Zhang_2020;Deng_Liu_LUAD_2024;Hu_Zhang_2023_NSCLC,1.0,0.31971620696640074,III-IV,1,0.0,1,1,0.0,0.31971620696640074
HLA-F_VSIR,Macrophage,DC mature,3,2.0,0.959103708622462,True,True,Deng_Liu_LUAD_2024;Hu_Zhang_2023_NSCLC,0.6666666666666666,0.3197012362074873,III-IV,1,0.0,1,1,0.0,0.3197012362074873
SELPLG_SELL,DC mature,T cell regulatory,3,2.0,0.9587611151480553,True,False,Deng_Liu_LUAD_2024;Hu_Zhang_2023_NSCLC,0.6666666666666666,0.3195870383826851,III-IV,1,0.0,1,1,0.0,0.3195870383826851
THBS2_CD36,Pericyte,pDC,2,2.0,0.6388072982272115,False,True,Deng_Liu_LUAD_2024;Hu_Zhang_2023_NSCLC,1.0,0.31940364911360575,III-IV,1,0.0,2,1,0.0,0.31940364911360575
PLAUR_integrin_a4b1_complex,Macrophage alveolar,myeloid dividing,3,2.0,1.423021964161352,True,False,Deng_Liu_LUAD_2024;Hu_Zhang_2023_NSCLC,0.6666666666666666,0.47434065472045067,III-IV,1,0.1550632911392405,4,1,0.1550632911392405,0.31927736358121017
CLEC2B_KLRF1,pDC,NK cell,4,2.0,1.276829197212293,False,True,Deng_Liu_LUAD_2024;Hu_Zhang_2023_NSCLC,0.5,0.31920729930307323,III-IV,1,0.0,3,1,0.0,0.31920729930307323
ProstaglandinE2_byPTGES2_PTGER4,DC mature,T cell CD8 dividing,3,3.0,0.9574686104215537,False,False,Chen_Zhang_2020;Deng_Liu_LUAD_2024;Hu_Zhang_2023_NSCLC,1.0,0.31915620347385126,III-IV,1,0.0,1,1,0.0,0.31915620347385126
LAMC1_integrin_a7b1_complex,Fibroblast peribronchial,Pericyte,2,2.0,0.874339546287331,True,False,Deng_Liu_LUAD_2024;Hu_Zhang_2023_NSCLC,1.0,0.4371697731436655,III-IV,1,0.11801723827040284,3,1,0.11801723827040284,0.31915253487326267
PTPRC_MRC1,NK cell,myeloid dividing,3,3.0,2.7190164206565046,True,True,Chen_Zhang_2020;Deng_Liu_LUAD_2024;Hu_Zhang_2023_NSCLC,1.0,0.9063388068855015,III-IV,1,0.5872983162696794,4,1,0.5872983162696794,0.31904049061582207
CD86_CTLA4,DC mature,cDC1,3,2.0,0.956798043163022,True,False,Chen_Zhang_2020;Hu_Zhang_2023_NSCLC,0.6666666666666666,0.31893268105434064,III-IV,1,0.0,1,1,0.0,0.31893268105434064
ANXA1_FPR2,Monocyte classical,Neutrophils,4,2.0,1.2756301925315765,True,True,Hu_Zhang_2023_NSCLC;Maynard_Bivona_2020,0.5,0.3189075481328941,III-IV,1,0.0,3,1,0.0,0.3189075481328941
Cholesterol_byLIPA_RORA,pDC,T cell CD4 dividing,3,2.0,0.9559780078138591,False,True,Deng_Liu_LUAD_2024;Hu_Zhang_2023_NSCLC,0.6666666666666666,0.31865933593795304,III-IV,1,0.0,2,1,0.0,0.31865933593795304
TNF_TNFRSF1B,cDC1,T cell CD4 dividing,3,2.0,0.9556109153147896,False,True,Deng_Liu_LUAD_2024;Hu_Zhang_2023_NSCLC,0.6666666666666666,0.3185369717715965,III-IV,1,0.0,1,1,0.0,0.3185369717715965
ICAM1_integrin_aLb2_complex,myeloid dividing,Monocyte classical,3,2.0,1.0656101307818782,True,False,Deng_Liu_LUAD_2024;Hu_Zhang_2023_NSCLC,0.6666666666666666,0.3552033769272927,III-IV,1,0.036744022503516174,4,1,0.036744022503516174,0.31845935442377654
THY1_integrin_aMb2_complex,Fibroblast peribronchial,myeloid dividing,3,2.0,1.576687875515298,True,False,Deng_Liu_LUAD_2024;Hu_Zhang_2023_NSCLC,0.6666666666666666,0.525562625171766,III-IV,1,0.20712971978794764,4,1,0.20712971978794764,0.31843290538381835
COL11A1_integrin_a11b1_complex,Fibroblast peribronchial,Fibroblast peribronchial,4,2.0,1.3824612197665465,True,False,Deng_Liu_LUAD_2024;Hu_Zhang_2023_NSCLC,0.5,0.3456153049416366,III-IV,1,0.027339608352266582,5,1,0.027339608352266582,0.31827569658937005
CD274_PDCD1,DC mature,T cell regulatory,3,2.0,0.9544884479744978,True,False,Deng_Liu_LUAD_2024;Hu_Zhang_2023_NSCLC,0.6666666666666666,0.31816281599149926,III-IV,1,0.0,1,1,0.0,0.31816281599149926
TNF_TNFRSF1B,DC mature,T cell CD4 dividing,3,2.0,0.9543051183076234,False,True,Deng_Liu_LUAD_2024;Hu_Zhang_2023_NSCLC,0.6666666666666666,0.3181017061025411,III-IV,1,0.0,1,1,0.0,0.3181017061025411
TNF_TNFRSF1B,T cell CD8 activated,Monocyte classical,4,2.0,1.2720353112743121,False,True,Deng_Liu_LUAD_2024;Hu_Zhang_2023_NSCLC,0.5,0.31800882781857803,III-IV,1,0.0,3,1,0.0,0.31800882781857803
ProstaglandinE2_byPTGES2_PTGER4,DC mature,T cell CD8 terminally exhausted,3,3.0,0.9538486243207858,False,False,Chen_Zhang_2020;Deng_Liu_LUAD_2024;Hu_Zhang_2023_NSCLC,1.0,0.31794954144026194,III-IV,1,0.0,1,1,0.0,0.31794954144026194
APP_CD74,Macrophage alveolar,Macrophage alveolar,4,3.0,2.763075552174015,False,True,Chen_Zhang_2020;Hu_Zhang_2023_NSCLC;Zilionis_Klein_2019,0.75,0.6907688880435038,III-IV,1,0.37293359647280566,5,1,0.37293359647280566,0.3178352915706981
ICAM1_integrin_aMb2_complex,DC mature,NK cell,3,2.0,0.9534217431140666,True,False,Deng_Liu_LUAD_2024;Hu_Zhang_2023_NSCLC,0.6666666666666666,0.3178072477046889,III-IV,1,0.0,1,1,0.0,0.3178072477046889
IFNG_Type_II_IFNR,T cell CD8 dividing,Fibroblast peribronchial,3,2.0,1.1796247837371767,True,False,Deng_Liu_LUAD_2024;Hu_Zhang_2023_NSCLC,0.6666666666666666,0.39320826124572555,III-IV,1,0.07582765335929893,4,1,0.07582765335929893,0.31738060788642664
LGALS9_HAVCR2,DC mature,T cell CD8 effector memory,3,2.0,0.9517547013396636,True,False,Deng_Liu_LUAD_2024;Hu_Zhang_2023_NSCLC,0.6666666666666666,0.31725156711322117,III-IV,1,0.0,1,1,0.0,0.31725156711322117
CD47_SIRPA,cDC2,DC mature,3,2.0,0.9512184577827709,True,True,Deng_Liu_LUAD_2024;Hu_Zhang_2023_NSCLC,0.6666666666666666,0.3170728192609236,III-IV,1,0.0,1,1,0.0,0.3170728192609236
CD80_CTLA4,DC mature,T cell CD8 activated,3,2.0,0.9509886132119574,True,False,Deng_Liu_LUAD_2024;Hu_Zhang_2023_NSCLC,0.6666666666666666,0.3169962044039858,III-IV,1,0.0,1,1,0.0,0.3169962044039858
THY1_ADGRE2,Pericyte,Mast cell,2,2.0,1.8430995374217465,True,True,Deng_Liu_LUAD_2024;Hu_Zhang_2023_NSCLC,1.0,0.9215497687108732,III-IV,1,0.6046701873586378,3,1,0.6046701873586378,0.3168795813522355
SPP1_integrin_a4b1_complex,Macrophage,Fibroblast peribronchial,4,2.0,1.2672785163761373,True,False,Deng_Liu_LUAD_2024;Hu_Zhang_2023_NSCLC,0.5,0.3168196290940343,III-IV,1,0.0,5,1,0.0,0.3168196290940343
CD248_IL6R,Pericyte,cDC2,2,2.0,1.0414965628130313,True,True,Deng_Liu_LUAD_2024;Hu_Zhang_2023_NSCLC,1.0,0.5207482814065156,III-IV,1,0.2039381153305204,3,1,0.2039381153305204,0.3168101660759952
ProstaglandinE2_byPTGES2_PTGER4,DC mature,Macrophage alveolar,3,3.0,0.9496893543300053,False,True,Chen_Zhang_2020;Deng_Liu_LUAD_2024;Hu_Zhang_2023_NSCLC,1.0,0.31656311811000176,III-IV,1,0.0,1,1,0.0,0.31656311811000176
Cholesterol_byLIPA_RORA,myeloid dividing,Pericyte,2,2.0,1.0204772911670197,False,True,Deng_Liu_LUAD_2024;Hu_Zhang_2023_NSCLC,1.0,0.5102386455835098,III-IV,1,0.19396660535901042,3,1,0.19396660535901042,0.3162720402244994
PLAU_PLAUR,Neutrophils,Macrophage alveolar,3,2.0,0.9481074163458427,False,True,Hu_Zhang_2023_NSCLC;Zilionis_Klein_2019,0.6666666666666666,0.31603580544861426,III-IV,1,0.0,3,1,0.0,0.31603580544861426
VEGFB_NRP1,T cell CD8 terminally exhausted,Pericyte,2,2.0,0.6315137915103586,False,True,Deng_Liu_LUAD_2024;Hu_Zhang_2023_NSCLC,1.0,0.3157568957551793,III-IV,1,0.0,3,1,0.0,0.3157568957551793
F11R_integrin_aLb2_complex,DC mature,cDC1,3,2.0,0.9469271090955469,True,False,Deng_Liu_LUAD_2024;Hu_Zhang_2023_NSCLC,0.6666666666666666,0.3156423696985156,III-IV,1,0.0,1,1,0.0,0.3156423696985156
CD274_CD80,DC mature,myeloid dividing,3,2.0,0.9468083462455215,True,True,Deng_Liu_LUAD_2024;Hu_Zhang_2023_NSCLC,0.6666666666666666,0.3156027820818405,III-IV,1,0.0,1,1,0.0,0.3156027820818405
CD48_CD244,cDC1,T cell CD8 dividing,3,2.0,0.9467052780831705,True,False,Deng_Liu_LUAD_2024;Hu_Zhang_2023_NSCLC,0.6666666666666666,0.3155684260277235,III-IV,1,0.0,1,1,0.0,0.3155684260277235
SELPLG_SELL,Plasma cell,pDC,4,2.0,1.2617259766361908,False,True,Deng_Liu_LUAD_2024;Hu_Zhang_2023_NSCLC,0.5,0.3154314941590477,III-IV,1,0.0,3,1,0.0,0.3154314941590477
F11R_integrin_aLb2_complex,DC mature,T cell CD8 dividing,3,2.0,0.9460669183202719,True,False,Deng_Liu_LUAD_2024;Hu_Zhang_2023_NSCLC,0.6666666666666666,0.31535563944009065,III-IV,1,0.0,1,1,0.0,0.31535563944009065
ProstaglandinE2_byPTGES3_PTGER4,myeloid dividing,Macrophage alveolar,3,2.0,1.4070429991528695,False,True,Deng_Liu_LUAD_2024;Hu_Zhang_2023_NSCLC,0.6666666666666666,0.46901433305095647,III-IV,1,0.15367034512604133,4,1,0.15367034512604133,0.31534398792491514
ICAM1_integrin_aMb2_complex,myeloid dividing,Macrophage alveolar,3,2.0,1.052166139893984,True,False,Deng_Liu_LUAD_2024;Hu_Zhang_2023_NSCLC,0.6666666666666666,0.35072204663132805,III-IV,1,0.035432218976522774,4,1,0.035432218976522774,0.3152898276548053
FBN1_integrin_a5b1_complex,Pericyte,Macrophage,2,2.0,0.7930156181886642,True,False,Deng_Liu_LUAD_2024;Hu_Zhang_2023_NSCLC,1.0,0.3965078090943321,III-IV,1,0.08155721446860688,3,1,0.08155721446860688,0.3149505946257252
ICAM1_ITGAL,DC mature,B cell,3,2.0,0.9447489272056411,True,False,Deng_Liu_LUAD_2024;Hu_Zhang_2023_NSCLC,0.6666666666666666,0.314916309068547,III-IV,1,0.0,1,1,0.0,0.314916309068547
ICAM1_integrin_aLb2_complex,DC mature,B cell,3,2.0,0.9447489272056411,True,False,Deng_Liu_LUAD_2024;Hu_Zhang_2023_NSCLC,0.6666666666666666,0.314916309068547,III-IV,1,0.0,1,1,0.0,0.314916309068547
PTPRC_CD22,cDC2,myeloid dividing,3,2.0,1.5019236620062175,True,False,Deng_Liu_LUAD_2024;Hu_Zhang_2023_NSCLC,0.6666666666666666,0.5006412206687392,III-IV,1,0.18578924591582818,4,1,0.18578924591582818,0.314851974752911
IL1RN_IL1_receptor,myeloid dividing,Pericyte,2,2.0,0.7436911133152622,True,False,Deng_Liu_LUAD_2024;Hu_Zhang_2023_NSCLC,1.0,0.3718455566576311,III-IV,1,0.057070215298063394,3,1,0.057070215298063394,0.3147753413595677
IL34_CSF1R,Pericyte,Monocyte classical,2,2.0,0.6294351167609211,False,True,Deng_Liu_LUAD_2024;Hu_Zhang_2023_NSCLC,1.0,0.31471755838046056,III-IV,1,0.0,3,1,0.0,0.31471755838046056
CADM1_CADM1,DC mature,cDC1,3,2.0,0.9439780078385558,False,True,Chen_Zhang_2020;Deng_Liu_LUAD_2024,0.6666666666666666,0.3146593359461853,III-IV,1,0.0,1,1,0.0,0.3146593359461853
CADM1_CADM1,cDC1,DC mature,3,2.0,0.9439780078385558,True,False,Chen_Zhang_2020;Deng_Liu_LUAD_2024,0.6666666666666666,0.3146593359461853,III-IV,1,0.0,1,1,0.0,0.3146593359461853
IFNG_Type_II_IFNR,T cell CD4 dividing,DC mature,3,2.0,0.9436019960983288,True,False,Deng_Liu_LUAD_2024;Hu_Zhang_2023_NSCLC,0.6666666666666666,0.31453399869944293,III-IV,1,0.0,1,1,0.0,0.31453399869944293
ICAM1_integrin_aLb2_complex,Neutrophils,Monocyte classical,4,2.0,1.257719786723902,False,False,Deng_Liu_LUAD_2024;Hu_Zhang_2023_NSCLC,0.5,0.3144299466809755,III-IV,1,0.0,3,1,0.0,0.3144299466809755
CD52_SIGLEC10,T cell CD8 dividing,Monocyte classical,4,4.0,2.659390502681646,True,False,Chen_Zhang_2020;Deng_Liu_LUAD_2024;Hu_Zhang_2023_NSCLC;Lambrechts_Thienpont_2018_6653,1.0,0.6648476256704114,III-IV,1,0.3504448994447097,4,1,0.3504448994447097,0.31440272622570176
FN1_integrin_a4b7_complex,Macrophage,myeloid dividing,3,2.0,0.9418749055221104,True,False,Deng_Liu_LUAD_2024;Hu_Zhang_2023_NSCLC,0.6666666666666666,0.31395830184070345,III-IV,1,0.0,4,1,0.0,0.31395830184070345
CD58_CD2,myeloid dividing,NK cell,3,2.0,1.3193715772510357,True,False,Deng_Liu_LUAD_2024;Hu_Zhang_2023_NSCLC,0.6666666666666666,0.4397905257503452,III-IV,1,0.12593313859136643,4,1,0.12593313859136643,0.3138573871589788
VCAM1_integrin_a4b1_complex,Fibroblast peribronchial,T cell CD4 dividing,3,2.0,1.350411735725878,True,False,Deng_Liu_LUAD_2024;Hu_Zhang_2023_NSCLC,0.6666666666666666,0.45013724524195936,III-IV,1,0.13645461430271558,2,1,0.13645461430271558,0.31368263093924376
IL1B_IL1_receptor_inhibitor,Macrophage,Neutrophils,4,2.0,1.2543929813598487,True,False,Deng_Liu_LUAD_2024;Hu_Zhang_2023_NSCLC,0.5,0.31359824533996217,III-IV,1,0.0,3,1,0.0,0.31359824533996217
CD86_CTLA4,pDC,T cell CD8 terminally exhausted,3,2.0,0.9407740259325803,False,True,Deng_Liu_LUAD_2024;Hu_Zhang_2023_NSCLC,0.6666666666666666,0.31359134197752675,III-IV,1,0.0,2,1,0.0,0.31359134197752675
VEGFB_NRP1,Monocyte classical,Pericyte,2,2.0,0.6269152480216987,False,True,Deng_Liu_LUAD_2024;Hu_Zhang_2023_NSCLC,1.0,0.31345762401084937,III-IV,1,0.0,3,1,0.0,0.31345762401084937
CCL3_CCR5,T cell CD8 dividing,myeloid dividing,3,2.0,0.9402620194864355,True,False,Deng_Liu_LUAD_2024;Hu_Zhang_2023_NSCLC,0.6666666666666666,0.31342067316214517,III-IV,1,0.0,4,1,0.0,0.31342067316214517
ICAM1_ITGAL,myeloid dividing,pDC,3,2.0,0.9395461029838664,True,False,Deng_Liu_LUAD_2024;Hu_Zhang_2023_NSCLC,0.6666666666666666,0.3131820343279555,III-IV,1,0.0,2,1,0.0,0.3131820343279555
ICAM1_integrin_aLb2_complex,myeloid dividing,pDC,3,2.0,0.9395461029838664,True,False,Deng_Liu_LUAD_2024;Hu_Zhang_2023_NSCLC,0.6666666666666666,0.3131820343279555,III-IV,1,0.0,2,1,0.0,0.3131820343279555
ICAM1_ITGAL,cDC2,myeloid dividing,3,2.0,0.9392202568896002,True,False,Deng_Liu_LUAD_2024;Hu_Zhang_2023_NSCLC,0.6666666666666666,0.31307341896320007,III-IV,1,0.0,4,1,0.0,0.31307341896320007
ICAM1_ITGAL,DC mature,Macrophage,3,2.0,0.9383841873785337,True,False,Deng_Liu_LUAD_2024;Hu_Zhang_2023_NSCLC,0.6666666666666666,0.3127947291261779,III-IV,1,0.0,1,1,0.0,0.3127947291261779
ICAM1_integrin_aLb2_complex,DC mature,Macrophage,3,2.0,0.9383841873785337,True,False,Deng_Liu_LUAD_2024;Hu_Zhang_2023_NSCLC,0.6666666666666666,0.3127947291261779,III-IV,1,0.0,1,1,0.0,0.3127947291261779
NECTIN3_TIGIT,Fibroblast peribronchial,T cell CD4 dividing,3,2.0,0.9373547699933448,False,True,Deng_Liu_LUAD_2024;Hu_Zhang_2023_NSCLC,0.6666666666666666,0.3124515899977816,III-IV,1,0.0,2,1,0.0,0.3124515899977816
OSM_OSMR,cDC2,Pericyte,2,2.0,0.7114382430459992,False,False,Deng_Liu_LUAD_2024;Hu_Zhang_2023_NSCLC,1.0,0.3557191215229996,III-IV,1,0.04327599264308125,3,1,0.04327599264308125,0.3124431288799184
PLAU_PLAUR,Macrophage,DC mature,3,2.0,0.9372726599809984,True,False,Deng_Liu_LUAD_2024;Hu_Zhang_2023_NSCLC,0.6666666666666666,0.31242421999366615,III-IV,1,0.0,1,1,0.0,0.31242421999366615
CD47_SIRPA,Pericyte,cDC2,2,2.0,0.7932486258736818,False,True,Deng_Liu_LUAD_2024;Hu_Zhang_2023_NSCLC,1.0,0.3966243129368409,III-IV,1,0.08424393234519817,3,1,0.08424393234519817,0.31238038059164275
ProstaglandinE2_byPTGES3_PTGER4,NK cell,myeloid dividing,3,2.0,1.0974216509203685,False,True,Deng_Liu_LUAD_2024;Hu_Zhang_2023_NSCLC,0.6666666666666666,0.36580721697345614,III-IV,1,0.05383803959753327,4,1,0.05383803959753327,0.3119691773759229
CXCL16_CXCR6,DC mature,T cell CD4,3,2.0,0.9355827108126465,True,False,Deng_Liu_LUAD_2024;Hu_Zhang_2023_NSCLC,0.6666666666666666,0.31186090360421553,III-IV,1,0.0,1,1,0.0,0.31186090360421553
CCL19_CCR7,DC mature,T cell CD4 dividing,3,2.0,0.9352101382685867,True,False,Deng_Liu_LUAD_2024;Hu_Zhang_2023_NSCLC,0.6666666666666666,0.3117367127561956,III-IV,1,0.0,1,1,0.0,0.3117367127561956
PLAUR_integrin_a4b1_complex,pDC,myeloid dividing,3,2.0,0.9349304444282237,True,False,Deng_Liu_LUAD_2024;Hu_Zhang_2023_NSCLC,0.6666666666666666,0.31164348147607457,III-IV,1,0.0,2,1,0.0,0.31164348147607457
HLA-E_KLRK1,Plasma cell,T cell CD8 terminally exhausted,4,2.0,1.2456520599185472,False,True,Deng_Liu_LUAD_2024;Lambrechts_Thienpont_2018_6653,0.5,0.3114130149796368,III-IV,1,0.0,4,1,0.0,0.3114130149796368
FN1_integrin_a4b1_complex,Macrophage alveolar,myeloid dividing,3,2.0,1.5342204733715246,True,False,Deng_Liu_LUAD_2024;Hu_Zhang_2023_NSCLC,0.6666666666666666,0.5114068244571749,III-IV,1,0.20009737098344693,4,1,0.20009737098344693,0.31130945347372796
ICAM3_integrin_aLb2_complex,T cell CD4,T cell CD4 dividing,3,2.0,0.9336590941376837,False,False,Deng_Liu_LUAD_2024;Hu_Zhang_2023_NSCLC,0.6666666666666666,0.31121969804589455,III-IV,1,0.0,2,1,0.0,0.31121969804589455
TNF_TNFRSF1B,T cell CD8 activated,DC mature,3,2.0,0.9324178891313966,False,True,Deng_Liu_LUAD_2024;Hu_Zhang_2023_NSCLC,0.6666666666666666,0.31080596304379887,III-IV,1,0.0,1,1,0.0,0.31080596304379887
ICAM1_integrin_aLb2_complex,myeloid dividing,Macrophage,3,2.0,0.9893490036965926,True,False,Deng_Liu_LUAD_2024;Hu_Zhang_2023_NSCLC,0.6666666666666666,0.32978300123219756,III-IV,1,0.019298387969274047,4,1,0.019298387969274047,0.31048461326292354
HLA-E_CD94:NKG2C,myeloid dividing,T cell CD8 dividing,3,3.0,2.2530233041012426,True,False,Chen_Zhang_2020;Deng_Liu_LUAD_2024;Hu_Zhang_2023_NSCLC,1.0,0.7510077680337476,III-IV,1,0.4405351604168917,4,1,0.4405351604168917,0.31047260761685586
LGALS3_MERTK,Pericyte,Macrophage,2,2.0,0.8573379988394796,False,True,Deng_Liu_LUAD_2024;Hu_Zhang_2023_NSCLC,1.0,0.4286689994197398,III-IV,1,0.11835983987882721,3,1,0.11835983987882721,0.3103091595409126
integrin_aVb1_complex_ADGRE5,Fibroblast peribronchial,DC mature,3,2.0,0.9297581734719926,False,False,Deng_Liu_LUAD_2024;Hu_Zhang_2023_NSCLC,0.6666666666666666,0.30991939115733086,III-IV,1,0.0,1,1,0.0,0.30991939115733086
IGFBP3_TMEM219,Fibroblast peribronchial,pDC,4,2.0,1.2391951343083476,True,False,Deng_Liu_LUAD_2024;Hu_Zhang_2023_NSCLC,0.5,0.3097987835770869,III-IV,1,0.0,3,1,0.0,0.3097987835770869
ProstaglandinE2_byPTGES3_PTGER4,cDC2,myeloid dividing,3,2.0,1.2264124861293917,False,True,Deng_Liu_LUAD_2024;Hu_Zhang_2023_NSCLC,0.6666666666666666,0.4088041620431306,III-IV,1,0.09900735691874932,4,1,0.09900735691874932,0.30979680512438124
SEMA7A_PLXNC1,pDC,cDC2,4,2.0,1.2376941761768785,True,True,Deng_Liu_LUAD_2024;Hu_Zhang_2023_NSCLC,0.5,0.3094235440442196,III-IV,1,0.0,3,1,0.0,0.3094235440442196
IGFBP3_TMEM219,Fibroblast peribronchial,Monocyte classical,4,2.0,1.2369415715789878,True,False,Deng_Liu_LUAD_2024;Hu_Zhang_2023_NSCLC,0.5,0.30923539289474694,III-IV,1,0.0,5,1,0.0,0.30923539289474694
ICAM1_ITGAL,DC mature,myeloid dividing,3,2.0,0.9275341818309955,True,False,Deng_Liu_LUAD_2024;Hu_Zhang_2023_NSCLC,0.6666666666666666,0.3091780606103318,III-IV,1,0.0,1,1,0.0,0.3091780606103318
ICAM1_integrin_aLb2_complex,DC mature,myeloid dividing,3,2.0,0.9275341818309955,True,False,Deng_Liu_LUAD_2024;Hu_Zhang_2023_NSCLC,0.6666666666666666,0.3091780606103318,III-IV,1,0.0,1,1,0.0,0.3091780606103318
PTPRC_MRC1,T cell CD8 terminally exhausted,Macrophage alveolar,3,3.0,2.8650688465649594,True,True,Chen_Zhang_2020;Deng_Liu_LUAD_2024;Hu_Zhang_2023_NSCLC,1.0,0.9550229488549865,III-IV,1,0.6459402098933089,4,1,0.6459402098933089,0.3090827389616776
HLA-E_CD94:NKG2C,Plasma cell,T cell CD8 terminally exhausted,4,3.0,1.2350312914713093,False,False,Chen_Zhang_2020;Deng_Liu_LUAD_2024;Lambrechts_Thienpont_2018_6653,0.75,0.3087578228678273,III-IV,1,0.0,4,1,0.0,0.3087578228678273
CCL3_CCR5,Monocyte classical,T cell CD4 dividing,3,2.0,1.367687325717696,True,False,Deng_Liu_LUAD_2024;Hu_Zhang_2023_NSCLC,0.6666666666666666,0.455895775239232,III-IV,1,0.1473006599588878,2,1,0.1473006599588878,0.3085951152803442
HLA-E_CD94:NKG2A,myeloid dividing,T cell CD8 terminally exhausted,3,3.0,2.3551134122314537,True,False,Chen_Zhang_2020;Deng_Liu_LUAD_2024;Hu_Zhang_2023_NSCLC,1.0,0.7850378040771512,III-IV,1,0.4764824875990283,4,1,0.4764824875990283,0.3085553164781229
COL8A1_integrin_a1b1_complex,Pericyte,T cell CD8 dividing,2,2.0,0.8656324599504914,False,False,Deng_Liu_LUAD_2024;Hu_Zhang_2023_NSCLC,1.0,0.4328162299752457,III-IV,1,0.12429225720364961,3,1,0.12429225720364961,0.3085239727715961
CD96_NECTIN1,T cell CD4 dividing,Pericyte,2,2.0,0.9381393784569236,True,False,Deng_Liu_LUAD_2024;Hu_Zhang_2023_NSCLC,1.0,0.4690696892284618,III-IV,1,0.16055393270583143,2,1,0.16055393270583143,0.3085157565226304
ICAM1_SPN,Macrophage,DC mature,3,2.0,0.9253439619746124,True,False,Deng_Liu_LUAD_2024;Hu_Zhang_2023_NSCLC,0.6666666666666666,0.30844798732487083,III-IV,1,0.0,1,1,0.0,0.30844798732487083
CD226_NECTIN2,T cell CD8 dividing,DC mature,3,2.0,0.9252240461314398,False,True,Chen_Zhang_2020;Deng_Liu_LUAD_2024,0.6666666666666666,0.3084080153771466,III-IV,1,0.0,1,1,0.0,0.3084080153771466
HLA-F_VSIR,myeloid dividing,DC mature,3,2.0,0.9251130546377208,True,True,Deng_Liu_LUAD_2024;Hu_Zhang_2023_NSCLC,0.6666666666666666,0.30837101821257357,III-IV,1,0.0,1,1,0.0,0.30837101821257357
ICAM3_integrin_aLb2_complex,NK cell,T cell CD4 dividing,3,2.0,0.9250834331812976,False,False,Deng_Liu_LUAD_2024;Hu_Zhang_2023_NSCLC,0.6666666666666666,0.3083611443937659,III-IV,1,0.0,2,1,0.0,0.3083611443937659
ProstaglandinE2_byPTGES2_PTGER4,DC mature,DC mature,3,3.0,0.9246410698271212,False,False,Chen_Zhang_2020;Deng_Liu_LUAD_2024;Hu_Zhang_2023_NSCLC,1.0,0.30821368994237375,III-IV,1,0.0,1,1,0.0,0.30821368994237375
ICAM1_integrin_aXb2_complex,DC mature,NK cell,3,2.0,0.9238615695102708,True,False,Deng_Liu_LUAD_2024;Hu_Zhang_2023_NSCLC,0.6666666666666666,0.3079538565034236,III-IV,1,0.0,1,1,0.0,0.3079538565034236
PTPRC_MRC1,NK cell,cDC2,5,4.0,3.315745450346537,True,True,Chen_Zhang_2020;Deng_Liu_LUAD_2024;Hu_Zhang_2023_NSCLC;Zilionis_Klein_2019,0.8,0.6631490900693074,III-IV,1,0.3554442177551575,5,1,0.3554442177551575,0.30770487231414995
ICAM1_ITGAL,myeloid dividing,Macrophage alveolar,3,2.0,1.0429720699634926,True,True,Deng_Liu_LUAD_2024;Hu_Zhang_2023_NSCLC,0.6666666666666666,0.34765735665449754,III-IV,1,0.04001676944714919,4,1,0.04001676944714919,0.3076405872073483
ICAM1_integrin_aLb2_complex,myeloid dividing,Macrophage alveolar,3,2.0,1.0429720699634926,True,False,Deng_Liu_LUAD_2024;Hu_Zhang_2023_NSCLC,0.6666666666666666,0.34765735665449754,III-IV,1,0.04001676944714919,4,1,0.04001676944714919,0.3076405872073483
ProstaglandinE2_byPTGES3_PTGER4,myeloid dividing,T cell CD8 effector memory,3,2.0,1.3650379204002916,False,False,Deng_Liu_LUAD_2024;Hu_Zhang_2023_NSCLC,0.6666666666666666,0.4550126401334305,III-IV,1,0.14742237368819647,4,1,0.14742237368819647,0.307590266445234
CD274_PDCD1,DC mature,T cell CD8 effector memory,3,2.0,0.9223179798523325,True,False,Deng_Liu_LUAD_2024;Hu_Zhang_2023_NSCLC,0.6666666666666666,0.30743932661744416,III-IV,1,0.0,1,1,0.0,0.30743932661744416
VEGFB_FLT1,pDC,cDC2,4,2.0,1.229145779451681,True,True,Deng_Liu_LUAD_2024;Hu_Zhang_2023_NSCLC,0.5,0.3072864448629202,III-IV,1,0.0,3,1,0.0,0.3072864448629202
COL12A1_integrin_a1b1_complex,Pericyte,T cell CD8 activated,2,2.0,0.6144899461220915,True,False,Deng_Liu_LUAD_2024;Hu_Zhang_2023_NSCLC,1.0,0.30724497306104576,III-IV,1,0.0,1,1,0.0,0.30724497306104576
PLAUR_integrin_a4b1_complex,DC mature,Pericyte,2,2.0,0.6144821793671511,False,False,Deng_Liu_LUAD_2024;Hu_Zhang_2023_NSCLC,1.0,0.30724108968357555,III-IV,1,0.0,1,1,0.0,0.30724108968357555
CD80_CTLA4,DC mature,T cell CD8 effector memory,3,2.0,0.9215962206547368,True,False,Deng_Liu_LUAD_2024;Hu_Zhang_2023_NSCLC,0.6666666666666666,0.3071987402182456,III-IV,1,0.0,1,1,0.0,0.3071987402182456
integrin_aVb1_complex_ADGRE5,myeloid dividing,NK cell,3,2.0,1.2639642174015242,False,True,Deng_Liu_LUAD_2024;Hu_Zhang_2023_NSCLC,0.6666666666666666,0.4213214058005081,III-IV,1,0.11415395434382776,4,1,0.11415395434382776,0.30716745145668034
FN1_integrin_a4b1_complex,Monocyte classical,Pericyte,2,2.0,0.7581898970172618,False,False,Deng_Liu_LUAD_2024;Hu_Zhang_2023_NSCLC,1.0,0.3790949485086309,III-IV,1,0.07210862274153414,3,1,0.07210862274153414,0.3069863257670968
VEGFB_NRP1,pDC,Fibroblast peribronchial,4,2.0,1.2270891860599986,True,True,Deng_Liu_LUAD_2024;Hu_Zhang_2023_NSCLC,0.5,0.30677229651499965,III-IV,1,0.0,3,1,0.0,0.30677229651499965
ProstaglandinE2_byPTGES3_PTGER4,Macrophage,myeloid dividing,3,2.0,1.2279058487573264,False,True,Deng_Liu_LUAD_2024;Hu_Zhang_2023_NSCLC,0.6666666666666666,0.4093019495857755,III-IV,1,0.10264524505030834,4,1,0.10264524505030834,0.3066567045354671
LAIR1_LILRB4,NK cell,pDC,4,3.0,1.2260912534198671,False,True,Deng_Liu_LUAD_2024;Hu_Zhang_2023_NSCLC;Zilionis_Klein_2019,0.75,0.3065228133549668,III-IV,1,0.0,3,1,0.0,0.3065228133549668
SEMA7A_PLXNC1,DC mature,Monocyte classical,3,2.0,0.9189748602734595,True,True,Deng_Liu_LUAD_2024;Hu_Zhang_2023_NSCLC,0.6666666666666666,0.3063249534244865,III-IV,1,0.0,1,1,0.0,0.3063249534244865
LCK_CD8_receptor,T cell CD4 dividing,T cell CD8 activated,3,2.0,0.9185235807911969,True,False,Chen_Zhang_2020;Deng_Liu_LUAD_2024,0.6666666666666666,0.306174526930399,III-IV,1,0.0,1,1,0.0,0.306174526930399
HLA-F_VSIR,Macrophage alveolar,DC mature,3,2.0,0.9183815094094891,True,True,Deng_Liu_LUAD_2024;Hu_Zhang_2023_NSCLC,0.6666666666666666,0.30612716980316307,III-IV,1,0.0,1,1,0.0,0.30612716980316307
LTC4_byLTC4S_CYSLTR1,Mast cell,myeloid dividing,3,2.0,0.918139591614556,False,True,Deng_Liu_LUAD_2024;Hu_Zhang_2023_NSCLC,0.6666666666666666,0.30604653053818537,III-IV,1,0.0,4,1,0.0,0.30604653053818537
PECAM1_CD38,Macrophage alveolar,Plasma cell,4,2.0,1.2235212284955328,True,True,Deng_Liu_LUAD_2024;Hu_Zhang_2023_NSCLC,0.5,0.3058803071238832,III-IV,1,0.0,5,1,0.0,0.3058803071238832
TNF_TNFRSF1B,T cell CD4 dividing,DC mature,3,2.0,0.9172506104558573,False,True,Deng_Liu_LUAD_2024;Hu_Zhang_2023_NSCLC,0.6666666666666666,0.30575020348528575,III-IV,1,0.0,1,1,0.0,0.30575020348528575
Cholesterol_byLIPA_RORA,T cell CD8 terminally exhausted,T cell CD4 dividing,3,2.0,0.9168784559667001,False,True,Deng_Liu_LUAD_2024;Hu_Zhang_2023_NSCLC,0.6666666666666666,0.30562615198890003,III-IV,1,0.0,2,1,0.0,0.30562615198890003
ICAM1_integrin_aMb2_complex,Monocyte classical,myeloid dividing,3,2.0,1.316428813238435,True,False,Deng_Liu_LUAD_2024;Hu_Zhang_2023_NSCLC,0.6666666666666666,0.43880960441281164,III-IV,1,0.13320891485448447,4,1,0.13320891485448447,0.3056006895583272
CCL5_CCR1,T cell CD8 dividing,Macrophage alveolar,3,3.0,2.7564862121473377,True,True,Chen_Zhang_2020;Deng_Liu_LUAD_2024;Hu_Zhang_2023_NSCLC,1.0,0.9188287373824459,III-IV,1,0.6133157535533279,4,1,0.6133157535533279,0.30551298382911796
ProstaglandinE2_byPTGES3_PTGER4,myeloid dividing,Monocyte classical,3,2.0,1.3105166405091897,False,False,Deng_Liu_LUAD_2024;Hu_Zhang_2023_NSCLC,0.6666666666666666,0.4368388801697299,III-IV,1,0.13147787514876122,4,1,0.13147787514876122,0.30536100502096863
CCL3_CCR5,Monocyte classical,Macrophage alveolar,4,2.0,1.2206090026380574,True,False,Deng_Liu_LUAD_2024;Hu_Zhang_2023_NSCLC,0.5,0.30515225065951435,III-IV,1,0.0,5,1,0.0,0.30515225065951435
PLAU_PLAUR,pDC,cDC2,4,2.0,1.219660289996325,False,True,Deng_Liu_LUAD_2024;Hu_Zhang_2023_NSCLC,0.5,0.30491507249908123,III-IV,1,0.0,3,1,0.0,0.30491507249908123
VEGFB_FLT1,pDC,Monocyte classical,4,2.0,1.2196201265048239,True,False,Deng_Liu_LUAD_2024;Hu_Zhang_2023_NSCLC,0.5,0.30490503162620597,III-IV,1,0.0,3,1,0.0,0.30490503162620597
IFNG_Type_II_IFNR,T cell CD8 dividing,Macrophage alveolar,3,2.0,1.3267431897194195,True,False,Deng_Liu_LUAD_2024;Hu_Zhang_2023_NSCLC,0.6666666666666666,0.44224772990647315,III-IV,1,0.13814508276533594,4,1,0.13814508276533594,0.3041026471411372
Cholesterol_byLIPA_RORA,B cell,T cell CD4 dividing,3,2.0,0.9115420506114793,False,True,Deng_Liu_LUAD_2024;Hu_Zhang_2023_NSCLC,0.6666666666666666,0.3038473502038264,III-IV,1,0.0,2,1,0.0,0.3038473502038264
CD274_CD80,Macrophage,DC mature,3,2.0,0.9114359049606273,True,True,Deng_Liu_LUAD_2024;Hu_Zhang_2023_NSCLC,0.6666666666666666,0.3038119683202091,III-IV,1,0.0,1,1,0.0,0.3038119683202091
ICAM1_ITGAL,cDC2,T cell CD8 activated,4,2.0,1.215162804984399,True,False,Deng_Liu_LUAD_2024;Hu_Zhang_2023_NSCLC,0.5,0.30379070124609975,III-IV,1,0.0,3,1,0.0,0.30379070124609975
ICAM1_integrin_aLb2_complex,cDC2,T cell CD8 activated,4,2.0,1.215162804984399,True,False,Deng_Liu_LUAD_2024;Hu_Zhang_2023_NSCLC,0.5,0.30379070124609975,III-IV,1,0.0,3,1,0.0,0.30379070124609975
CD96_NECTIN1,T cell CD4 dividing,DC mature,3,2.0,0.9105702643611984,True,False,Deng_Liu_LUAD_2024;Hu_Zhang_2023_NSCLC,0.6666666666666666,0.3035234214537328,III-IV,1,0.0,1,1,0.0,0.3035234214537328
CD320_JAML,T cell CD4 dividing,Monocyte classical,3,3.0,0.9093845198603762,False,True,Chen_Zhang_2020;Deng_Liu_LUAD_2024;Hu_Zhang_2023_NSCLC,1.0,0.30312817328679204,III-IV,1,0.0,2,1,0.0,0.30312817328679204
ICAM3_integrin_aLb2_complex,T cell CD4 dividing,T cell CD4 dividing,3,2.0,0.9087248491370813,True,False,Deng_Liu_LUAD_2024;Hu_Zhang_2023_NSCLC,0.6666666666666666,0.3029082830456938,III-IV,1,0.0,2,1,0.0,0.3029082830456938
ProstaglandinE2_byPTGES3_PTGER4,Fibroblast peribronchial,myeloid dividing,3,2.0,1.1655991626330078,False,True,Deng_Liu_LUAD_2024;Hu_Zhang_2023_NSCLC,0.6666666666666666,0.3885330542110026,III-IV,1,0.08564589419019798,4,1,0.08564589419019798,0.3028871600208046
GAS6_AXL,DC mature,myeloid dividing,3,3.0,0.908130523875358,False,True,Chen_Zhang_2020;Deng_Liu_LUAD_2024;Hu_Zhang_2023_NSCLC,1.0,0.30271017462511934,III-IV,1,0.0,1,1,0.0,0.30271017462511934
ICAM1_integrin_aXb2_complex,myeloid dividing,DC mature,3,2.0,0.9076480454805052,True,False,Deng_Liu_LUAD_2024;Hu_Zhang_2023_NSCLC,0.6666666666666666,0.30254934849350174,III-IV,1,0.0,1,1,0.0,0.30254934849350174
VEGFA_NRP2,Plasma cell,DC mature,3,2.0,0.9073579254516035,False,True,Deng_Liu_LUAD_2024;Hu_Zhang_2023_NSCLC,0.6666666666666666,0.30245264181720116,III-IV,1,0.0,1,1,0.0,0.30245264181720116
COL4A2_integrin_a1b1_complex,Fibroblast peribronchial,T cell CD8 terminally exhausted,3,2.0,1.5355556097739744,True,False,Deng_Liu_LUAD_2024;Hu_Zhang_2023_NSCLC,0.6666666666666666,0.5118518699246581,III-IV,1,0.20941523314941035,4,1,0.20941523314941035,0.3024366367752478
VEGFB_NRP1,T cell CD8 effector memory,Pericyte,2,2.0,0.6047365489525468,False,True,Deng_Liu_LUAD_2024;Hu_Zhang_2023_NSCLC,1.0,0.3023682744762734,III-IV,1,0.0,3,1,0.0,0.3023682744762734
TGFB1_TGFbeta_receptor1,NK cell,myeloid dividing,3,2.0,1.0336014196862437,True,False,Deng_Liu_LUAD_2024;Hu_Zhang_2023_NSCLC,0.6666666666666666,0.34453380656208127,III-IV,1,0.042167045331602294,4,1,0.042167045331602294,0.30236676123047895
CXCL12_CXCR4,Fibroblast peribronchial,T cell CD4 dividing,3,3.0,2.219860761974428,True,True,Chen_Zhang_2020;Deng_Liu_LUAD_2024;Hu_Zhang_2023_NSCLC,1.0,0.7399535873248094,III-IV,1,0.43763383297644537,2,1,0.43763383297644537,0.30231975434836406
integrin_aVb1_complex_ADGRE5,Fibroblast peribronchial,pDC,4,2.0,1.2091087454285192,False,True,Deng_Liu_LUAD_2024;Hu_Zhang_2023_NSCLC,0.5,0.3022771863571298,III-IV,1,0.0,3,1,0.0,0.3022771863571298
VEGFA_FLT1,Monocyte classical,cDC1,3,2.0,0.9068075738009445,True,False,Deng_Liu_LUAD_2024;Hu_Zhang_2023_NSCLC,0.6666666666666666,0.3022691912669815,III-IV,1,0.0,1,1,0.0,0.3022691912669815
CD320_JAML,T cell CD4 dividing,pDC,3,2.0,0.90670910927933,False,True,Deng_Liu_LUAD_2024;Hu_Zhang_2023_NSCLC,0.6666666666666666,0.3022363697597767,III-IV,1,0.0,2,1,0.0,0.3022363697597767
CD55_ADGRE5,pDC,Macrophage alveolar,4,2.0,1.2086818005630706,True,True,Deng_Liu_LUAD_2024;Hu_Zhang_2023_NSCLC,0.5,0.30217045014076765,III-IV,1,0.0,3,1,0.0,0.30217045014076765
ProstaglandinE2_byPTGES3_PTGER4,T cell CD8 effector memory,myeloid dividing,3,2.0,1.147303820886825,False,True,Deng_Liu_LUAD_2024;Hu_Zhang_2023_NSCLC,0.6666666666666666,0.382434606962275,III-IV,1,0.08027696635291572,4,1,0.08027696635291572,0.3021576406093593
APP_TREM2_receptor,pDC,cDC2,4,2.0,1.20791879635148,True,False,Chen_Zhang_2020;Deng_Liu_LUAD_2024,0.5,0.30197969908787,III-IV,1,0.0,3,1,0.0,0.30197969908787
TGFB1_TGFbeta_receptor1,Pericyte,Macrophage,2,2.0,0.6199803266384846,False,False,Deng_Liu_LUAD_2024;Hu_Zhang_2023_NSCLC,1.0,0.3099901633192423,III-IV,1,0.008150311947780303,3,1,0.008150311947780303,0.30183985137146196
CD55_ADGRE5,Monocyte classical,myeloid dividing,3,2.0,1.4299130149638068,True,True,Deng_Liu_LUAD_2024;Hu_Zhang_2023_NSCLC,0.6666666666666666,0.4766376716546023,III-IV,1,0.17483501027804826,4,1,0.17483501027804826,0.30180266137655404
integrin_aVb1_complex_ADGRE5,Fibroblast peribronchial,Pericyte,2,2.0,0.8690339561115688,False,False,Deng_Liu_LUAD_2024;Hu_Zhang_2023_NSCLC,1.0,0.4345169780557844,III-IV,1,0.13287532907786073,3,1,0.13287532907786073,0.30164164897792367
ICAM1_ITGAL,cDC1,Monocyte classical,3,2.0,0.904842962561481,True,False,Deng_Liu_LUAD_2024;Hu_Zhang_2023_NSCLC,0.6666666666666666,0.301614320853827,III-IV,1,0.0,1,1,0.0,0.301614320853827
ANXA1_FPR3,Pericyte,cDC2,2,2.0,1.2763114639176611,False,True,Deng_Liu_LUAD_2024;Hu_Zhang_2023_NSCLC,1.0,0.6381557319588306,III-IV,1,0.3366789888182835,3,1,0.3366789888182835,0.30147674314054707
CD86_CD28,myeloid dividing,T cell CD4,3,2.0,1.27798848864167,True,True,Deng_Liu_LUAD_2024;Hu_Zhang_2023_NSCLC,0.6666666666666666,0.42599616288055664,III-IV,1,0.12455371632586823,4,1,0.12455371632586823,0.30144244655468844
ICAM3_integrin_aLb2_complex,T cell CD8 dividing,NK cell,4,2.0,1.2054915933792918,True,False,Deng_Liu_LUAD_2024;Hu_Zhang_2023_NSCLC,0.5,0.30137289834482295,III-IV,1,0.0,4,1,0.0,0.30137289834482295
FBN1_integrin_a5b1_complex,Fibroblast peribronchial,T cell CD8 effector memory,4,2.0,1.2041315902653367,True,False,Deng_Liu_LUAD_2024;Hu_Zhang_2023_NSCLC,0.5,0.30103289756633417,III-IV,1,0.0,5,1,0.0,0.30103289756633417
FN1_integrin_a4b7_complex,Macrophage,T cell CD4 dividing,3,2.0,0.9021667765462698,True,False,Deng_Liu_LUAD_2024;Hu_Zhang_2023_NSCLC,0.6666666666666666,0.3007222588487566,III-IV,1,0.0,2,1,0.0,0.3007222588487566
PVR_CD96,myeloid dividing,T cell CD8 terminally exhausted,3,2.0,1.369962687743672,False,True,Deng_Liu_LUAD_2024;Hu_Zhang_2023_NSCLC,0.6666666666666666,0.4566542292478906,III-IV,1,0.1560099534783079,4,1,0.1560099534783079,0.30064427576958275
NECTIN2_TIGIT,DC mature,T cell CD8 activated,3,2.0,0.9017833306362808,True,False,Chen_Zhang_2020;Deng_Liu_LUAD_2024,0.6666666666666666,0.3005944435454269,III-IV,1,0.0,1,1,0.0,0.3005944435454269
FN1_integrin_a11b1_complex,Fibroblast peribronchial,Fibroblast peribronchial,4,2.0,1.9288703004106267,True,False,Deng_Liu_LUAD_2024;Hu_Zhang_2023_NSCLC,0.5,0.48221757510265667,III-IV,1,0.1816401601211728,5,1,0.1816401601211728,0.3005774149814839
VEGFB_NRP1,NK cell,Pericyte,2,2.0,0.6010902388330535,False,True,Deng_Liu_LUAD_2024;Hu_Zhang_2023_NSCLC,1.0,0.30054511941652673,III-IV,1,0.0,3,1,0.0,0.30054511941652673
HLA-E_CD94:NKG2A,myeloid dividing,T cell CD8 dividing,3,3.0,2.359535375756803,True,False,Chen_Zhang_2020;Deng_Liu_LUAD_2024;Hu_Zhang_2023_NSCLC,1.0,0.7865117919189344,III-IV,1,0.48600939388255876,4,1,0.48600939388255876,0.30050239803637563
TNFSF13B_TNFRSF17,myeloid dividing,Plasma cell,3,3.0,0.9012524595252029,True,True,Chen_Zhang_2020;Deng_Liu_LUAD_2024;Hu_Zhang_2023_NSCLC,1.0,0.300417486508401,III-IV,1,0.0,4,1,0.0,0.300417486508401
COL1A2_integrin_a11b1_complex,Fibroblast peribronchial,Fibroblast peribronchial,4,2.0,1.9820739921315822,True,False,Deng_Liu_LUAD_2024;Hu_Zhang_2023_NSCLC,0.5,0.49551849803289555,III-IV,1,0.19525045980742184,5,1,0.19525045980742184,0.3002680382254737
VEGFB_NRP1,pDC,Macrophage alveolar,4,2.0,1.2004651429952262,True,True,Deng_Liu_LUAD_2024;Hu_Zhang_2023_NSCLC,0.5,0.30011628574880655,III-IV,1,0.0,3,1,0.0,0.30011628574880655
ProstaglandinE2_byPTGES2_PTGER4,DC mature,T cell CD4 dividing,3,3.0,0.9002006239141707,False,False,Chen_Zhang_2020;Deng_Liu_LUAD_2024;Hu_Zhang_2023_NSCLC,1.0,0.30006687463805687,III-IV,1,0.0,1,1,0.0,0.30006687463805687
ICAM1_integrin_aMb2_complex,pDC,myeloid dividing,3,2.0,0.9001020537496109,False,False,Deng_Liu_LUAD_2024;Hu_Zhang_2023_NSCLC,0.6666666666666666,0.300034017916537,III-IV,1,0.0,2,1,0.0,0.300034017916537
CCL3_CCR5,T cell CD8 dividing,Macrophage alveolar,3,2.0,0.9000673199350397,True,False,Deng_Liu_LUAD_2024;Hu_Zhang_2023_NSCLC,0.6666666666666666,0.3000224399783466,III-IV,1,0.0,4,1,0.0,0.3000224399783466
LGALS9_HAVCR2,Monocyte classical,DC mature,3,2.0,0.8991757649684458,True,True,Deng_Liu_LUAD_2024;Hu_Zhang_2023_NSCLC,0.6666666666666666,0.29972525498948194,III-IV,1,0.0,1,1,0.0,0.29972525498948194
COL12A1_integrin_a1b1_complex,Fibroblast peribronchial,T cell CD8 effector memory,4,2.0,1.476224991023908,True,False,Deng_Liu_LUAD_2024;Hu_Zhang_2023_NSCLC,0.5,0.369056247755977,III-IV,1,0.06940387320134156,5,1,0.06940387320134156,0.29965237455463545
ProstaglandinE2_byPTGES3_PTGER4,myeloid dividing,T cell regulatory,3,2.0,1.3095512308553772,False,False,Deng_Liu_LUAD_2024;Hu_Zhang_2023_NSCLC,0.6666666666666666,0.43651707695179237,III-IV,1,0.13687385048144543,4,1,0.13687385048144543,0.2996432264703469
CD86_CTLA4,myeloid dividing,DC mature,3,2.0,0.8989265599160098,True,False,Chen_Zhang_2020;Deng_Liu_LUAD_2024,0.6666666666666666,0.2996421866386699,III-IV,1,0.0,1,1,0.0,0.2996421866386699
LGALS9_HAVCR2,myeloid dividing,T cell CD8 terminally exhausted,3,2.0,1.4916667554823468,True,True,Deng_Liu_LUAD_2024;Hu_Zhang_2023_NSCLC,0.6666666666666666,0.49722225182744895,III-IV,1,0.19767662014497459,4,1,0.19767662014497459,0.2995456316824744
ProstaglandinE2_byPTGES3_PTGER4,myeloid dividing,T cell CD8 terminally exhausted,3,2.0,1.3450876352878551,False,False,Deng_Liu_LUAD_2024;Hu_Zhang_2023_NSCLC,0.6666666666666666,0.4483625450959517,III-IV,1,0.149058747160013,4,1,0.149058747160013,0.2993037979359387
APP_PLXNA4,myeloid dividing,pDC,3,2.0,0.8977973875859936,True,True,Deng_Liu_LUAD_2024;Hu_Zhang_2023_NSCLC,0.6666666666666666,0.29926579586199786,III-IV,1,0.0,2,1,0.0,0.29926579586199786
COL1A1_integrin_a11b1_complex,Fibroblast peribronchial,Fibroblast peribronchial,4,2.0,1.9889538310037533,True,False,Deng_Liu_LUAD_2024;Hu_Zhang_2023_NSCLC,0.5,0.49723845775093833,III-IV,1,0.19811749432002596,5,1,0.19811749432002596,0.2991209634309124
COL3A1_integrin_a11b1_complex,Fibroblast peribronchial,Fibroblast peribronchial,4,2.0,1.9844910546223686,True,False,Deng_Liu_LUAD_2024;Hu_Zhang_2023_NSCLC,0.5,0.49612276365559216,III-IV,1,0.1970464135021097,5,1,0.1970464135021097,0.29907635015348244
FN1_integrin_a4b1_complex,Fibroblast peribronchial,T cell CD4,4,2.0,1.9257234147957467,True,False,Deng_Liu_LUAD_2024;Hu_Zhang_2023_NSCLC,0.5,0.4814308536989367,III-IV,1,0.1823650329979444,5,1,0.1823650329979444,0.2990658207009923
COL6A2_integrin_a11b1_complex,Fibroblast peribronchial,Fibroblast peribronchial,4,2.0,1.7935427703106233,True,False,Deng_Liu_LUAD_2024;Hu_Zhang_2023_NSCLC,0.5,0.4483856925776558,III-IV,1,0.14936708860759493,5,1,0.14936708860759493,0.29901860397006086
ALCAM_CD6,myeloid dividing,T cell CD4,3,2.0,1.3849002679157731,True,True,Deng_Liu_LUAD_2024;Hu_Zhang_2023_NSCLC,0.6666666666666666,0.46163342263859103,III-IV,1,0.16286649356269609,4,1,0.16286649356269609,0.29876692907589497
VEGFA_NRP1,Monocyte classical,pDC,4,2.0,1.1949129558317035,True,True,Deng_Liu_LUAD_2024;Hu_Zhang_2023_NSCLC,0.5,0.2987282389579259,III-IV,1,0.0,3,1,0.0,0.2987282389579259
CXCL9_CXCR3,Macrophage,pDC,4,2.0,1.1948080290879177,True,True,Deng_Liu_LUAD_2024;Hu_Zhang_2023_NSCLC,0.5,0.29870200727197943,III-IV,1,0.0,3,1,0.0,0.29870200727197943
COL1A2_integrin_a1b1_complex,Fibroblast peribronchial,T cell CD8 effector memory,4,2.0,1.9776652455687742,True,False,Deng_Liu_LUAD_2024;Hu_Zhang_2023_NSCLC,0.5,0.49441631139219355,III-IV,1,0.19574813372281727,5,1,0.19574813372281727,0.29866817766937626
COL4A2_integrin_a1b1_complex,Fibroblast peribronchial,T cell CD8 dividing,3,2.0,1.5248653767513805,True,False,Deng_Liu_LUAD_2024;Hu_Zhang_2023_NSCLC,0.6666666666666666,0.5082884589171268,III-IV,1,0.20982094558043926,4,1,0.20982094558043926,0.29846751333668753
SEMA3C_NRP2,DC mature,DC mature,3,2.0,0.8953913355532486,False,True,Deng_Liu_LUAD_2024;Hu_Zhang_2023_NSCLC,0.6666666666666666,0.2984637785177495,III-IV,1,0.0,1,1,0.0,0.2984637785177495
VEGFA_NRP1,Plasma cell,Pericyte,2,2.0,0.5969192849210175,False,True,Deng_Liu_LUAD_2024;Hu_Zhang_2023_NSCLC,1.0,0.29845964246050877,III-IV,1,0.0,3,1,0.0,0.29845964246050877
ICAM1_integrin_aLb2_complex,myeloid dividing,myeloid dividing,3,2.0,0.9665134446758936,True,False,Deng_Liu_LUAD_2024;Hu_Zhang_2023_NSCLC,0.6666666666666666,0.32217114822529785,III-IV,1,0.02381531970139565,4,1,0.02381531970139565,0.2983558285239022
ICAM1_ITGAL,DC mature,pDC,3,2.0,0.8949056766395898,True,False,Deng_Liu_LUAD_2024;Hu_Zhang_2023_NSCLC,0.6666666666666666,0.2983018922131966,III-IV,1,0.0,1,1,0.0,0.2983018922131966
ICAM1_integrin_aLb2_complex,DC mature,pDC,3,2.0,0.8949056766395898,True,False,Deng_Liu_LUAD_2024;Hu_Zhang_2023_NSCLC,0.6666666666666666,0.2983018922131966,III-IV,1,0.0,1,1,0.0,0.2983018922131966
WNT2B_SFRP2,Fibroblast peribronchial,Fibroblast peribronchial,4,2.0,1.1929529180121403,False,True,Deng_Liu_LUAD_2024;Hu_Zhang_2023_NSCLC,0.5,0.2982382295030351,III-IV,1,0.0,5,1,0.0,0.2982382295030351
PVR_CD96,Macrophage alveolar,T cell CD8 terminally exhausted,3,2.0,1.3630842742876148,False,True,Deng_Liu_LUAD_2024;Hu_Zhang_2023_NSCLC,0.6666666666666666,0.45436142476253827,III-IV,1,0.15621280969382234,4,1,0.15621280969382234,0.2981486150687159
LGALS9_HAVCR2,pDC,myeloid dividing,3,2.0,0.8943278189910516,False,True,Deng_Liu_LUAD_2024;Hu_Zhang_2023_NSCLC,0.6666666666666666,0.2981092729970172,III-IV,1,0.0,2,1,0.0,0.2981092729970172
ANXA1_FPR2,cDC2,myeloid dividing,3,2.0,0.8940976718739211,True,False,Chen_Zhang_2020;Hu_Zhang_2023_NSCLC,0.6666666666666666,0.298032557291307,III-IV,1,0.0,4,1,0.0,0.298032557291307
ICAM1_integrin_aLb2_complex,Neutrophils,Macrophage,4,2.0,1.1919445192186287,False,False,Deng_Liu_LUAD_2024;Hu_Zhang_2023_NSCLC,0.5,0.29798612980465716,III-IV,1,0.0,3,1,0.0,0.29798612980465716
CD47_SIRPG,Pericyte,T cell CD8 dividing,2,2.0,0.7863960764167292,False,True,Deng_Liu_LUAD_2024;Hu_Zhang_2023_NSCLC,1.0,0.3931980382083646,III-IV,1,0.09522521547838003,3,1,0.09522521547838003,0.29797282272998454
COL1A1_integrin_a1b1_complex,Fibroblast peribronchial,T cell CD8 effector memory,4,2.0,1.9860882308599506,True,False,Deng_Liu_LUAD_2024;Hu_Zhang_2023_NSCLC,0.5,0.49652205771498764,III-IV,1,0.19855025424645678,5,1,0.19855025424645678,0.29797180346853086
COL3A1_integrin_a1b1_complex,Fibroblast peribronchial,T cell CD8 effector memory,4,2.0,1.9810608537035705,True,False,Deng_Liu_LUAD_2024;Hu_Zhang_2023_NSCLC,0.5,0.49526521342589264,III-IV,1,0.1976630963972736,5,1,0.1976630963972736,0.29760211702861905
COL1A1_integrin_a1b1_complex,Fibroblast peribronchial,Fibroblast peribronchial,4,2.0,1.986199151402945,True,False,Deng_Liu_LUAD_2024;Hu_Zhang_2023_NSCLC,0.5,0.4965497878507362,III-IV,1,0.19896137617656603,5,1,0.19896137617656603,0.29758841167417016
ALCAM_CD6,myeloid dividing,T cell CD8 dividing,3,2.0,1.3402430387864892,True,True,Deng_Liu_LUAD_2024;Hu_Zhang_2023_NSCLC,0.6666666666666666,0.4467476795954964,III-IV,1,0.14920750838472358,4,1,0.14920750838472358,0.2975401712107728
FN1_integrin_a4b1_complex,Fibroblast peribronchial,T cell regulatory,4,2.0,1.931150442365551,True,False,Deng_Liu_LUAD_2024;Hu_Zhang_2023_NSCLC,0.5,0.48278761059138775,III-IV,1,0.18525370550687006,5,1,0.18525370550687006,0.2975339050845177
COL1A2_integrin_a1b1_complex,Fibroblast peribronchial,Fibroblast peribronchial,4,2.0,1.9769528497936388,True,False,Deng_Liu_LUAD_2024;Hu_Zhang_2023_NSCLC,0.5,0.4942382124484097,III-IV,1,0.19671102455912584,5,1,0.19671102455912584,0.2975271878892839
LGALS9_P4HB,cDC2,myeloid dividing,3,2.0,1.5045153203421748,True,True,Deng_Liu_LUAD_2024;Hu_Zhang_2023_NSCLC,0.6666666666666666,0.5015051067807249,III-IV,1,0.2042221140322406,4,1,0.2042221140322406,0.2972829927484843
FN1_integrin_a4b1_complex,Fibroblast peribronchial,NK cell,4,2.0,1.931920303060994,True,False,Deng_Liu_LUAD_2024;Hu_Zhang_2023_NSCLC,0.5,0.4829800757652485,III-IV,1,0.1857081034296224,5,1,0.1857081034296224,0.2972719723356261
ICAM1_integrin_aMb2_complex,myeloid dividing,Mast cell,3,2.0,0.8917162803815861,True,False,Deng_Liu_LUAD_2024;Hu_Zhang_2023_NSCLC,0.6666666666666666,0.29723876012719536,III-IV,1,0.0,4,1,0.0,0.29723876012719536
ICAM1_ITGAL,myeloid dividing,cDC2,3,2.0,0.8909512499831519,True,False,Deng_Liu_LUAD_2024;Hu_Zhang_2023_NSCLC,0.6666666666666666,0.296983749994384,III-IV,1,0.0,4,1,0.0,0.296983749994384
ANXA1_FPR2,T cell CD8 activated,Monocyte classical,4,2.0,1.1877758753259335,True,False,Deng_Liu_LUAD_2024;Zilionis_Klein_2019,0.5,0.2969439688314834,III-IV,1,0.0,3,1,0.0,0.2969439688314834
TNF_TNFRSF1B,cDC1,T cell CD8 dividing,3,2.0,0.8907962322031258,False,True,Deng_Liu_LUAD_2024;Hu_Zhang_2023_NSCLC,0.6666666666666666,0.29693207740104194,III-IV,1,0.0,1,1,0.0,0.29693207740104194
JAG1_NOTCH2,Pericyte,cDC1,2,2.0,1.195765163269378,True,True,Deng_Liu_LUAD_2024;Hu_Zhang_2023_NSCLC,1.0,0.597882581634689,III-IV,1,0.3009845288326301,1,1,0.3009845288326301,0.2968980528020589
COL1A1_integrin_a1b1_complex,Fibroblast peribronchial,NK cell,4,2.0,1.9796637897706457,True,False,Deng_Liu_LUAD_2024;Hu_Zhang_2023_NSCLC,0.5,0.49491594744266143,III-IV,1,0.1980309423347398,5,1,0.1980309423347398,0.2968850051079216
COL1A2_integrin_a1b1_complex,Fibroblast peribronchial,NK cell,4,2.0,1.9679981389606036,True,False,Deng_Liu_LUAD_2024;Hu_Zhang_2023_NSCLC,0.5,0.4919995347401509,III-IV,1,0.1951206318294926,5,1,0.1951206318294926,0.2968789029106583
COL3A1_integrin_a1b1_complex,Fibroblast peribronchial,Fibroblast peribronchial,4,2.0,1.980223817125741,True,False,Deng_Liu_LUAD_2024;Hu_Zhang_2023_NSCLC,0.5,0.49505595428143523,III-IV,1,0.1982905982905983,5,1,0.1982905982905983,0.2967653559908369
FN1_integrin_aVb5_complex,Fibroblast peribronchial,Fibroblast peribronchial,4,2.0,1.9384313570672604,True,False,Deng_Liu_LUAD_2024;Hu_Zhang_2023_NSCLC,0.5,0.4846078392668151,III-IV,1,0.18795845504706263,5,1,0.18795845504706263,0.2966493842197525
CXCL2_DPP4,myeloid dividing,pDC,3,2.0,0.8896046699573397,True,False,Deng_Liu_LUAD_2024;Hu_Zhang_2023_NSCLC,0.6666666666666666,0.29653488998577987,III-IV,1,0.0,2,1,0.0,0.29653488998577987
ANXA1_FPR3,Monocyte classical,cDC2,6,6.0,3.4065792161192077,True,True,Chen_Zhang_2020;Deng_Liu_LUAD_2024;Hu_Zhang_2023_NSCLC;Lambrechts_Thienpont_2018_6653;Maynard_Bivona_2020;Zilionis_Klein_2019,1.0,0.5677632026865346,III-IV,1,0.27124114237963753,5,1,0.27124114237963753,0.29652206030689704
IFNG_Type_II_IFNR,T cell CD8 terminally exhausted,myeloid dividing,3,2.0,1.3476220301757469,True,False,Deng_Liu_LUAD_2024;Hu_Zhang_2023_NSCLC,0.6666666666666666,0.44920734339191565,III-IV,1,0.152696635291572,4,1,0.152696635291572,0.29651070810034363
TNF_TNFRSF1B,Macrophage alveolar,DC mature,3,2.0,0.8895209078726065,False,True,Deng_Liu_LUAD_2024;Hu_Zhang_2023_NSCLC,0.6666666666666666,0.29650696929086884,III-IV,1,0.0,1,1,0.0,0.29650696929086884
CD96_NECTIN1,T cell CD4 dividing,cDC1,3,2.0,0.8891280118161051,True,False,Deng_Liu_LUAD_2024;Hu_Zhang_2023_NSCLC,0.6666666666666666,0.2963760039387017,III-IV,1,0.0,1,1,0.0,0.2963760039387017
SEMA3C_NRP2,myeloid dividing,DC mature,3,2.0,0.889086080405678,False,True,Deng_Liu_LUAD_2024;Hu_Zhang_2023_NSCLC,0.6666666666666666,0.29636202680189266,III-IV,1,0.0,1,1,0.0,0.29636202680189266
Cholesterol_byLIPA_RORA,myeloid dividing,T cell regulatory,3,2.0,1.452005272367403,False,True,Deng_Liu_LUAD_2024;Hu_Zhang_2023_NSCLC,0.6666666666666666,0.48400175745580104,III-IV,1,0.187682570593963,4,1,0.187682570593963,0.296319186861838
WNT5B_SFRP2,Plasma cell,Fibroblast peribronchial,4,2.0,1.1849785106684287,False,True,Deng_Liu_LUAD_2024;Hu_Zhang_2023_NSCLC,0.5,0.2962446276671072,III-IV,1,0.0,5,1,0.0,0.2962446276671072
COL3A1_integrin_a1b1_complex,Fibroblast peribronchial,NK cell,4,2.0,1.9714960899576786,True,False,Deng_Liu_LUAD_2024;Hu_Zhang_2023_NSCLC,0.5,0.49287402248941964,III-IV,1,0.1969057665260197,5,1,0.1969057665260197,0.29596825596339993
CD47_SIRPA,pDC,cDC2,4,2.0,1.1837690022826604,True,True,Deng_Liu_LUAD_2024;Hu_Zhang_2023_NSCLC,0.5,0.2959422505706651,III-IV,1,0.0,3,1,0.0,0.2959422505706651
TGFB1_TGFbeta_receptor2,NK cell,myeloid dividing,3,2.0,0.8875724950014233,True,False,Deng_Liu_LUAD_2024;Hu_Zhang_2023_NSCLC,0.6666666666666666,0.29585749833380776,III-IV,1,0.0,4,1,0.0,0.29585749833380776
CD274_CD80,DC mature,cDC1,3,2.0,0.8874957441507219,True,True,Deng_Liu_LUAD_2024;Hu_Zhang_2023_NSCLC,0.6666666666666666,0.2958319147169073,III-IV,1,0.0,1,1,0.0,0.2958319147169073
LGALS9_P4HB,Macrophage,myeloid dividing,3,2.0,1.523485891271596,True,True,Deng_Liu_LUAD_2024;Hu_Zhang_2023_NSCLC,0.6666666666666666,0.5078286304238654,III-IV,1,0.21205236395109814,4,1,0.21205236395109814,0.2957762664727672
FN1_integrin_aVb1_complex,Fibroblast peribronchial,Monocyte classical,4,2.0,1.9066321922140288,True,False,Deng_Liu_LUAD_2024;Hu_Zhang_2023_NSCLC,0.5,0.4766580480535072,III-IV,1,0.18088283024991886,5,1,0.18088283024991886,0.29577521780358834
FN1_integrin_aVb1_complex,Fibroblast peribronchial,Fibroblast peribronchial,4,2.0,1.9444878846581084,True,False,Deng_Liu_LUAD_2024;Hu_Zhang_2023_NSCLC,0.5,0.4861219711645271,III-IV,1,0.19046846262036135,5,1,0.19046846262036135,0.2956535085441657
IGFBP3_TMEM219,Fibroblast peribronchial,T cell regulatory,4,2.0,1.182403413350788,True,False,Deng_Liu_LUAD_2024;Hu_Zhang_2023_NSCLC,0.5,0.295600853337697,III-IV,1,0.0,5,1,0.0,0.295600853337697
FN1_integrin_a5b1_complex,Fibroblast peribronchial,Monocyte classical,4,2.0,1.923564770676537,True,False,Deng_Liu_LUAD_2024;Hu_Zhang_2023_NSCLC,0.5,0.48089119266913427,III-IV,1,0.18537271448663856,5,1,0.18537271448663856,0.2955184781824957
COL8A1_integrin_a11b1_complex,Fibroblast peribronchial,Fibroblast peribronchial,4,2.0,1.6284079860856822,True,False,Deng_Liu_LUAD_2024;Hu_Zhang_2023_NSCLC,0.5,0.40710199652142054,III-IV,1,0.1117386130044358,5,1,0.1117386130044358,0.29536338351698477
NECTIN2_TIGIT,DC mature,T cell CD4,3,2.0,0.8859087159530004,True,False,Chen_Zhang_2020;Deng_Liu_LUAD_2024,0.6666666666666666,0.2953029053176668,III-IV,1,0.0,1,1,0.0,0.2953029053176668
FN1_integrin_a4b1_complex,myeloid dividing,Pericyte,2,2.0,1.1133114644616362,True,False,Deng_Liu_LUAD_2024;Hu_Zhang_2023_NSCLC,1.0,0.5566557322308181,III-IV,1,0.2613689639006095,3,1,0.2613689639006095,0.2952867683302086
FN1_integrin_a4b1_complex,Fibroblast peribronchial,T cell CD8 effector memory,4,2.0,1.9153684869891947,True,False,Deng_Liu_LUAD_2024;Hu_Zhang_2023_NSCLC,0.5,0.4788421217472987,III-IV,1,0.18368495077355837,5,1,0.18368495077355837,0.2951571709737403
FBN1_integrin_a5b1_complex,Pericyte,Fibroblast peribronchial,2,2.0,0.784945113622185,True,False,Deng_Liu_LUAD_2024;Hu_Zhang_2023_NSCLC,1.0,0.3924725568110925,III-IV,1,0.0973709834469328,3,1,0.0973709834469328,0.2951015733641597
PLAU_PLAUR,Fibroblast peribronchial,Pericyte,2,2.0,0.9575540193923884,True,False,Deng_Liu_LUAD_2024;Hu_Zhang_2023_NSCLC,1.0,0.4787770096961942,III-IV,1,0.18381047354700894,3,1,0.18381047354700894,0.2949665361491852
ICAM3_integrin_aLb2_complex,T cell CD8 dividing,T cell CD4 dividing,3,2.0,0.8847689331978286,True,False,Deng_Liu_LUAD_2024;Hu_Zhang_2023_NSCLC,0.6666666666666666,0.2949229777326095,III-IV,1,0.0,2,1,0.0,0.2949229777326095
FN1_integrin_aVb1_complex,Fibroblast peribronchial,Macrophage,4,2.0,1.911833661534974,True,False,Deng_Liu_LUAD_2024;Hu_Zhang_2023_NSCLC,0.5,0.4779584153837435,III-IV,1,0.1830574488802337,5,1,0.1830574488802337,0.29490096650350983
CD99_PILRA,T cell CD8 dividing,Monocyte classical,4,4.0,2.7463504559791425,True,True,Chen_Zhang_2020;Deng_Liu_LUAD_2024;Hu_Zhang_2023_NSCLC;Lambrechts_Thienpont_2018_6653,1.0,0.6865876139947856,III-IV,1,0.39184803764339515,4,1,0.39184803764339515,0.2947395763513905
Cholesterol_byLIPA_RORA,T cell CD8 dividing,T cell CD4 dividing,3,2.0,0.8838840469624544,False,True,Deng_Liu_LUAD_2024;Hu_Zhang_2023_NSCLC,0.6666666666666666,0.2946280156541515,III-IV,1,0.0,2,1,0.0,0.2946280156541515
ICAM1_integrin_aXb2_complex,cDC2,DC mature,3,2.0,0.8835635046249666,True,False,Deng_Liu_LUAD_2024;Hu_Zhang_2023_NSCLC,0.6666666666666666,0.2945211682083222,III-IV,1,0.0,1,1,0.0,0.2945211682083222
HLA-E_KLRC1,cDC2,T cell CD8 dividing,4,2.0,1.1778959199730246,True,True,Chen_Zhang_2020;Lambrechts_Thienpont_2018_6653,0.5,0.29447397999325614,III-IV,1,0.0,4,1,0.0,0.29447397999325614
JAM3_JAM3,Fibroblast peribronchial,Pericyte,2,2.0,0.6752616605636359,True,True,Deng_Liu_LUAD_2024;Hu_Zhang_2023_NSCLC,1.0,0.33763083028181795,III-IV,1,0.04327599264308125,3,1,0.04327599264308125,0.2943548376387367
JAM3_JAM3,Pericyte,Fibroblast peribronchial,2,2.0,0.6752616605636359,True,True,Deng_Liu_LUAD_2024;Hu_Zhang_2023_NSCLC,1.0,0.33763083028181795,III-IV,1,0.04327599264308125,3,1,0.04327599264308125,0.2943548376387367
CD320_JAML,T cell CD8 dividing,pDC,3,2.0,0.8828923955490833,False,True,Deng_Liu_LUAD_2024;Hu_Zhang_2023_NSCLC,0.6666666666666666,0.29429746518302774,III-IV,1,0.0,2,1,0.0,0.29429746518302774
PTPRC_CD22,myeloid dividing,B cell,3,3.0,2.1932788121217914,True,True,Chen_Zhang_2020;Deng_Liu_LUAD_2024;Hu_Zhang_2023_NSCLC,1.0,0.7310929373739304,III-IV,1,0.4370192942947406,4,1,0.4370192942947406,0.2940736430791898
FN1_integrin_a4b1_complex,Fibroblast peribronchial,B cell,4,2.0,1.903366070289354,True,False,Deng_Liu_LUAD_2024;Hu_Zhang_2023_NSCLC,0.5,0.4758415175723385,III-IV,1,0.18179162609542357,5,1,0.18179162609542357,0.29404989147691496
FN1_integrin_a4b1_complex,Fibroblast peribronchial,Monocyte classical,4,2.0,1.9100946790596542,True,False,Deng_Liu_LUAD_2024;Hu_Zhang_2023_NSCLC,0.5,0.47752366976491356,III-IV,1,0.1834902088066645,5,1,0.1834902088066645,0.29403346095824906
ProstaglandinE2_byPTGES3_PTGER4,myeloid dividing,T cell CD8 dividing,3,2.0,1.3395954264108632,False,False,Deng_Liu_LUAD_2024;Hu_Zhang_2023_NSCLC,0.6666666666666666,0.44653180880362103,III-IV,1,0.15250730282375852,4,1,0.15250730282375852,0.2940245059798625
VEGFA_NRP1,myeloid dividing,Pericyte,2,2.0,0.9240485659719548,True,True,Deng_Liu_LUAD_2024;Hu_Zhang_2023_NSCLC,1.0,0.4620242829859774,III-IV,1,0.16809421841541758,3,1,0.16809421841541758,0.2939300645705598
PTPRC_MRC1,cDC2,myeloid dividing,3,3.0,2.591947089237546,True,True,Chen_Zhang_2020;Deng_Liu_LUAD_2024;Hu_Zhang_2023_NSCLC,1.0,0.863982363079182,III-IV,1,0.5700623284394016,4,1,0.5700623284394016,0.29392003463978034
TNF_TNFRSF1B,DC mature,T cell CD8 dividing,3,2.0,0.8816797895275897,False,True,Deng_Liu_LUAD_2024;Hu_Zhang_2023_NSCLC,0.6666666666666666,0.29389326317586323,III-IV,1,0.0,1,1,0.0,0.29389326317586323
CCL3_CCR5,Macrophage alveolar,T cell CD8 dividing,3,2.0,1.045224806656659,True,True,Deng_Liu_LUAD_2024;Hu_Zhang_2023_NSCLC,0.6666666666666666,0.348408268885553,III-IV,1,0.05459536946878719,4,1,0.05459536946878719,0.2938128994167658
HLA-F_VSIR,pDC,myeloid dividing,3,2.0,0.8807394430207185,False,True,Deng_Liu_LUAD_2024;Hu_Zhang_2023_NSCLC,0.6666666666666666,0.2935798143402395,III-IV,1,0.0,2,1,0.0,0.2935798143402395
COL1A1_integrin_a2b1_complex,Fibroblast peribronchial,Fibroblast peribronchial,4,2.0,1.9674855583185682,True,False,Deng_Liu_LUAD_2024;Hu_Zhang_2023_NSCLC,0.5,0.49187138957964205,III-IV,1,0.19857189224277833,5,1,0.19857189224277833,0.2932994973368637
LGALS9_HAVCR2,DC mature,T cell regulatory,3,2.0,0.8794511791354379,True,False,Deng_Liu_LUAD_2024;Hu_Zhang_2023_NSCLC,0.6666666666666666,0.29315039304514595,III-IV,1,0.0,1,1,0.0,0.29315039304514595
IFNG_Type_II_IFNR,NK cell,DC mature,3,2.0,0.8789890068484243,False,False,Deng_Liu_LUAD_2024;Hu_Zhang_2023_NSCLC,0.6666666666666666,0.2929963356161414,III-IV,1,0.0,1,1,0.0,0.2929963356161414
FN1_integrin_aVb1_complex,Fibroblast peribronchial,cDC2,4,2.0,1.8875269471642468,True,False,Deng_Liu_LUAD_2024;Hu_Zhang_2023_NSCLC,0.5,0.4718817367910617,III-IV,1,0.17898950557178406,5,1,0.17898950557178406,0.29289223121927765
Cholesterol_byLIPA_RORA,myeloid dividing,T cell CD4,3,2.0,1.4184202777057124,False,True,Deng_Liu_LUAD_2024;Hu_Zhang_2023_NSCLC,0.6666666666666666,0.47280675923523746,III-IV,1,0.1799605106567132,4,1,0.1799605106567132,0.29284624857852426
COL1A2_integrin_a2b1_complex,Fibroblast peribronchial,Fibroblast peribronchial,4,2.0,1.9545480535373803,True,False,Deng_Liu_LUAD_2024;Hu_Zhang_2023_NSCLC,0.5,0.48863701338434506,III-IV,1,0.19580222871362113,5,1,0.19580222871362113,0.29283478467072394
CD55_ADGRE5,pDC,Macrophage,4,2.0,1.169914783688622,True,True,Deng_Liu_LUAD_2024;Hu_Zhang_2023_NSCLC,0.5,0.2924786959221555,III-IV,1,0.0,3,1,0.0,0.2924786959221555
FN1_integrin_aVb1_complex,Fibroblast peribronchial,Macrophage alveolar,4,2.0,1.8884094409167438,True,False,Deng_Liu_LUAD_2024;Hu_Zhang_2023_NSCLC,0.5,0.47210236022918595,III-IV,1,0.17979011143568108,5,1,0.17979011143568108,0.29231224879350487
IGFBP3_TMEM219,Fibroblast peribronchial,Macrophage,4,2.0,1.393374074580068,True,True,Deng_Liu_LUAD_2024;Hu_Zhang_2023_NSCLC,0.5,0.348343518645017,III-IV,1,0.05603159147462945,5,1,0.05603159147462945,0.29231192717038756
FN1_integrin_a4b1_complex,Fibroblast peribronchial,Mast cell,4,2.0,1.8880246440443829,True,False,Deng_Liu_LUAD_2024;Hu_Zhang_2023_NSCLC,0.5,0.4720061610110957,III-IV,1,0.17983338742832414,5,1,0.17983338742832414,0.2921727735827716
CXCL2_DPP4,Monocyte classical,pDC,4,2.0,1.167965685811815,True,False,Deng_Liu_LUAD_2024;Hu_Zhang_2023_NSCLC,0.5,0.29199142145295376,III-IV,1,0.0,3,1,0.0,0.29199142145295376
FN1_integrin_a4b7_complex,Fibroblast peribronchial,cDC2,4,2.0,1.8771534234697311,True,False,Deng_Liu_LUAD_2024;Hu_Zhang_2023_NSCLC,0.5,0.4692883558674328,III-IV,1,0.17731256085686467,5,1,0.17731256085686467,0.29197579501056814
JAG1_CD46,Pericyte,T cell CD8 activated,2,2.0,1.2728542405343657,True,False,Deng_Liu_LUAD_2024;Hu_Zhang_2023_NSCLC,1.0,0.6364271202671828,III-IV,1,0.34458509142053445,1,1,0.34458509142053445,0.2918420288466484
LGALS9_P4HB,pDC,Macrophage,4,2.0,1.1666281216688454,False,True,Deng_Liu_LUAD_2024;Hu_Zhang_2023_NSCLC,0.5,0.29165703041721136,III-IV,1,0.0,3,1,0.0,0.29165703041721136
COL3A1_integrin_a2b1_complex,Fibroblast peribronchial,Fibroblast peribronchial,4,2.0,1.9574591058190443,True,False,Deng_Liu_LUAD_2024;Hu_Zhang_2023_NSCLC,0.5,0.48936477645476106,III-IV,1,0.19772801038623825,5,1,0.19772801038623825,0.29163676606852285
VEGFB_NRP1,myeloid dividing,pDC,3,2.0,0.8747670401646399,True,True,Deng_Liu_LUAD_2024;Hu_Zhang_2023_NSCLC,0.6666666666666666,0.2915890133882133,III-IV,1,0.0,2,1,0.0,0.2915890133882133
PTPRC_CD22,NK cell,Macrophage alveolar,4,2.0,1.7712071445119495,True,False,Deng_Liu_LUAD_2024;Hu_Zhang_2023_NSCLC,0.5,0.4428017861279874,III-IV,1,0.1513115631691649,5,1,0.1513115631691649,0.2914902229588225
FN1_integrin_a4b7_complex,Fibroblast peribronchial,NK cell,4,2.0,1.8982483429059176,True,False,Deng_Liu_LUAD_2024;Hu_Zhang_2023_NSCLC,0.5,0.4745620857264794,III-IV,1,0.18317645786000217,5,1,0.18317645786000217,0.29138562786647726
PVR_CD96,Fibroblast peribronchial,T cell CD8 dividing,3,2.0,1.0282510863859364,False,True,Chen_Zhang_2020;Deng_Liu_LUAD_2024,0.6666666666666666,0.34275036212864546,III-IV,1,0.051525695931477516,4,1,0.051525695931477516,0.2912246661971679
CCL3_CCR5,T cell CD8 dividing,T cell CD8 terminally exhausted,4,2.0,1.1646915251446726,True,False,Deng_Liu_LUAD_2024;Hu_Zhang_2023_NSCLC,0.5,0.29117288128616814,III-IV,1,0.0,4,1,0.0,0.29117288128616814
LGALS9_P4HB,myeloid dividing,myeloid dividing,3,2.0,1.5105100966907599,True,True,Deng_Liu_LUAD_2024;Hu_Zhang_2023_NSCLC,0.6666666666666666,0.5035033655635867,III-IV,1,0.21237693389592124,4,1,0.21237693389592124,0.2911264316676654
FN1_integrin_a5b1_complex,Fibroblast peribronchial,cDC2,4,2.0,1.896489082249411,True,False,Deng_Liu_LUAD_2024;Hu_Zhang_2023_NSCLC,0.5,0.47412227056235273,III-IV,1,0.18300335388942984,5,1,0.18300335388942984,0.2911189166729229
FN1_integrin_a5b1_complex,Fibroblast peribronchial,Macrophage,4,2.0,1.9072353648498108,True,False,Deng_Liu_LUAD_2024;Hu_Zhang_2023_NSCLC,0.5,0.4768088412124527,III-IV,1,0.1857081034296224,5,1,0.1857081034296224,0.2911007377828303
TNFSF13B_TNFRSF13C,pDC,B cell,4,2.0,1.1639148194297977,True,True,Deng_Liu_LUAD_2024;Hu_Zhang_2023_NSCLC,0.5,0.2909787048574494,III-IV,1,0.0,3,1,0.0,0.2909787048574494
TGFB1_TGFbeta_receptor2,myeloid dividing,Pericyte,2,2.0,0.6454168973439893,True,False,Deng_Liu_LUAD_2024;Hu_Zhang_2023_NSCLC,1.0,0.32270844867199466,III-IV,1,0.031753759601860866,3,1,0.031753759601860866,0.2909546890701338
FN1_integrin_a4b1_complex,Fibroblast peribronchial,Macrophage,4,2.0,1.883121907690697,True,False,Deng_Liu_LUAD_2024;Hu_Zhang_2023_NSCLC,0.5,0.4707804769226743,III-IV,1,0.17993075841177106,5,1,0.17993075841177106,0.29084971851090324
HLA-E_KLRC2,cDC2,T cell CD8 dividing,4,2.0,1.1631920872204113,True,True,Chen_Zhang_2020;Lambrechts_Thienpont_2018_6653,0.5,0.29079802180510284,III-IV,1,0.0,4,1,0.0,0.29079802180510284
FN1_integrin_a4b1_complex,Fibroblast peribronchial,cDC2,4,2.0,1.9088319719283082,True,False,Deng_Liu_LUAD_2024;Hu_Zhang_2023_NSCLC,0.5,0.47720799298207706,III-IV,1,0.18660608027696635,5,1,0.18660608027696635,0.2906019127051107
HLA-F_VSIR,Macrophage alveolar,myeloid dividing,3,2.0,0.8714072537945232,True,True,Deng_Liu_LUAD_2024;Hu_Zhang_2023_NSCLC,0.6666666666666666,0.2904690845981744,III-IV,1,0.0,4,1,0.0,0.2904690845981744
CD86_CD28,myeloid dividing,T cell CD8 effector memory,3,2.0,1.1566096071756675,True,False,Deng_Liu_LUAD_2024;Hu_Zhang_2023_NSCLC,0.6666666666666666,0.3855365357252225,III-IV,1,0.09513956507627394,4,1,0.09513956507627394,0.29039697064894854
ICAM1_integrin_aMb2_complex,cDC2,myeloid dividing,3,2.0,1.1659670862050766,True,False,Deng_Liu_LUAD_2024;Hu_Zhang_2023_NSCLC,0.6666666666666666,0.3886556954016922,III-IV,1,0.09846640701071081,4,1,0.09846640701071081,0.2901892883909814
COL6A2_integrin_a1b1_complex,Fibroblast peribronchial,T cell CD8 effector memory,4,2.0,1.7750693170286413,True,False,Deng_Liu_LUAD_2024;Hu_Zhang_2023_NSCLC,0.5,0.44376732925716034,III-IV,1,0.1536081358866169,5,1,0.1536081358866169,0.2901591933705434
ICAM1_integrin_aMb2_complex,myeloid dividing,cDC2,3,2.0,0.8993936823825156,True,False,Deng_Liu_LUAD_2024;Hu_Zhang_2023_NSCLC,0.6666666666666666,0.2997978941275052,III-IV,1,0.009737098344693282,4,1,0.009737098344693282,0.2900607957828119
ANXA1_FPR1,Neutrophils,Neutrophils,4,2.0,1.160119784406584,False,True,Deng_Liu_LUAD_2024;Zilionis_Klein_2019,0.5,0.290029946101646,III-IV,1,0.0,3,1,0.0,0.290029946101646
JAM3_integrin_aMb2_complex,Pericyte,Monocyte classical,2,2.0,0.7608207618515694,True,False,Deng_Liu_LUAD_2024;Hu_Zhang_2023_NSCLC,1.0,0.3804103809257847,III-IV,1,0.09039272963323597,3,1,0.09039272963323597,0.29001765129254875
ICAM1_integrin_aXb2_complex,DC mature,DC mature,3,2.0,0.8696796343536687,True,False,Deng_Liu_LUAD_2024;Hu_Zhang_2023_NSCLC,0.6666666666666666,0.2898932114512229,III-IV,1,0.0,1,1,0.0,0.2898932114512229
FN1_integrin_a5b1_complex,Fibroblast peribronchial,Fibroblast peribronchial,4,2.0,1.9062190834548194,True,False,Deng_Liu_LUAD_2024;Hu_Zhang_2023_NSCLC,0.5,0.47655477086370485,III-IV,1,0.18703884020339717,5,1,0.18703884020339717,0.2895159306603077
COL11A1_integrin_a1b1_complex,Fibroblast peribronchial,NK cell,4,2.0,1.157683529779179,True,False,Deng_Liu_LUAD_2024;Hu_Zhang_2023_NSCLC,0.5,0.28942088244479475,III-IV,1,0.0,5,1,0.0,0.28942088244479475
LGALS9_HAVCR2,Macrophage alveolar,T cell CD8 terminally exhausted,3,2.0,1.441706509985196,True,True,Deng_Liu_LUAD_2024;Hu_Zhang_2023_NSCLC,0.6666666666666666,0.480568836661732,III-IV,1,0.19119874499621334,4,1,0.19119874499621334,0.28937009166551864
ICAM1_SPN,cDC1,Macrophage,3,2.0,0.8679366325071152,True,False,Deng_Liu_LUAD_2024;Hu_Zhang_2023_NSCLC,0.6666666666666666,0.2893122108357051,III-IV,1,0.0,1,1,0.0,0.2893122108357051
FN1_integrin_a4b7_complex,Fibroblast peribronchial,B cell,4,2.0,1.8714004944007943,True,False,Deng_Liu_LUAD_2024;Hu_Zhang_2023_NSCLC,0.5,0.46785012360019856,III-IV,1,0.1786865736232825,5,1,0.1786865736232825,0.28916354997691607
JAG1_NOTCH3,Fibroblast peribronchial,Pericyte,2,2.0,1.6073735536534381,False,True,Deng_Liu_LUAD_2024;Hu_Zhang_2023_NSCLC,1.0,0.8036867768267191,III-IV,1,0.5145283131096835,3,1,0.5145283131096835,0.2891584637170356
JAM3_integrin_aMb2_complex,Pericyte,Macrophage,2,2.0,0.7043861504434736,True,False,Deng_Liu_LUAD_2024;Hu_Zhang_2023_NSCLC,1.0,0.3521930752217368,III-IV,1,0.06307475927729092,3,1,0.06307475927729092,0.2891183159444459
F11R_integrin_aLb2_complex,DC mature,T cell CD4,3,2.0,0.8672219903164784,True,False,Deng_Liu_LUAD_2024;Hu_Zhang_2023_NSCLC,0.6666666666666666,0.28907399677215945,III-IV,1,0.0,1,1,0.0,0.28907399677215945
ICOSLG_ICOS,pDC,T cell regulatory,4,2.0,1.1560868723326208,True,True,Deng_Liu_LUAD_2024;Hu_Zhang_2023_NSCLC,0.5,0.2890217180831552,III-IV,1,0.0,3,1,0.0,0.2890217180831552
CCL22_DPP4,DC mature,Fibroblast peribronchial,3,2.0,0.866988826308498,True,False,Chen_Zhang_2020;Deng_Liu_LUAD_2024,0.6666666666666666,0.288996275436166,III-IV,1,0.0,1,1,0.0,0.288996275436166
FN1_integrin_a5b1_complex,Fibroblast peribronchial,NK cell,4,2.0,1.8725914471930474,True,False,Deng_Liu_LUAD_2024;Hu_Zhang_2023_NSCLC,0.5,0.46814786179826184,III-IV,1,0.17927079952396408,5,1,0.17927079952396408,0.28887706227429777
CD1B_complex_IL6ST,DC mature,T cell regulatory,3,2.0,0.866346643791777,False,False,Deng_Liu_LUAD_2024;Hu_Zhang_2023_NSCLC,0.6666666666666666,0.288782214597259,III-IV,1,0.0,1,1,0.0,0.288782214597259
THY1_ADGRE5,Fibroblast peribronchial,B cell,4,2.0,1.7559423784551709,True,False,Deng_Liu_LUAD_2024;Hu_Zhang_2023_NSCLC,0.5,0.4389855946137927,III-IV,1,0.15023260846045655,5,1,0.15023260846045655,0.28875298615333617
COL24A1_integrin_a1b1_complex,Fibroblast peribronchial,T cell CD8 dividing,3,2.0,0.866073109965222,True,False,Deng_Liu_LUAD_2024;Hu_Zhang_2023_NSCLC,0.6666666666666666,0.288691036655074,III-IV,1,0.0,4,1,0.0,0.288691036655074
CD320_JAML,pDC,cDC2,4,2.0,1.1542216503593659,False,True,Chen_Zhang_2020;Deng_Liu_LUAD_2024,0.5,0.28855541258984146,III-IV,1,0.0,3,1,0.0,0.28855541258984146
THY1_ADGRE5,Fibroblast peribronchial,NK cell,4,2.0,1.8579321505556132,True,True,Deng_Liu_LUAD_2024;Hu_Zhang_2023_NSCLC,0.5,0.4644830376389033,III-IV,1,0.1762306610407876,5,1,0.1762306610407876,0.2882523765981157
ICAM3_integrin_aLb2_complex,T cell CD8 effector memory,T cell CD4 dividing,3,2.0,0.8647397364448921,False,False,Deng_Liu_LUAD_2024;Hu_Zhang_2023_NSCLC,0.6666666666666666,0.288246578814964,III-IV,1,0.0,2,1,0.0,0.288246578814964
COL12A1_integrin_a1b1_complex,Fibroblast peribronchial,NK cell,4,2.0,1.3777960846650028,True,False,Deng_Liu_LUAD_2024;Hu_Zhang_2023_NSCLC,0.5,0.3444490211662507,III-IV,1,0.0562696094341664,5,1,0.0562696094341664,0.2881794117320843
ProstaglandinE2_byPTGES3_PTGER2,myeloid dividing,NK cell,3,2.0,1.2565195712453094,False,False,Deng_Liu_LUAD_2024;Hu_Zhang_2023_NSCLC,0.6666666666666666,0.4188398570817698,III-IV,1,0.13070702152980634,4,1,0.13070702152980634,0.28813283555196345
APP_SORL1,Pericyte,T cell CD4 dividing,2,2.0,1.2985522970263363,True,False,Deng_Liu_LUAD_2024;Hu_Zhang_2023_NSCLC,1.0,0.6492761485131682,III-IV,1,0.3611922535973169,2,1,0.3611922535973169,0.2880838949158513
integrin_aVb1_complex_ADGRE5,myeloid dividing,T cell CD8 dividing,3,2.0,1.1190782246000066,False,True,Deng_Liu_LUAD_2024;Hu_Zhang_2023_NSCLC,0.6666666666666666,0.3730260748666689,III-IV,1,0.0849832305528508,4,1,0.0849832305528508,0.2880428443138181
CD80_CTLA4,myeloid dividing,T cell regulatory,3,2.0,1.2841619104274962,True,True,Deng_Liu_LUAD_2024;Hu_Zhang_2023_NSCLC,0.6666666666666666,0.42805397014249874,III-IV,1,0.1400519311911717,4,1,0.1400519311911717,0.28800203895132703
CD274_CD80,DC mature,Macrophage,3,2.0,0.8638002361214385,True,True,Deng_Liu_LUAD_2024;Hu_Zhang_2023_NSCLC,0.6666666666666666,0.2879334120404795,III-IV,1,0.0,1,1,0.0,0.2879334120404795
PLAU_PLAUR,myeloid dividing,Pericyte,2,2.0,0.9354511746224596,True,False,Deng_Liu_LUAD_2024;Hu_Zhang_2023_NSCLC,1.0,0.4677255873112298,III-IV,1,0.17989795970374942,3,1,0.17989795970374942,0.2878276276074804
Cholesterol_byLIPA_RORA,Macrophage alveolar,Fibroblast peribronchial,4,2.0,1.5819738271842427,False,True,Deng_Liu_LUAD_2024;Hu_Zhang_2023_NSCLC,0.5,0.3954934567960607,III-IV,1,0.10773558368495077,5,1,0.10773558368495077,0.2877578731111099
integrin_aVb1_complex_ADGRE5,myeloid dividing,pDC,3,2.0,0.8632663044585263,False,True,Deng_Liu_LUAD_2024;Hu_Zhang_2023_NSCLC,0.6666666666666666,0.28775543481950877,III-IV,1,0.0,2,1,0.0,0.28775543481950877
FN1_integrin_a4b7_complex,Fibroblast peribronchial,T cell CD8 effector memory,4,2.0,1.8777291706965311,True,False,Deng_Liu_LUAD_2024;Hu_Zhang_2023_NSCLC,0.5,0.4694322926741328,III-IV,1,0.18175916910094125,5,1,0.18175916910094125,0.2876731235731915
FN1_integrin_a4b1_complex,Fibroblast peribronchial,Macrophage alveolar,4,2.0,1.8618723331245208,True,False,Deng_Liu_LUAD_2024;Hu_Zhang_2023_NSCLC,0.5,0.4654680832811302,III-IV,1,0.17781023477226007,5,1,0.17781023477226007,0.2876578485088701
TGFB1_TGFbeta_receptor1,pDC,myeloid dividing,3,2.0,0.8623824104739456,True,False,Deng_Liu_LUAD_2024;Hu_Zhang_2023_NSCLC,0.6666666666666666,0.2874608034913152,III-IV,1,0.0,2,1,0.0,0.2874608034913152
GAS6_AXL,pDC,Macrophage,4,2.0,1.149469199215733,True,True,Deng_Liu_LUAD_2024;Hu_Zhang_2023_NSCLC,0.5,0.2873672998039333,III-IV,1,0.0,3,1,0.0,0.2873672998039333
APOE_TREM2_receptor,DC mature,Macrophage,3,3.0,0.8619308985967009,False,False,Chen_Zhang_2020;Deng_Liu_LUAD_2024;Hu_Zhang_2023_NSCLC,1.0,0.28731029953223364,III-IV,1,0.0,1,1,0.0,0.28731029953223364
APP_SORL1,Fibroblast peribronchial,myeloid dividing,3,2.0,1.3571998845805817,True,True,Deng_Liu_LUAD_2024;Hu_Zhang_2023_NSCLC,0.6666666666666666,0.4523999615268606,III-IV,1,0.1652331494103646,4,1,0.1652331494103646,0.287166812116496
COL6A3_integrin_a11b1_complex,Fibroblast peribronchial,Fibroblast peribronchial,4,2.0,1.87285987369826,True,False,Deng_Liu_LUAD_2024;Hu_Zhang_2023_NSCLC,0.5,0.468214968424565,III-IV,1,0.1811316672076166,5,1,0.1811316672076166,0.2870833012169484
CD47_SIRB1_complex,myeloid dividing,pDC,3,2.0,0.8610363643495753,True,False,Deng_Liu_LUAD_2024;Hu_Zhang_2023_NSCLC,0.6666666666666666,0.28701212144985844,III-IV,1,0.0,2,1,0.0,0.28701212144985844
ICAM3_integrin_aLb2_complex,Plasma cell,T cell CD4 dividing,3,2.0,0.8608663771819469,True,False,Deng_Liu_LUAD_2024;Hu_Zhang_2023_NSCLC,0.6666666666666666,0.28695545906064895,III-IV,1,0.0,2,1,0.0,0.28695545906064895
CD52_SIGLEC10,pDC,cDC1,3,2.0,0.8603254242113908,False,True,Deng_Liu_LUAD_2024;Hu_Zhang_2023_NSCLC,0.6666666666666666,0.28677514140379695,III-IV,1,0.0,1,1,0.0,0.28677514140379695
ICAM1_ITGAL,Monocyte classical,myeloid dividing,3,2.0,1.1134452621777429,True,False,Deng_Liu_LUAD_2024;Hu_Zhang_2023_NSCLC,0.6666666666666666,0.3711484207259143,III-IV,1,0.08456399437412096,4,1,0.08456399437412096,0.2865844263517934
ICAM1_integrin_aLb2_complex,Monocyte classical,myeloid dividing,3,2.0,1.1134452621777429,True,False,Deng_Liu_LUAD_2024;Hu_Zhang_2023_NSCLC,0.6666666666666666,0.3711484207259143,III-IV,1,0.08456399437412096,4,1,0.08456399437412096,0.2865844263517934
FN1_integrin_a5b1_complex,Fibroblast peribronchial,Macrophage alveolar,4,2.0,1.8950233968707613,True,False,Deng_Liu_LUAD_2024;Hu_Zhang_2023_NSCLC,0.5,0.4737558492176903,III-IV,1,0.18717948717948718,5,1,0.18717948717948718,0.28657636203820314
integrin_aVb1_complex_ADGRE2,Fibroblast peribronchial,Pericyte,2,2.0,0.7646428010975965,False,False,Deng_Liu_LUAD_2024;Hu_Zhang_2023_NSCLC,1.0,0.38232140054879826,III-IV,1,0.09576616538641856,3,1,0.09576616538641856,0.2865552351623797
APP_TNFRSF21,cDC1,pDC,3,2.0,0.8596596340027041,False,True,Deng_Liu_LUAD_2024;Hu_Zhang_2023_NSCLC,0.6666666666666666,0.28655321133423467,III-IV,1,0.0,1,1,0.0,0.28655321133423467
LGALS9_P4HB,myeloid dividing,Macrophage,3,2.0,1.4772298136851187,True,True,Deng_Liu_LUAD_2024;Hu_Zhang_2023_NSCLC,0.6666666666666666,0.49240993789503956,III-IV,1,0.2060478199718706,4,1,0.2060478199718706,0.28636211792316896
ICAM1_SPN,cDC1,Monocyte classical,3,2.0,0.8588730611847628,True,False,Deng_Liu_LUAD_2024;Hu_Zhang_2023_NSCLC,0.6666666666666666,0.28629102039492094,III-IV,1,0.0,1,1,0.0,0.28629102039492094
CD274_PDCD1,DC mature,T cell CD4,3,2.0,0.8588576888526758,True,False,Deng_Liu_LUAD_2024;Hu_Zhang_2023_NSCLC,0.6666666666666666,0.28628589628422524,III-IV,1,0.0,1,1,0.0,0.28628589628422524
CD248_IL6R,Fibroblast peribronchial,DC mature,3,2.0,0.8587194738576569,True,True,Deng_Liu_LUAD_2024;Hu_Zhang_2023_NSCLC,0.6666666666666666,0.286239824619219,III-IV,1,0.0,1,1,0.0,0.286239824619219
CD86_CTLA4,myeloid dividing,T cell CD8 terminally exhausted,3,3.0,1.977660942823582,True,True,Chen_Zhang_2020;Deng_Liu_LUAD_2024;Hu_Zhang_2023_NSCLC,1.0,0.6592203142745273,III-IV,1,0.37332717258626225,4,1,0.37332717258626225,0.2858931416882651
ALCAM_CD6,myeloid dividing,T cell CD8 effector memory,3,2.0,1.3359203611655888,True,True,Deng_Liu_LUAD_2024;Hu_Zhang_2023_NSCLC,0.6666666666666666,0.4453067870551963,III-IV,1,0.1595531753759602,4,1,0.1595531753759602,0.2857536116792361
CCL3_CCR5,T cell CD8 dividing,T cell CD8 effector memory,4,2.0,1.1428324768983364,True,False,Deng_Liu_LUAD_2024;Hu_Zhang_2023_NSCLC,0.5,0.2857081192245841,III-IV,1,0.0,4,1,0.0,0.2857081192245841
FN1_integrin_aVb5_complex,Fibroblast peribronchial,Macrophage alveolar,4,2.0,1.861980956883953,True,False,Deng_Liu_LUAD_2024;Hu_Zhang_2023_NSCLC,0.5,0.46549523922098823,III-IV,1,0.17979011143568108,5,1,0.17979011143568108,0.28570512778530716
FN1_integrin_a8b1_complex,Fibroblast peribronchial,Fibroblast peribronchial,4,2.0,1.8624921070730678,True,False,Deng_Liu_LUAD_2024;Hu_Zhang_2023_NSCLC,0.5,0.46562302676826695,III-IV,1,0.17993075841177106,5,1,0.17993075841177106,0.28569226835649586
CD55_ADGRE5,B cell,myeloid dividing,3,2.0,1.2164391971178026,True,True,Deng_Liu_LUAD_2024;Hu_Zhang_2023_NSCLC,0.6666666666666666,0.4054797323726009,III-IV,1,0.11987449962133506,4,1,0.11987449962133506,0.2856052327512658
CD274_CD80,cDC2,DC mature,3,2.0,0.8566965212936315,False,True,Deng_Liu_LUAD_2024;Hu_Zhang_2023_NSCLC,0.6666666666666666,0.28556550709787715,III-IV,1,0.0,1,1,0.0,0.28556550709787715
SEMA7A_PLXNC1,DC mature,Macrophage,3,2.0,0.8564315802582105,True,True,Deng_Liu_LUAD_2024;Hu_Zhang_2023_NSCLC,0.6666666666666666,0.28547719341940353,III-IV,1,0.0,1,1,0.0,0.28547719341940353
ICAM1_SPN,myeloid dividing,DC mature,3,2.0,0.8563711285119104,True,False,Deng_Liu_LUAD_2024;Hu_Zhang_2023_NSCLC,0.6666666666666666,0.2854570428373035,III-IV,1,0.0,1,1,0.0,0.2854570428373035
THY1_ADGRE5,Fibroblast peribronchial,T cell CD8 effector memory,4,2.0,1.8097298208877515,True,False,Deng_Liu_LUAD_2024;Hu_Zhang_2023_NSCLC,0.5,0.45243245522193787,III-IV,1,0.16711024559125826,5,1,0.16711024559125826,0.2853222096306796
IGFBP3_TMEM219,Fibroblast peribronchial,T cell CD4,4,2.0,1.1412041127576473,True,False,Deng_Liu_LUAD_2024;Hu_Zhang_2023_NSCLC,0.5,0.28530102818941183,III-IV,1,0.0,5,1,0.0,0.28530102818941183
HLA-F_LILRB2,pDC,Monocyte classical,4,2.0,1.1401984136921826,False,True,Deng_Liu_LUAD_2024;Hu_Zhang_2023_NSCLC,0.5,0.28504960342304564,III-IV,1,0.0,3,1,0.0,0.28504960342304564
ICAM1_integrin_aMb2_complex,Monocyte classical,Neutrophils,4,2.0,1.1401049910134313,True,False,Deng_Liu_LUAD_2024;Hu_Zhang_2023_NSCLC,0.5,0.28502624775335783,III-IV,1,0.0,3,1,0.0,0.28502624775335783
COL4A2_integrin_a1b1_complex,Fibroblast peribronchial,T cell CD8 activated,4,2.0,1.139652841970472,True,False,Deng_Liu_LUAD_2024;Hu_Zhang_2023_NSCLC,0.5,0.284913210492618,III-IV,1,0.0,3,1,0.0,0.284913210492618
CD86_CTLA4,myeloid dividing,T cell CD8 dividing,3,3.0,1.889705015417309,True,True,Chen_Zhang_2020;Deng_Liu_LUAD_2024;Hu_Zhang_2023_NSCLC,1.0,0.6299016718057696,III-IV,1,0.3451712242565182,4,1,0.3451712242565182,0.2847304475492514
ICAM1_integrin_aMb2_complex,Macrophage,myeloid dividing,3,2.0,1.2490823342308048,True,False,Deng_Liu_LUAD_2024;Hu_Zhang_2023_NSCLC,0.6666666666666666,0.41636077807693495,III-IV,1,0.13168073136427566,4,1,0.13168073136427566,0.2846800467126593
HLA-E_KLRC2,cDC2,T cell CD8 terminally exhausted,4,2.0,1.1380926154883668,True,True,Chen_Zhang_2020;Lambrechts_Thienpont_2018_6653,0.5,0.2845231538720917,III-IV,1,0.0,4,1,0.0,0.2845231538720917
TGFB1_TGFbeta_receptor1,myeloid dividing,pDC,3,2.0,0.8532596466068075,True,False,Deng_Liu_LUAD_2024;Hu_Zhang_2023_NSCLC,0.6666666666666666,0.28441988220226916,III-IV,1,0.0,2,1,0.0,0.28441988220226916
FN1_integrin_aVb5_complex,Fibroblast peribronchial,Macrophage,4,2.0,1.8695337432662185,True,False,Deng_Liu_LUAD_2024;Hu_Zhang_2023_NSCLC,0.5,0.4673834358165546,III-IV,1,0.1830574488802337,5,1,0.1830574488802337,0.28432598693632094
CD99_PILRA,myeloid dividing,Macrophage alveolar,3,3.0,1.7051942753060958,True,True,Chen_Zhang_2020;Deng_Liu_LUAD_2024;Hu_Zhang_2023_NSCLC,1.0,0.5683980917686986,III-IV,1,0.28413555116096556,4,1,0.28413555116096556,0.28426254060773304
CD274_CD80,Monocyte classical,DC mature,3,2.0,0.852197137405822,False,True,Deng_Liu_LUAD_2024;Hu_Zhang_2023_NSCLC,0.6666666666666666,0.28406571246860735,III-IV,1,0.0,1,1,0.0,0.28406571246860735
CD55_ADGRE5,cDC1,Fibroblast peribronchial,3,2.0,0.8516614478975958,True,False,Deng_Liu_LUAD_2024;Hu_Zhang_2023_NSCLC,0.6666666666666666,0.2838871492991986,III-IV,1,0.0,1,1,0.0,0.2838871492991986
CCL4_CCR5,Macrophage,Macrophage alveolar,4,2.0,1.135272044644476,True,False,Deng_Liu_LUAD_2024;Hu_Zhang_2023_NSCLC,0.5,0.283818011161119,III-IV,1,0.0,5,1,0.0,0.283818011161119
ICAM1_integrin_aXb2_complex,pDC,myeloid dividing,3,2.0,0.8506917217009923,False,False,Deng_Liu_LUAD_2024;Hu_Zhang_2023_NSCLC,0.6666666666666666,0.2835639072336641,III-IV,1,0.0,2,1,0.0,0.2835639072336641
CD47_SIRPG,DC mature,T cell CD8 terminally exhausted,3,2.0,0.8506213877412079,False,True,Deng_Liu_LUAD_2024;Hu_Zhang_2023_NSCLC,0.6666666666666666,0.2835404625804026,III-IV,1,0.0,1,1,0.0,0.2835404625804026
PVR_CD96,Macrophage alveolar,T cell CD8 activated,4,2.0,1.1341041906448017,False,True,Deng_Liu_LUAD_2024;Hu_Zhang_2023_NSCLC,0.5,0.28352604766120043,III-IV,1,0.0,3,1,0.0,0.28352604766120043
FBN1_integrin_a5b1_complex,Fibroblast peribronchial,Monocyte classical,4,2.0,1.4894217805073149,True,False,Deng_Liu_LUAD_2024;Hu_Zhang_2023_NSCLC,0.5,0.3723554451268287,III-IV,1,0.08885643189440658,5,1,0.08885643189440658,0.28349901323242216
CXCL9_CXCR3,DC mature,T cell CD8 dividing,3,2.0,0.8502548241067743,True,True,Deng_Liu_LUAD_2024;Hu_Zhang_2023_NSCLC,0.6666666666666666,0.2834182747022581,III-IV,1,0.0,1,1,0.0,0.2834182747022581
HLA-F_VSIR,Monocyte classical,myeloid dividing,3,2.0,0.8498624216572668,False,True,Deng_Liu_LUAD_2024;Hu_Zhang_2023_NSCLC,0.6666666666666666,0.2832874738857556,III-IV,1,0.0,4,1,0.0,0.2832874738857556
PLAUR_integrin_a4b1_complex,Macrophage alveolar,Fibroblast peribronchial,4,2.0,1.1330452223184744,True,False,Deng_Liu_LUAD_2024;Hu_Zhang_2023_NSCLC,0.5,0.2832613055796186,III-IV,1,0.0,5,1,0.0,0.2832613055796186
IL1B_IL1_receptor,cDC2,Macrophage alveolar,4,2.0,1.132988578397554,True,False,Deng_Liu_LUAD_2024;Hu_Zhang_2023_NSCLC,0.5,0.2832471445993885,III-IV,1,0.0,5,1,0.0,0.2832471445993885
Cholesterol_byLIPA_RORA,Macrophage alveolar,T cell CD4,4,2.0,1.6803652848901116,False,True,Deng_Liu_LUAD_2024;Hu_Zhang_2023_NSCLC,0.5,0.4200913212225279,III-IV,1,0.137022611706156,5,1,0.137022611706156,0.28306870951637186
ICAM1_integrin_aLb2_complex,myeloid dividing,cDC2,3,2.0,0.8909512499831519,True,False,Deng_Liu_LUAD_2024;Hu_Zhang_2023_NSCLC,0.6666666666666666,0.296983749994384,III-IV,1,0.013956507627393703,4,1,0.013956507627393703,0.2830272423669903
CD274_CD80,Mast cell,DC mature,3,2.0,0.8490585524473246,False,True,Deng_Liu_LUAD_2024;Hu_Zhang_2023_NSCLC,0.6666666666666666,0.28301951748244153,III-IV,1,0.0,1,1,0.0,0.28301951748244153
IGFBP3_TMEM219,Fibroblast peribronchial,B cell,4,2.0,1.131470394389369,True,False,Deng_Liu_LUAD_2024;Hu_Zhang_2023_NSCLC,0.5,0.28286759859734223,III-IV,1,0.0,5,1,0.0,0.28286759859734223
ANXA1_FPR3,Pericyte,Macrophage,2,2.0,1.3636987948474442,False,True,Deng_Liu_LUAD_2024;Hu_Zhang_2023_NSCLC,1.0,0.6818493974237221,III-IV,1,0.39916817192681964,3,1,0.39916817192681964,0.28268122549690244
integrin_aVb1_complex_ADGRE5,Pericyte,cDC1,2,2.0,1.1050947867465677,False,False,Deng_Liu_LUAD_2024;Hu_Zhang_2023_NSCLC,1.0,0.5525473933732838,III-IV,1,0.26998809910202315,1,1,0.26998809910202315,0.2825592942712607
OSM_OSMR,Macrophage alveolar,Pericyte,2,2.0,0.6497729639522439,False,False,Deng_Liu_LUAD_2024;Hu_Zhang_2023_NSCLC,1.0,0.32488648197612197,III-IV,1,0.042410472790219624,3,1,0.042410472790219624,0.2824760091859023
CD47_SIRPG,pDC,T cell regulatory,4,2.0,1.129778773001406,True,True,Deng_Liu_LUAD_2024;Hu_Zhang_2023_NSCLC,0.5,0.2824446932503515,III-IV,1,0.0,3,1,0.0,0.2824446932503515
VCAM1_integrin_a4b1_complex,Fibroblast peribronchial,NK cell,4,2.0,1.3027070878277343,True,False,Deng_Liu_LUAD_2024;Hu_Zhang_2023_NSCLC,0.5,0.32567677195693356,III-IV,1,0.043470734609975116,5,1,0.043470734609975116,0.2822060373469584
VCAM1_integrin_a4b1_complex,Fibroblast peribronchial,T cell CD4,4,2.0,1.2459116597809163,True,False,Deng_Liu_LUAD_2024;Hu_Zhang_2023_NSCLC,0.5,0.3114779149452291,III-IV,1,0.029395218002812938,5,1,0.029395218002812938,0.28208269694241617
ICAM1_integrin_aMb2_complex,DC mature,cDC2,3,2.0,0.8462019077446917,True,False,Deng_Liu_LUAD_2024;Hu_Zhang_2023_NSCLC,0.6666666666666666,0.28206730258156393,III-IV,1,0.0,1,1,0.0,0.28206730258156393
PLAUR_integrin_a4b1_complex,cDC2,Fibroblast peribronchial,4,2.0,1.1273576609185494,True,False,Deng_Liu_LUAD_2024;Hu_Zhang_2023_NSCLC,0.5,0.28183941522963735,III-IV,1,0.0,5,1,0.0,0.28183941522963735
CD47_SIRPA,Plasma cell,myeloid dividing,3,2.0,0.845277250888689,False,True,Deng_Liu_LUAD_2024;Hu_Zhang_2023_NSCLC,0.6666666666666666,0.281759083629563,III-IV,1,0.0,4,1,0.0,0.281759083629563
COL9A2_integrin_a1b1_complex,DC mature,T cell CD8 dividing,3,2.0,0.8452453628695402,False,False,Deng_Liu_LUAD_2024;Hu_Zhang_2023_NSCLC,0.6666666666666666,0.28174845428984674,III-IV,1,0.0,1,1,0.0,0.28174845428984674
VEGFB_NRP1,pDC,Monocyte classical,4,2.0,1.126739181429159,True,False,Deng_Liu_LUAD_2024;Hu_Zhang_2023_NSCLC,0.5,0.28168479535728974,III-IV,1,0.0,3,1,0.0,0.28168479535728974
GAS6_AXL,Plasma cell,myeloid dividing,3,3.0,0.8450291894576915,False,True,Chen_Zhang_2020;Deng_Liu_LUAD_2024;Hu_Zhang_2023_NSCLC,1.0,0.28167639648589715,III-IV,1,0.0,4,1,0.0,0.28167639648589715
ICAM1_integrin_aMb2_complex,DC mature,Mast cell,3,2.0,0.8447960092539424,True,False,Deng_Liu_LUAD_2024;Hu_Zhang_2023_NSCLC,0.6666666666666666,0.28159866975131415,III-IV,1,0.0,1,1,0.0,0.28159866975131415
ICAM1_integrin_aXb2_complex,DC mature,Mast cell,3,2.0,0.8447960092539424,True,False,Deng_Liu_LUAD_2024;Hu_Zhang_2023_NSCLC,0.6666666666666666,0.28159866975131415,III-IV,1,0.0,1,1,0.0,0.28159866975131415
ICAM1_integrin_aXb2_complex,pDC,cDC1,3,2.0,0.8441447703779552,False,False,Deng_Liu_LUAD_2024;Hu_Zhang_2023_NSCLC,0.6666666666666666,0.28138159012598507,III-IV,1,0.0,1,1,0.0,0.28138159012598507
KLRB1_CLEC2D,NK cell,pDC,4,2.0,1.1246704594084909,True,False,Deng_Liu_LUAD_2024;Hu_Zhang_2023_NSCLC,0.5,0.2811676148521227,III-IV,1,0.0,3,1,0.0,0.2811676148521227
ANXA1_FPR3,T cell CD8 effector memory,cDC2,6,6.0,3.499894289000495,False,True,Chen_Zhang_2020;Deng_Liu_LUAD_2024;Hu_Zhang_2023_NSCLC;Lambrechts_Thienpont_2018_6653;Maynard_Bivona_2020;Zilionis_Klein_2019,1.0,0.5833157148334158,III-IV,1,0.30228314163782954,5,1,0.30228314163782954,0.2810325731955863
TGFB1_TGFbeta_receptor1,Pericyte,myeloid dividing,2,2.0,0.5776858632306892,False,False,Deng_Liu_LUAD_2024;Hu_Zhang_2023_NSCLC,1.0,0.2888429316153446,III-IV,1,0.007825742002957192,3,1,0.007825742002957192,0.28101718961238736
CD47_SIRPA,myeloid dividing,Macrophage,3,2.0,1.392119441448832,True,True,Deng_Liu_LUAD_2024;Hu_Zhang_2023_NSCLC,0.6666666666666666,0.46403981381627735,III-IV,1,0.1830574488802337,4,1,0.1830574488802337,0.28098236493604367
COL6A3_integrin_a1b1_complex,Fibroblast peribronchial,T cell CD8 effector memory,4,2.0,1.8574075319471008,True,False,Deng_Liu_LUAD_2024;Hu_Zhang_2023_NSCLC,0.5,0.4643518829867752,III-IV,1,0.18340365682137832,5,1,0.18340365682137832,0.2809482261653969
CXCL9_CXCR3,DC mature,T cell CD4 dividing,3,2.0,0.842751171767598,True,True,Deng_Liu_LUAD_2024;Hu_Zhang_2023_NSCLC,0.6666666666666666,0.28091705725586597,III-IV,1,0.0,1,1,0.0,0.28091705725586597
ANXA1_FPR2,cDC2,Monocyte classical,6,5.0,2.622116511364754,True,True,Chen_Zhang_2020;Deng_Liu_LUAD_2024;Hu_Zhang_2023_NSCLC;Lambrechts_Thienpont_2018_6653;Maynard_Bivona_2020,0.8333333333333334,0.43701941856079235,III-IV,1,0.15628554290579263,5,1,0.15628554290579263,0.28073387565499974
COL12A1_integrin_a1b1_complex,Pericyte,T cell CD4 dividing,2,2.0,0.5609081615176372,True,False,Deng_Liu_LUAD_2024;Hu_Zhang_2023_NSCLC,1.0,0.2804540807588186,III-IV,1,0.0,2,1,0.0,0.2804540807588186
IGFBP3_TMEM219,Fibroblast peribronchial,NK cell,4,2.0,1.1213321650898207,True,False,Deng_Liu_LUAD_2024;Hu_Zhang_2023_NSCLC,0.5,0.2803330412724552,III-IV,1,0.0,5,1,0.0,0.2803330412724552
CD47_SIRPA,DC mature,cDC2,3,2.0,0.8406851041437219,False,True,Deng_Liu_LUAD_2024;Hu_Zhang_2023_NSCLC,0.6666666666666666,0.2802283680479073,III-IV,1,0.0,1,1,0.0,0.2802283680479073
COL5A2_integrin_a11b1_complex,Fibroblast peribronchial,Fibroblast peribronchial,4,2.0,1.8323543830659035,True,False,Deng_Liu_LUAD_2024;Hu_Zhang_2023_NSCLC,0.5,0.45808859576647587,III-IV,1,0.17788596775938548,5,1,0.17788596775938548,0.2802026280070904
ICAM1_SPN,myeloid dividing,myeloid dividing,3,2.0,1.1563593685771278,True,True,Deng_Liu_LUAD_2024;Hu_Zhang_2023_NSCLC,0.6666666666666666,0.3854531228590426,III-IV,1,0.10526885210429514,4,1,0.10526885210429514,0.28018427075474744
ProstaglandinE2_byPTGES2_PTGER4,DC mature,Monocyte classical,3,3.0,0.8402717879265951,False,False,Chen_Zhang_2020;Deng_Liu_LUAD_2024;Hu_Zhang_2023_NSCLC,1.0,0.2800905959755317,III-IV,1,0.0,1,1,0.0,0.2800905959755317
FN1_integrin_a11b1_complex,Macrophage,Fibroblast peribronchial,4,2.0,1.3110724873152573,True,False,Deng_Liu_LUAD_2024;Hu_Zhang_2023_NSCLC,0.5,0.3277681218288143,III-IV,1,0.04769014389267554,5,1,0.04769014389267554,0.28007797793613876
PECAM1_CD38,cDC1,Plasma cell,3,2.0,0.8399048726646068,False,True,Deng_Liu_LUAD_2024;Hu_Zhang_2023_NSCLC,0.6666666666666666,0.27996829088820224,III-IV,1,0.0,1,1,0.0,0.27996829088820224
FN1_integrin_a2b1_complex,Fibroblast peribronchial,Fibroblast peribronchial,4,2.0,1.8556943076979582,True,False,Deng_Liu_LUAD_2024;Hu_Zhang_2023_NSCLC,0.5,0.46392357692448954,III-IV,1,0.18397706372389916,5,1,0.18397706372389916,0.2799465132005904
SEMA7A_PLXNC1,pDC,Monocyte classical,4,2.0,1.118278440239777,True,True,Deng_Liu_LUAD_2024;Hu_Zhang_2023_NSCLC,0.5,0.27956961005994424,III-IV,1,0.0,3,1,0.0,0.27956961005994424
CD99_PILRA,DC mature,Macrophage,3,3.0,0.8386767847686184,False,True,Chen_Zhang_2020;Deng_Liu_LUAD_2024;Hu_Zhang_2023_NSCLC,1.0,0.27955892825620615,III-IV,1,0.0,1,1,0.0,0.27955892825620615
COL6A2_integrin_a1b1_complex,Fibroblast peribronchial,Fibroblast peribronchial,4,2.0,1.7652649977498571,True,False,Deng_Liu_LUAD_2024;Hu_Zhang_2023_NSCLC,0.5,0.4413162494374643,III-IV,1,0.1618413934869631,5,1,0.1618413934869631,0.27947485595050114
ANXA1_FPR2,Mast cell,myeloid dividing,3,2.0,1.3858920765099887,True,False,Chen_Zhang_2020;Hu_Zhang_2023_NSCLC,0.6666666666666666,0.46196402550332955,III-IV,1,0.1825029752244942,4,1,0.1825029752244942,0.27946105027883533
AREG_EGFR,Mast cell,Pericyte,2,2.0,1.358314026080461,True,True,Deng_Liu_LUAD_2024;Hu_Zhang_2023_NSCLC,1.0,0.6791570130402305,III-IV,1,0.39978031777119677,3,1,0.39978031777119677,0.2793766952690337
VCAM1_integrin_a4b1_complex,Fibroblast peribronchial,T cell regulatory,4,2.0,1.283837389013223,True,False,Deng_Liu_LUAD_2024;Hu_Zhang_2023_NSCLC,0.5,0.32095934725330577,III-IV,1,0.041761332900573406,5,1,0.041761332900573406,0.2791980143527324
COL6A2_integrin_a1b1_complex,Fibroblast peribronchial,NK cell,4,2.0,1.7123048809330277,True,False,Deng_Liu_LUAD_2024;Hu_Zhang_2023_NSCLC,0.5,0.4280762202332569,III-IV,1,0.148988423671968,5,1,0.148988423671968,0.2790877965612889
CCL17_CCR4,DC mature,T cell regulatory,3,2.0,0.8371789834472219,True,False,Deng_Liu_LUAD_2024;Hu_Zhang_2023_NSCLC,0.6666666666666666,0.27905966114907393,III-IV,1,0.0,1,1,0.0,0.27905966114907393
PVR_CD96,Macrophage,T cell CD8 activated,4,2.0,1.1158897450407053,False,True,Deng_Liu_LUAD_2024;Hu_Zhang_2023_NSCLC,0.5,0.2789724362601763,III-IV,1,0.0,3,1,0.0,0.2789724362601763
COL11A1_integrin_a1b1_complex,Fibroblast peribronchial,T cell CD8 activated,4,2.0,1.115769425817608,True,False,Deng_Liu_LUAD_2024;Hu_Zhang_2023_NSCLC,0.5,0.278942356454402,III-IV,1,0.0,3,1,0.0,0.278942356454402
THY1_ADGRE5,Fibroblast peribronchial,T cell CD4,4,2.0,1.7342785467380042,True,False,Deng_Liu_LUAD_2024;Hu_Zhang_2023_NSCLC,0.5,0.43356963668450105,III-IV,1,0.15465757870821162,5,1,0.15465757870821162,0.27891205797628943
TNF_TNFRSF1B,T cell CD8 effector memory,DC mature,3,2.0,0.8365924020505926,False,True,Deng_Liu_LUAD_2024;Hu_Zhang_2023_NSCLC,0.6666666666666666,0.2788641340168642,III-IV,1,0.0,1,1,0.0,0.2788641340168642
CXCL9_CXCR3,myeloid dividing,pDC,3,2.0,0.8365789537784196,False,True,Deng_Liu_LUAD_2024;Hu_Zhang_2023_NSCLC,0.6666666666666666,0.2788596512594732,III-IV,1,0.0,2,1,0.0,0.2788596512594732
SEMA7A_PLXNC1,DC mature,myeloid dividing,3,2.0,0.8365651126353739,True,True,Deng_Liu_LUAD_2024;Hu_Zhang_2023_NSCLC,0.6666666666666666,0.27885503754512464,III-IV,1,0.0,1,1,0.0,0.27885503754512464
ICOSLG_ICOS,myeloid dividing,T cell regulatory,3,2.0,1.014987822312523,False,True,Deng_Liu_LUAD_2024;Hu_Zhang_2023_NSCLC,0.6666666666666666,0.33832927410417435,III-IV,1,0.059612679865844426,4,1,0.059612679865844426,0.27871659423832995
ICAM1_ITGAL,myeloid dividing,Plasma cell,3,2.0,0.8359016846887282,True,False,Deng_Liu_LUAD_2024;Hu_Zhang_2023_NSCLC,0.6666666666666666,0.27863389489624274,III-IV,1,0.0,4,1,0.0,0.27863389489624274
ICAM1_SPN,cDC2,DC mature,3,2.0,0.8356473209460274,True,False,Deng_Liu_LUAD_2024;Hu_Zhang_2023_NSCLC,0.6666666666666666,0.27854910698200913,III-IV,1,0.0,1,1,0.0,0.27854910698200913
COL8A1_integrin_a1b1_complex,Fibroblast peribronchial,T cell CD8 effector memory,4,2.0,1.5928910186877794,True,False,Deng_Liu_LUAD_2024;Hu_Zhang_2023_NSCLC,0.5,0.39822275467194485,III-IV,1,0.11970139565076274,5,1,0.11970139565076274,0.27852135902118214
IL1RN_IL1_receptor,cDC2,Pericyte,2,2.0,0.5570055484851111,True,False,Deng_Liu_LUAD_2024;Hu_Zhang_2023_NSCLC,1.0,0.27850277424255554,III-IV,1,0.0,3,1,0.0,0.27850277424255554
TNFSF10_TNFRSF10B,Mast cell,myeloid dividing,3,2.0,1.106264595026992,True,True,Deng_Liu_LUAD_2024;Hu_Zhang_2023_NSCLC,0.6666666666666666,0.36875486500899735,III-IV,1,0.09036568213783404,4,1,0.09036568213783404,0.2783891828711633
ICAM1_integrin_aXb2_complex,Neutrophils,Neutrophils,4,2.0,1.1133916141708167,False,False,Deng_Liu_LUAD_2024;Maynard_Bivona_2020,0.5,0.27834790354270417,III-IV,1,0.0,3,1,0.0,0.27834790354270417
CD58_CD2,Macrophage alveolar,T cell CD4,4,2.0,1.6385265416207706,True,True,Deng_Liu_LUAD_2024;Hu_Zhang_2023_NSCLC,0.5,0.40963163540519265,III-IV,1,0.13133181867359084,5,1,0.13133181867359084,0.2782998167316018
CXCL10_CXCR3,myeloid dividing,pDC,3,2.0,0.8346433243210098,False,True,Deng_Liu_LUAD_2024;Hu_Zhang_2023_NSCLC,0.6666666666666666,0.27821444144033664,III-IV,1,0.0,2,1,0.0,0.27821444144033664
FN1_integrin_a4b7_complex,Macrophage alveolar,T cell CD8 terminally exhausted,3,2.0,1.4576885625557914,True,False,Deng_Liu_LUAD_2024;Hu_Zhang_2023_NSCLC,0.6666666666666666,0.48589618751859714,III-IV,1,0.20771124093908905,4,1,0.20771124093908905,0.2781849465795081
ICAM1_ITGAL,DC mature,cDC2,3,2.0,0.8345170918876013,True,False,Deng_Liu_LUAD_2024;Hu_Zhang_2023_NSCLC,0.6666666666666666,0.27817236396253375,III-IV,1,0.0,1,1,0.0,0.27817236396253375
ICAM1_integrin_aLb2_complex,DC mature,cDC2,3,2.0,0.8345170918876013,True,False,Deng_Liu_LUAD_2024;Hu_Zhang_2023_NSCLC,0.6666666666666666,0.27817236396253375,III-IV,1,0.0,1,1,0.0,0.27817236396253375
CD93_IFNGR1,Monocyte classical,Neutrophils,4,2.0,1.1126825638205133,True,False,Deng_Liu_LUAD_2024;Hu_Zhang_2023_NSCLC,0.5,0.27817064095512833,III-IV,1,0.0,3,1,0.0,0.27817064095512833
SEMA7A_PLXNC1,B cell,DC mature,3,2.0,0.8345105742605632,False,True,Deng_Liu_LUAD_2024;Hu_Zhang_2023_NSCLC,0.6666666666666666,0.27817019142018773,III-IV,1,0.0,1,1,0.0,0.27817019142018773
APP_TNFRSF21,DC mature,pDC,3,2.0,0.8343758548089479,False,True,Deng_Liu_LUAD_2024;Hu_Zhang_2023_NSCLC,0.6666666666666666,0.278125284936316,III-IV,1,0.0,1,1,0.0,0.278125284936316
COL12A1_integrin_a1b1_complex,Fibroblast peribronchial,Fibroblast peribronchial,4,2.0,1.4694255043187692,True,False,Deng_Liu_LUAD_2024;Hu_Zhang_2023_NSCLC,0.5,0.3673563760796923,III-IV,1,0.08937574380612355,5,1,0.08937574380612355,0.27798063227356873
Cholesterol_byLIPA_RORA,Macrophage alveolar,T cell regulatory,4,2.0,1.6884432036351074,False,True,Deng_Liu_LUAD_2024;Hu_Zhang_2023_NSCLC,0.5,0.42211080090877684,III-IV,1,0.14419560748674673,5,1,0.14419560748674673,0.2779151934220301
THBS1_CD36,Fibroblast peribronchial,Pericyte,2,2.0,0.9117491993341986,True,False,Deng_Liu_LUAD_2024;Hu_Zhang_2023_NSCLC,1.0,0.4558745996670993,III-IV,1,0.17799785867237686,3,1,0.17799785867237686,0.2778767409947225
LGALS9_P4HB,T cell CD4 dividing,Plasma cell,3,2.0,0.833568394356287,False,True,Deng_Liu_LUAD_2024;Hu_Zhang_2023_NSCLC,0.6666666666666666,0.2778561314520957,III-IV,1,0.0,2,1,0.0,0.2778561314520957
ICAM1_SPN,Monocyte classical,myeloid dividing,3,2.0,1.2938024529205205,True,True,Deng_Liu_LUAD_2024;Hu_Zhang_2023_NSCLC,0.6666666666666666,0.4312674843068402,III-IV,1,0.153426917667424,4,1,0.153426917667424,0.2778405666394162
ICAM1_integrin_aMb2_complex,cDC1,NK cell,3,2.0,0.8333953951786363,True,False,Deng_Liu_LUAD_2024;Hu_Zhang_2023_NSCLC,0.6666666666666666,0.2777984650595454,III-IV,1,0.0,1,1,0.0,0.2777984650595454
CD47_SIRPG,DC mature,T cell CD8 dividing,3,2.0,0.8332716710746444,False,True,Deng_Liu_LUAD_2024;Hu_Zhang_2023_NSCLC,0.6666666666666666,0.27775722369154815,III-IV,1,0.0,1,1,0.0,0.27775722369154815
SELPLG_SELL,DC mature,T cell CD4,3,2.0,0.8332636323321768,True,False,Deng_Liu_LUAD_2024;Hu_Zhang_2023_NSCLC,0.6666666666666666,0.2777545441107256,III-IV,1,0.0,1,1,0.0,0.2777545441107256
VEGFB_NRP1,Pericyte,Macrophage,2,2.0,0.6457793056134257,False,True,Deng_Liu_LUAD_2024;Hu_Zhang_2023_NSCLC,1.0,0.32288965280671283,III-IV,1,0.045259475639222474,3,1,0.045259475639222474,0.2776301771674904
ProstaglandinE2_byPTGES2_PTGER4,DC mature,cDC1,3,3.0,0.8326416697906618,False,False,Chen_Zhang_2020;Deng_Liu_LUAD_2024;Hu_Zhang_2023_NSCLC,1.0,0.2775472232635539,III-IV,1,0.0,1,1,0.0,0.2775472232635539
GAS6_AXL,DC mature,Fibroblast peribronchial,3,3.0,0.8320113326264548,False,True,Chen_Zhang_2020;Deng_Liu_LUAD_2024;Hu_Zhang_2023_NSCLC,1.0,0.2773371108754849,III-IV,1,0.0,1,1,0.0,0.2773371108754849
IGFBP3_TMEM219,Fibroblast peribronchial,Plasma cell,4,2.0,1.1092116403247418,True,False,Deng_Liu_LUAD_2024;Hu_Zhang_2023_NSCLC,0.5,0.27730291008118546,III-IV,1,0.0,5,1,0.0,0.27730291008118546
ALCAM_CD6,myeloid dividing,T cell CD8 terminally exhausted,3,2.0,1.3010737573962725,True,True,Deng_Liu_LUAD_2024;Hu_Zhang_2023_NSCLC,0.6666666666666666,0.43369125246542417,III-IV,1,0.15641566590933678,4,1,0.15641566590933678,0.2772755865560874
FN1_integrin_aVb1_complex,myeloid dividing,Fibroblast peribronchial,3,2.0,1.4698300303604566,True,False,Deng_Liu_LUAD_2024;Hu_Zhang_2023_NSCLC,0.6666666666666666,0.4899433434534855,III-IV,1,0.21268798009304338,4,1,0.21268798009304338,0.2772553633604421
ICAM1_integrin_aLb2_complex,myeloid dividing,Plasma cell,3,2.0,0.83176480476967,True,False,Deng_Liu_LUAD_2024;Hu_Zhang_2023_NSCLC,0.6666666666666666,0.27725493492322334,III-IV,1,0.0,4,1,0.0,0.27725493492322334
HLA-F_VSIR,Neutrophils,myeloid dividing,2,2.0,0.554470861462468,False,True,Deng_Liu_LUAD_2024;Hu_Zhang_2023_NSCLC,1.0,0.277235430731234,III-IV,1,0.0,2,1,0.0,0.277235430731234
KLRB1_CLEC2D,NK cell,T cell CD8 terminally exhausted,4,2.0,1.7087672650882513,True,True,Deng_Liu_LUAD_2024;Hu_Zhang_2023_NSCLC,0.5,0.4271918162720628,III-IV,1,0.1501812182191929,4,1,0.1501812182191929,0.2770105980528699
COL6A3_integrin_a1b1_complex,Fibroblast peribronchial,Fibroblast peribronchial,4,2.0,1.8559355757449099,True,False,Deng_Liu_LUAD_2024;Hu_Zhang_2023_NSCLC,0.5,0.46398389393622747,III-IV,1,0.18703884020339717,5,1,0.18703884020339717,0.2769450537328303
PTPRC_CD22,T cell CD8 activated,B cell,4,3.0,2.2960320429972008,True,True,Deng_Liu_LUAD_2024;Hu_Zhang_2023_NSCLC;Zilionis_Klein_2019,0.75,0.5740080107493002,III-IV,1,0.29716181614915793,3,1,0.29716181614915793,0.27684619460014226
SEMA7A_integrin_a1b1_complex,DC mature,T cell CD8 effector memory,3,2.0,0.8302989582132265,True,False,Deng_Liu_LUAD_2024;Hu_Zhang_2023_NSCLC,0.6666666666666666,0.2767663194044088,III-IV,1,0.0,1,1,0.0,0.2767663194044088
CD248_IL6R,Pericyte,Mast cell,2,2.0,0.9239038182394795,True,False,Deng_Liu_LUAD_2024;Hu_Zhang_2023_NSCLC,1.0,0.46195190911973977,III-IV,1,0.1852753435031916,3,1,0.1852753435031916,0.2766765656165482
ICAM1_integrin_aMb2_complex,Neutrophils,cDC2,4,2.0,1.1066798192447456,False,False,Deng_Liu_LUAD_2024;Hu_Zhang_2023_NSCLC,0.5,0.2766699548111864,III-IV,1,0.0,3,1,0.0,0.2766699548111864
LTC4_byLTC4S_CYSLTR1,Mast cell,pDC,4,2.0,1.1065895798274226,False,True,Deng_Liu_LUAD_2024;Hu_Zhang_2023_NSCLC,0.5,0.27664739495685564,III-IV,1,0.0,3,1,0.0,0.27664739495685564
ICAM1_SPN,cDC2,T cell CD8 activated,4,2.0,1.1062559921622463,True,False,Deng_Liu_LUAD_2024;Hu_Zhang_2023_NSCLC,0.5,0.2765639980405616,III-IV,1,0.0,3,1,0.0,0.2765639980405616
CD80_NGFR,DC mature,DC mature,3,2.0,0.8292803195930003,True,False,Deng_Liu_LUAD_2024;Hu_Zhang_2023_NSCLC,0.6666666666666666,0.2764267731976668,III-IV,1,0.0,1,1,0.0,0.2764267731976668
VCAM1_integrin_a4b7_complex,Fibroblast peribronchial,T cell CD8 terminally exhausted,3,2.0,0.9663351669254947,True,False,Deng_Liu_LUAD_2024;Hu_Zhang_2023_NSCLC,0.6666666666666666,0.3221117223084982,III-IV,1,0.04572379097695553,4,1,0.04572379097695553,0.2763879313315427
FN1_integrin_a5b1_complex,Macrophage alveolar,myeloid dividing,3,2.0,1.47161204730673,True,False,Deng_Liu_LUAD_2024;Hu_Zhang_2023_NSCLC,0.6666666666666666,0.49053734910224334,III-IV,1,0.21424321107865413,4,1,0.21424321107865413,0.2762941380235892
CD274_CD80,myeloid dividing,DC mature,3,2.0,0.8287660717681601,False,True,Deng_Liu_LUAD_2024;Hu_Zhang_2023_NSCLC,0.6666666666666666,0.2762553572560534,III-IV,1,0.0,1,1,0.0,0.2762553572560534
PPIA_BSG,cDC2,Fibroblast peribronchial,4,2.0,1.8135342010917417,True,True,Deng_Liu_LUAD_2024;Hu_Zhang_2023_NSCLC,0.5,0.4533835502729354,III-IV,1,0.17713945688629235,5,1,0.17713945688629235,0.2762440933866431
KLRB1_CLEC2D,NK cell,T cell CD4 dividing,3,2.0,1.6835420286912992,True,True,Deng_Liu_LUAD_2024;Hu_Zhang_2023_NSCLC,0.6666666666666666,0.5611806762304331,III-IV,1,0.2851346965271016,2,1,0.2851346965271016,0.2760459797033315
ICAM3_integrin_aLb2_complex,B cell,T cell CD4 dividing,3,2.0,0.8278536996821313,False,False,Deng_Liu_LUAD_2024;Hu_Zhang_2023_NSCLC,0.6666666666666666,0.2759512332273771,III-IV,1,0.0,2,1,0.0,0.2759512332273771
TNF_TNFRSF1B,myeloid dividing,T cell CD8 terminally exhausted,3,2.0,1.317037959526201,True,False,Deng_Liu_LUAD_2024;Hu_Zhang_2023_NSCLC,0.6666666666666666,0.43901265317540034,III-IV,1,0.16310894004282656,4,1,0.16310894004282656,0.2759037131325738
COL5A1_integrin_a2b1_complex,Pericyte,Fibroblast peribronchial,2,2.0,1.0409207400341403,True,False,Deng_Liu_LUAD_2024;Hu_Zhang_2023_NSCLC,1.0,0.5204603700170701,III-IV,1,0.2447077067330232,3,1,0.2447077067330232,0.2757526632840469
ProstaglandinE2_byPTGES2_PTGER4,DC mature,T cell regulatory,3,3.0,0.8265239282125311,False,False,Chen_Zhang_2020;Deng_Liu_LUAD_2024;Hu_Zhang_2023_NSCLC,1.0,0.2755079760708437,III-IV,1,0.0,1,1,0.0,0.2755079760708437
LGALS9_P4HB,Macrophage alveolar,myeloid dividing,3,2.0,1.448884482444706,True,True,Deng_Liu_LUAD_2024;Hu_Zhang_2023_NSCLC,0.6666666666666666,0.48296149414823536,III-IV,1,0.20756247971437844,4,1,0.20756247971437844,0.27539901443385695
ICAM1_integrin_aLb2_complex,Neutrophils,cDC2,4,2.0,1.101357416210364,False,False,Deng_Liu_LUAD_2024;Hu_Zhang_2023_NSCLC,0.5,0.275339354052591,III-IV,1,0.0,3,1,0.0,0.275339354052591
TNFSF13_TNFRSF17,myeloid dividing,Plasma cell,3,2.0,0.825947987669865,True,True,Chen_Zhang_2020;Deng_Liu_LUAD_2024,0.6666666666666666,0.275315995889955,III-IV,1,0.0,4,1,0.0,0.275315995889955
THY1_ADGRE2,Pericyte,myeloid dividing,2,2.0,1.705134760854161,True,True,Deng_Liu_LUAD_2024;Hu_Zhang_2023_NSCLC,1.0,0.8525673804270805,III-IV,1,0.5773191460821906,3,1,0.5773191460821906,0.2752482343448899
ProstaglandinE2_byPTGES3_PTGER4,pDC,Macrophage,4,2.0,1.100580529170471,False,True,Deng_Liu_LUAD_2024;Hu_Zhang_2023_NSCLC,0.5,0.2751451322926177,III-IV,1,0.0,3,1,0.0,0.2751451322926177
ICAM1_ITGAL,cDC1,B cell,3,2.0,0.8246951337140044,True,False,Deng_Liu_LUAD_2024;Hu_Zhang_2023_NSCLC,0.6666666666666666,0.27489837790466815,III-IV,1,0.0,1,1,0.0,0.27489837790466815
ICAM1_integrin_aLb2_complex,cDC1,B cell,3,2.0,0.8246951337140044,True,False,Deng_Liu_LUAD_2024;Hu_Zhang_2023_NSCLC,0.6666666666666666,0.27489837790466815,III-IV,1,0.0,1,1,0.0,0.27489837790466815
IL6_IL6_receptor,Pericyte,Monocyte classical,2,2.0,0.549755962717078,False,False,Deng_Liu_LUAD_2024;Hu_Zhang_2023_NSCLC,1.0,0.274877981358539,III-IV,1,0.0,3,1,0.0,0.274877981358539
GAS6_AXL,pDC,Macrophage alveolar,4,2.0,1.0994877638754992,True,True,Deng_Liu_LUAD_2024;Hu_Zhang_2023_NSCLC,0.5,0.2748719409688748,III-IV,1,0.0,3,1,0.0,0.2748719409688748
LGALS9_P4HB,Monocyte classical,myeloid dividing,3,2.0,1.39433207509217,True,True,Deng_Liu_LUAD_2024;Hu_Zhang_2023_NSCLC,0.6666666666666666,0.46477735836405665,III-IV,1,0.1899410364600238,4,1,0.1899410364600238,0.27483632190403284
SELPLG_SELL,DC mature,Monocyte classical,3,2.0,0.8242501973773191,True,True,Deng_Liu_LUAD_2024;Hu_Zhang_2023_NSCLC,0.6666666666666666,0.2747500657924397,III-IV,1,0.0,1,1,0.0,0.2747500657924397
FN1_integrin_a4b1_complex,myeloid dividing,T cell CD8 terminally exhausted,3,2.0,1.3958016287378716,True,False,Deng_Liu_LUAD_2024;Hu_Zhang_2023_NSCLC,0.6666666666666666,0.4652672095792905,III-IV,1,0.190603700097371,4,1,0.190603700097371,0.27466350948191953
HLA-F_VSIR,cDC2,myeloid dividing,3,2.0,0.8232579062895786,False,True,Deng_Liu_LUAD_2024;Hu_Zhang_2023_NSCLC,0.6666666666666666,0.2744193020965262,III-IV,1,0.0,4,1,0.0,0.2744193020965262
COL8A1_integrin_a11b1_complex,Pericyte,Fibroblast peribronchial,2,2.0,0.5759403580915252,False,False,Deng_Liu_LUAD_2024;Hu_Zhang_2023_NSCLC,1.0,0.2879701790457626,III-IV,1,0.013812254318583433,3,1,0.013812254318583433,0.27415792472717915
COL6A3_integrin_a1b1_complex,Fibroblast peribronchial,NK cell,4,2.0,1.819849439188918,True,False,Deng_Liu_LUAD_2024;Hu_Zhang_2023_NSCLC,0.5,0.4549623597972295,III-IV,1,0.180828735259115,5,1,0.180828735259115,0.2741336245381145
SEMA7A_PLXNC1,Mast cell,DC mature,3,2.0,0.8222877267804298,False,True,Deng_Liu_LUAD_2024;Hu_Zhang_2023_NSCLC,0.6666666666666666,0.27409590892680996,III-IV,1,0.0,1,1,0.0,0.27409590892680996
ProstaglandinE2_byPTGES3_PTGER4,Monocyte classical,myeloid dividing,3,2.0,1.0837619386658455,False,True,Deng_Liu_LUAD_2024;Hu_Zhang_2023_NSCLC,0.6666666666666666,0.3612539795552818,III-IV,1,0.08744455263442605,4,1,0.08744455263442605,0.27380942692085575
LGALS9_HAVCR2,myeloid dividing,T cell CD8 dividing,3,2.0,1.3603405044087264,True,True,Deng_Liu_LUAD_2024;Hu_Zhang_2023_NSCLC,0.6666666666666666,0.4534468348029088,III-IV,1,0.1797035594503949,4,1,0.1797035594503949,0.2737432753525139
ANXA1_FPR3,T cell CD4,cDC2,6,6.0,3.4431141661560583,True,True,Chen_Zhang_2020;Deng_Liu_LUAD_2024;Hu_Zhang_2023_NSCLC;Lambrechts_Thienpont_2018_6653;Maynard_Bivona_2020;Zilionis_Klein_2019,1.0,0.5738523610260097,III-IV,1,0.3001407975617175,5,1,0.3001407975617175,0.27371156346429215
integrin_aVb1_complex_ADGRE5,Macrophage alveolar,T cell CD8 dividing,3,2.0,1.0664877438693054,False,True,Deng_Liu_LUAD_2024;Hu_Zhang_2023_NSCLC,0.6666666666666666,0.3554959146231018,III-IV,1,0.08202152980633994,4,1,0.08202152980633994,0.2734743848167619
PTPRC_MRC1,T cell CD8 dividing,Monocyte classical,4,3.0,2.6265654911432255,True,True,Chen_Zhang_2020;Deng_Liu_LUAD_2024;Hu_Zhang_2023_NSCLC,0.75,0.6566413727858064,III-IV,1,0.38328701304951884,4,1,0.38328701304951884,0.2733543597362875
CD274_CD80,Macrophage alveolar,DC mature,3,2.0,0.8199811466305107,True,True,Deng_Liu_LUAD_2024;Hu_Zhang_2023_NSCLC,0.6666666666666666,0.2733270488768369,III-IV,1,0.0,1,1,0.0,0.2733270488768369
SDC2_ADGRA2,Macrophage,Pericyte,2,2.0,0.9890437329550705,False,True,Deng_Liu_LUAD_2024;Hu_Zhang_2023_NSCLC,1.0,0.49452186647753527,III-IV,1,0.2212485123877529,3,1,0.2212485123877529,0.27327335408978237
ICAM1_ITGAL,Monocyte classical,pDC,4,2.0,1.0928457629853545,True,False,Deng_Liu_LUAD_2024;Hu_Zhang_2023_NSCLC,0.5,0.27321144074633863,III-IV,1,0.0,3,1,0.0,0.27321144074633863
ICAM1_integrin_aLb2_complex,Monocyte classical,pDC,4,2.0,1.0928457629853545,True,False,Deng_Liu_LUAD_2024;Hu_Zhang_2023_NSCLC,0.5,0.27321144074633863,III-IV,1,0.0,3,1,0.0,0.27321144074633863
CD47_SIRPA,myeloid dividing,Monocyte classical,3,2.0,1.3059470687289716,True,True,Deng_Liu_LUAD_2024;Hu_Zhang_2023_NSCLC,0.6666666666666666,0.4353156895763239,III-IV,1,0.1622038299253489,4,1,0.1622038299253489,0.27311185965097495
IL6_IL6_receptor,Pericyte,cDC2,2,2.0,0.5460687033643387,False,False,Deng_Liu_LUAD_2024;Hu_Zhang_2023_NSCLC,1.0,0.27303435168216933,III-IV,1,0.0,3,1,0.0,0.27303435168216933
LGALS9_HAVCR2,myeloid dividing,cDC2,3,2.0,1.3685365715134084,True,True,Deng_Liu_LUAD_2024;Hu_Zhang_2023_NSCLC,0.6666666666666666,0.4561788571711361,III-IV,1,0.1832332576003462,4,1,0.1832332576003462,0.2729455995707899
COL5A2_integrin_a1b1_complex,Fibroblast peribronchial,T cell CD8 effector memory,4,2.0,1.815287709715731,True,False,Deng_Liu_LUAD_2024;Hu_Zhang_2023_NSCLC,0.5,0.45382192742893274,III-IV,1,0.18088283024991886,5,1,0.18088283024991886,0.2729390971790139
ICAM1_ITGAL,cDC1,Macrophage,3,2.0,0.8180705349887878,True,False,Deng_Liu_LUAD_2024;Hu_Zhang_2023_NSCLC,0.6666666666666666,0.2726901783295959,III-IV,1,0.0,1,1,0.0,0.2726901783295959
TNFSF13B_TNFRSF17,Macrophage,Plasma cell,5,4.0,1.3628761062358434,True,True,Chen_Zhang_2020;Deng_Liu_LUAD_2024;Hu_Zhang_2023_NSCLC;Lambrechts_Thienpont_2018_6653,0.8,0.2725752212471687,III-IV,1,0.0,5,1,0.0,0.2725752212471687
TGFB1_TGFbeta_receptor1,T cell CD8 effector memory,myeloid dividing,3,2.0,0.8705266992123584,False,False,Deng_Liu_LUAD_2024;Hu_Zhang_2023_NSCLC,0.6666666666666666,0.29017556640411946,III-IV,1,0.017648490749756572,4,1,0.017648490749756572,0.2725270756543629
KLRB1_CLEC2D,NK cell,T cell CD8 dividing,4,2.0,1.71465937621897,True,True,Deng_Liu_LUAD_2024;Hu_Zhang_2023_NSCLC,0.5,0.4286648440547425,III-IV,1,0.15621280969382234,4,1,0.15621280969382234,0.27245203436092014
CD58_CD2,Macrophage alveolar,T cell regulatory,4,2.0,1.7201552418171597,True,True,Deng_Liu_LUAD_2024;Hu_Zhang_2023_NSCLC,0.5,0.43003881045428993,III-IV,1,0.15760034620794114,5,1,0.15760034620794114,0.27243846424634877
THY1_ADGRE5,Fibroblast peribronchial,Mast cell,4,2.0,1.7184982837284832,True,False,Deng_Liu_LUAD_2024;Hu_Zhang_2023_NSCLC,0.5,0.4296245709321208,III-IV,1,0.1572541382667965,5,1,0.1572541382667965,0.27237043266532435
ICAM3_integrin_aLb2_complex,cDC2,T cell CD4 dividing,3,2.0,0.8168467371842347,True,False,Deng_Liu_LUAD_2024;Hu_Zhang_2023_NSCLC,0.6666666666666666,0.27228224572807824,III-IV,1,0.0,2,1,0.0,0.27228224572807824
CD274_PDCD1,DC mature,T cell CD8 activated,3,2.0,0.8165966799107132,True,False,Deng_Liu_LUAD_2024;Hu_Zhang_2023_NSCLC,0.6666666666666666,0.27219889330357105,III-IV,1,0.0,1,1,0.0,0.27219889330357105
ProstaglandinE2_byPTGES3_PTGER4,Plasma cell,myeloid dividing,3,2.0,0.816352913607957,False,True,Deng_Liu_LUAD_2024;Hu_Zhang_2023_NSCLC,0.6666666666666666,0.27211763786931903,III-IV,1,0.0,4,1,0.0,0.27211763786931903
ALCAM_CD6,myeloid dividing,T cell regulatory,3,2.0,1.302434495883912,True,False,Deng_Liu_LUAD_2024;Hu_Zhang_2023_NSCLC,0.6666666666666666,0.434144831961304,III-IV,1,0.16227144866385373,4,1,0.16227144866385373,0.27187338329745026
CD55_ADGRE5,Macrophage alveolar,pDC,4,2.0,1.0871775429206894,True,True,Deng_Liu_LUAD_2024;Hu_Zhang_2023_NSCLC,0.5,0.27179438573017234,III-IV,1,0.0,3,1,0.0,0.27179438573017234
ANXA1_FPR3,pDC,Macrophage,4,3.0,1.086480614663527,False,True,Chen_Zhang_2020;Deng_Liu_LUAD_2024;Hu_Zhang_2023_NSCLC,0.75,0.27162015366588177,III-IV,1,0.0,3,1,0.0,0.27162015366588177
COL12A1_integrin_a1b1_complex,Pericyte,T cell CD8 effector memory,2,2.0,0.8961320986200985,True,False,Deng_Liu_LUAD_2024;Hu_Zhang_2023_NSCLC,1.0,0.44806604931004923,III-IV,1,0.1764578600021638,3,1,0.1764578600021638,0.27160818930788544
CD93_IFNGR1,Neutrophils,cDC2,4,2.0,1.0859365947915114,False,True,Deng_Liu_LUAD_2024;Hu_Zhang_2023_NSCLC,0.5,0.27148414869787785,III-IV,1,0.0,3,1,0.0,0.27148414869787785
F11R_integrin_aLb2_complex,DC mature,T cell CD8 activated,3,2.0,0.8140620231089065,True,False,Deng_Liu_LUAD_2024;Hu_Zhang_2023_NSCLC,0.6666666666666666,0.27135400770296886,III-IV,1,0.0,1,1,0.0,0.27135400770296886
LGALS9_P4HB,myeloid dividing,T cell CD8 dividing,3,2.0,1.3385913038656942,True,False,Deng_Liu_LUAD_2024;Hu_Zhang_2023_NSCLC,0.6666666666666666,0.44619710128856477,III-IV,1,0.17492967651195498,4,1,0.17492967651195498,0.2712674247766098
SEMA7A_PLXNC1,pDC,Macrophage,4,2.0,1.0848906012775879,True,True,Deng_Liu_LUAD_2024;Hu_Zhang_2023_NSCLC,0.5,0.27122265031939696,III-IV,1,0.0,3,1,0.0,0.27122265031939696
TNF_TNFRSF1B,T cell CD8 dividing,DC mature,3,2.0,0.813338878789645,False,True,Deng_Liu_LUAD_2024;Hu_Zhang_2023_NSCLC,0.6666666666666666,0.2711129595965483,III-IV,1,0.0,1,1,0.0,0.2711129595965483
TNF_TNFRSF1B,cDC1,DC mature,3,2.0,0.8133205699996267,False,True,Deng_Liu_LUAD_2024;Hu_Zhang_2023_NSCLC,0.6666666666666666,0.2711068566665422,III-IV,1,0.0,1,1,0.0,0.2711068566665422
CD99_PILRA,DC mature,Monocyte classical,3,2.0,0.8126563764584601,False,True,Deng_Liu_LUAD_2024;Hu_Zhang_2023_NSCLC,0.6666666666666666,0.2708854588194867,III-IV,1,0.0,1,1,0.0,0.2708854588194867
COL11A1_integrin_a1b1_complex,Fibroblast peribronchial,Fibroblast peribronchial,4,2.0,1.3106463030075233,True,False,Deng_Liu_LUAD_2024;Hu_Zhang_2023_NSCLC,0.5,0.3276615757518808,III-IV,1,0.05685383533484799,5,1,0.05685383533484799,0.2708077404170328
ProstaglandinE2_byPTGES3_PTGER4,myeloid dividing,Mast cell,3,2.0,1.1899950738022036,False,False,Deng_Liu_LUAD_2024;Hu_Zhang_2023_NSCLC,0.6666666666666666,0.39666502460073455,III-IV,1,0.12593313859136643,4,1,0.12593313859136643,0.27073188600936815
LAIR1_LILRB4,pDC,myeloid dividing,3,2.0,0.8121307555255425,True,True,Deng_Liu_LUAD_2024;Hu_Zhang_2023_NSCLC,0.6666666666666666,0.2707102518418475,III-IV,1,0.0,2,1,0.0,0.2707102518418475
CD47_SIRPA,T cell CD8 dividing,myeloid dividing,3,2.0,1.2696511038694376,False,True,Deng_Liu_LUAD_2024;Hu_Zhang_2023_NSCLC,0.6666666666666666,0.42321703462314586,III-IV,1,0.15250730282375852,4,1,0.15250730282375852,0.27070973179938734
ICAM1_integrin_aLb2_complex,cDC2,myeloid dividing,3,2.0,0.9392202568896002,True,False,Deng_Liu_LUAD_2024;Hu_Zhang_2023_NSCLC,0.6666666666666666,0.31307341896320007,III-IV,1,0.042410472790219624,4,1,0.042410472790219624,0.2706629461729804
SELPLG_SELL,DC mature,cDC1,3,2.0,0.811970615313756,True,True,Deng_Liu_LUAD_2024;Hu_Zhang_2023_NSCLC,0.6666666666666666,0.27065687177125203,III-IV,1,0.0,1,1,0.0,0.27065687177125203
PLAUR_integrin_a4b1_complex,Mast cell,myeloid dividing,3,2.0,1.1247370359109565,True,False,Deng_Liu_LUAD_2024;Hu_Zhang_2023_NSCLC,0.6666666666666666,0.3749123453036522,III-IV,1,0.10447095098993833,4,1,0.10447095098993833,0.27044139431371383
CD47_SIRPA,B cell,myeloid dividing,3,2.0,1.287154317200598,False,True,Deng_Liu_LUAD_2024;Hu_Zhang_2023_NSCLC,0.6666666666666666,0.429051439066866,III-IV,1,0.15864708427999566,4,1,0.15864708427999566,0.2704043547868703
TNF_TNFRSF1B,B cell,DC mature,3,2.0,0.8107657256791423,False,True,Deng_Liu_LUAD_2024;Hu_Zhang_2023_NSCLC,0.6666666666666666,0.27025524189304745,III-IV,1,0.0,1,1,0.0,0.27025524189304745
integrin_aVb1_complex_ADGRE2,myeloid dividing,Mast cell,3,2.0,0.9354499103841393,False,True,Deng_Liu_LUAD_2024;Hu_Zhang_2023_NSCLC,0.6666666666666666,0.3118166367947131,III-IV,1,0.04163961917126474,4,1,0.04163961917126474,0.27017701762344837
ICAM1_ITGAL,cDC1,myeloid dividing,3,2.0,0.8096493125797315,True,False,Deng_Liu_LUAD_2024;Hu_Zhang_2023_NSCLC,0.6666666666666666,0.26988310419324385,III-IV,1,0.0,1,1,0.0,0.26988310419324385
IGFBP3_TMEM219,Fibroblast peribronchial,T cell CD8 effector memory,4,2.0,1.0792755195168275,True,False,Deng_Liu_LUAD_2024;Hu_Zhang_2023_NSCLC,0.5,0.2698188798792069,III-IV,1,0.0,5,1,0.0,0.2698188798792069
PPIA_BSG,Macrophage,Fibroblast peribronchial,4,2.0,1.7859570734375791,True,True,Deng_Liu_LUAD_2024;Hu_Zhang_2023_NSCLC,0.5,0.4464892683593948,III-IV,1,0.17670669695986152,5,1,0.17670669695986152,0.26978257139953327
COL8A2_integrin_a1b1_complex,Fibroblast peribronchial,T cell CD8 dividing,3,2.0,1.0747886319448465,True,False,Deng_Liu_LUAD_2024;Hu_Zhang_2023_NSCLC,0.6666666666666666,0.3582628773149488,III-IV,1,0.08851292870280213,4,1,0.08851292870280213,0.2697499486121467
SEMA4D_PLXNB2,T cell CD8 dividing,pDC,3,2.0,0.8091862890724941,True,False,Deng_Liu_LUAD_2024;Hu_Zhang_2023_NSCLC,0.6666666666666666,0.2697287630241647,III-IV,1,0.0,2,1,0.0,0.2697287630241647
CD93_IFNGR1,Monocyte classical,Pericyte,2,2.0,0.8105533840093778,True,False,Deng_Liu_LUAD_2024;Hu_Zhang_2023_NSCLC,1.0,0.4052766920046889,III-IV,1,0.13567023693605973,3,1,0.13567023693605973,0.2696064550686292
TNF_TNFRSF1B,DC mature,DC mature,3,2.0,0.8087701078615899,False,True,Deng_Liu_LUAD_2024;Hu_Zhang_2023_NSCLC,0.6666666666666666,0.26959003595386327,III-IV,1,0.0,1,1,0.0,0.26959003595386327
CADM1_CADM1,Fibroblast peribronchial,Pericyte,2,2.0,0.5389552826112591,True,False,Deng_Liu_LUAD_2024;Hu_Zhang_2023_NSCLC,1.0,0.26947764130562957,III-IV,1,0.0,3,1,0.0,0.26947764130562957
CADM1_CADM1,Pericyte,Fibroblast peribronchial,2,2.0,0.5389552826112591,False,True,Deng_Liu_LUAD_2024;Hu_Zhang_2023_NSCLC,1.0,0.26947764130562957,III-IV,1,0.0,3,1,0.0,0.26947764130562957
TNF_TNFRSF1B,DC mature,cDC2,3,2.0,0.8078712756006204,False,True,Chen_Zhang_2020;Deng_Liu_LUAD_2024,0.6666666666666666,0.2692904252002068,III-IV,1,0.0,1,1,0.0,0.2692904252002068
CD52_SIGLEC10,DC mature,cDC1,3,2.0,0.8078353219886061,False,True,Deng_Liu_LUAD_2024;Hu_Zhang_2023_NSCLC,0.6666666666666666,0.2692784406628687,III-IV,1,0.0,1,1,0.0,0.2692784406628687
CCL3_CCR1,T cell CD8 dividing,Macrophage alveolar,3,2.0,1.1902092085749245,True,True,Deng_Liu_LUAD_2024;Hu_Zhang_2023_NSCLC,0.6666666666666666,0.3967364028583082,III-IV,1,0.1274748458292762,4,1,0.1274748458292762,0.269261557029032
FN1_integrin_a5b1_complex,Macrophage,myeloid dividing,3,2.0,1.1097975367157473,True,False,Deng_Liu_LUAD_2024;Hu_Zhang_2023_NSCLC,0.6666666666666666,0.3699325122385824,III-IV,1,0.10079249161527642,4,1,0.10079249161527642,0.269140020623306
ICAM1_integrin_aXb2_complex,cDC1,NK cell,3,2.0,0.8071524973018334,True,False,Deng_Liu_LUAD_2024;Hu_Zhang_2023_NSCLC,0.6666666666666666,0.26905083243394445,III-IV,1,0.0,1,1,0.0,0.26905083243394445
FN1_integrin_a4b7_complex,Macrophage,T cell CD8 terminally exhausted,4,2.0,1.0757879896714853,True,False,Deng_Liu_LUAD_2024;Hu_Zhang_2023_NSCLC,0.5,0.2689469974178713,III-IV,1,0.0,4,1,0.0,0.2689469974178713
JAM3_JAM3,Pericyte,Pericyte,2,2.0,0.6571391820013402,True,True,Deng_Liu_LUAD_2024;Hu_Zhang_2023_NSCLC,1.0,0.3285695910006701,III-IV,1,0.05968480652024955,3,1,0.05968480652024955,0.2688847844804206
ANXA1_FPR3,NK cell,cDC2,5,5.0,2.6854497148925542,False,True,Chen_Zhang_2020;Deng_Liu_LUAD_2024;Hu_Zhang_2023_NSCLC;Lambrechts_Thienpont_2018_6653;Zilionis_Klein_2019,1.0,0.5370899429785109,III-IV,1,0.26823873138790605,5,1,0.26823873138790605,0.2688512115906048
ICAM3_integrin_aLb2_complex,T cell CD8 activated,T cell CD4 dividing,3,2.0,0.806016093119181,False,False,Deng_Liu_LUAD_2024;Hu_Zhang_2023_NSCLC,0.6666666666666666,0.268672031039727,III-IV,1,0.0,1,1,0.0,0.268672031039727
COL5A2_integrin_a1b1_complex,Fibroblast peribronchial,Fibroblast peribronchial,4,2.0,1.8143291853757988,True,False,Deng_Liu_LUAD_2024;Hu_Zhang_2023_NSCLC,0.5,0.4535822963439497,III-IV,1,0.18495077355836848,5,1,0.18495077355836848,0.2686315227855812
COL15A1_integrin_a1b1_complex,Fibroblast peribronchial,T cell CD4 dividing,3,2.0,0.8050776102305509,True,False,Deng_Liu_LUAD_2024;Hu_Zhang_2023_NSCLC,0.6666666666666666,0.26835920341018366,III-IV,1,0.0,2,1,0.0,0.26835920341018366
THY1_ADGRE2,Pericyte,Macrophage,2,2.0,1.7202606319471028,True,True,Deng_Liu_LUAD_2024;Hu_Zhang_2023_NSCLC,1.0,0.8601303159735514,III-IV,1,0.5918084179373584,3,1,0.5918084179373584,0.268321898036193
ICAM1_SPN,DC mature,DC mature,3,2.0,0.8048560058744471,True,False,Deng_Liu_LUAD_2024;Hu_Zhang_2023_NSCLC,0.6666666666666666,0.26828533529148235,III-IV,1,0.0,1,1,0.0,0.26828533529148235
CD47_SIRPG,Pericyte,T cell CD8 terminally exhausted,2,2.0,0.8015940191675452,False,True,Deng_Liu_LUAD_2024;Hu_Zhang_2023_NSCLC,1.0,0.4007970095837726,III-IV,1,0.13262288578744275,3,1,0.13262288578744275,0.2681741237963299
PPIA_BSG,cDC2,Macrophage alveolar,4,2.0,1.7900444717739301,True,True,Deng_Liu_LUAD_2024;Hu_Zhang_2023_NSCLC,0.5,0.44751111794348253,III-IV,1,0.17967110245591258,5,1,0.17967110245591258,0.26784001548756997
HLA-E_KLRK1,T cell regulatory,T cell CD8 effector memory,6,3.0,2.768633383357112,False,True,Deng_Liu_LUAD_2024;Lambrechts_Thienpont_2018_6653;Maynard_Bivona_2020,0.5,0.46143889722618536,III-IV,1,0.19362955032119916,5,1,0.19362955032119916,0.2678093469049862
APP_CD74,Fibroblast peribronchial,Pericyte,2,2.0,1.381257584296641,True,False,Deng_Liu_LUAD_2024;Hu_Zhang_2023_NSCLC,1.0,0.6906287921483205,III-IV,1,0.4229184337060003,3,1,0.4229184337060003,0.2677103584423202
CADM1_CADM1,Pericyte,Plasma cell,2,2.0,0.5351671461068038,False,True,Deng_Liu_LUAD_2024;Hu_Zhang_2023_NSCLC,1.0,0.2675835730534019,III-IV,1,0.0,3,1,0.0,0.2675835730534019
CADM1_CADM1,Plasma cell,Pericyte,2,2.0,0.5351671461068038,True,False,Deng_Liu_LUAD_2024;Hu_Zhang_2023_NSCLC,1.0,0.2675835730534019,III-IV,1,0.0,3,1,0.0,0.2675835730534019
CCL3_CCR1,T cell CD8 dividing,T cell CD8 dividing,4,2.0,1.070074141180747,True,False,Deng_Liu_LUAD_2024;Hu_Zhang_2023_NSCLC,0.5,0.26751853529518677,III-IV,1,0.0,4,1,0.0,0.26751853529518677
ICAM1_ITGAL,Plasma cell,T cell CD4 dividing,3,2.0,0.8019779648196826,False,True,Deng_Liu_LUAD_2024;Hu_Zhang_2023_NSCLC,0.6666666666666666,0.26732598827322757,III-IV,1,0.0,2,1,0.0,0.26732598827322757
SPP1_integrin_a4b1_complex,Macrophage alveolar,myeloid dividing,3,2.0,0.8842497895975007,True,False,Deng_Liu_LUAD_2024;Hu_Zhang_2023_NSCLC,0.6666666666666666,0.29474992986583354,III-IV,1,0.027466731580655632,4,1,0.027466731580655632,0.2672831982851779
SELPLG_SELL,pDC,Monocyte classical,4,2.0,1.0690953084387917,True,True,Deng_Liu_LUAD_2024;Hu_Zhang_2023_NSCLC,0.5,0.26727382710969794,III-IV,1,0.0,3,1,0.0,0.26727382710969794
SEMA7A_integrin_a1b1_complex,DC mature,Fibroblast peribronchial,3,2.0,0.8016084244328693,True,False,Deng_Liu_LUAD_2024;Hu_Zhang_2023_NSCLC,0.6666666666666666,0.26720280814428976,III-IV,1,0.0,1,1,0.0,0.26720280814428976
PGF_FLT1,Pericyte,cDC1,2,2.0,0.5343607333098027,True,False,Deng_Liu_LUAD_2024;Hu_Zhang_2023_NSCLC,1.0,0.26718036665490136,III-IV,1,0.0,1,1,0.0,0.26718036665490136
CD99_PILRA,T cell CD8 dividing,Macrophage,4,4.0,2.671941189170598,True,True,Chen_Zhang_2020;Deng_Liu_LUAD_2024;Hu_Zhang_2023_NSCLC;Lambrechts_Thienpont_2018_6653,1.0,0.6679852972926495,III-IV,1,0.4008128995876502,4,1,0.4008128995876502,0.26717239770499934
HLA-E_KLRK1,T cell CD8 effector memory,T cell CD8 effector memory,6,3.0,2.7564464328437706,False,True,Deng_Liu_LUAD_2024;Lambrechts_Thienpont_2018_6653;Maynard_Bivona_2020,0.5,0.4594077388072951,III-IV,1,0.19245182012847967,5,1,0.19245182012847967,0.2669559186788154
PLAUR_integrin_a4b1_complex,cDC1,Fibroblast peribronchial,3,2.0,0.8005906974745394,True,False,Deng_Liu_LUAD_2024;Hu_Zhang_2023_NSCLC,0.6666666666666666,0.26686356582484644,III-IV,1,0.0,1,1,0.0,0.26686356582484644
FBN1_integrin_a5b1_complex,Pericyte,NK cell,2,2.0,0.5328675016388256,True,False,Deng_Liu_LUAD_2024;Hu_Zhang_2023_NSCLC,1.0,0.2664337508194128,III-IV,1,0.0,3,1,0.0,0.2664337508194128
TNF_TNFRSF1B,T cell CD4,DC mature,3,2.0,0.7990025925246667,False,True,Deng_Liu_LUAD_2024;Hu_Zhang_2023_NSCLC,0.6666666666666666,0.26633419750822224,III-IV,1,0.0,1,1,0.0,0.26633419750822224
SEMA7A_integrin_a1b1_complex,pDC,T cell CD8 effector memory,4,2.0,1.0653330863015014,True,False,Deng_Liu_LUAD_2024;Hu_Zhang_2023_NSCLC,0.5,0.26633327157537534,III-IV,1,0.0,3,1,0.0,0.26633327157537534
LGALS9_HAVCR2,Fibroblast peribronchial,T cell CD8 dividing,3,2.0,0.7988607611028985,False,True,Deng_Liu_LUAD_2024;Hu_Zhang_2023_NSCLC,0.6666666666666666,0.26628692036763285,III-IV,1,0.0,4,1,0.0,0.26628692036763285
CD47_SIRPA,NK cell,myeloid dividing,3,2.0,1.2803107382952335,False,True,Deng_Liu_LUAD_2024;Hu_Zhang_2023_NSCLC,0.6666666666666666,0.42677024609841113,III-IV,1,0.16051336146272854,4,1,0.16051336146272854,0.2662568846356826
VEGFA_NRP2,Neutrophils,myeloid dividing,2,2.0,0.5323536718688882,False,True,Deng_Liu_LUAD_2024;Hu_Zhang_2023_NSCLC,1.0,0.2661768359344441,III-IV,1,0.0,2,1,0.0,0.2661768359344441
CCL5_CCR1,T cell CD8 terminally exhausted,Macrophage alveolar,3,3.0,2.8833367734827022,True,True,Chen_Zhang_2020;Deng_Liu_LUAD_2024;Hu_Zhang_2023_NSCLC,1.0,0.9611122578275674,III-IV,1,0.6949639842025441,4,1,0.6949639842025441,0.26614827362502325
IL1RN_IL1_receptor_inhibitor,cDC2,Neutrophils,4,2.0,1.064430153190024,True,False,Deng_Liu_LUAD_2024;Hu_Zhang_2023_NSCLC,0.5,0.266107538297506,III-IV,1,0.0,3,1,0.0,0.266107538297506
LGALS9_HAVCR2,cDC2,myeloid dividing,3,2.0,1.3202381546963915,True,True,Deng_Liu_LUAD_2024;Hu_Zhang_2023_NSCLC,0.6666666666666666,0.44007938489879717,III-IV,1,0.17421291788380397,4,1,0.17421291788380397,0.26586646701499317
COL5A2_integrin_a1b1_complex,Fibroblast peribronchial,NK cell,4,2.0,1.7740758624387016,True,False,Deng_Liu_LUAD_2024;Hu_Zhang_2023_NSCLC,0.5,0.4435189656096754,III-IV,1,0.1776695877961701,5,1,0.1776695877961701,0.2658493778135053
ProstaglandinE2_byPTGES3_PTGER4,Macrophage alveolar,myeloid dividing,3,2.0,1.1349607801037456,False,True,Deng_Liu_LUAD_2024;Hu_Zhang_2023_NSCLC,0.6666666666666666,0.37832026003458186,III-IV,1,0.11250405712431029,4,1,0.11250405712431029,0.2658162029102716
COL8A1_integrin_a1b1_complex,Fibroblast peribronchial,NK cell,4,2.0,1.5044428255925917,True,False,Deng_Liu_LUAD_2024;Hu_Zhang_2023_NSCLC,0.5,0.3761107063981479,III-IV,1,0.11069998918100184,5,1,0.11069998918100184,0.2654107172171461
WNT5A_SFRP4,DC mature,Fibroblast peribronchial,3,2.0,0.7960110470454005,False,True,Deng_Liu_LUAD_2024;Hu_Zhang_2023_NSCLC,0.6666666666666666,0.2653370156818002,III-IV,1,0.0,1,1,0.0,0.2653370156818002
PVR_CD226,DC mature,cDC1,3,2.0,0.7957547340587556,True,True,Deng_Liu_LUAD_2024;Hu_Zhang_2023_NSCLC,0.6666666666666666,0.2652515780195852,III-IV,1,0.0,1,1,0.0,0.2652515780195852
CD47_SIRPA,myeloid dividing,myeloid dividing,3,2.0,1.3311513973439792,True,True,Deng_Liu_LUAD_2024;Hu_Zhang_2023_NSCLC,0.6666666666666666,0.4437171324479931,III-IV,1,0.1784999459050092,4,1,0.1784999459050092,0.2652171865429839
FN1_integrin_a4b7_complex,Macrophage alveolar,myeloid dividing,3,2.0,1.3735572749017626,True,False,Deng_Liu_LUAD_2024;Hu_Zhang_2023_NSCLC,0.6666666666666666,0.4578524249672542,III-IV,1,0.19280807097262795,4,1,0.19280807097262795,0.2650443539946262
FN1_integrin_aVb5_complex,Macrophage,Fibroblast peribronchial,4,2.0,1.4037942995403472,True,False,Deng_Liu_LUAD_2024;Hu_Zhang_2023_NSCLC,0.5,0.3509485748850868,III-IV,1,0.08593530239099859,5,1,0.08593530239099859,0.26501327249408824
NECTIN2_TIGIT,Fibroblast peribronchial,T cell CD8 terminally exhausted,3,3.0,1.8638101955312874,True,True,Chen_Zhang_2020;Deng_Liu_LUAD_2024;Hu_Zhang_2023_NSCLC,1.0,0.6212700651770958,III-IV,1,0.35633278358902215,4,1,0.35633278358902215,0.26493728158807367
FN1_integrin_a4b7_complex,Macrophage alveolar,T cell CD8 dividing,3,2.0,1.4207090477094129,True,False,Deng_Liu_LUAD_2024;Hu_Zhang_2023_NSCLC,0.6666666666666666,0.4735696825698043,III-IV,1,0.2088878069890728,4,1,0.2088878069890728,0.26468187558073153
CD52_SIGLEC10,T cell regulatory,myeloid dividing,3,2.0,1.2293236058067702,False,True,Chen_Zhang_2020;Hu_Zhang_2023_NSCLC,0.6666666666666666,0.40977453526892343,III-IV,1,0.14514186295503212,4,1,0.14514186295503212,0.2646326723138913
FN1_integrin_aVb5_complex,myeloid dividing,Fibroblast peribronchial,3,2.0,1.401250561377219,True,False,Deng_Liu_LUAD_2024;Hu_Zhang_2023_NSCLC,0.6666666666666666,0.46708352045907303,III-IV,1,0.2025857405604241,4,1,0.2025857405604241,0.2644977798986489
LGALS9_HAVCR2,Macrophage,myeloid dividing,3,2.0,1.3446057338315152,True,True,Deng_Liu_LUAD_2024;Hu_Zhang_2023_NSCLC,0.6666666666666666,0.44820191127717174,III-IV,1,0.1838553499945905,4,1,0.1838553499945905,0.26434656128258127
CD58_CD2,cDC2,T cell CD8 dividing,4,2.0,1.7962743410452409,True,True,Deng_Liu_LUAD_2024;Hu_Zhang_2023_NSCLC,0.5,0.4490685852613102,III-IV,1,0.18477496483825598,4,1,0.18477496483825598,0.26429362042305427
LRPAP1_SORT1,Macrophage alveolar,Pericyte,2,2.0,0.7591191927716434,True,True,Deng_Liu_LUAD_2024;Hu_Zhang_2023_NSCLC,1.0,0.3795595963858217,III-IV,1,0.11533052039381153,3,1,0.11533052039381153,0.2642290759920102
CD274_CD80,T cell CD4 dividing,DC mature,3,2.0,0.7924475269070713,False,True,Deng_Liu_LUAD_2024;Hu_Zhang_2023_NSCLC,0.6666666666666666,0.26414917563569046,III-IV,1,0.0,1,1,0.0,0.26414917563569046
NECTIN3_TIGIT,T cell CD8 dividing,T cell CD8 dividing,4,2.0,1.0560201276008327,False,True,Deng_Liu_LUAD_2024;Hu_Zhang_2023_NSCLC,0.5,0.2640050319002082,III-IV,1,0.0,4,1,0.0,0.2640050319002082
ANXA1_FPR1,DC mature,myeloid dividing,3,3.0,0.7918609897823424,False,True,Chen_Zhang_2020;Deng_Liu_LUAD_2024;Hu_Zhang_2023_NSCLC,1.0,0.2639536632607808,III-IV,1,0.0,1,1,0.0,0.2639536632607808
VEGFA_NRP1,Monocyte classical,Pericyte,2,2.0,1.3697447955136322,True,True,Deng_Liu_LUAD_2024;Hu_Zhang_2023_NSCLC,1.0,0.6848723977568161,III-IV,1,0.42092659540560806,3,1,0.42092659540560806,0.263945802351208
TNF_TNFRSF1A,myeloid dividing,Fibroblast peribronchial,3,2.0,0.7918081497093491,True,False,Deng_Liu_LUAD_2024;Hu_Zhang_2023_NSCLC,0.6666666666666666,0.26393604990311637,III-IV,1,0.0,4,1,0.0,0.26393604990311637
ANXA1_FPR3,myeloid dividing,Monocyte classical,3,3.0,2.1206643583194644,True,True,Chen_Zhang_2020;Deng_Liu_LUAD_2024;Hu_Zhang_2023_NSCLC,1.0,0.7068881194398214,III-IV,1,0.4429790654869947,4,1,0.4429790654869947,0.2639090539528267
FN1_integrin_a4b1_complex,myeloid dividing,Fibroblast peribronchial,3,2.0,0.7917030466773509,True,False,Deng_Liu_LUAD_2024;Hu_Zhang_2023_NSCLC,0.6666666666666666,0.263901015559117,III-IV,1,0.0,4,1,0.0,0.263901015559117
ProstaglandinE2_byPTGES2_PTGER4,DC mature,pDC,3,3.0,0.791138536207414,False,False,Chen_Zhang_2020;Deng_Liu_LUAD_2024;Hu_Zhang_2023_NSCLC,1.0,0.26371284540247136,III-IV,1,0.0,1,1,0.0,0.26371284540247136
FBN1_integrin_a5b1_complex,Fibroblast peribronchial,cDC2,4,2.0,1.3661826705705808,True,False,Deng_Liu_LUAD_2024;Hu_Zhang_2023_NSCLC,0.5,0.3415456676426452,III-IV,1,0.0778426917667424,5,1,0.0778426917667424,0.2637029758759028
ICAM1_integrin_aMb2_complex,Macrophage,Neutrophils,4,2.0,1.0547621701775993,True,False,Deng_Liu_LUAD_2024;Hu_Zhang_2023_NSCLC,0.5,0.26369054254439983,III-IV,1,0.0,3,1,0.0,0.26369054254439983
CD52_SIGLEC10,NK cell,myeloid dividing,3,2.0,1.0402567153397109,False,True,Chen_Zhang_2020;Hu_Zhang_2023_NSCLC,0.6666666666666666,0.34675223844657027,III-IV,1,0.08314373661670235,4,1,0.08314373661670235,0.26360850182986795
SEMA7A_PLXNC1,cDC2,DC mature,3,2.0,0.790765082579745,True,True,Deng_Liu_LUAD_2024;Hu_Zhang_2023_NSCLC,0.6666666666666666,0.263588360859915,III-IV,1,0.0,1,1,0.0,0.263588360859915
PDGFB_PDGFRB,Macrophage,Pericyte,2,2.0,1.428888085372815,False,True,Deng_Liu_LUAD_2024;Hu_Zhang_2023_NSCLC,1.0,0.7144440426864075,III-IV,1,0.45098822976401376,3,1,0.45098822976401376,0.26345581292239373
COL8A1_integrin_a1b1_complex,Fibroblast peribronchial,Fibroblast peribronchial,4,2.0,1.5780990676892137,True,False,Deng_Liu_LUAD_2024;Hu_Zhang_2023_NSCLC,0.5,0.3945247669223034,III-IV,1,0.13121280969382237,5,1,0.13121280969382237,0.26331195722848105
IGFBP3_TMEM219,Fibroblast peribronchial,Macrophage alveolar,4,2.0,1.3055638383032944,True,True,Deng_Liu_LUAD_2024;Hu_Zhang_2023_NSCLC,0.5,0.3263909595758236,III-IV,1,0.06311803526993401,5,1,0.06311803526993401,0.26327292430588956
COL27A1_integrin_a1b1_complex,Pericyte,T cell CD8 dividing,2,2.0,0.7964007497668614,False,False,Deng_Liu_LUAD_2024;Hu_Zhang_2023_NSCLC,1.0,0.3982003748834307,III-IV,1,0.13496700205560966,3,1,0.13496700205560966,0.263233372827821
LGALS9_HAVCR2,T cell CD4 dividing,T cell CD8 dividing,3,2.0,0.7893111329592088,False,True,Deng_Liu_LUAD_2024;Hu_Zhang_2023_NSCLC,0.6666666666666666,0.26310371098640295,III-IV,1,0.0,2,1,0.0,0.26310371098640295
ANXA1_FPR2,Mast cell,Monocyte classical,6,6.0,4.196603815850324,True,True,Chen_Zhang_2020;Deng_Liu_LUAD_2024;Hu_Zhang_2023_NSCLC;Lambrechts_Thienpont_2018_6653;Maynard_Bivona_2020;Zilionis_Klein_2019,1.0,0.6994339693083873,III-IV,1,0.4366465624805601,5,1,0.4366465624805601,0.2627874068278272
APP_TNFRSF21,Pericyte,Mast cell,2,2.0,1.2864460919008782,True,False,Deng_Liu_LUAD_2024;Hu_Zhang_2023_NSCLC,1.0,0.6432230459504391,III-IV,1,0.3804388391454366,3,1,0.3804388391454366,0.26278420680500253
THY1_ADGRE5,Fibroblast peribronchial,T cell regulatory,4,2.0,1.6544508069154702,True,False,Deng_Liu_LUAD_2024;Hu_Zhang_2023_NSCLC,0.5,0.41361270172886755,III-IV,1,0.15091420534458508,5,1,0.15091420534458508,0.26269849638428244
VCAM1_integrin_a4b7_complex,Fibroblast peribronchial,myeloid dividing,3,2.0,0.8284404321829423,True,False,Deng_Liu_LUAD_2024;Hu_Zhang_2023_NSCLC,0.6666666666666666,0.2761468107276474,III-IV,1,0.013726603916477334,4,1,0.013726603916477334,0.26242020681117006
FBN1_integrin_a5b1_complex,Fibroblast peribronchial,Macrophage,4,2.0,1.4088819320075907,True,False,Deng_Liu_LUAD_2024;Hu_Zhang_2023_NSCLC,0.5,0.3522204830018977,III-IV,1,0.09020880666450287,5,1,0.09020880666450287,0.2620116763373948
COL6A1_integrin_a11b1_complex,Fibroblast peribronchial,Fibroblast peribronchial,4,2.0,1.7163293343040804,True,False,Deng_Liu_LUAD_2024;Hu_Zhang_2023_NSCLC,0.5,0.4290823335760201,III-IV,1,0.1672725305636698,5,1,0.1672725305636698,0.2618098030123503
FBN1_integrin_a5b1_complex,Pericyte,myeloid dividing,2,2.0,0.7268146549458443,True,False,Deng_Liu_LUAD_2024;Hu_Zhang_2023_NSCLC,1.0,0.36340732747292215,III-IV,1,0.10175267770204478,3,1,0.10175267770204478,0.2616546497708774
ICAM1_ITGAL,Macrophage,myeloid dividing,3,2.0,1.0309957691030591,True,False,Deng_Liu_LUAD_2024;Hu_Zhang_2023_NSCLC,0.6666666666666666,0.34366525636768636,III-IV,1,0.08202152980633994,4,1,0.08202152980633994,0.26164372656134643
ICAM1_integrin_aLb2_complex,Macrophage,myeloid dividing,3,2.0,1.0309957691030591,True,False,Deng_Liu_LUAD_2024;Hu_Zhang_2023_NSCLC,0.6666666666666666,0.34366525636768636,III-IV,1,0.08202152980633994,4,1,0.08202152980633994,0.26164372656134643
CXCL9_CXCR3,cDC1,pDC,3,2.0,0.7846279963128162,False,True,Deng_Liu_LUAD_2024;Hu_Zhang_2023_NSCLC,0.6666666666666666,0.2615426654376054,III-IV,1,0.0,1,1,0.0,0.2615426654376054
TGFB1_TGFBR3,myeloid dividing,Pericyte,2,2.0,0.5618082186128559,True,False,Deng_Liu_LUAD_2024;Hu_Zhang_2023_NSCLC,1.0,0.28090410930642795,III-IV,1,0.01953430062590337,3,1,0.01953430062590337,0.26136980868052456
CD86_CTLA4,cDC2,cDC1,3,2.0,0.7837631929800333,True,False,Chen_Zhang_2020;Hu_Zhang_2023_NSCLC,0.6666666666666666,0.2612543976600111,III-IV,1,0.0,1,1,0.0,0.2612543976600111
ALCAM_CD6,cDC2,T cell CD8 dividing,4,2.0,1.3931051292838312,True,True,Deng_Liu_LUAD_2024;Hu_Zhang_2023_NSCLC,0.5,0.3482762823209578,III-IV,1,0.08707941144650005,4,1,0.08707941144650005,0.26119687087445775
CD86_CTLA4,myeloid dividing,T cell CD8 activated,3,3.0,1.4812977883230574,True,False,Chen_Zhang_2020;Deng_Liu_LUAD_2024;Hu_Zhang_2023_NSCLC,1.0,0.4937659294410191,III-IV,1,0.2325814129611598,2,1,0.2325814129611598,0.2611845164798593
TNFSF12_TNFRSF12A,Macrophage,Pericyte,2,2.0,0.52212669404661,True,True,Deng_Liu_LUAD_2024;Hu_Zhang_2023_NSCLC,1.0,0.261063347023305,III-IV,1,0.0,3,1,0.0,0.261063347023305
PPIA_BSG,Macrophage alveolar,Fibroblast peribronchial,4,2.0,1.7559388577277368,True,True,Deng_Liu_LUAD_2024;Hu_Zhang_2023_NSCLC,0.5,0.4389847144319342,III-IV,1,0.17792924375202857,5,1,0.17792924375202857,0.26105547067990564
THY1_ADGRE5,Fibroblast peribronchial,Monocyte classical,4,2.0,1.7078831797050402,True,False,Deng_Liu_LUAD_2024;Hu_Zhang_2023_NSCLC,0.5,0.42697079492626006,III-IV,1,0.16595261278805581,5,1,0.16595261278805581,0.26101818213820427
CXCL2_DPP4,Macrophage,pDC,4,2.0,1.0440317182586374,True,False,Deng_Liu_LUAD_2024;Hu_Zhang_2023_NSCLC,0.5,0.26100792956465935,III-IV,1,0.0,3,1,0.0,0.26100792956465935
CCL19_CCRL2,DC mature,DC mature,3,2.0,0.7816752443138035,True,False,Deng_Liu_LUAD_2024;Hu_Zhang_2023_NSCLC,0.6666666666666666,0.26055841477126784,III-IV,1,0.0,1,1,0.0,0.26055841477126784
IL1RN_IL1_receptor_inhibitor,Macrophage,Neutrophils,4,2.0,1.0415222706711478,True,False,Deng_Liu_LUAD_2024;Hu_Zhang_2023_NSCLC,0.5,0.26038056766778694,III-IV,1,0.0,3,1,0.0,0.26038056766778694
THY1_ADGRE5,Fibroblast peribronchial,cDC2,4,2.0,1.689928587962247,True,False,Deng_Liu_LUAD_2024;Hu_Zhang_2023_NSCLC,0.5,0.42248214699056175,III-IV,1,0.16237152439684086,5,1,0.16237152439684086,0.26011062259372086
FN1_integrin_aVb1_complex,Macrophage,Fibroblast peribronchial,4,2.0,1.4649713459125482,True,False,Deng_Liu_LUAD_2024;Hu_Zhang_2023_NSCLC,0.5,0.36624283647813705,III-IV,1,0.10630747592772909,5,1,0.10630747592772909,0.25993536055040795
ICAM1_ITGAL,cDC1,pDC,3,2.0,0.7797780607970294,True,False,Deng_Liu_LUAD_2024;Hu_Zhang_2023_NSCLC,0.6666666666666666,0.25992602026567646,III-IV,1,0.0,1,1,0.0,0.25992602026567646
ICAM1_integrin_aLb2_complex,cDC1,pDC,3,2.0,0.7797780607970294,True,False,Deng_Liu_LUAD_2024;Hu_Zhang_2023_NSCLC,0.6666666666666666,0.25992602026567646,III-IV,1,0.0,1,1,0.0,0.25992602026567646
PLAU_PLAUR,myeloid dividing,Plasma cell,3,2.0,0.7796650046482668,True,False,Deng_Liu_LUAD_2024;Hu_Zhang_2023_NSCLC,0.6666666666666666,0.2598883348827556,III-IV,1,0.0,4,1,0.0,0.2598883348827556
ICAM1_ITGAL,DC mature,Plasma cell,3,2.0,0.7794132096766554,True,False,Deng_Liu_LUAD_2024;Hu_Zhang_2023_NSCLC,0.6666666666666666,0.2598044032255518,III-IV,1,0.0,1,1,0.0,0.2598044032255518
APP_TREM2_receptor,DC mature,Macrophage alveolar,3,3.0,0.7783859225549709,False,False,Chen_Zhang_2020;Deng_Liu_LUAD_2024;Hu_Zhang_2023_NSCLC,1.0,0.2594619741849903,III-IV,1,0.0,1,1,0.0,0.2594619741849903
PLAU_PLAUR,Pericyte,Monocyte classical,2,2.0,1.64018008475494,False,True,Deng_Liu_LUAD_2024;Hu_Zhang_2023_NSCLC,1.0,0.82009004237747,III-IV,1,0.560636777967979,3,1,0.560636777967979,0.259453264409491
FN1_integrin_a4b1_complex,Monocyte classical,myeloid dividing,3,2.0,0.8494368921343203,False,False,Deng_Liu_LUAD_2024;Hu_Zhang_2023_NSCLC,0.6666666666666666,0.2831456307114401,III-IV,1,0.02381531970139565,4,1,0.02381531970139565,0.25933031101004445
PTPRC_MRC1,Macrophage alveolar,Macrophage alveolar,4,4.0,2.868274703344283,True,True,Chen_Zhang_2020;Deng_Liu_LUAD_2024;Hu_Zhang_2023_NSCLC;Zilionis_Klein_2019,1.0,0.7170686758360707,III-IV,1,0.45774675016492017,5,1,0.45774675016492017,0.25932192567115053
COL10A1_integrin_a11b1_complex,Fibroblast peribronchial,Fibroblast peribronchial,4,2.0,1.539424496353141,True,False,Deng_Liu_LUAD_2024;Hu_Zhang_2023_NSCLC,0.5,0.38485612408828523,III-IV,1,0.1259006815968841,5,1,0.1259006815968841,0.2589554424914011
CD47_SIRPA,myeloid dividing,cDC2,3,2.0,1.2205862765691267,True,True,Deng_Liu_LUAD_2024;Hu_Zhang_2023_NSCLC,0.6666666666666666,0.40686209218970887,III-IV,1,0.147949799848534,4,1,0.147949799848534,0.25891229234117485
HLA-E_KLRK1,T cell CD8 terminally exhausted,T cell CD8 dividing,4,3.0,2.6904928650318563,False,True,Chen_Zhang_2020;Deng_Liu_LUAD_2024;Lambrechts_Thienpont_2018_6653,0.75,0.6726232162579641,III-IV,1,0.41379221382317277,4,1,0.41379221382317277,0.2588310024347913
SEMA7A_integrin_a1b1_complex,pDC,Fibroblast peribronchial,4,2.0,1.0350653774404157,True,False,Deng_Liu_LUAD_2024;Hu_Zhang_2023_NSCLC,0.5,0.25876634436010393,III-IV,1,0.0,3,1,0.0,0.25876634436010393
CXCL10_CXCR3,Macrophage,pDC,4,2.0,1.0343973760738696,True,True,Deng_Liu_LUAD_2024;Hu_Zhang_2023_NSCLC,0.5,0.2585993440184674,III-IV,1,0.0,3,1,0.0,0.2585993440184674
CD58_CD2,Monocyte classical,T cell CD8 dividing,4,2.0,1.755276306185345,True,True,Deng_Liu_LUAD_2024;Hu_Zhang_2023_NSCLC,0.5,0.43881907654633623,III-IV,1,0.18024450935843342,4,1,0.18024450935843342,0.25857456718790284
ICAM3_integrin_aLb2_complex,Plasma cell,cDC1,3,2.0,0.7757194175864597,True,False,Deng_Liu_LUAD_2024;Hu_Zhang_2023_NSCLC,0.6666666666666666,0.2585731391954866,III-IV,1,0.0,1,1,0.0,0.2585731391954866
ProstaglandinE2_byPTGES3_PTGER2,myeloid dividing,Monocyte classical,3,2.0,1.1360426558240215,False,False,Deng_Liu_LUAD_2024;Hu_Zhang_2023_NSCLC,0.6666666666666666,0.37868088527467386,III-IV,1,0.1203343070431678,4,1,0.1203343070431678,0.2583465782315061
COL18A1_integrin_a1b1_complex,Fibroblast peribronchial,T cell CD8 dividing,3,2.0,1.2028325627255116,True,False,Deng_Liu_LUAD_2024;Hu_Zhang_2023_NSCLC,0.6666666666666666,0.40094418757517053,III-IV,1,0.14275668073136427,4,1,0.14275668073136427,0.25818750684380626
CD58_CD2,Macrophage alveolar,T cell CD8 effector memory,4,2.0,1.6233900529406595,True,True,Deng_Liu_LUAD_2024;Hu_Zhang_2023_NSCLC,0.5,0.4058475132351649,III-IV,1,0.147668505896354,5,1,0.147668505896354,0.2581790073388109
LGALS9_HAVCR2,myeloid dividing,myeloid dividing,3,2.0,1.327465905910166,True,True,Deng_Liu_LUAD_2024;Hu_Zhang_2023_NSCLC,0.6666666666666666,0.4424886353033887,III-IV,1,0.18431515741642324,4,1,0.18431515741642324,0.2581734778869655
ICAM1_integrin_aLb2_complex,DC mature,Plasma cell,3,2.0,0.7741860073135634,True,False,Deng_Liu_LUAD_2024;Hu_Zhang_2023_NSCLC,0.6666666666666666,0.25806200243785443,III-IV,1,0.0,1,1,0.0,0.25806200243785443
CD58_CD2,cDC2,T cell CD8 terminally exhausted,4,2.0,1.8457762472647876,True,True,Deng_Liu_LUAD_2024;Hu_Zhang_2023_NSCLC,0.5,0.4614440618161969,III-IV,1,0.20339716542248187,4,1,0.20339716542248187,0.25804689639371503
TNFSF13B_TNFRSF17,cDC1,Plasma cell,3,3.0,0.7740429285251503,True,True,Chen_Zhang_2020;Deng_Liu_LUAD_2024;Hu_Zhang_2023_NSCLC,1.0,0.25801430950838344,III-IV,1,0.0,1,1,0.0,0.25801430950838344
TGFB1_TGFbeta_receptor1,myeloid dividing,Pericyte,2,2.0,0.5793048538753055,True,False,Deng_Liu_LUAD_2024;Hu_Zhang_2023_NSCLC,1.0,0.28965242693765275,III-IV,1,0.031753759601860866,3,1,0.031753759601860866,0.25789866733579186
PPIA_BSG,Macrophage,Macrophage alveolar,4,2.0,1.7481133232606614,True,True,Deng_Liu_LUAD_2024;Hu_Zhang_2023_NSCLC,0.5,0.43702833081516534,III-IV,1,0.17927079952396408,5,1,0.17927079952396408,0.25775753129120127
ANXA1_FPR1,Plasma cell,Monocyte classical,5,3.0,1.2883768198966496,False,True,Deng_Liu_LUAD_2024;Hu_Zhang_2023_NSCLC;Lambrechts_Thienpont_2018_6653,0.6,0.25767536397932994,III-IV,1,0.0,5,1,0.0,0.25767536397932994
F11R_integrin_aLb2_complex,cDC2,T cell CD4 dividing,3,2.0,0.7729963792013033,False,False,Deng_Liu_LUAD_2024;Hu_Zhang_2023_NSCLC,0.6666666666666666,0.25766545973376775,III-IV,1,0.0,2,1,0.0,0.25766545973376775
COL6A3_integrin_a2b1_complex,Fibroblast peribronchial,Fibroblast peribronchial,4,2.0,1.7641185955071812,True,False,Deng_Liu_LUAD_2024;Hu_Zhang_2023_NSCLC,0.5,0.4410296488767953,III-IV,1,0.18357676079195068,5,1,0.18357676079195068,0.2574528880848446
CD86_CTLA4,myeloid dividing,T cell CD4,3,3.0,1.5537090909759017,True,False,Chen_Zhang_2020;Deng_Liu_LUAD_2024;Hu_Zhang_2023_NSCLC,1.0,0.5179030303253006,III-IV,1,0.26063951529614054,4,1,0.26063951529614054,0.25726351502916006
HLA-E_KLRK1,B cell,T cell CD8 effector memory,6,3.0,2.705186506953793,False,True,Deng_Liu_LUAD_2024;Lambrechts_Thienpont_2018_6653;Maynard_Bivona_2020,0.5,0.4508644178256322,III-IV,1,0.19389721627408993,5,1,0.19389721627408993,0.2569672015515423
VEGFB_NRP1,Fibroblast peribronchial,myeloid dividing,3,2.0,0.9301559552303695,True,True,Deng_Liu_LUAD_2024;Hu_Zhang_2023_NSCLC,0.6666666666666666,0.3100519850767898,III-IV,1,0.053148328464784164,4,1,0.053148328464784164,0.25690365661200565
ANXA1_FPR3,myeloid dividing,cDC2,3,3.0,2.306819273287555,True,True,Chen_Zhang_2020;Deng_Liu_LUAD_2024;Hu_Zhang_2023_NSCLC,1.0,0.7689397577625184,III-IV,1,0.5120833986506114,4,1,0.5120833986506114,0.2568563591119071
PVR_TIGIT,myeloid dividing,T cell CD8 terminally exhausted,3,3.0,1.5586257700861332,False,True,Chen_Zhang_2020;Deng_Liu_LUAD_2024;Hu_Zhang_2023_NSCLC,1.0,0.5195419233620444,III-IV,1,0.26269732642719396,4,1,0.26269732642719396,0.25684459693485046
CD274_CD80,cDC1,DC mature,3,2.0,0.7702719959889294,False,True,Deng_Liu_LUAD_2024;Hu_Zhang_2023_NSCLC,0.6666666666666666,0.2567573319963098,III-IV,1,0.0,1,1,0.0,0.2567573319963098
GAS6_AXL,cDC1,Fibroblast peribronchial,3,3.0,0.7702034061548493,False,True,Chen_Zhang_2020;Deng_Liu_LUAD_2024;Hu_Zhang_2023_NSCLC,1.0,0.2567344687182831,III-IV,1,0.0,1,1,0.0,0.2567344687182831
CD47_SIRPA,cDC2,myeloid dividing,3,2.0,1.2132999271536815,True,True,Deng_Liu_LUAD_2024;Hu_Zhang_2023_NSCLC,0.6666666666666666,0.40443330905122715,III-IV,1,0.14778751487612246,4,1,0.14778751487612246,0.2566457941751047
ICAM1_integrin_aLb2_complex,Plasma cell,T cell CD4 dividing,3,2.0,0.7699211925206493,False,False,Deng_Liu_LUAD_2024;Hu_Zhang_2023_NSCLC,0.6666666666666666,0.2566403975068831,III-IV,1,0.0,2,1,0.0,0.2566403975068831
TNFSF13_TNFRSF17,Macrophage,Plasma cell,5,4.0,1.2819862700015687,True,True,Chen_Zhang_2020;Deng_Liu_LUAD_2024;Lambrechts_Thienpont_2018_6653;Zilionis_Klein_2019,0.8,0.25639725400031377,III-IV,1,0.0,5,1,0.0,0.25639725400031377
COL6A2_integrin_a2b1_complex,Fibroblast peribronchial,Fibroblast peribronchial,4,2.0,1.6406645852032056,True,False,Deng_Liu_LUAD_2024;Hu_Zhang_2023_NSCLC,0.5,0.4101661463008014,III-IV,1,0.15377042085902845,5,1,0.15377042085902845,0.2563957254417729
CD58_CD2,Monocyte classical,T cell CD8 terminally exhausted,4,2.0,1.8200258684314936,True,True,Deng_Liu_LUAD_2024;Hu_Zhang_2023_NSCLC,0.5,0.4550064671078734,III-IV,1,0.19870442497024776,4,1,0.19870442497024776,0.25630204213762564
CD47_SIRB1_complex,cDC1,pDC,3,2.0,0.7688415883999052,True,False,Deng_Liu_LUAD_2024;Hu_Zhang_2023_NSCLC,0.6666666666666666,0.2562805294666351,III-IV,1,0.0,1,1,0.0,0.2562805294666351
COL5A1_integrin_a11b1_complex,Fibroblast peribronchial,Fibroblast peribronchial,4,2.0,1.7192237500153371,True,False,Deng_Liu_LUAD_2024;Hu_Zhang_2023_NSCLC,0.5,0.4298059375038343,III-IV,1,0.17359082548955967,5,1,0.17359082548955967,0.2562151120142746
IFNG_Type_II_IFNR,T cell CD8 terminally exhausted,Macrophage alveolar,3,2.0,1.1708695707184595,True,False,Deng_Liu_LUAD_2024;Hu_Zhang_2023_NSCLC,0.6666666666666666,0.3902898569061532,III-IV,1,0.13414205344585092,4,1,0.13414205344585092,0.2561478034603023
CD93_IFNGR1,Monocyte classical,myeloid dividing,3,2.0,1.2817335705279473,True,True,Deng_Liu_LUAD_2024;Hu_Zhang_2023_NSCLC,0.6666666666666666,0.4272445235093158,III-IV,1,0.1711700746510873,4,1,0.1711700746510873,0.2560744488582285
FBN1_integrin_a5b1_complex,Pericyte,cDC1,2,2.0,0.512024754934705,True,False,Deng_Liu_LUAD_2024;Hu_Zhang_2023_NSCLC,1.0,0.2560123774673525,III-IV,1,0.0,1,1,0.0,0.2560123774673525
LGALS9_P4HB,pDC,Plasma cell,4,2.0,1.023339748343843,False,True,Deng_Liu_LUAD_2024;Hu_Zhang_2023_NSCLC,0.5,0.2558349370859607,III-IV,1,0.0,3,1,0.0,0.2558349370859607
FBN1_integrin_a5b1_complex,Fibroblast peribronchial,NK cell,4,2.0,1.2608017982767636,True,False,Deng_Liu_LUAD_2024;Hu_Zhang_2023_NSCLC,0.5,0.3152004495691909,III-IV,1,0.059796602834577516,5,1,0.059796602834577516,0.2554038467346134
TGFB1_TGFbeta_receptor1,T cell CD8 dividing,Macrophage alveolar,3,2.0,0.7660972292147081,True,False,Deng_Liu_LUAD_2024;Hu_Zhang_2023_NSCLC,0.6666666666666666,0.2553657430715694,III-IV,1,0.0,4,1,0.0,0.2553657430715694
TNFSF13B_TNFRSF17,Monocyte classical,Plasma cell,5,3.0,1.2762208453007964,True,True,Deng_Liu_LUAD_2024;Hu_Zhang_2023_NSCLC;Lambrechts_Thienpont_2018_6653,0.6,0.2552441690601593,III-IV,1,0.0,5,1,0.0,0.2552441690601593
Cholesterol_byLIPA_RORA,Macrophage,Fibroblast peribronchial,4,2.0,1.569239623005946,False,True,Deng_Liu_LUAD_2024;Hu_Zhang_2023_NSCLC,0.5,0.3923099057514865,III-IV,1,0.1371308016877637,5,1,0.1371308016877637,0.2551791040637228
HLA-E_KLRK1,NK cell,T cell CD8 dividing,4,3.0,2.70718432551244,False,True,Chen_Zhang_2020;Deng_Liu_LUAD_2024;Lambrechts_Thienpont_2018_6653,0.75,0.67679608137811,III-IV,1,0.42165357668053677,4,1,0.42165357668053677,0.2551425046975732
TGFB1_TGFbeta_receptor1,T cell CD8 dividing,myeloid dividing,3,2.0,0.8087358928380426,True,False,Deng_Liu_LUAD_2024;Hu_Zhang_2023_NSCLC,0.6666666666666666,0.2695786309460142,III-IV,1,0.014443362544628368,4,1,0.014443362544628368,0.25513526840138584
CLEC2B_KLRF1,T cell CD8 terminally exhausted,NK cell,4,2.0,1.6350332295220742,True,True,Deng_Liu_LUAD_2024;Hu_Zhang_2023_NSCLC,0.5,0.40875830738051855,III-IV,1,0.15367034512604133,4,1,0.15367034512604133,0.2550879622544772
APP_TREM2_receptor,DC mature,myeloid dividing,3,3.0,0.7652110031629265,False,False,Chen_Zhang_2020;Deng_Liu_LUAD_2024;Hu_Zhang_2023_NSCLC,1.0,0.25507033438764215,III-IV,1,0.0,1,1,0.0,0.25507033438764215
TNF_TNFRSF1B,T cell regulatory,DC mature,3,2.0,0.7651865646059327,False,True,Deng_Liu_LUAD_2024;Hu_Zhang_2023_NSCLC,0.6666666666666666,0.25506218820197757,III-IV,1,0.0,1,1,0.0,0.25506218820197757
ALCAM_CD6,Monocyte classical,T cell CD4 dividing,3,2.0,1.0184091836366904,True,True,Deng_Liu_LUAD_2024;Hu_Zhang_2023_NSCLC,0.6666666666666666,0.3394697278788968,III-IV,1,0.08482094558043925,2,1,0.08482094558043925,0.25464878229845755
GAS6_MERTK,pDC,myeloid dividing,3,2.0,0.7635820598155372,True,True,Deng_Liu_LUAD_2024;Hu_Zhang_2023_NSCLC,0.6666666666666666,0.2545273532718457,III-IV,1,0.0,2,1,0.0,0.2545273532718457
CXCL16_CXCR6,pDC,T cell CD8 terminally exhausted,3,2.0,0.7634523570227552,False,True,Deng_Liu_LUAD_2024;Hu_Zhang_2023_NSCLC,0.6666666666666666,0.25448411900758505,III-IV,1,0.0,2,1,0.0,0.25448411900758505
COL4A1_integrin_a1b1_complex,Fibroblast peribronchial,T cell CD8 dividing,3,2.0,1.343698010717477,True,False,Deng_Liu_LUAD_2024;Hu_Zhang_2023_NSCLC,0.6666666666666666,0.4478993369058257,III-IV,1,0.19348425835767608,4,1,0.19348425835767608,0.2544150785481496
SEMA7A_PLXNC1,pDC,cDC1,3,2.0,0.7631766825536259,True,False,Deng_Liu_LUAD_2024;Hu_Zhang_2023_NSCLC,0.6666666666666666,0.2543922275178753,III-IV,1,0.0,1,1,0.0,0.2543922275178753
ICAM1_SPN,Macrophage,myeloid dividing,3,2.0,1.2189154723005988,True,True,Deng_Liu_LUAD_2024;Hu_Zhang_2023_NSCLC,0.6666666666666666,0.40630515743353296,III-IV,1,0.15195282916801905,4,1,0.15195282916801905,0.2543523282655139
ANXA1_FPR3,DC mature,myeloid dividing,3,2.0,0.7630190053400017,False,True,Deng_Liu_LUAD_2024;Hu_Zhang_2023_NSCLC,0.6666666666666666,0.2543396684466672,III-IV,1,0.0,1,1,0.0,0.2543396684466672
VEGFB_FLT1,pDC,Macrophage,4,2.0,1.0172677124271443,True,False,Deng_Liu_LUAD_2024;Hu_Zhang_2023_NSCLC,0.5,0.2543169281067861,III-IV,1,0.0,3,1,0.0,0.2543169281067861
HLA-E_KLRK1,Mast cell,T cell CD8 dividing,4,3.0,2.532140250190672,False,True,Chen_Zhang_2020;Deng_Liu_LUAD_2024;Lambrechts_Thienpont_2018_6653,0.75,0.633035062547668,III-IV,1,0.37903318689256876,4,1,0.37903318689256876,0.2540018756550992
TGFB1_TGFbeta_receptor1,T cell CD4,myeloid dividing,3,2.0,0.8022728597407266,False,False,Deng_Liu_LUAD_2024;Hu_Zhang_2023_NSCLC,0.6666666666666666,0.2674242865802422,III-IV,1,0.013496700205560964,4,1,0.013496700205560964,0.2539275863746812
ANXA1_FPR1,T cell CD8 activated,Macrophage,4,3.0,1.951058865594024,True,True,Deng_Liu_LUAD_2024;Hu_Zhang_2023_NSCLC;Zilionis_Klein_2019,0.75,0.487764716398506,III-IV,1,0.23388870857225288,3,1,0.23388870857225288,0.2538760078262531
APP_TNFRSF21,Macrophage,pDC,4,2.0,1.0154683336103913,False,True,Deng_Liu_LUAD_2024;Hu_Zhang_2023_NSCLC,0.5,0.25386708340259784,III-IV,1,0.0,3,1,0.0,0.25386708340259784
FN1_integrin_a4b7_complex,Macrophage,T cell CD8 dividing,4,2.0,1.01521901674736,True,False,Deng_Liu_LUAD_2024;Hu_Zhang_2023_NSCLC,0.5,0.25380475418684,III-IV,1,0.0,4,1,0.0,0.25380475418684
VEGFB_FLT1,myeloid dividing,Monocyte classical,3,2.0,0.7613594482593997,True,False,Deng_Liu_LUAD_2024;Hu_Zhang_2023_NSCLC,0.6666666666666666,0.25378648275313326,III-IV,1,0.0,4,1,0.0,0.25378648275313326
THBS1_CD36,Monocyte classical,pDC,4,2.0,1.0151233829107498,False,True,Deng_Liu_LUAD_2024;Hu_Zhang_2023_NSCLC,0.5,0.25378084572768744,III-IV,1,0.0,3,1,0.0,0.25378084572768744
HBEGF_EGFR,Macrophage alveolar,Pericyte,2,2.0,0.7442151728383021,True,True,Deng_Liu_LUAD_2024;Hu_Zhang_2023_NSCLC,1.0,0.37210758641915104,III-IV,1,0.11835983987882721,3,1,0.11835983987882721,0.25374774654032384
FBN1_integrin_a5b1_complex,Fibroblast peribronchial,Fibroblast peribronchial,4,2.0,1.405421142565607,True,False,Deng_Liu_LUAD_2024;Hu_Zhang_2023_NSCLC,0.5,0.3513552856414017,III-IV,1,0.09761982040463053,5,1,0.09761982040463053,0.2537354652367712
TNF_TNFRSF1A,myeloid dividing,Monocyte classical,3,2.0,0.760690756850424,True,False,Deng_Liu_LUAD_2024;Hu_Zhang_2023_NSCLC,0.6666666666666666,0.253563585616808,III-IV,1,0.0,4,1,0.0,0.253563585616808
CD47_SIRPA,myeloid dividing,Macrophage alveolar,3,2.0,1.2750165867060272,True,True,Deng_Liu_LUAD_2024;Hu_Zhang_2023_NSCLC,0.6666666666666666,0.4250055289020091,III-IV,1,0.1717245483068268,4,1,0.1717245483068268,0.25328098059518234
HLA-E_KLRK1,T cell CD8 effector memory,T cell CD8 dividing,4,3.0,2.6642576821750605,False,True,Chen_Zhang_2020;Deng_Liu_LUAD_2024;Lambrechts_Thienpont_2018_6653,0.75,0.6660644205437651,III-IV,1,0.41279272796293776,4,1,0.41279272796293776,0.2532716925808274
LTB_LTBR,T cell regulatory,Fibroblast peribronchial,4,2.0,1.534660846361922,True,False,Deng_Liu_LUAD_2024;Hu_Zhang_2023_NSCLC,0.5,0.3836652115904805,III-IV,1,0.13041220382992535,5,1,0.13041220382992535,0.25325300776055515
LGALS9_P4HB,myeloid dividing,Monocyte classical,3,2.0,1.2985520502228394,True,False,Deng_Liu_LUAD_2024;Hu_Zhang_2023_NSCLC,0.6666666666666666,0.4328506834076131,III-IV,1,0.17960889321648815,4,1,0.17960889321648815,0.25324179019112497
CCL3_CCR1,Neutrophils,Macrophage,4,2.0,1.0127985443388727,False,True,Deng_Liu_LUAD_2024;Hu_Zhang_2023_NSCLC,0.5,0.2531996360847182,III-IV,1,0.0,3,1,0.0,0.2531996360847182
CD58_CD2,Macrophage,T cell CD8 dividing,4,2.0,1.7321285054835407,True,True,Deng_Liu_LUAD_2024;Hu_Zhang_2023_NSCLC,0.5,0.4330321263708852,III-IV,1,0.1801363193768257,4,1,0.1801363193768257,0.25289580699405945
PVR_CD96,Macrophage alveolar,T cell CD8 dividing,3,2.0,1.30206331853513,False,True,Deng_Liu_LUAD_2024;Hu_Zhang_2023_NSCLC,0.6666666666666666,0.4340211061783767,III-IV,1,0.18113855259557143,4,1,0.18113855259557143,0.25288255358280526
ICAM1_SPN,cDC2,myeloid dividing,3,2.0,1.130276852678802,True,True,Deng_Liu_LUAD_2024;Hu_Zhang_2023_NSCLC,0.6666666666666666,0.37675895089293404,III-IV,1,0.12391810018392296,4,1,0.12391810018392296,0.2528408507090111
HLA-E_CD94:NKG2C,T cell CD8 terminally exhausted,NK cell,4,4.0,3.1403231541786187,False,False,Chen_Zhang_2020;Deng_Liu_LUAD_2024;Hu_Zhang_2023_NSCLC;Lambrechts_Thienpont_2018_6653,1.0,0.7850807885446547,III-IV,1,0.5322477313184218,4,1,0.5322477313184218,0.25283305722623284
LTA_TNFRSF1B,T cell CD4 dividing,DC mature,3,2.0,0.7584696512992976,False,True,Deng_Liu_LUAD_2024;Hu_Zhang_2023_NSCLC,0.6666666666666666,0.25282321709976585,III-IV,1,0.0,1,1,0.0,0.25282321709976585
LGALS9_P4HB,myeloid dividing,Macrophage alveolar,3,2.0,1.3388982569004395,True,True,Deng_Liu_LUAD_2024;Hu_Zhang_2023_NSCLC,0.6666666666666666,0.4462994189668132,III-IV,1,0.19348425835767608,4,1,0.19348425835767608,0.2528151606091371
GAS6_AXL,Fibroblast peribronchial,cDC1,3,2.0,0.7583924068416025,True,True,Deng_Liu_LUAD_2024;Hu_Zhang_2023_NSCLC,0.6666666666666666,0.25279746894720084,III-IV,1,0.0,1,1,0.0,0.25279746894720084
KLRB1_CLEC2D,T cell CD4,T cell CD8 terminally exhausted,4,2.0,1.5217620494352844,True,True,Deng_Liu_LUAD_2024;Hu_Zhang_2023_NSCLC,0.5,0.3804405123588211,III-IV,1,0.12769122579249162,4,1,0.12769122579249162,0.25274928656632945
LGALS3_MERTK,DC mature,Macrophage,3,2.0,0.7581033395051668,False,True,Deng_Liu_LUAD_2024;Hu_Zhang_2023_NSCLC,0.6666666666666666,0.25270111316838895,III-IV,1,0.0,1,1,0.0,0.25270111316838895
LTB_LTBR,T cell CD4,Fibroblast peribronchial,4,2.0,1.466873848296519,True,False,Deng_Liu_LUAD_2024;Hu_Zhang_2023_NSCLC,0.5,0.3667184620741297,III-IV,1,0.11405387861084064,5,1,0.11405387861084064,0.25266458346328907
THBS1_integrin_a3b1_complex,Fibroblast peribronchial,Pericyte,2,2.0,0.8887806787071986,True,False,Deng_Liu_LUAD_2024;Hu_Zhang_2023_NSCLC,1.0,0.4443903393535993,III-IV,1,0.1917487107360525,3,1,0.1917487107360525,0.2526416286175468
COL6A1_integrin_a1b1_complex,Fibroblast peribronchial,T cell CD8 effector memory,4,2.0,1.6925054632724263,True,False,Deng_Liu_LUAD_2024;Hu_Zhang_2023_NSCLC,0.5,0.4231263658181066,III-IV,1,0.17052904901006166,5,1,0.17052904901006166,0.2525973168080449
SEMA4D_PTPRC,T cell CD8 dividing,T cell regulatory,4,2.0,1.894490845292709,True,True,Deng_Liu_LUAD_2024;Hu_Zhang_2023_NSCLC,0.5,0.47362271132317724,III-IV,1,0.2212485123877529,4,1,0.2212485123877529,0.25237419893542434
LGALS9_P4HB,myeloid dividing,cDC2,3,2.0,1.2772716050723378,True,False,Deng_Liu_LUAD_2024;Hu_Zhang_2023_NSCLC,0.6666666666666666,0.4257572016907793,III-IV,1,0.17338796927404523,4,1,0.17338796927404523,0.25236923241673404
LAIR1_LILRB4,pDC,cDC2,4,3.0,1.009364534587334,True,True,Chen_Zhang_2020;Deng_Liu_LUAD_2024;Hu_Zhang_2023_NSCLC,0.75,0.2523411336468335,III-IV,1,0.0,3,1,0.0,0.2523411336468335
ICAM1_integrin_aXb2_complex,cDC1,DC mature,3,2.0,0.7566992139701498,True,False,Deng_Liu_LUAD_2024;Hu_Zhang_2023_NSCLC,0.6666666666666666,0.2522330713233833,III-IV,1,0.0,1,1,0.0,0.2522330713233833
HLA-E_KLRK1,T cell CD4,T cell CD8 effector memory,6,3.0,2.6683518941218964,False,True,Deng_Liu_LUAD_2024;Lambrechts_Thienpont_2018_6653;Maynard_Bivona_2020,0.5,0.44472531568698276,III-IV,1,0.19250535331905783,5,1,0.19250535331905783,0.25221996236792493
PLAUR_integrin_a4b1_complex,Monocyte classical,Macrophage alveolar,4,2.0,1.621674622570464,True,False,Deng_Liu_LUAD_2024;Hu_Zhang_2023_NSCLC,0.5,0.405418655642616,III-IV,1,0.1532078329546684,5,1,0.1532078329546684,0.2522108226879476
CCL3_CCR5,T cell CD8 dividing,cDC2,4,2.0,1.0076950610429667,True,False,Deng_Liu_LUAD_2024;Hu_Zhang_2023_NSCLC,0.5,0.25192376526074167,III-IV,1,0.0,4,1,0.0,0.25192376526074167
integrin_aVb1_complex_ADGRE5,Fibroblast peribronchial,NK cell,4,2.0,1.5520249481465853,False,True,Deng_Liu_LUAD_2024;Hu_Zhang_2023_NSCLC,0.5,0.38800623703664633,III-IV,1,0.1361138158606513,5,1,0.1361138158606513,0.25189242117599503
IFNG_Type_II_IFNR,T cell CD8 effector memory,myeloid dividing,3,2.0,1.103284195999531,False,False,Deng_Liu_LUAD_2024;Hu_Zhang_2023_NSCLC,0.6666666666666666,0.3677613986665103,III-IV,1,0.1160337552742616,4,1,0.1160337552742616,0.25172764339224873
ICAM1_ITGAL,Macrophage,pDC,4,2.0,1.0069060353004753,True,False,Deng_Liu_LUAD_2024;Hu_Zhang_2023_NSCLC,0.5,0.2517265088251188,III-IV,1,0.0,3,1,0.0,0.2517265088251188
ICAM1_integrin_aLb2_complex,Macrophage,pDC,4,2.0,1.0069060353004753,True,False,Deng_Liu_LUAD_2024;Hu_Zhang_2023_NSCLC,0.5,0.2517265088251188,III-IV,1,0.0,3,1,0.0,0.2517265088251188
PVR_CD96,myeloid dividing,T cell CD8 dividing,3,3.0,1.6049489215905446,False,True,Chen_Zhang_2020;Deng_Liu_LUAD_2024;Hu_Zhang_2023_NSCLC,1.0,0.5349829738635149,III-IV,1,0.28334562609216957,4,1,0.28334562609216957,0.25163734777134533
KLRB1_CLEC2D,T cell CD4,T cell CD4 dividing,3,2.0,1.4645989698039246,True,True,Deng_Liu_LUAD_2024;Hu_Zhang_2023_NSCLC,0.6666666666666666,0.4881996566013082,III-IV,1,0.23663853727144865,2,1,0.23663853727144865,0.2515611193298596
CCL3_CCR5,T cell CD8 dividing,Macrophage,4,2.0,1.0057811603668882,True,False,Deng_Liu_LUAD_2024;Hu_Zhang_2023_NSCLC,0.5,0.25144529009172206,III-IV,1,0.0,4,1,0.0,0.25144529009172206
COL9A2_integrin_a1b1_complex,T cell CD4 dividing,T cell CD8 dividing,3,2.0,0.7540207412449884,False,False,Deng_Liu_LUAD_2024;Hu_Zhang_2023_NSCLC,0.6666666666666666,0.2513402470816628,III-IV,1,0.0,2,1,0.0,0.2513402470816628
THY1_ADGRE5,Fibroblast peribronchial,Macrophage,4,2.0,1.6361373931091536,True,True,Deng_Liu_LUAD_2024;Hu_Zhang_2023_NSCLC,0.5,0.4090343482772884,III-IV,1,0.15773017418587038,5,1,0.15773017418587038,0.25130417409141803
integrin_aVb1_complex_ADGRE5,Fibroblast peribronchial,myeloid dividing,3,2.0,1.2128321438647198,False,True,Deng_Liu_LUAD_2024;Hu_Zhang_2023_NSCLC,0.6666666666666666,0.4042773812882399,III-IV,1,0.15325110894731148,4,1,0.15325110894731148,0.25102627234092845
CXCL2_DPP4,Pericyte,cDC1,2,2.0,0.6299322696660028,True,True,Deng_Liu_LUAD_2024;Hu_Zhang_2023_NSCLC,1.0,0.3149661348330014,III-IV,1,0.06394027913015254,1,1,0.06394027913015254,0.25102585570284885
ICAM1_ITGAL,Monocyte classical,T cell CD4 dividing,3,2.0,1.4803511576564823,True,True,Deng_Liu_LUAD_2024;Hu_Zhang_2023_NSCLC,0.6666666666666666,0.4934503858854941,III-IV,1,0.24242670128746077,2,1,0.24242670128746077,0.25102368459803337
CD58_CD2,Macrophage,T cell CD8 terminally exhausted,4,2.0,1.7985858824491263,True,True,Deng_Liu_LUAD_2024;Hu_Zhang_2023_NSCLC,0.5,0.4496464706122816,III-IV,1,0.19870442497024776,4,1,0.19870442497024776,0.2509420456420338
CD86_CTLA4,myeloid dividing,T cell regulatory,3,3.0,2.2457117726442366,True,True,Chen_Zhang_2020;Deng_Liu_LUAD_2024;Hu_Zhang_2023_NSCLC,1.0,0.7485705908814122,III-IV,1,0.4978042667632731,4,1,0.4978042667632731,0.2507663241181391
HEBP1_FPR3,Pericyte,myeloid dividing,2,2.0,0.6395477490120859,False,True,Deng_Liu_LUAD_2024;Hu_Zhang_2023_NSCLC,1.0,0.31977387450604294,III-IV,1,0.06922355656532872,3,1,0.06922355656532872,0.25055031794071425
CLEC2B_KLRF1,Fibroblast peribronchial,NK cell,4,2.0,1.2777934332902943,False,True,Deng_Liu_LUAD_2024;Hu_Zhang_2023_NSCLC,0.5,0.31944835832257357,III-IV,1,0.06891701828410689,5,1,0.06891701828410689,0.25053134003846667
VCAM1_integrin_a4b7_complex,Fibroblast peribronchial,T cell CD8 dividing,3,2.0,0.9011787768172902,True,False,Deng_Liu_LUAD_2024;Hu_Zhang_2023_NSCLC,0.6666666666666666,0.3003929256057634,III-IV,1,0.04986205777345018,4,1,0.04986205777345018,0.25053086783231326
FBN1_integrin_a5b1_complex,Pericyte,Macrophage alveolar,2,2.0,0.6983309878270673,True,False,Deng_Liu_LUAD_2024;Hu_Zhang_2023_NSCLC,1.0,0.34916549391353363,III-IV,1,0.09870532655342783,3,1,0.09870532655342783,0.2504601673601058
CD44_TYROBP,T cell CD8 terminally exhausted,Macrophage alveolar,3,3.0,2.807381346586772,False,True,Chen_Zhang_2020;Deng_Liu_LUAD_2024;Hu_Zhang_2023_NSCLC,1.0,0.9357937821955907,III-IV,1,0.6853506256002395,4,1,0.6853506256002395,0.2504431565953512
TNFSF12_TNFRSF12A,cDC2,Pericyte,2,2.0,0.5008860295903491,True,True,Deng_Liu_LUAD_2024;Hu_Zhang_2023_NSCLC,1.0,0.25044301479517456,III-IV,1,0.0,3,1,0.0,0.25044301479517456
TNFSF4_TNFRSF4,DC mature,T cell regulatory,3,2.0,0.7512996823246125,False,True,Deng_Liu_LUAD_2024;Hu_Zhang_2023_NSCLC,0.6666666666666666,0.2504332274415375,III-IV,1,0.0,1,1,0.0,0.2504332274415375
VCAM1_integrin_a4b1_complex,Fibroblast peribronchial,T cell CD8 effector memory,4,2.0,1.1401265636537747,True,False,Deng_Liu_LUAD_2024;Hu_Zhang_2023_NSCLC,0.5,0.2850316409134437,III-IV,1,0.03466407010710808,5,1,0.03466407010710808,0.2503675708063356
ALCAM_CD6,cDC2,T cell CD4 dividing,3,2.0,1.4259637359231596,True,True,Deng_Liu_LUAD_2024;Hu_Zhang_2023_NSCLC,0.6666666666666666,0.47532124530771985,III-IV,1,0.22500811424862058,2,1,0.22500811424862058,0.25031313105909925
CD58_CD2,T cell CD8 dividing,T cell CD4,4,2.0,1.6703331861309973,True,True,Deng_Liu_LUAD_2024;Hu_Zhang_2023_NSCLC,0.5,0.41758329653274934,III-IV,1,0.16727523531321,4,1,0.16727523531321,0.2503080612195393
SEMA4D_PLXNB2,T cell CD8 dividing,Fibroblast peribronchial,3,2.0,0.7506116395067646,True,False,Deng_Liu_LUAD_2024;Hu_Zhang_2023_NSCLC,0.6666666666666666,0.25020387983558817,III-IV,1,0.0,4,1,0.0,0.25020387983558817
LGALS9_HAVCR2,Macrophage alveolar,T cell CD8 dividing,3,2.0,1.270002264950948,True,True,Deng_Liu_LUAD_2024;Hu_Zhang_2023_NSCLC,0.6666666666666666,0.42333408831698266,III-IV,1,0.1732527317970356,4,1,0.1732527317970356,0.25008135651994706
integrin_aVb1_complex_ADGRE5,myeloid dividing,T cell CD4 dividing,3,2.0,1.0083541321523728,False,True,Deng_Liu_LUAD_2024;Hu_Zhang_2023_NSCLC,0.6666666666666666,0.33611804405079093,III-IV,1,0.08611922535973168,2,1,0.08611922535973168,0.24999881869105925
FN1_integrin_a11b1_complex,myeloid dividing,Fibroblast peribronchial,3,2.0,1.3038684292371765,True,False,Deng_Liu_LUAD_2024;Hu_Zhang_2023_NSCLC,0.6666666666666666,0.4346228097457255,III-IV,1,0.1846938223520502,4,1,0.1846938223520502,0.24992898739367528
IFNG_Type_II_IFNR,T cell CD8 terminally exhausted,Fibroblast peribronchial,3,2.0,0.958760042308365,True,False,Deng_Liu_LUAD_2024;Hu_Zhang_2023_NSCLC,0.6666666666666666,0.319586680769455,III-IV,1,0.06967434815536082,4,1,0.06967434815536082,0.24991233261409418
Histamine_byHDC_HRH2,Mast cell,myeloid dividing,3,3.0,1.7989930852705225,False,True,Chen_Zhang_2020;Deng_Liu_LUAD_2024;Hu_Zhang_2023_NSCLC,1.0,0.5996643617568408,III-IV,1,0.34978390817659105,4,1,0.34978390817659105,0.24988045358024974
CCL5_CCR4,T cell CD8 dividing,T cell regulatory,4,2.0,1.8756986377393896,True,False,Deng_Liu_LUAD_2024;Hu_Zhang_2023_NSCLC,0.5,0.4689246594348474,III-IV,1,0.2190576652601969,4,1,0.2190576652601969,0.2498669941746505
VEGFA_NRP2,DC mature,Fibroblast peribronchial,3,3.0,0.7487304124940934,False,True,Chen_Zhang_2020;Deng_Liu_LUAD_2024;Hu_Zhang_2023_NSCLC,1.0,0.24957680416469782,III-IV,1,0.0,1,1,0.0,0.24957680416469782
FN1_integrin_a4b1_complex,myeloid dividing,T cell CD8 dividing,3,2.0,1.3358204107861873,True,False,Deng_Liu_LUAD_2024;Hu_Zhang_2023_NSCLC,0.6666666666666666,0.44527347026206243,III-IV,1,0.19578329546683976,4,1,0.19578329546683976,0.24949017479522267
SDC2_ADGRA2,Macrophage alveolar,Pericyte,2,2.0,0.933725111554677,False,True,Deng_Liu_LUAD_2024;Hu_Zhang_2023_NSCLC,1.0,0.4668625557773385,III-IV,1,0.2175339896858884,3,1,0.2175339896858884,0.24932856609145007
VEGFA_NRP1,DC mature,myeloid dividing,3,3.0,0.7479570436794791,False,True,Chen_Zhang_2020;Deng_Liu_LUAD_2024;Hu_Zhang_2023_NSCLC,1.0,0.24931901455982639,III-IV,1,0.0,1,1,0.0,0.24931901455982639
LGALS3_MERTK,Monocyte classical,myeloid dividing,3,2.0,1.1661222701997027,True,True,Deng_Liu_LUAD_2024;Hu_Zhang_2023_NSCLC,0.6666666666666666,0.3887074233999009,III-IV,1,0.1394298387969274,4,1,0.1394298387969274,0.24927758460297347
SELPLG_SELL,DC mature,T cell CD4 dividing,3,2.0,0.7476237860063385,True,False,Deng_Liu_LUAD_2024;Hu_Zhang_2023_NSCLC,0.6666666666666666,0.2492079286687795,III-IV,1,0.0,1,1,0.0,0.2492079286687795
CD248_IL6R,Fibroblast peribronchial,Neutrophils,3,2.0,0.7471217675466054,True,False,Deng_Liu_LUAD_2024;Hu_Zhang_2023_NSCLC,0.6666666666666666,0.24904058918220182,III-IV,1,0.0,3,1,0.0,0.24904058918220182
ANXA1_FPR2,Monocyte classical,Monocyte classical,6,3.0,1.4927350399992625,True,True,Hu_Zhang_2023_NSCLC;Lambrechts_Thienpont_2018_6653;Maynard_Bivona_2020,0.5,0.2487891733332104,III-IV,1,0.0,5,1,0.0,0.2487891733332104
HLA-E_KLRK1,T cell CD4,T cell CD8 dividing,4,3.0,2.6009148494040053,False,True,Chen_Zhang_2020;Deng_Liu_LUAD_2024;Lambrechts_Thienpont_2018_6653,0.75,0.6502287123510013,III-IV,1,0.4015644637282688,4,1,0.4015644637282688,0.2486642486227325
COL5A3_integrin_a2b1_complex,Pericyte,Fibroblast peribronchial,2,2.0,0.8904526313675076,True,False,Deng_Liu_LUAD_2024;Hu_Zhang_2023_NSCLC,1.0,0.4452263156837538,III-IV,1,0.1965631649175953,3,1,0.1965631649175953,0.24866315076615852
CD47_SIRB1_complex,T cell CD8 dividing,pDC,3,2.0,0.7450168107431608,False,False,Deng_Liu_LUAD_2024;Hu_Zhang_2023_NSCLC,0.6666666666666666,0.24833893691438694,III-IV,1,0.0,2,1,0.0,0.24833893691438694
ICAM1_integrin_aLb2_complex,Monocyte classical,T cell CD4 dividing,3,2.0,1.4720004908266766,True,False,Deng_Liu_LUAD_2024;Hu_Zhang_2023_NSCLC,0.6666666666666666,0.49066683027555885,III-IV,1,0.24242670128746077,2,1,0.24242670128746077,0.24824012898809808
KLRB1_CLEC2D,T cell regulatory,T cell CD4 dividing,3,2.0,1.3834896902321967,False,True,Deng_Liu_LUAD_2024;Hu_Zhang_2023_NSCLC,0.6666666666666666,0.4611632300773989,III-IV,1,0.21299902629016554,2,1,0.21299902629016554,0.24816420378723336
HLA-E_KLRK1,T cell CD8 dividing,T cell CD8 dividing,4,3.0,2.6769502633844784,False,True,Chen_Zhang_2020;Deng_Liu_LUAD_2024;Lambrechts_Thienpont_2018_6653,0.75,0.6692375658461196,III-IV,1,0.42108000678148505,4,1,0.42108000678148505,0.24815755906463455
FN1_integrin_a4b7_complex,Monocyte classical,cDC1,3,2.0,0.7444462363161816,False,False,Deng_Liu_LUAD_2024;Hu_Zhang_2023_NSCLC,0.6666666666666666,0.2481487454387272,III-IV,1,0.0,1,1,0.0,0.2481487454387272
CCL5_CCR4,T cell CD8 terminally exhausted,T cell regulatory,4,2.0,1.9357055484387726,True,False,Deng_Liu_LUAD_2024;Hu_Zhang_2023_NSCLC,0.5,0.48392638710969316,III-IV,1,0.2358541599047928,4,1,0.2358541599047928,0.24807222720490035
CXCL1_CXCR1,Macrophage,Neutrophils,4,2.0,0.991845224087591,False,True,Hu_Zhang_2023_NSCLC;Maynard_Bivona_2020,0.5,0.24796130602189775,III-IV,1,0.0,3,1,0.0,0.24796130602189775
CCL5_CCR5,T cell CD8 dividing,Macrophage,4,2.0,1.8647253563635986,True,False,Deng_Liu_LUAD_2024;Hu_Zhang_2023_NSCLC,0.5,0.46618133909089965,III-IV,1,0.21827328789354106,4,1,0.21827328789354106,0.2479080511973586
SPN_SIGLEC1,pDC,myeloid dividing,3,2.0,0.743425890218702,True,True,Deng_Liu_LUAD_2024;Hu_Zhang_2023_NSCLC,0.6666666666666666,0.24780863007290066,III-IV,1,0.0,2,1,0.0,0.24780863007290066
PDGFB_PDGFRA,DC mature,Fibroblast peribronchial,3,2.0,0.743413718656631,False,True,Chen_Zhang_2020;Deng_Liu_LUAD_2024,0.6666666666666666,0.24780457288554367,III-IV,1,0.0,1,1,0.0,0.24780457288554367
Cholesterol_byLIPA_RORA,myeloid dividing,Fibroblast peribronchial,3,2.0,1.1904702712696815,False,True,Deng_Liu_LUAD_2024;Hu_Zhang_2023_NSCLC,0.6666666666666666,0.3968234237565605,III-IV,1,0.149058747160013,4,1,0.149058747160013,0.2477646765965475
ProstaglandinE2_byPTGES3_PTGER2,myeloid dividing,Macrophage,3,2.0,1.105073365210406,False,False,Deng_Liu_LUAD_2024;Hu_Zhang_2023_NSCLC,0.6666666666666666,0.3683577884034686,III-IV,1,0.12065887698799091,4,1,0.12065887698799091,0.2476989114154777
LGALS9_P4HB,T cell CD8 dividing,Fibroblast peribronchial,3,2.0,1.2092788635531053,False,True,Deng_Liu_LUAD_2024;Hu_Zhang_2023_NSCLC,0.6666666666666666,0.4030929545177018,III-IV,1,0.15546900357026938,4,1,0.15546900357026938,0.2476239509474324
HLA-E_KLRK1,Mast cell,T cell CD8 effector memory,6,3.0,2.5743038734782817,False,True,Deng_Liu_LUAD_2024;Lambrechts_Thienpont_2018_6653;Maynard_Bivona_2020,0.5,0.4290506455797136,III-IV,1,0.1814507494646681,5,1,0.1814507494646681,0.24759989611504551
ANXA1_FPR3,Pericyte,myeloid dividing,2,2.0,1.0661561910737762,False,True,Deng_Liu_LUAD_2024;Hu_Zhang_2023_NSCLC,1.0,0.5330780955368881,III-IV,1,0.2854887320249991,3,1,0.2854887320249991,0.24758936351188904
CCL5_CCR5,T cell CD8 dividing,Monocyte classical,4,2.0,1.859200564388222,True,False,Deng_Liu_LUAD_2024;Hu_Zhang_2023_NSCLC,0.5,0.4648001410970555,III-IV,1,0.21735367304987557,4,1,0.21735367304987557,0.2474464680471799
CCL3_CCR5,Monocyte classical,T cell CD8 terminally exhausted,4,2.0,1.4543256634395312,True,False,Deng_Liu_LUAD_2024;Hu_Zhang_2023_NSCLC,0.5,0.3635814158598828,III-IV,1,0.1162907064805799,4,1,0.1162907064805799,0.2472907093793029
ICAM1_SPN,pDC,cDC2,4,2.0,0.988937884475776,False,True,Deng_Liu_LUAD_2024;Hu_Zhang_2023_NSCLC,0.5,0.247234471118944,III-IV,1,0.0,3,1,0.0,0.247234471118944
TGFB1_TGFbeta_receptor1,NK cell,Macrophage alveolar,4,2.0,0.9889033319862227,True,False,Deng_Liu_LUAD_2024;Hu_Zhang_2023_NSCLC,0.5,0.24722583299655568,III-IV,1,0.0,5,1,0.0,0.24722583299655568
COL15A1_integrin_a1b1_complex,Fibroblast peribronchial,T cell CD8 dividing,3,2.0,1.368905593109198,True,False,Deng_Liu_LUAD_2024;Hu_Zhang_2023_NSCLC,0.6666666666666666,0.4563018643697327,III-IV,1,0.20909066320458725,4,1,0.20909066320458725,0.24721120116514544
CD93_IFNGR1,myeloid dividing,cDC2,3,2.0,1.1157806931527583,True,True,Deng_Liu_LUAD_2024;Hu_Zhang_2023_NSCLC,0.6666666666666666,0.3719268977175861,III-IV,1,0.12479714378448556,4,1,0.12479714378448556,0.24712975393310052
KLRB1_CLEC2D,T cell regulatory,T cell CD8 terminally exhausted,4,2.0,1.4542186363476195,False,True,Deng_Liu_LUAD_2024;Hu_Zhang_2023_NSCLC,0.5,0.3635546590869049,III-IV,1,0.11648003894839339,4,1,0.11648003894839339,0.2470746201385115
CD99_PILRA,Fibroblast peribronchial,myeloid dividing,3,3.0,2.2069176751902972,True,True,Chen_Zhang_2020;Deng_Liu_LUAD_2024;Hu_Zhang_2023_NSCLC,1.0,0.7356392250634324,III-IV,1,0.488574036885688,4,1,0.488574036885688,0.24706518817774437
COL5A1_integrin_a1b1_complex,Fibroblast peribronchial,T cell CD8 effector memory,4,2.0,1.6930697165078035,True,False,Deng_Liu_LUAD_2024;Hu_Zhang_2023_NSCLC,0.5,0.42326742912695087,III-IV,1,0.1762306610407876,5,1,0.1762306610407876,0.24703676808616326
TGFB1_TGFbeta_receptor1,cDC2,myeloid dividing,3,2.0,0.7995583688154494,True,False,Deng_Liu_LUAD_2024;Hu_Zhang_2023_NSCLC,0.6666666666666666,0.26651945627181645,III-IV,1,0.019487720437087526,4,1,0.019487720437087526,0.24703173583472893
SEMA4D_PTPRC,T cell CD8 dividing,T cell CD8 dividing,4,2.0,1.8329462279248627,True,True,Deng_Liu_LUAD_2024;Hu_Zhang_2023_NSCLC,0.5,0.4582365569812157,III-IV,1,0.2112274153413394,4,1,0.2112274153413394,0.24700914163987628
COL12A1_integrin_a2b1_complex,Pericyte,T cell CD8 dividing,2,2.0,0.49364084599081015,True,False,Deng_Liu_LUAD_2024;Hu_Zhang_2023_NSCLC,1.0,0.24682042299540508,III-IV,1,0.0,3,1,0.0,0.24682042299540508
PTPRC_MRC1,myeloid dividing,Macrophage,3,3.0,2.5409963973325054,True,True,Chen_Zhang_2020;Deng_Liu_LUAD_2024;Hu_Zhang_2023_NSCLC,1.0,0.8469987991108351,III-IV,1,0.6001859156421603,4,1,0.6001859156421603,0.2468128834686748
CCL5_CCR5,T cell CD8 terminally exhausted,Monocyte classical,4,2.0,1.925952957158197,True,False,Deng_Liu_LUAD_2024;Hu_Zhang_2023_NSCLC,0.5,0.48148823928954926,III-IV,1,0.23469111760251002,4,1,0.23469111760251002,0.24679712168703924
CD58_CD2,T cell CD8 dividing,T cell CD8 dividing,4,2.0,1.7237423946495096,True,True,Deng_Liu_LUAD_2024;Hu_Zhang_2023_NSCLC,0.5,0.4309355986623774,III-IV,1,0.18423401493021746,4,1,0.18423401493021746,0.24670158373215995
COL15A1_integrin_a1b1_complex,Fibroblast peribronchial,T cell CD8 terminally exhausted,3,2.0,1.3666851826373074,True,False,Deng_Liu_LUAD_2024;Hu_Zhang_2023_NSCLC,0.6666666666666666,0.4555617275457691,III-IV,1,0.2088878069890728,4,1,0.2088878069890728,0.24667392055669632
COL6A1_integrin_a1b1_complex,Fibroblast peribronchial,Fibroblast peribronchial,4,2.0,1.6868823377323925,True,False,Deng_Liu_LUAD_2024;Hu_Zhang_2023_NSCLC,0.5,0.4217205844330981,III-IV,1,0.17509466623390674,5,1,0.17509466623390674,0.24662591819919139
CCL5_CCR5,T cell CD8 terminally exhausted,Macrophage,4,2.0,1.9275755743031744,True,False,Deng_Liu_LUAD_2024;Hu_Zhang_2023_NSCLC,0.5,0.4818938935757936,III-IV,1,0.23536730498755815,4,1,0.23536730498755815,0.24652658858823545
LTB_LTBR,B cell,Fibroblast peribronchial,4,2.0,1.5011772174221347,True,False,Deng_Liu_LUAD_2024;Hu_Zhang_2023_NSCLC,0.5,0.3752943043555337,III-IV,1,0.12877853510764903,5,1,0.12877853510764903,0.24651576924788465
TNF_TNFRSF1A,myeloid dividing,cDC2,3,2.0,0.7393162997148623,True,True,Deng_Liu_LUAD_2024;Hu_Zhang_2023_NSCLC,0.6666666666666666,0.24643876657162078,III-IV,1,0.0,4,1,0.0,0.24643876657162078
PLAUR_integrin_a4b1_complex,Fibroblast peribronchial,Pericyte,2,2.0,0.7390304357870792,False,False,Deng_Liu_LUAD_2024;Hu_Zhang_2023_NSCLC,1.0,0.3695152178935396,III-IV,1,0.1231923257239713,3,1,0.1231923257239713,0.24632289216956826
FN1_integrin_aVb1_complex,Macrophage alveolar,Fibroblast peribronchial,4,2.0,1.6979585009087104,True,False,Deng_Liu_LUAD_2024;Hu_Zhang_2023_NSCLC,0.5,0.4244896252271776,III-IV,1,0.17818889970788704,5,1,0.17818889970788704,0.24630072551929055
CCL5_CCR5,T cell CD8 dividing,cDC2,4,2.0,1.8657899457654856,True,False,Deng_Liu_LUAD_2024;Hu_Zhang_2023_NSCLC,0.5,0.4664474864413714,III-IV,1,0.22016661257167586,4,1,0.22016661257167586,0.24628087386969555
CCL5_CCR5,T cell CD8 dividing,T cell CD8 effector memory,4,2.0,1.8909960120785834,True,False,Deng_Liu_LUAD_2024;Hu_Zhang_2023_NSCLC,0.5,0.47274900301964584,III-IV,1,0.22653629773882938,4,1,0.22653629773882938,0.24621270528081646
TNF_TNFRSF1B,myeloid dividing,T cell regulatory,3,2.0,1.3007516939433557,True,False,Deng_Liu_LUAD_2024;Hu_Zhang_2023_NSCLC,0.6666666666666666,0.43358389798111857,III-IV,1,0.18746654175588864,4,1,0.18746654175588864,0.24611735622522993
HLA-E_CD94:NKG2E,Plasma cell,NK cell,5,3.0,1.230562773267387,False,False,Chen_Zhang_2020;Deng_Liu_LUAD_2024;Lambrechts_Thienpont_2018_6653,0.6,0.2461125546534774,III-IV,1,0.0,5,1,0.0,0.2461125546534774
KITLG_KIT,Fibroblast peribronchial,Mast cell,4,2.0,1.6967037821517716,True,True,Deng_Liu_LUAD_2024;Hu_Zhang_2023_NSCLC,0.5,0.4241759455379429,III-IV,1,0.17811316672076166,5,1,0.17811316672076166,0.24606277881718125
CCL5_CCR5,T cell CD8 dividing,T cell CD8 terminally exhausted,4,2.0,1.8959276194045895,True,False,Deng_Liu_LUAD_2024;Hu_Zhang_2023_NSCLC,0.5,0.4739819048511474,III-IV,1,0.2280239099859353,4,1,0.2280239099859353,0.24595799486521208
KLRB1_CLEC2D,T cell CD4,T cell CD8 dividing,4,2.0,1.522445216624869,True,True,Deng_Liu_LUAD_2024;Hu_Zhang_2023_NSCLC,0.5,0.38061130415621724,III-IV,1,0.13466947960618847,4,1,0.13466947960618847,0.24594182455002878
THY1_ADGRE2,Pericyte,Macrophage alveolar,2,2.0,1.6432176112367034,True,False,Deng_Liu_LUAD_2024;Hu_Zhang_2023_NSCLC,1.0,0.8216088056183517,III-IV,1,0.5756965087224214,3,1,0.5756965087224214,0.2459122968959303
CCL5_CCR5,T cell CD8 terminally exhausted,T cell CD8 effector memory,4,2.0,1.937534845883506,True,False,Deng_Liu_LUAD_2024;Hu_Zhang_2023_NSCLC,0.5,0.4843837114708765,III-IV,1,0.2386265281834902,4,1,0.2386265281834902,0.2457571832873863
CCL5_CCR5,NK cell,T cell CD8 terminally exhausted,4,2.0,1.8783583685092116,True,False,Deng_Liu_LUAD_2024;Hu_Zhang_2023_NSCLC,0.5,0.4695895921273029,III-IV,1,0.22392621443254354,4,1,0.22392621443254354,0.24566337769475935
CD47_SIRPG,Pericyte,T cell CD4 dividing,2,2.0,0.670851594357641,False,True,Deng_Liu_LUAD_2024;Hu_Zhang_2023_NSCLC,1.0,0.3354257971788205,III-IV,1,0.08998701720220707,2,1,0.08998701720220707,0.2454387799766134
CCL5_CCR5,T cell CD8 terminally exhausted,cDC2,4,2.0,1.9264715265626342,True,False,Deng_Liu_LUAD_2024;Hu_Zhang_2023_NSCLC,0.5,0.48161788164065855,III-IV,1,0.23628691983122363,4,1,0.23628691983122363,0.24533096180943492
APP_SORL1,Fibroblast peribronchial,NK cell,4,2.0,1.5483460599655132,True,False,Deng_Liu_LUAD_2024;Hu_Zhang_2023_NSCLC,0.5,0.3870865149913783,III-IV,1,0.1418370658876988,5,1,0.1418370658876988,0.24524944910367952
CD55_ADGRE5,cDC2,myeloid dividing,3,2.0,1.1023905910528715,True,True,Deng_Liu_LUAD_2024;Hu_Zhang_2023_NSCLC,0.6666666666666666,0.3674635303509572,III-IV,1,0.12221410797360165,4,1,0.12221410797360165,0.24524942237735553
CD47_SIRPA,Macrophage,myeloid dividing,3,2.0,1.2771475082446975,True,True,Deng_Liu_LUAD_2024;Hu_Zhang_2023_NSCLC,0.6666666666666666,0.4257158360815658,III-IV,1,0.18048793681705075,4,1,0.18048793681705075,0.24522789926451508
THY1_integrin_aXb2_complex,Pericyte,NK cell,2,2.0,1.664775634769024,True,False,Deng_Liu_LUAD_2024;Hu_Zhang_2023_NSCLC,1.0,0.832387817384512,III-IV,1,0.5871769687313964,3,1,0.5871769687313964,0.2452108486531156
TNFSF13B_TNFRSF13B,cDC1,B cell,3,2.0,0.7356035016951963,True,True,Chen_Zhang_2020;Deng_Liu_LUAD_2024,0.6666666666666666,0.2452011672317321,III-IV,1,0.0,1,1,0.0,0.2452011672317321
NCAM1_FGFR1,NK cell,Fibroblast peribronchial,4,2.0,1.200432877215623,True,True,Deng_Liu_LUAD_2024;Hu_Zhang_2023_NSCLC,0.5,0.30010821930390574,III-IV,1,0.05492805366223088,5,1,0.05492805366223088,0.24518016564167486
CCL5_CCR5,T cell CD8 terminally exhausted,T cell CD8 terminally exhausted,4,2.0,1.9385262555301863,True,False,Deng_Liu_LUAD_2024;Hu_Zhang_2023_NSCLC,0.5,0.4846315638825466,III-IV,1,0.23947852428865088,4,1,0.23947852428865088,0.2451530395938957
LGALS9_HAVCR2,myeloid dividing,Macrophage,3,2.0,1.3230848517070612,True,True,Deng_Liu_LUAD_2024;Hu_Zhang_2023_NSCLC,0.6666666666666666,0.44102828390235377,III-IV,1,0.1959185329438494,4,1,0.1959185329438494,0.24510975095850437
CCL5_CCR5,T cell CD8 dividing,T cell CD8 dividing,4,2.0,1.8930474377072506,True,True,Deng_Liu_LUAD_2024;Hu_Zhang_2023_NSCLC,0.5,0.47326185942681265,III-IV,1,0.22818619495834686,4,1,0.22818619495834686,0.2450756644684658
CD58_CD2,T cell CD8 dividing,T cell CD8 terminally exhausted,4,2.0,1.7915110738512823,True,True,Deng_Liu_LUAD_2024;Hu_Zhang_2023_NSCLC,0.5,0.44787776846282057,III-IV,1,0.20280212052363952,4,1,0.20280212052363952,0.24507564793918105
ICAM1_SPN,Plasma cell,cDC1,3,2.0,0.7351628335934575,False,True,Deng_Liu_LUAD_2024;Hu_Zhang_2023_NSCLC,0.6666666666666666,0.24505427786448583,III-IV,1,0.0,1,1,0.0,0.24505427786448583
THY1_integrin_aMb2_complex,Fibroblast peribronchial,Macrophage,4,2.0,1.600670431121788,True,False,Deng_Liu_LUAD_2024;Hu_Zhang_2023_NSCLC,0.5,0.400167607780447,III-IV,1,0.15526344260521477,5,1,0.15526344260521477,0.24490416517523225
CCL3_CCR5,T cell CD8 dividing,Monocyte classical,4,2.0,0.9788284354860394,True,False,Deng_Liu_LUAD_2024;Hu_Zhang_2023_NSCLC,0.5,0.24470710887150984,III-IV,1,0.0,4,1,0.0,0.24470710887150984
CD55_ADGRE5,Monocyte classical,T cell CD8 terminally exhausted,4,2.0,1.6707434591683965,True,True,Deng_Liu_LUAD_2024;Hu_Zhang_2023_NSCLC,0.5,0.4176858647920991,III-IV,1,0.1729957805907173,4,1,0.1729957805907173,0.24469008420138183
SEMA7A_integrin_a1b1_complex,pDC,T cell CD4 dividing,3,2.0,0.734033632043467,True,False,Deng_Liu_LUAD_2024;Hu_Zhang_2023_NSCLC,0.6666666666666666,0.24467787734782234,III-IV,1,0.0,2,1,0.0,0.24467787734782234
integrin_aVb1_complex_ADGRE5,Pericyte,T cell CD8 activated,2,2.0,1.448244148253833,False,False,Deng_Liu_LUAD_2024;Hu_Zhang_2023_NSCLC,1.0,0.7241220741269165,III-IV,1,0.47949799848534025,1,1,0.47949799848534025,0.2446240756415763
HLA-E_CD94:NKG2C,T cell CD8 terminally exhausted,T cell CD8 terminally exhausted,4,3.0,2.3733499719955313,False,False,Chen_Zhang_2020;Deng_Liu_LUAD_2024;Lambrechts_Thienpont_2018_6653,0.75,0.5933374929988828,III-IV,1,0.3487281997652594,4,1,0.3487281997652594,0.24460929323362346
CCL5_CCR5,T cell CD8 terminally exhausted,T cell CD8 dividing,4,2.0,1.9367555512503176,True,True,Deng_Liu_LUAD_2024;Hu_Zhang_2023_NSCLC,0.5,0.4841888878125794,III-IV,1,0.23962728551336146,4,1,0.23962728551336146,0.24456160229921795
CD47_SIRPA,T cell CD4,myeloid dividing,3,2.0,1.1737701817011668,False,True,Deng_Liu_LUAD_2024;Hu_Zhang_2023_NSCLC,0.6666666666666666,0.39125672723372223,III-IV,1,0.1467191388077464,4,1,0.1467191388077464,0.24453758842597584
CCL5_CCR5,NK cell,T cell CD8 dividing,4,2.0,1.874733484962686,True,True,Deng_Liu_LUAD_2024;Hu_Zhang_2023_NSCLC,0.5,0.4686833712406715,III-IV,1,0.2242372606296657,4,1,0.2242372606296657,0.2444461106110058
IFNG_Type_II_IFNR,T cell CD8 activated,myeloid dividing,3,2.0,0.7332396651942337,False,False,Deng_Liu_LUAD_2024;Hu_Zhang_2023_NSCLC,0.6666666666666666,0.24441322173141122,III-IV,1,0.0,2,1,0.0,0.24441322173141122
ANXA1_FPR3,pDC,cDC2,4,3.0,0.9776453381680034,False,True,Chen_Zhang_2020;Deng_Liu_LUAD_2024;Hu_Zhang_2023_NSCLC,0.75,0.24441133454200084,III-IV,1,0.0,3,1,0.0,0.24441133454200084
CD58_CD2,Mast cell,T cell CD8 terminally exhausted,4,2.0,1.7531676674766725,False,True,Deng_Liu_LUAD_2024;Hu_Zhang_2023_NSCLC,0.5,0.43829191686916813,III-IV,1,0.19393054203180785,4,1,0.19393054203180785,0.24436137483736028
APP_CD74,Monocyte classical,myeloid dividing,3,3.0,2.925308636507556,False,True,Chen_Zhang_2020;Deng_Liu_LUAD_2024;Hu_Zhang_2023_NSCLC,1.0,0.9751028788358519,III-IV,1,0.7308277051641042,4,1,0.7308277051641042,0.24427517367174767
COL21A1_integrin_a11b1_complex,Pericyte,Fibroblast peribronchial,2,2.0,0.4884629942534677,False,False,Deng_Liu_LUAD_2024;Hu_Zhang_2023_NSCLC,1.0,0.24423149712673384,III-IV,1,0.0,3,1,0.0,0.24423149712673384
COL5A2_integrin_a2b1_complex,Fibroblast peribronchial,Fibroblast peribronchial,4,2.0,1.7003981333274396,True,False,Deng_Liu_LUAD_2024;Hu_Zhang_2023_NSCLC,0.5,0.4250995333318599,III-IV,1,0.1809802012333658,5,1,0.1809802012333658,0.2441193320984941
CD58_CD2,T cell regulatory,T cell CD8 terminally exhausted,4,2.0,1.7641217787686092,False,True,Deng_Liu_LUAD_2024;Hu_Zhang_2023_NSCLC,0.5,0.4410304446921523,III-IV,1,0.19700043275992643,4,1,0.19700043275992643,0.24403001193222587
CCL3_CCR5,Monocyte classical,T cell CD8 dividing,4,2.0,1.4441662694809303,True,True,Deng_Liu_LUAD_2024;Hu_Zhang_2023_NSCLC,0.5,0.3610415673702326,III-IV,1,0.11703451260413286,4,1,0.11703451260413286,0.2440070547660997
ICAM1_integrin_aMb2_complex,cDC1,Mast cell,3,2.0,0.7317332572386106,True,False,Deng_Liu_LUAD_2024;Hu_Zhang_2023_NSCLC,0.6666666666666666,0.24391108574620354,III-IV,1,0.0,1,1,0.0,0.24391108574620354
ICAM1_integrin_aXb2_complex,cDC1,Mast cell,3,2.0,0.7317332572386106,True,False,Deng_Liu_LUAD_2024;Hu_Zhang_2023_NSCLC,0.6666666666666666,0.24391108574620354,III-IV,1,0.0,1,1,0.0,0.24391108574620354
VEGFA_NRP2,Mast cell,Fibroblast peribronchial,4,4.0,1.8277294593118514,True,True,Chen_Zhang_2020;Deng_Liu_LUAD_2024;Hu_Zhang_2023_NSCLC;Zilionis_Klein_2019,1.0,0.45693236482796284,III-IV,1,0.21305687012460828,5,1,0.21305687012460828,0.24387549470335457
CCL3_CCR5,Macrophage,T cell CD4 dividing,3,2.0,1.497647373369105,True,False,Deng_Liu_LUAD_2024;Hu_Zhang_2023_NSCLC,0.6666666666666666,0.499215791123035,III-IV,1,0.25538245158498324,2,1,0.25538245158498324,0.24383333953805175
HLA-E_CD94:NKG2C,NK cell,T cell CD8 terminally exhausted,4,3.0,2.4258695781834057,False,False,Chen_Zhang_2020;Deng_Liu_LUAD_2024;Lambrechts_Thienpont_2018_6653,0.75,0.6064673945458514,III-IV,1,0.36270672712643126,4,1,0.36270672712643126,0.24376066741942015
COL15A1_integrin_a2b1_complex,Fibroblast peribronchial,T cell CD8 dividing,3,2.0,0.7304822002396755,True,False,Deng_Liu_LUAD_2024;Hu_Zhang_2023_NSCLC,0.6666666666666666,0.2434940667465585,III-IV,1,0.0,4,1,0.0,0.2434940667465585
COL24A1_integrin_a11b1_complex,pDC,Fibroblast peribronchial,4,2.0,0.9736118255260858,True,False,Deng_Liu_LUAD_2024;Hu_Zhang_2023_NSCLC,0.5,0.24340295638152146,III-IV,1,0.0,3,1,0.0,0.24340295638152146
COL14A1_integrin_a1b1_complex,Fibroblast peribronchial,T cell CD8 terminally exhausted,3,2.0,1.1126491647595471,True,False,Deng_Liu_LUAD_2024;Hu_Zhang_2023_NSCLC,0.6666666666666666,0.370883054919849,III-IV,1,0.12785351076490317,4,1,0.12785351076490317,0.24302954415494585
CD58_CD2,myeloid dividing,cDC2,3,2.0,0.7659882025107915,True,False,Deng_Liu_LUAD_2024;Hu_Zhang_2023_NSCLC,0.6666666666666666,0.2553294008369305,III-IV,1,0.012387752894082008,4,1,0.012387752894082008,0.2429416479428485
CD58_CD2,T cell regulatory,T cell CD8 dividing,4,2.0,1.6863295029363472,False,True,Deng_Liu_LUAD_2024;Hu_Zhang_2023_NSCLC,0.5,0.4215823757340868,III-IV,1,0.17866223087742075,4,1,0.17866223087742075,0.24292014485666605
CCL5_CCR5,T cell CD8 effector memory,T cell CD8 terminally exhausted,4,2.0,1.9086124024418516,True,False,Deng_Liu_LUAD_2024;Hu_Zhang_2023_NSCLC,0.5,0.4771531006104629,III-IV,1,0.23431245266688305,4,1,0.23431245266688305,0.24284064794357985
PLAU_PLAUR,Pericyte,myeloid dividing,2,2.0,1.4079338489666156,False,True,Deng_Liu_LUAD_2024;Hu_Zhang_2023_NSCLC,1.0,0.7039669244833078,III-IV,1,0.4613688499960964,3,1,0.4613688499960964,0.24259807448721138
COL1A1_integrin_a1b1_complex,DC mature,T cell CD8 dividing,3,2.0,0.7277120475706588,False,False,Deng_Liu_LUAD_2024;Hu_Zhang_2023_NSCLC,0.6666666666666666,0.24257068252355293,III-IV,1,0.0,1,1,0.0,0.24257068252355293
ICAM1_integrin_aMb2_complex,pDC,Monocyte classical,4,2.0,0.969573133104309,False,False,Deng_Liu_LUAD_2024;Hu_Zhang_2023_NSCLC,0.5,0.24239328327607726,III-IV,1,0.0,3,1,0.0,0.24239328327607726
COL5A1_integrin_a1b1_complex,Fibroblast peribronchial,Fibroblast peribronchial,4,2.0,1.6929659583030228,True,False,Deng_Liu_LUAD_2024;Hu_Zhang_2023_NSCLC,0.5,0.4232414895757557,III-IV,1,0.18088283024991886,5,1,0.18088283024991886,0.24235865932583683
CD58_CD2,Mast cell,T cell CD8 dividing,4,2.0,1.6726878929627942,False,True,Deng_Liu_LUAD_2024;Hu_Zhang_2023_NSCLC,0.5,0.41817197324069855,III-IV,1,0.17588986259872336,4,1,0.17588986259872336,0.2422821106419752
SPP1_integrin_a9b1_complex,Macrophage,Fibroblast peribronchial,4,2.0,1.3987470169264284,True,False,Deng_Liu_LUAD_2024;Hu_Zhang_2023_NSCLC,0.5,0.3496867542316071,III-IV,1,0.10753002271989613,5,1,0.10753002271989613,0.24215673151171097
HLA-E_KLRK1,T cell regulatory,T cell CD8 dividing,4,3.0,2.725062514662516,False,True,Chen_Zhang_2020;Deng_Liu_LUAD_2024;Lambrechts_Thienpont_2018_6653,0.75,0.681265628665629,III-IV,1,0.43924558742771636,4,1,0.43924558742771636,0.24202004123791265
ProstaglandinE2_byPTGES3_PTGER2,myeloid dividing,Macrophage alveolar,3,2.0,1.06557760308836,False,False,Deng_Liu_LUAD_2024;Hu_Zhang_2023_NSCLC,0.6666666666666666,0.35519253436278664,III-IV,1,0.11318024450935843,4,1,0.11318024450935843,0.2420122898534282
COL10A1_integrin_a1b1_complex,Fibroblast peribronchial,T cell CD8 effector memory,4,2.0,1.4967403755551392,True,False,Deng_Liu_LUAD_2024;Hu_Zhang_2023_NSCLC,0.5,0.3741850938887848,III-IV,1,0.1321865195282917,5,1,0.1321865195282917,0.2419985743604931
CCL5_CCR5,T cell CD8 effector memory,T cell CD8 dividing,4,2.0,1.9048923232608428,True,True,Deng_Liu_LUAD_2024;Hu_Zhang_2023_NSCLC,0.5,0.4762230808152107,III-IV,1,0.23440711890078977,4,1,0.23440711890078977,0.24181596191442092
TNF_TNFRSF1B,myeloid dividing,T cell CD8 dividing,3,2.0,1.2439560140562347,True,True,Deng_Liu_LUAD_2024;Hu_Zhang_2023_NSCLC,0.6666666666666666,0.4146520046854116,III-IV,1,0.1729791220556745,4,1,0.1729791220556745,0.24167288262973707
LRPAP1_SORT1,Macrophage,Pericyte,2,2.0,0.7052706790656176,True,True,Deng_Liu_LUAD_2024;Hu_Zhang_2023_NSCLC,1.0,0.3526353395328088,III-IV,1,0.11096685780230085,3,1,0.11096685780230085,0.24166848173050792
VEGFB_NRP1,Pericyte,myeloid dividing,2,2.0,0.566181909005505,False,True,Deng_Liu_LUAD_2024;Hu_Zhang_2023_NSCLC,1.0,0.2830909545027525,III-IV,1,0.04174330123697212,3,1,0.04174330123697212,0.2413476532657804
TNFSF13B_TNFRSF17,cDC2,Plasma cell,5,4.0,1.206667149777214,True,True,Chen_Zhang_2020;Deng_Liu_LUAD_2024;Hu_Zhang_2023_NSCLC;Lambrechts_Thienpont_2018_6653,0.8,0.24133342995544277,III-IV,1,0.0,5,1,0.0,0.24133342995544277
CD47_SIRPG,DC mature,T cell CD4 dividing,3,2.0,0.7238228777734996,False,True,Deng_Liu_LUAD_2024;Hu_Zhang_2023_NSCLC,0.6666666666666666,0.24127429259116653,III-IV,1,0.0,1,1,0.0,0.24127429259116653
FN1_integrin_aVb5_complex,Macrophage alveolar,Fibroblast peribronchial,4,2.0,1.6541863242294004,True,False,Deng_Liu_LUAD_2024;Hu_Zhang_2023_NSCLC,0.5,0.4135465810573501,III-IV,1,0.17229254571026723,5,1,0.17229254571026723,0.24125403534708287
VEGFA_NRP1,Pericyte,Pericyte,2,2.0,0.740690244707984,False,True,Deng_Liu_LUAD_2024;Hu_Zhang_2023_NSCLC,1.0,0.370345122353992,III-IV,1,0.1291042112776588,3,1,0.1291042112776588,0.24124091107633316
TNFSF12_TNFRSF12A,Macrophage alveolar,Pericyte,2,2.0,0.48236355811181747,True,True,Deng_Liu_LUAD_2024;Hu_Zhang_2023_NSCLC,1.0,0.24118177905590873,III-IV,1,0.0,3,1,0.0,0.24118177905590873
THY1_integrin_aMb2_complex,Fibroblast peribronchial,Monocyte classical,4,2.0,1.6121739874392937,True,False,Deng_Liu_LUAD_2024;Hu_Zhang_2023_NSCLC,0.5,0.40304349685982344,III-IV,1,0.16187385048144542,5,1,0.16187385048144542,0.241169646378378
CD274_CD80,DC mature,Macrophage alveolar,3,2.0,0.7234987341196808,True,False,Deng_Liu_LUAD_2024;Hu_Zhang_2023_NSCLC,0.6666666666666666,0.24116624470656026,III-IV,1,0.0,1,1,0.0,0.24116624470656026
CD47_SIRPG,myeloid dividing,T cell CD8 dividing,3,2.0,1.1827599033731067,True,True,Deng_Liu_LUAD_2024;Hu_Zhang_2023_NSCLC,0.6666666666666666,0.3942533011243689,III-IV,1,0.15311587147030184,4,1,0.15311587147030184,0.24113742965406706
SEMA4D_PTPRC,Macrophage,T cell CD8 dividing,4,2.0,1.7332397205991004,False,True,Deng_Liu_LUAD_2024;Hu_Zhang_2023_NSCLC,0.5,0.4333099301497751,III-IV,1,0.19221302607378557,4,1,0.19221302607378557,0.24109690407598952
PTPRC_MRC1,T cell CD8 dividing,cDC2,4,4.0,3.160878168791803,True,True,Chen_Zhang_2020;Deng_Liu_LUAD_2024;Hu_Zhang_2023_NSCLC;Lambrechts_Thienpont_2018_6653,1.0,0.7902195421979508,III-IV,1,0.5491569371321208,4,1,0.5491569371321208,0.24106260506583
SEMA4D_PTPRC,T cell CD8 terminally exhausted,T cell CD8 dividing,4,2.0,1.824244228762141,False,True,Deng_Liu_LUAD_2024;Hu_Zhang_2023_NSCLC,0.5,0.45606105719053525,III-IV,1,0.21502758844530998,4,1,0.21502758844530998,0.24103346874522527
TGFB1_TGFbeta_receptor2,pDC,myeloid dividing,3,2.0,0.7225326193130204,True,False,Deng_Liu_LUAD_2024;Hu_Zhang_2023_NSCLC,0.6666666666666666,0.24084420643767346,III-IV,1,0.0,2,1,0.0,0.24084420643767346
ICAM1_integrin_aMb2_complex,cDC2,Neutrophils,4,2.0,0.9631370267721756,True,False,Deng_Liu_LUAD_2024;Hu_Zhang_2023_NSCLC,0.5,0.2407842566930439,III-IV,1,0.0,3,1,0.0,0.2407842566930439
VCAM1_integrin_a4b1_complex,Fibroblast peribronchial,Monocyte classical,4,2.0,1.0979538197011607,True,False,Deng_Liu_LUAD_2024;Hu_Zhang_2023_NSCLC,0.5,0.27448845492529017,III-IV,1,0.033733636265281836,5,1,0.033733636265281836,0.24075481866000834
LTB_LTBR,T cell regulatory,Macrophage alveolar,4,2.0,1.4639959734563543,True,True,Deng_Liu_LUAD_2024;Hu_Zhang_2023_NSCLC,0.5,0.3659989933640886,III-IV,1,0.1255544736557395,5,1,0.1255544736557395,0.2404445197083491
SEMA4D_PTPRC,NK cell,T cell CD8 dividing,4,2.0,1.818112813938833,False,True,Deng_Liu_LUAD_2024;Hu_Zhang_2023_NSCLC,0.5,0.45452820348470824,III-IV,1,0.2141350210970464,4,1,0.2141350210970464,0.24039318238766183
Cholesterol_byDHCR24_RORA,myeloid dividing,Pericyte,2,2.0,0.5402258773808907,False,True,Deng_Liu_LUAD_2024;Hu_Zhang_2023_NSCLC,1.0,0.27011293869044534,III-IV,1,0.029770276605719643,3,1,0.029770276605719643,0.24034266208472568
LeukotrieneC4_byLTC4S_CYSLTR1,Mast cell,myeloid dividing,3,2.0,0.7337213853255556,False,True,Deng_Liu_LUAD_2024;Hu_Zhang_2023_NSCLC,0.6666666666666666,0.24457379510851854,III-IV,1,0.004341123012009088,4,1,0.004341123012009088,0.24023267209650945
LipoxinA4_byALOX5_CYSLTR1,Mast cell,myeloid dividing,3,2.0,0.7337213853255556,False,True,Deng_Liu_LUAD_2024;Hu_Zhang_2023_NSCLC,0.6666666666666666,0.24457379510851854,III-IV,1,0.004341123012009088,4,1,0.004341123012009088,0.24023267209650945
CCL4_CCR5,T cell CD8 dividing,Macrophage,4,2.0,1.6887439865824323,True,False,Deng_Liu_LUAD_2024;Hu_Zhang_2023_NSCLC,0.5,0.4221859966456081,III-IV,1,0.18205669155036244,4,1,0.18205669155036244,0.24012930509524563
ICAM1_ITGAL,cDC1,cDC2,3,2.0,0.7203854591116214,True,False,Deng_Liu_LUAD_2024;Hu_Zhang_2023_NSCLC,0.6666666666666666,0.2401284863705405,III-IV,1,0.0,1,1,0.0,0.2401284863705405
LGALS9_HAVCR2,myeloid dividing,NK cell,3,2.0,1.204062807641818,True,False,Deng_Liu_LUAD_2024;Hu_Zhang_2023_NSCLC,0.6666666666666666,0.40135426921393935,III-IV,1,0.1612571675862815,4,1,0.1612571675862815,0.24009710162765785
SEMA4D_PTPRC,Monocyte classical,T cell CD8 dividing,4,2.0,1.7803468673050826,False,True,Deng_Liu_LUAD_2024;Hu_Zhang_2023_NSCLC,0.5,0.44508671682627066,III-IV,1,0.20500649139889646,4,1,0.20500649139889646,0.2400802254273742
CD99_PILRA,Pericyte,Monocyte classical,2,2.0,1.5152196967161777,False,True,Deng_Liu_LUAD_2024;Hu_Zhang_2023_NSCLC,1.0,0.7576098483580889,III-IV,1,0.5177176780885479,3,1,0.5177176780885479,0.23989217026954102
CRTAM_CADM1,T cell CD8 effector memory,Fibroblast peribronchial,4,2.0,0.9592762293035373,True,True,Deng_Liu_LUAD_2024;Hu_Zhang_2023_NSCLC,0.5,0.23981905732588432,III-IV,1,0.0,5,1,0.0,0.23981905732588432
CD86_CTLA4,pDC,T cell CD8 dividing,3,2.0,0.7192273815525044,False,True,Deng_Liu_LUAD_2024;Hu_Zhang_2023_NSCLC,0.6666666666666666,0.23974246051750148,III-IV,1,0.0,2,1,0.0,0.23974246051750148
IL1RN_IL1_receptor,Monocyte classical,Macrophage alveolar,4,2.0,0.9584845088698054,True,False,Deng_Liu_LUAD_2024;Hu_Zhang_2023_NSCLC,0.5,0.23962112721745135,III-IV,1,0.0,5,1,0.0,0.23962112721745135
ALCAM_CD6,cDC2,T cell CD8 terminally exhausted,4,2.0,1.3568766324414352,True,True,Deng_Liu_LUAD_2024;Hu_Zhang_2023_NSCLC,0.5,0.3392191581103588,III-IV,1,0.09965649680839554,4,1,0.09965649680839554,0.23956266130196324
HLA-E_KLRK1,B cell,T cell CD8 dividing,4,3.0,2.636437130232819,False,True,Chen_Zhang_2020;Deng_Liu_LUAD_2024;Lambrechts_Thienpont_2018_6653,0.75,0.6591092825582048,III-IV,1,0.41963848050507324,4,1,0.41963848050507324,0.23947080205313154
ICAM1_ITGAL,Monocyte classical,T cell CD8 dividing,4,2.0,1.4506534641369033,True,True,Deng_Liu_LUAD_2024;Hu_Zhang_2023_NSCLC,0.5,0.36266336603422583,III-IV,1,0.12320134155577193,4,1,0.12320134155577193,0.23946202447845388
SEMA4D_PTPRC,T cell CD8 effector memory,T cell CD8 dividing,4,2.0,1.8029168959840518,False,True,Deng_Liu_LUAD_2024;Hu_Zhang_2023_NSCLC,0.5,0.45072922399601295,III-IV,1,0.21138970031375096,4,1,0.21138970031375096,0.239339523682262
GAS6_AXL,Plasma cell,cDC2,5,3.0,1.1963443220310128,False,True,Deng_Liu_LUAD_2024;Hu_Zhang_2023_NSCLC;Zilionis_Klein_2019,0.6,0.23926886440620257,III-IV,1,0.0,5,1,0.0,0.23926886440620257
COL6A1_integrin_a1b1_complex,Fibroblast peribronchial,NK cell,4,2.0,1.6244552165384372,True,False,Deng_Liu_LUAD_2024;Hu_Zhang_2023_NSCLC,0.5,0.4061138041346093,III-IV,1,0.16686140863356053,5,1,0.16686140863356053,0.23925239550104876
HLA-E_CD94:NKG2C,T cell CD8 dividing,T cell CD8 terminally exhausted,4,3.0,2.362540727774576,False,False,Chen_Zhang_2020;Deng_Liu_LUAD_2024;Lambrechts_Thienpont_2018_6653,0.75,0.590635181943644,III-IV,1,0.3514018749454162,4,1,0.3514018749454162,0.23923330699822776
CD44_TYROBP,T cell CD8 dividing,Mast cell,4,4.0,3.3925040695433646,False,True,Chen_Zhang_2020;Deng_Liu_LUAD_2024;Hu_Zhang_2023_NSCLC;Lambrechts_Thienpont_2018_6653,1.0,0.8481260173858411,III-IV,1,0.6089247903829409,4,1,0.6089247903829409,0.23920122700290025
CCL4_CCR5,T cell CD8 dividing,T cell CD8 effector memory,4,2.0,1.7399216784716978,True,False,Deng_Liu_LUAD_2024;Hu_Zhang_2023_NSCLC,0.5,0.43498041961792444,III-IV,1,0.19578329546683976,4,1,0.19578329546683976,0.23919712415108468
LGALS9_HAVCR2,pDC,cDC2,4,2.0,0.956771571718608,False,True,Deng_Liu_LUAD_2024;Hu_Zhang_2023_NSCLC,0.5,0.239192892929652,III-IV,1,0.0,3,1,0.0,0.239192892929652
CRTAM_CADM1,T cell CD8 dividing,Fibroblast peribronchial,3,2.0,0.716502414070628,True,True,Deng_Liu_LUAD_2024;Hu_Zhang_2023_NSCLC,0.6666666666666666,0.23883413802354267,III-IV,1,0.0,4,1,0.0,0.23883413802354267
CD1B_complex_IL6ST,cDC2,DC mature,3,2.0,0.7162869848387503,False,True,Deng_Liu_LUAD_2024;Hu_Zhang_2023_NSCLC,0.6666666666666666,0.23876232827958344,III-IV,1,0.0,1,1,0.0,0.23876232827958344
SEMA4D_PTPRC,T cell CD4,T cell CD8 dividing,4,2.0,1.8017525324909753,False,True,Deng_Liu_LUAD_2024;Hu_Zhang_2023_NSCLC,0.5,0.45043813312274383,III-IV,1,0.21179541274477984,4,1,0.21179541274477984,0.238642720377964
LeukotrieneC4_byLTC4S_CYSLTR1,Mast cell,pDC,4,2.0,0.9545646195925026,False,True,Deng_Liu_LUAD_2024;Hu_Zhang_2023_NSCLC,0.5,0.23864115489812565,III-IV,1,0.0,3,1,0.0,0.23864115489812565
LipoxinA4_byALOX5_CYSLTR1,Mast cell,pDC,4,2.0,0.9545646195925026,False,True,Deng_Liu_LUAD_2024;Hu_Zhang_2023_NSCLC,0.5,0.23864115489812565,III-IV,1,0.0,3,1,0.0,0.23864115489812565
CXCL9_DPP4,DC mature,cDC1,3,2.0,0.7158381197933403,True,True,Deng_Liu_LUAD_2024;Hu_Zhang_2023_NSCLC,0.6666666666666666,0.2386127065977801,III-IV,1,0.0,1,1,0.0,0.2386127065977801
CCL4_CCR5,T cell CD8 dividing,Monocyte classical,4,2.0,1.6767790336460457,True,False,Deng_Liu_LUAD_2024;Hu_Zhang_2023_NSCLC,0.5,0.41919475841151144,III-IV,1,0.18059612679865844,4,1,0.18059612679865844,0.238598631612853
CD47_SIRB1_complex,pDC,Macrophage alveolar,4,2.0,0.9542095902439404,True,False,Deng_Liu_LUAD_2024;Hu_Zhang_2023_NSCLC,0.5,0.2385523975609851,III-IV,1,0.0,3,1,0.0,0.2385523975609851
IL6_IL6_receptor,Pericyte,myeloid dividing,2,2.0,0.4770350605421066,False,False,Deng_Liu_LUAD_2024;Hu_Zhang_2023_NSCLC,1.0,0.2385175302710533,III-IV,1,0.0,3,1,0.0,0.2385175302710533
ICAM1_ITGAL,Macrophage,T cell CD4 dividing,3,2.0,1.4304521395737642,True,True,Deng_Liu_LUAD_2024;Hu_Zhang_2023_NSCLC,0.6666666666666666,0.4768173798579214,III-IV,1,0.23834252948176998,2,1,0.23834252948176998,0.2384748503761514
FBN1_integrin_a5b1_complex,Fibroblast peribronchial,Macrophage alveolar,4,2.0,1.3456082848931943,True,False,Deng_Liu_LUAD_2024;Hu_Zhang_2023_NSCLC,0.5,0.33640207122329857,III-IV,1,0.09799848534025749,5,1,0.09799848534025749,0.23840358588304109
ICAM1_SPN,Monocyte classical,Macrophage alveolar,4,2.0,1.482113173445902,True,True,Deng_Liu_LUAD_2024;Hu_Zhang_2023_NSCLC,0.5,0.3705282933614755,III-IV,1,0.13231634750622093,5,1,0.13231634750622093,0.2382119458552546
CCL4_CCR5,T cell CD8 dividing,T cell CD8 terminally exhausted,4,2.0,1.749330925793764,True,False,Deng_Liu_LUAD_2024;Hu_Zhang_2023_NSCLC,0.5,0.437332731448441,III-IV,1,0.19912366114897762,4,1,0.19912366114897762,0.23820907029946337
ICAM1_integrin_aXb2_complex,Monocyte classical,Macrophage alveolar,4,3.0,1.5108239050657544,True,False,Deng_Liu_LUAD_2024;Hu_Zhang_2023_NSCLC;Zilionis_Klein_2019,0.75,0.3777059762664386,III-IV,1,0.13960323479701306,5,1,0.13960323479701306,0.23810274146942553
PECAM1_CD38,pDC,Plasma cell,4,2.0,0.9522987771299751,False,True,Deng_Liu_LUAD_2024;Hu_Zhang_2023_NSCLC,0.5,0.23807469428249378,III-IV,1,0.0,3,1,0.0,0.23807469428249378
LTB_LTBR,T cell CD4,Macrophage alveolar,4,2.0,1.3808278188198002,True,True,Deng_Liu_LUAD_2024;Hu_Zhang_2023_NSCLC,0.5,0.34520695470495005,III-IV,1,0.10714053878610841,5,1,0.10714053878610841,0.23806641591884165
CD1B_complex_IL6ST,DC mature,Fibroblast peribronchial,3,2.0,0.7136578627393387,False,False,Deng_Liu_LUAD_2024;Hu_Zhang_2023_NSCLC,0.6666666666666666,0.23788595424644624,III-IV,1,0.0,1,1,0.0,0.23788595424644624
COL27A1_integrin_a11b1_complex,Pericyte,Fibroblast peribronchial,2,2.0,0.5174083350154586,False,False,Deng_Liu_LUAD_2024;Hu_Zhang_2023_NSCLC,1.0,0.2587041675077293,III-IV,1,0.020826571459482853,3,1,0.020826571459482853,0.23787759604824643
KLRB1_CLEC2D,T cell regulatory,T cell CD8 dividing,4,2.0,1.4460093979950974,False,True,Deng_Liu_LUAD_2024;Hu_Zhang_2023_NSCLC,0.5,0.36150234949877436,III-IV,1,0.12367467272530563,4,1,0.12367467272530563,0.23782767677346872
AREG_EGFR,DC mature,Fibroblast peribronchial,3,2.0,0.7134161657384859,True,True,Chen_Zhang_2020;Deng_Liu_LUAD_2024,0.6666666666666666,0.2378053885794953,III-IV,1,0.0,1,1,0.0,0.2378053885794953
CCL4_CCR5,T cell CD8 dividing,cDC2,4,2.0,1.6923331239163688,True,False,Deng_Liu_LUAD_2024;Hu_Zhang_2023_NSCLC,0.5,0.4230832809790922,III-IV,1,0.18530239099859352,4,1,0.18530239099859352,0.23778088998049868
CCL17_CCR4,DC mature,T cell CD4 dividing,3,2.0,0.7130810980777151,True,False,Deng_Liu_LUAD_2024;Hu_Zhang_2023_NSCLC,0.6666666666666666,0.23769369935923837,III-IV,1,0.0,1,1,0.0,0.23769369935923837
ANXA1_FPR3,myeloid dividing,myeloid dividing,3,3.0,2.197689403091487,True,True,Chen_Zhang_2020;Deng_Liu_LUAD_2024;Hu_Zhang_2023_NSCLC,1.0,0.7325631343638289,III-IV,1,0.4948740078264813,4,1,0.4948740078264813,0.23768912653734764
SEMA4D_PTPRC,B cell,T cell CD8 dividing,4,2.0,1.756276570537074,False,True,Deng_Liu_LUAD_2024;Hu_Zhang_2023_NSCLC,0.5,0.4390691426342685,III-IV,1,0.20151736449204805,4,1,0.20151736449204805,0.23755177814222045
CXCL9_CXCR3,DC mature,T cell CD8 terminally exhausted,3,2.0,0.7126005414485923,True,False,Deng_Liu_LUAD_2024;Hu_Zhang_2023_NSCLC,0.6666666666666666,0.23753351381619744,III-IV,1,0.0,1,1,0.0,0.23753351381619744
LGALS9_HAVCR2,Macrophage alveolar,myeloid dividing,3,2.0,1.2455863929193467,True,True,Deng_Liu_LUAD_2024;Hu_Zhang_2023_NSCLC,0.6666666666666666,0.4151954643064489,III-IV,1,0.1778102347722601,4,1,0.1778102347722601,0.23738522953418878
integrin_aVb1_complex_ADGRE5,Fibroblast peribronchial,T cell CD8 effector memory,4,2.0,1.4095600422438939,False,False,Deng_Liu_LUAD_2024;Hu_Zhang_2023_NSCLC,0.5,0.35239001056097347,III-IV,1,0.11504922644163151,5,1,0.11504922644163151,0.23734078411934195
VEGFA_NRP1,cDC2,pDC,4,2.0,0.949002575399526,True,True,Deng_Liu_LUAD_2024;Hu_Zhang_2023_NSCLC,0.5,0.2372506438498815,III-IV,1,0.0,3,1,0.0,0.2372506438498815
integrin_aVb1_complex_ADGRE5,Fibroblast peribronchial,Plasma cell,4,2.0,0.948987454907742,False,False,Deng_Liu_LUAD_2024;Hu_Zhang_2023_NSCLC,0.5,0.2372468637269355,III-IV,1,0.0,5,1,0.0,0.2372468637269355
PTPRC_MRC1,Monocyte classical,Macrophage alveolar,4,4.0,3.17676279649402,True,True,Chen_Zhang_2020;Deng_Liu_LUAD_2024;Hu_Zhang_2023_NSCLC;Zilionis_Klein_2019,1.0,0.794190699123505,III-IV,1,0.5569873475209624,5,1,0.5569873475209624,0.2372033516025427
COL5A1_integrin_a1b1_complex,Fibroblast peribronchial,NK cell,4,2.0,1.6416330219774586,True,False,Deng_Liu_LUAD_2024;Hu_Zhang_2023_NSCLC,0.5,0.41040825549436466,III-IV,1,0.17327707454289734,5,1,0.17327707454289734,0.23713118095146732
THY1_ADGRE5,Fibroblast peribronchial,Macrophage alveolar,4,2.0,1.6270874614576045,True,True,Deng_Liu_LUAD_2024;Hu_Zhang_2023_NSCLC,0.5,0.40677186536440113,III-IV,1,0.16964189116087852,5,1,0.16964189116087852,0.2371299742035226
ICAM1_SPN,Fibroblast peribronchial,cDC2,4,2.0,0.9482009576418915,False,True,Deng_Liu_LUAD_2024;Hu_Zhang_2023_NSCLC,0.5,0.23705023941047287,III-IV,1,0.0,5,1,0.0,0.23705023941047287
HLA-E_CD94:NKG2C,Mast cell,T cell CD8 terminally exhausted,4,3.0,2.217147916746573,False,False,Chen_Zhang_2020;Deng_Liu_LUAD_2024;Lambrechts_Thienpont_2018_6653,0.75,0.5542869791866433,III-IV,1,0.3172834380131925,4,1,0.3172834380131925,0.2370035411734508
SEMA4D_PTPRC,Mast cell,T cell CD8 dividing,4,2.0,1.812371036358507,False,True,Deng_Liu_LUAD_2024;Hu_Zhang_2023_NSCLC,0.5,0.45309275908962676,III-IV,1,0.21616358325219084,4,1,0.21616358325219084,0.23692917583743592
APP_TNFRSF21,Monocyte classical,pDC,4,2.0,0.9477130875703734,False,True,Deng_Liu_LUAD_2024;Hu_Zhang_2023_NSCLC,0.5,0.23692827189259336,III-IV,1,0.0,3,1,0.0,0.23692827189259336
ALCAM_CD6,Macrophage,T cell CD8 dividing,4,2.0,1.2455996246088592,True,True,Deng_Liu_LUAD_2024;Hu_Zhang_2023_NSCLC,0.5,0.3113999061522148,III-IV,1,0.07454289732770746,4,1,0.07454289732770746,0.23685700882450733
ANXA1_FPR1,T cell CD8 activated,Macrophage alveolar,4,3.0,1.8804448084376562,True,True,Deng_Liu_LUAD_2024;Hu_Zhang_2023_NSCLC;Zilionis_Klein_2019,0.75,0.47011120210941404,III-IV,1,0.23334775866421434,3,1,0.23334775866421434,0.2367634434451997
PDCD1LG2_PDCD1,DC mature,T cell CD8 terminally exhausted,3,2.0,0.7101867931761916,True,True,Deng_Liu_LUAD_2024;Hu_Zhang_2023_NSCLC,0.6666666666666666,0.23672893105873052,III-IV,1,0.0,1,1,0.0,0.23672893105873052
CCL4_CCR5,T cell CD8 dividing,T cell CD8 dividing,4,2.0,1.7448529936629527,True,True,Deng_Liu_LUAD_2024;Hu_Zhang_2023_NSCLC,0.5,0.43621324841573816,III-IV,1,0.19950232608460455,4,1,0.19950232608460455,0.2367109223311336
ICAM1_ITGAL,Monocyte classical,T cell CD8 terminally exhausted,4,2.0,1.5217416805915887,True,False,Deng_Liu_LUAD_2024;Hu_Zhang_2023_NSCLC,0.5,0.38043542014789716,III-IV,1,0.1438115330520394,4,1,0.1438115330520394,0.23662388709585777
CD58_CD2,cDC2,T cell CD4 dividing,3,2.0,1.814727778059951,True,True,Deng_Liu_LUAD_2024;Hu_Zhang_2023_NSCLC,0.6666666666666666,0.604909259353317,III-IV,1,0.36830574488802337,2,1,0.36830574488802337,0.2366035144652936
CXCL9_CXCR3,DC mature,T cell CD8 effector memory,3,2.0,0.7097884321851182,True,False,Deng_Liu_LUAD_2024;Hu_Zhang_2023_NSCLC,0.6666666666666666,0.23659614406170607,III-IV,1,0.0,1,1,0.0,0.23659614406170607
HLA-E_VSIR,Macrophage,Macrophage alveolar,4,2.0,1.630094590814812,True,False,Deng_Liu_LUAD_2024;Hu_Zhang_2023_NSCLC,0.5,0.407523647703703,III-IV,1,0.17092935194201017,5,1,0.17092935194201017,0.2365942957616928
SEMA3C_NRP2,pDC,myeloid dividing,3,2.0,0.7093741145924553,True,True,Deng_Liu_LUAD_2024;Hu_Zhang_2023_NSCLC,0.6666666666666666,0.2364580381974851,III-IV,1,0.0,2,1,0.0,0.2364580381974851
LGALS9_HAVCR2,Monocyte classical,myeloid dividing,3,2.0,1.1786176391083734,True,True,Deng_Liu_LUAD_2024;Hu_Zhang_2023_NSCLC,0.6666666666666666,0.3928725463694578,III-IV,1,0.15641566590933678,4,1,0.15641566590933678,0.236456880460121
APP_TNFRSF21,Pericyte,myeloid dividing,2,2.0,1.2589635907221146,True,True,Deng_Liu_LUAD_2024;Hu_Zhang_2023_NSCLC,1.0,0.6294817953610573,III-IV,1,0.39306384162623825,3,1,0.39306384162623825,0.23641795373481905
THY1_integrin_aXb2_complex,Pericyte,Mast cell,2,2.0,1.638508399045352,True,False,Deng_Liu_LUAD_2024;Hu_Zhang_2023_NSCLC,1.0,0.819254199522676,III-IV,1,0.5829191408078325,3,1,0.5829191408078325,0.2363350587148435
HLA-E_CD94:NKG2C,T cell regulatory,T cell CD8 terminally exhausted,4,3.0,2.466520710166423,False,False,Chen_Zhang_2020;Deng_Liu_LUAD_2024;Lambrechts_Thienpont_2018_6653,0.75,0.6166301775416058,III-IV,1,0.38034607014323346,4,1,0.38034607014323346,0.2362841073983723
HLA-E_CD94:NKG2C,T cell CD8 effector memory,T cell CD8 terminally exhausted,4,3.0,2.352924263916774,False,False,Chen_Zhang_2020;Deng_Liu_LUAD_2024;Lambrechts_Thienpont_2018_6653,0.75,0.5882310659791935,III-IV,1,0.35201204968247823,4,1,0.35201204968247823,0.23621901629671527
CLEC2B_KLRF1,T cell CD8 dividing,NK cell,4,2.0,1.6168418927841688,True,True,Deng_Liu_LUAD_2024;Hu_Zhang_2023_NSCLC,0.5,0.4042104731960422,III-IV,1,0.1680325651844639,4,1,0.1680325651844639,0.23617790801157829
integrin_aVb1_complex_ADGRE5,Macrophage alveolar,T cell CD4 dividing,3,2.0,0.9510178619447321,False,True,Deng_Liu_LUAD_2024;Hu_Zhang_2023_NSCLC,0.6666666666666666,0.3170059539815774,III-IV,1,0.08089905874716001,2,1,0.08089905874716001,0.23610689523441736
ICAM1_integrin_aLb2_complex,Monocyte classical,T cell CD8 terminally exhausted,4,2.0,1.519416952829445,True,False,Deng_Liu_LUAD_2024;Hu_Zhang_2023_NSCLC,0.5,0.37985423820736125,III-IV,1,0.1438115330520394,4,1,0.1438115330520394,0.23604270515532186
CD58_CD2,T cell CD8 dividing,T cell regulatory,4,2.0,1.743033180524025,True,True,Deng_Liu_LUAD_2024;Hu_Zhang_2023_NSCLC,0.5,0.4357582951310062,III-IV,1,0.1997457535432219,4,1,0.1997457535432219,0.2360125415877843
TNFSF9_TNFRSF9,pDC,DC mature,3,2.0,0.7080086112862856,False,True,Deng_Liu_LUAD_2024;Hu_Zhang_2023_NSCLC,0.6666666666666666,0.23600287042876186,III-IV,1,0.0,1,1,0.0,0.23600287042876186
SEMA4D_PTPRC,Macrophage alveolar,cDC2,4,2.0,1.5477972848351502,False,True,Deng_Liu_LUAD_2024;Hu_Zhang_2023_NSCLC,0.5,0.38694932120878756,III-IV,1,0.15111976630963972,5,1,0.15111976630963972,0.23582955489914784
Cholesterol_byDHCR24_RORA,myeloid dividing,T cell CD4,3,2.0,0.9668363442386161,False,True,Deng_Liu_LUAD_2024;Hu_Zhang_2023_NSCLC,0.6666666666666666,0.32227878141287203,III-IV,1,0.08649789029535865,4,1,0.08649789029535865,0.23578089111751338
FASLG_FAS,T cell CD8 terminally exhausted,Pericyte,2,2.0,0.4714185533652322,True,False,Deng_Liu_LUAD_2024;Hu_Zhang_2023_NSCLC,1.0,0.2357092766826161,III-IV,1,0.0,3,1,0.0,0.2357092766826161
ANXA1_FPR1,Monocyte classical,myeloid dividing,3,3.0,2.1041342779570416,True,True,Chen_Zhang_2020;Deng_Liu_LUAD_2024;Hu_Zhang_2023_NSCLC,1.0,0.7013780926523472,III-IV,1,0.4657346904540611,4,1,0.4657346904540611,0.2356434021982861
LGALS9_P4HB,cDC2,Fibroblast peribronchial,4,2.0,1.5985538644803814,True,True,Deng_Liu_LUAD_2024;Hu_Zhang_2023_NSCLC,0.5,0.39963846612009535,III-IV,1,0.16400519311911715,5,1,0.16400519311911715,0.2356332730009782
FN1_integrin_a11b1_complex,Macrophage alveolar,Fibroblast peribronchial,4,2.0,1.588375547241423,True,False,Deng_Liu_LUAD_2024;Hu_Zhang_2023_NSCLC,0.5,0.39709388681035573,III-IV,1,0.16171156550903387,5,1,0.16171156550903387,0.23538232130132186
CCL3_CCR5,Macrophage,T cell CD8 terminally exhausted,4,2.0,1.5715877618426441,True,False,Deng_Liu_LUAD_2024;Hu_Zhang_2023_NSCLC,0.5,0.39289694046066104,III-IV,1,0.15756518446391865,4,1,0.15756518446391865,0.2353317559967424
VEGFA_NRP1,myeloid dividing,pDC,3,2.0,0.7057698869875707,True,True,Deng_Liu_LUAD_2024;Hu_Zhang_2023_NSCLC,0.6666666666666666,0.2352566289958569,III-IV,1,0.0,2,1,0.0,0.2352566289958569
CXCL10_CXCR3,Monocyte classical,pDC,4,2.0,0.9409860603571752,False,True,Deng_Liu_LUAD_2024;Hu_Zhang_2023_NSCLC,0.5,0.2352465150892938,III-IV,1,0.0,3,1,0.0,0.2352465150892938
LGALS3_MERTK,Fibroblast peribronchial,myeloid dividing,3,2.0,1.0658824054069187,True,True,Deng_Liu_LUAD_2024;Hu_Zhang_2023_NSCLC,0.6666666666666666,0.35529413513563957,III-IV,1,0.1200773558368495,4,1,0.1200773558368495,0.23521677929879006
SEMA4D_PTPRC,T cell regulatory,T cell CD8 dividing,4,2.0,1.7820137932329463,False,True,Deng_Liu_LUAD_2024;Hu_Zhang_2023_NSCLC,0.5,0.44550344830823657,III-IV,1,0.2103213242453749,4,1,0.2103213242453749,0.23518212406286168
SPN_SIGLEC1,pDC,Macrophage,4,2.0,0.9405810810029425,True,True,Deng_Liu_LUAD_2024;Hu_Zhang_2023_NSCLC,0.5,0.23514527025073562,III-IV,1,0.0,3,1,0.0,0.23514527025073562
ICAM1_integrin_aLb2_complex,Macrophage,T cell CD4 dividing,3,2.0,1.4195320367963262,True,False,Deng_Liu_LUAD_2024;Hu_Zhang_2023_NSCLC,0.6666666666666666,0.4731773455987754,III-IV,1,0.23834252948176998,2,1,0.23834252948176998,0.2348348161170054
FN1_integrin_a11b1_complex,Monocyte classical,Fibroblast peribronchial,4,2.0,1.0293286769605954,False,False,Deng_Liu_LUAD_2024;Hu_Zhang_2023_NSCLC,0.5,0.25733216924014884,III-IV,1,0.02250351617440225,5,1,0.02250351617440225,0.2348286530657466
CD47_SIRPG,myeloid dividing,T cell CD8 terminally exhausted,3,2.0,1.2069763027744198,True,True,Deng_Liu_LUAD_2024;Hu_Zhang_2023_NSCLC,0.6666666666666666,0.40232543425813994,III-IV,1,0.16761332900573406,4,1,0.16761332900573406,0.23471210525240588
THY1_ADGRE2,Fibroblast peribronchial,Mast cell,4,4.0,2.945884352398079,True,True,Chen_Zhang_2020;Deng_Liu_LUAD_2024;Hu_Zhang_2023_NSCLC;Zilionis_Klein_2019,1.0,0.7364710880995198,III-IV,1,0.5017916058207275,5,1,0.5017916058207275,0.23467948227879232
FN1_integrin_a5b1_complex,myeloid dividing,Monocyte classical,3,2.0,1.283089418276905,True,False,Deng_Liu_LUAD_2024;Hu_Zhang_2023_NSCLC,0.6666666666666666,0.4276964727589683,III-IV,1,0.19305149843124528,4,1,0.19305149843124528,0.23464497432772305
LGALS9_P4HB,Macrophage,Fibroblast peribronchial,4,2.0,1.6197339563069968,True,True,Deng_Liu_LUAD_2024;Hu_Zhang_2023_NSCLC,0.5,0.4049334890767492,III-IV,1,0.17032348804500702,5,1,0.17032348804500702,0.23461000103174218
CD99_PILRA,T cell CD8 activated,Macrophage,4,3.0,1.7796404082605182,False,True,Chen_Zhang_2020;Deng_Liu_LUAD_2024;Hu_Zhang_2023_NSCLC,0.75,0.44491010206512954,III-IV,1,0.21055573587219156,3,1,0.21055573587219156,0.23435436619293798
CCL3_CCR5,Macrophage,T cell CD8 dividing,4,2.0,1.5686695572963787,True,True,Deng_Liu_LUAD_2024;Hu_Zhang_2023_NSCLC,0.5,0.3921673893240947,III-IV,1,0.15791680190414367,4,1,0.15791680190414367,0.234250587419951
WNT5A_ROR2,Fibroblast peribronchial,Fibroblast peribronchial,4,2.0,0.9368945268030511,True,True,Deng_Liu_LUAD_2024;Hu_Zhang_2023_NSCLC,0.5,0.23422363170076277,III-IV,1,0.0,5,1,0.0,0.23422363170076277
CD93_IFNGR1,pDC,myeloid dividing,3,2.0,0.7026268847501611,False,True,Deng_Liu_LUAD_2024;Hu_Zhang_2023_NSCLC,0.6666666666666666,0.23420896158338703,III-IV,1,0.0,2,1,0.0,0.23420896158338703
CD58_CD2,Monocyte classical,T cell CD4 dividing,3,2.0,1.7789289308478562,True,True,Deng_Liu_LUAD_2024;Hu_Zhang_2023_NSCLC,0.6666666666666666,0.5929763102826188,III-IV,1,0.3587850265065455,2,1,0.3587850265065455,0.2341912837760733
LGALS3_MERTK,Macrophage alveolar,Macrophage,4,2.0,1.6335230439619082,True,True,Deng_Liu_LUAD_2024;Hu_Zhang_2023_NSCLC,0.5,0.40838076099047704,III-IV,1,0.17433733636265283,5,1,0.17433733636265283,0.2340434246278242
HLA-E_CD94:NKG2C,T cell CD8 dividing,NK cell,4,4.0,3.0808113491398315,False,False,Chen_Zhang_2020;Deng_Liu_LUAD_2024;Hu_Zhang_2023_NSCLC;Lambrechts_Thienpont_2018_6653,1.0,0.7702028372849579,III-IV,1,0.5362598066567592,4,1,0.5362598066567592,0.23394303062819866
SEMA4A_PLXND1,cDC2,Pericyte,2,2.0,0.6593670872406441,True,True,Deng_Liu_LUAD_2024;Hu_Zhang_2023_NSCLC,1.0,0.32968354362032204,III-IV,1,0.09576616538641856,3,1,0.09576616538641856,0.23391737823390346
COL14A1_integrin_a1b1_complex,Fibroblast peribronchial,T cell CD8 dividing,3,2.0,1.086770478328749,True,False,Deng_Liu_LUAD_2024;Hu_Zhang_2023_NSCLC,0.6666666666666666,0.36225682610958304,III-IV,1,0.12840798442064263,4,1,0.12840798442064263,0.2338488416889404
SEMA7A_PLXNC1,pDC,Mast cell,4,2.0,0.9340320142213614,True,False,Deng_Liu_LUAD_2024;Hu_Zhang_2023_NSCLC,0.5,0.23350800355534035,III-IV,1,0.0,3,1,0.0,0.23350800355534035
COL12A1_integrin_a1b1_complex,Pericyte,Fibroblast peribronchial,2,2.0,0.8661382610515735,True,False,Deng_Liu_LUAD_2024;Hu_Zhang_2023_NSCLC,1.0,0.43306913052578677,III-IV,1,0.19970067438421868,3,1,0.19970067438421868,0.2333684561415681
FN1_integrin_a5b1_complex,Monocyte classical,Pericyte,2,2.0,0.570547948489753,False,False,Deng_Liu_LUAD_2024;Hu_Zhang_2023_NSCLC,1.0,0.2852739742448765,III-IV,1,0.051931191171697505,3,1,0.051931191171697505,0.233342783073179
COL12A1_integrin_a2b1_complex,Fibroblast peribronchial,Fibroblast peribronchial,4,2.0,1.2131801317584139,True,False,Deng_Liu_LUAD_2024;Hu_Zhang_2023_NSCLC,0.5,0.30329503293960347,III-IV,1,0.06995564210754084,5,1,0.06995564210754084,0.23333939083206262
COL10A1_integrin_a1b1_complex,Fibroblast peribronchial,Fibroblast peribronchial,4,2.0,1.4977798363316062,True,False,Deng_Liu_LUAD_2024;Hu_Zhang_2023_NSCLC,0.5,0.37444495908290154,III-IV,1,0.1411771069998918,5,1,0.1411771069998918,0.23326785208300974
ICAM3_integrin_aLb2_complex,Mast cell,T cell CD4 dividing,3,2.0,0.6993639460869144,False,False,Deng_Liu_LUAD_2024;Hu_Zhang_2023_NSCLC,0.6666666666666666,0.23312131536230482,III-IV,1,0.0,2,1,0.0,0.23312131536230482
TGFB1_TGFbeta_receptor1,B cell,myeloid dividing,3,2.0,0.7311165255209221,False,False,Deng_Liu_LUAD_2024;Hu_Zhang_2023_NSCLC,0.6666666666666666,0.24370550850697403,III-IV,1,0.010737855674564535,4,1,0.010737855674564535,0.2329676528324095
VCAM1_integrin_a4b1_complex,Fibroblast peribronchial,T cell CD8 activated,4,2.0,1.190606778787447,True,False,Deng_Liu_LUAD_2024;Hu_Zhang_2023_NSCLC,0.5,0.29765169469686176,III-IV,1,0.06473367232860903,3,1,0.06473367232860903,0.2329180223682527
VCAM1_integrin_a4b1_complex,Fibroblast peribronchial,pDC,4,2.0,0.9316461094128456,True,False,Deng_Liu_LUAD_2024;Hu_Zhang_2023_NSCLC,0.5,0.2329115273532114,III-IV,1,0.0,3,1,0.0,0.2329115273532114
SPP1_integrin_a4b1_complex,Macrophage,T cell CD8 terminally exhausted,4,2.0,1.5781520851097728,True,False,Deng_Liu_LUAD_2024;Hu_Zhang_2023_NSCLC,0.5,0.3945380212774432,III-IV,1,0.16163583252190847,4,1,0.16163583252190847,0.23290218875553473
integrin_aVb1_complex_ADGRE2,Fibroblast peribronchial,myeloid dividing,3,2.0,0.9323043998173131,False,True,Deng_Liu_LUAD_2024;Hu_Zhang_2023_NSCLC,0.6666666666666666,0.3107681332724377,III-IV,1,0.07793735800064915,4,1,0.07793735800064915,0.23283077527178853
LTB_LTBR,B cell,Macrophage alveolar,4,2.0,1.4248557443634766,True,True,Deng_Liu_LUAD_2024;Hu_Zhang_2023_NSCLC,0.5,0.35621393609086915,III-IV,1,0.12339067402358542,5,1,0.12339067402358542,0.23282326206728374
IL6_IL6_receptor,Macrophage,DC mature,3,2.0,0.6984407801255047,False,False,Deng_Liu_LUAD_2024;Hu_Zhang_2023_NSCLC,0.6666666666666666,0.23281359337516824,III-IV,1,0.0,1,1,0.0,0.23281359337516824
NECTIN2_TIGIT,Pericyte,T cell CD8 terminally exhausted,2,2.0,1.486589765786302,True,True,Deng_Liu_LUAD_2024;Hu_Zhang_2023_NSCLC,1.0,0.743294882893151,III-IV,1,0.5108100344564253,3,1,0.5108100344564253,0.2324848484367258
HLA-F_VSIR,Mast cell,myeloid dividing,3,2.0,0.6974531178625311,False,True,Deng_Liu_LUAD_2024;Hu_Zhang_2023_NSCLC,0.6666666666666666,0.23248437262084368,III-IV,1,0.0,4,1,0.0,0.23248437262084368
VCAM1_integrin_a4b1_complex,Fibroblast peribronchial,B cell,4,2.0,1.038378029379448,True,False,Deng_Liu_LUAD_2024;Hu_Zhang_2023_NSCLC,0.5,0.259594507344862,III-IV,1,0.027155685383533485,5,1,0.027155685383533485,0.2324388219613285
CCL3_CCR1,T cell CD8 terminally exhausted,Macrophage alveolar,3,2.0,1.062369345012031,True,True,Chen_Zhang_2020;Hu_Zhang_2023_NSCLC,0.6666666666666666,0.35412311500401034,III-IV,1,0.12179487179487179,4,1,0.12179487179487179,0.23232824320913853
SEMA4D_PTPRC,cDC2,T cell CD8 dividing,4,2.0,1.7253473074211958,False,True,Deng_Liu_LUAD_2024;Hu_Zhang_2023_NSCLC,0.5,0.43133682685529895,III-IV,1,0.19906956615817376,4,1,0.19906956615817376,0.2322672606971252
CD93_IFNGR1,cDC1,pDC,3,2.0,0.6966880169488121,True,False,Deng_Liu_LUAD_2024;Hu_Zhang_2023_NSCLC,0.6666666666666666,0.23222933898293738,III-IV,1,0.0,1,1,0.0,0.23222933898293738
HLA-E_CD94:NKG2C,Fibroblast peribronchial,T cell CD8 terminally exhausted,3,2.0,1.2498558195158724,False,False,Chen_Zhang_2020;Deng_Liu_LUAD_2024,0.6666666666666666,0.4166186065052908,III-IV,1,0.18449871726903908,4,1,0.18449871726903908,0.23211988923625174
CD86_CTLA4,cDC2,T cell CD8 activated,4,3.0,1.796085672682402,True,False,Chen_Zhang_2020;Deng_Liu_LUAD_2024;Hu_Zhang_2023_NSCLC,0.75,0.4490214181706005,III-IV,1,0.2169028814598435,3,1,0.2169028814598435,0.232118536710757
ALCAM_CD6,Macrophage alveolar,T cell CD8 dividing,3,2.0,1.0277373937861005,True,True,Deng_Liu_LUAD_2024;Hu_Zhang_2023_NSCLC,0.6666666666666666,0.3425791312620335,III-IV,1,0.11052958995996971,4,1,0.11052958995996971,0.2320495413020638
CCL3_CCR1,Neutrophils,Monocyte classical,4,2.0,0.9279063010625102,False,True,Deng_Liu_LUAD_2024;Hu_Zhang_2023_NSCLC,0.5,0.23197657526562754,III-IV,1,0.0,3,1,0.0,0.23197657526562754
PLAUR_integrin_a4b1_complex,Monocyte classical,T cell CD8 terminally exhausted,4,2.0,1.7498696222752064,True,False,Deng_Liu_LUAD_2024;Hu_Zhang_2023_NSCLC,0.5,0.4374674055688016,III-IV,1,0.20558801255003786,4,1,0.20558801255003786,0.23187939301876373
ICAM1_integrin_aLb2_complex,Monocyte classical,T cell CD8 dividing,4,2.0,1.4199119983348722,True,False,Deng_Liu_LUAD_2024;Hu_Zhang_2023_NSCLC,0.5,0.35497799958371806,III-IV,1,0.12320134155577193,4,1,0.12320134155577193,0.23177665802794611
ICAM1_integrin_aXb2_complex,Plasma cell,Monocyte classical,5,3.0,1.1583492586088733,False,False,Deng_Liu_LUAD_2024;Hu_Zhang_2023_NSCLC;Zilionis_Klein_2019,0.6,0.23166985172177465,III-IV,1,0.0,5,1,0.0,0.23166985172177465
CRTAM_CADM1,T cell CD8 terminally exhausted,Plasma cell,4,2.0,0.9259493860627024,True,True,Deng_Liu_LUAD_2024;Hu_Zhang_2023_NSCLC,0.5,0.2314873465156756,III-IV,1,0.0,4,1,0.0,0.2314873465156756
PTPRC_CD22,T cell CD8 dividing,B cell,4,4.0,3.0951082374191294,True,True,Chen_Zhang_2020;Deng_Liu_LUAD_2024;Hu_Zhang_2023_NSCLC;Lambrechts_Thienpont_2018_6653,1.0,0.7737770593547824,III-IV,1,0.542399176750042,4,1,0.542399176750042,0.23137788260474035
ICAM1_SPN,cDC1,DC mature,3,2.0,0.6935316520649324,True,False,Deng_Liu_LUAD_2024;Hu_Zhang_2023_NSCLC,0.6666666666666666,0.23117721735497745,III-IV,1,0.0,1,1,0.0,0.23117721735497745
integrin_aVb1_complex_ADGRE5,Fibroblast peribronchial,B cell,4,2.0,1.238914856198482,False,False,Deng_Liu_LUAD_2024;Hu_Zhang_2023_NSCLC,0.5,0.3097287140496205,III-IV,1,0.07877312560856865,5,1,0.07877312560856865,0.23095558844105185
HLA-E_CD94:NKG2C,T cell CD4,T cell CD8 terminally exhausted,4,3.0,2.2501069381921774,False,False,Chen_Zhang_2020;Deng_Liu_LUAD_2024;Lambrechts_Thienpont_2018_6653,0.75,0.5625267345480444,III-IV,1,0.33160741449593056,4,1,0.33160741449593056,0.2309193200521138
TGFB1_TGFbeta_receptor1,Monocyte classical,myeloid dividing,3,2.0,0.7801532121857907,False,False,Deng_Liu_LUAD_2024;Hu_Zhang_2023_NSCLC,0.6666666666666666,0.2600510707285969,III-IV,1,0.02923834252948177,4,1,0.02923834252948177,0.23081272819911514
SEMA7A_integrin_a1b1_complex,myeloid dividing,T cell CD8 dividing,3,2.0,0.6923063432185622,False,False,Deng_Liu_LUAD_2024;Hu_Zhang_2023_NSCLC,0.6666666666666666,0.23076878107285406,III-IV,1,0.0,4,1,0.0,0.23076878107285406
TNFSF13B_TNFRSF17,Neutrophils,Plasma cell,3,2.0,0.6922204455280607,False,True,Deng_Liu_LUAD_2024;Hu_Zhang_2023_NSCLC,0.6666666666666666,0.23074014850935357,III-IV,1,0.0,3,1,0.0,0.23074014850935357
IL6_IL6_receptor,myeloid dividing,DC mature,3,2.0,0.6917809640523354,False,False,Deng_Liu_LUAD_2024;Hu_Zhang_2023_NSCLC,0.6666666666666666,0.23059365468411178,III-IV,1,0.0,1,1,0.0,0.23059365468411178
CD52_SIGLEC10,Macrophage,myeloid dividing,3,2.0,0.7631065583784387,False,True,Chen_Zhang_2020;Hu_Zhang_2023_NSCLC,0.6666666666666666,0.2543688527928129,III-IV,1,0.023788811563169164,4,1,0.023788811563169164,0.23058004122964373
VCAM1_integrin_a4b7_complex,Fibroblast peribronchial,T cell CD4 dividing,3,2.0,0.787457306268976,True,False,Deng_Liu_LUAD_2024;Hu_Zhang_2023_NSCLC,0.6666666666666666,0.26248576875632534,III-IV,1,0.03197013956507627,2,1,0.03197013956507627,0.23051562919124907
FN1_integrin_aVb1_complex,Macrophage alveolar,Monocyte classical,4,2.0,1.563556624952309,True,False,Deng_Liu_LUAD_2024;Hu_Zhang_2023_NSCLC,0.5,0.39088915623807724,III-IV,1,0.16052147571134914,5,1,0.16052147571134914,0.2303676805267281
SEMA4D_PLXNB2,T cell CD8 dividing,Macrophage alveolar,3,2.0,0.6908642754235153,True,True,Deng_Liu_LUAD_2024;Hu_Zhang_2023_NSCLC,0.6666666666666666,0.2302880918078384,III-IV,1,0.0,4,1,0.0,0.2302880918078384
TGFB1_TGFBR3,myeloid dividing,NK cell,3,2.0,1.0043640700930796,True,False,Deng_Liu_LUAD_2024;Hu_Zhang_2023_NSCLC,0.6666666666666666,0.33478802336435987,III-IV,1,0.10464355266025621,4,1,0.10464355266025621,0.23014447070410365
CD47_SIRPA,T cell CD8 effector memory,myeloid dividing,3,2.0,1.1249377475955344,False,True,Deng_Liu_LUAD_2024;Hu_Zhang_2023_NSCLC,0.6666666666666666,0.3749792491985115,III-IV,1,0.14509628908363087,4,1,0.14509628908363087,0.22988296011488063
PECAM1_CD38,DC mature,Plasma cell,3,2.0,0.6895707228918746,False,True,Deng_Liu_LUAD_2024;Hu_Zhang_2023_NSCLC,0.6666666666666666,0.22985690763062486,III-IV,1,0.0,1,1,0.0,0.22985690763062486
integrin_aVb1_complex_ADGRE2,Fibroblast peribronchial,Mast cell,4,2.0,1.317829337457121,False,True,Deng_Liu_LUAD_2024;Hu_Zhang_2023_NSCLC,0.5,0.32945733436428026,III-IV,1,0.09964297306069458,5,1,0.09964297306069458,0.22981436130358568
ICAM1_ITGAL,Macrophage,T cell CD8 dividing,4,2.0,1.4039427996933351,True,True,Deng_Liu_LUAD_2024;Hu_Zhang_2023_NSCLC,0.5,0.3509856999233338,III-IV,1,0.12121335064373039,4,1,0.12121335064373039,0.22977234927960338
FN1_integrin_aVb5_complex,Monocyte classical,Fibroblast peribronchial,4,2.0,1.1455433262128343,False,False,Deng_Liu_LUAD_2024;Hu_Zhang_2023_NSCLC,0.5,0.28638583155320857,III-IV,1,0.05661581737531105,5,1,0.05661581737531105,0.22977001417789752
CD58_CD2,T cell CD4 dividing,T cell CD4,3,2.0,1.692401503595403,True,True,Deng_Liu_LUAD_2024;Hu_Zhang_2023_NSCLC,0.6666666666666666,0.564133834531801,III-IV,1,0.33455047062642,2,1,0.33455047062642,0.22958336390538098
WNT5B_FZD1_LRP5,DC mature,Fibroblast peribronchial,3,2.0,0.6886515611912805,True,False,Deng_Liu_LUAD_2024;Hu_Zhang_2023_NSCLC,0.6666666666666666,0.22955052039709348,III-IV,1,0.0,1,1,0.0,0.22955052039709348
CCL4_CCR5,T cell CD8 terminally exhausted,Macrophage,4,2.0,1.6476661485673643,True,False,Deng_Liu_LUAD_2024;Hu_Zhang_2023_NSCLC,0.5,0.41191653714184107,III-IV,1,0.18240830899058746,4,1,0.18240830899058746,0.2295082281512536
DHEAsulfate_bySULT2B_PPARD,Pericyte,myeloid dividing,2,2.0,0.4588807141078862,False,True,Deng_Liu_LUAD_2024;Hu_Zhang_2023_NSCLC,1.0,0.2294403570539431,III-IV,1,0.0,3,1,0.0,0.2294403570539431
TNFSF10_TNFRSF10B,myeloid dividing,DC mature,3,2.0,0.6881795570588429,True,True,Deng_Liu_LUAD_2024;Hu_Zhang_2023_NSCLC,0.6666666666666666,0.22939318568628098,III-IV,1,0.0,1,1,0.0,0.22939318568628098
PPIA_BSG,T cell CD8 dividing,Macrophage,4,2.0,1.8312263500549184,True,True,Deng_Liu_LUAD_2024;Hu_Zhang_2023_NSCLC,0.5,0.4578065875137296,III-IV,1,0.22842962241696418,4,1,0.22842962241696418,0.22937696509676542
CD58_CD2,T cell CD8 dividing,T cell CD8 effector memory,4,2.0,1.664603668136615,True,True,Deng_Liu_LUAD_2024;Hu_Zhang_2023_NSCLC,0.5,0.41615091703415374,III-IV,1,0.18680352699340042,4,1,0.18680352699340042,0.22934739004075333
TGFB1_TGFbeta_receptor1,T cell CD4 dividing,Macrophage,3,2.0,0.743836178366519,False,False,Deng_Liu_LUAD_2024;Hu_Zhang_2023_NSCLC,0.6666666666666666,0.24794539278883967,III-IV,1,0.018608676836524937,2,1,0.018608676836524937,0.22933671595231475
LGALS9_P4HB,myeloid dividing,Mast cell,3,2.0,1.200414412284617,True,False,Deng_Liu_LUAD_2024;Hu_Zhang_2023_NSCLC,0.6666666666666666,0.40013813742820564,III-IV,1,0.17127826463269502,4,1,0.17127826463269502,0.22885987279551062
TGFB1_TGFbeta_receptor1,T cell CD8 terminally exhausted,myeloid dividing,3,2.0,0.7195809300800857,False,False,Deng_Liu_LUAD_2024;Hu_Zhang_2023_NSCLC,0.6666666666666666,0.23986031002669525,III-IV,1,0.011021854376284756,4,1,0.011021854376284756,0.2288384556504105
ANXA1_FPR1,pDC,cDC2,4,3.0,0.9151563176366893,False,True,Chen_Zhang_2020;Deng_Liu_LUAD_2024;Hu_Zhang_2023_NSCLC,0.75,0.2287890794091723,III-IV,1,0.0,3,1,0.0,0.2287890794091723
ICAM1_ITGAL,cDC2,pDC,4,2.0,0.9144055453703502,True,False,Deng_Liu_LUAD_2024;Hu_Zhang_2023_NSCLC,0.5,0.22860138634258756,III-IV,1,0.0,3,1,0.0,0.22860138634258756
ICAM1_integrin_aLb2_complex,cDC2,pDC,4,2.0,0.9144055453703502,True,False,Deng_Liu_LUAD_2024;Hu_Zhang_2023_NSCLC,0.5,0.22860138634258756,III-IV,1,0.0,3,1,0.0,0.22860138634258756
ICAM3_integrin_aLb2_complex,Monocyte classical,T cell CD4 dividing,3,2.0,0.6857905898722443,False,False,Deng_Liu_LUAD_2024;Hu_Zhang_2023_NSCLC,0.6666666666666666,0.2285968632907481,III-IV,1,0.0,2,1,0.0,0.2285968632907481
JAM3_integrin_aMb2_complex,Pericyte,myeloid dividing,2,2.0,0.6767601002920763,True,False,Deng_Liu_LUAD_2024;Hu_Zhang_2023_NSCLC,1.0,0.33838005014603817,III-IV,1,0.10983086299541996,3,1,0.10983086299541996,0.22854918715061823
THY1_integrin_aMb2_complex,Fibroblast peribronchial,Macrophage alveolar,4,2.0,1.5266671027197565,True,False,Deng_Liu_LUAD_2024;Hu_Zhang_2023_NSCLC,0.5,0.3816667756799391,III-IV,1,0.15315373796386456,5,1,0.15315373796386456,0.22851303771607456
CCL4_CCR5,T cell CD8 terminally exhausted,Monocyte classical,4,2.0,1.6373529758830272,True,False,Deng_Liu_LUAD_2024;Hu_Zhang_2023_NSCLC,0.5,0.4093382439707568,III-IV,1,0.18088012550037866,4,1,0.18088012550037866,0.22845811847037814
ICAM1_SPN,Monocyte classical,T cell CD8 dividing,4,2.0,1.4997979434882045,True,True,Deng_Liu_LUAD_2024;Hu_Zhang_2023_NSCLC,0.5,0.3749494858720511,III-IV,1,0.14651628259223196,4,1,0.14651628259223196,0.22843320327981917
CDH6_CDH6,Pericyte,Pericyte,2,2.0,1.3890526360134574,True,True,Deng_Liu_LUAD_2024;Hu_Zhang_2023_NSCLC,1.0,0.6945263180067287,III-IV,1,0.46613443624563616,3,1,0.46613443624563616,0.22839188176109254
FN1_integrin_aVb1_complex,Macrophage alveolar,Macrophage,4,2.0,1.569450750805451,True,False,Deng_Liu_LUAD_2024;Hu_Zhang_2023_NSCLC,0.5,0.39236268770136273,III-IV,1,0.16400519311911715,5,1,0.16400519311911715,0.22835749458224558
VEGFA_NRP1,Mast cell,myeloid dividing,3,3.0,1.3593658277856646,True,True,Chen_Zhang_2020;Deng_Liu_LUAD_2024;Hu_Zhang_2023_NSCLC,1.0,0.45312194259522154,III-IV,1,0.22485210214573775,4,1,0.22485210214573775,0.22826984044948379
PLAUR_integrin_a4b1_complex,DC mature,myeloid dividing,3,2.0,0.6844172644062676,False,False,Deng_Liu_LUAD_2024;Hu_Zhang_2023_NSCLC,0.6666666666666666,0.22813908813542252,III-IV,1,0.0,1,1,0.0,0.22813908813542252
SEMA7A_PLXNC1,DC mature,Mast cell,3,2.0,0.6838354176073322,True,False,Deng_Liu_LUAD_2024;Hu_Zhang_2023_NSCLC,0.6666666666666666,0.22794513920244408,III-IV,1,0.0,1,1,0.0,0.22794513920244408
ICAM1_integrin_aMb2_complex,pDC,Macrophage,4,2.0,0.9117325929846278,False,False,Deng_Liu_LUAD_2024;Hu_Zhang_2023_NSCLC,0.5,0.22793314824615696,III-IV,1,0.0,3,1,0.0,0.22793314824615696
CD99_PILRA,myeloid dividing,myeloid dividing,3,3.0,1.421742877850137,True,True,Chen_Zhang_2020;Deng_Liu_LUAD_2024;Hu_Zhang_2023_NSCLC,1.0,0.47391429261671236,III-IV,1,0.2460187531255349,4,1,0.2460187531255349,0.22789553949117747
Cholesterol_byDHCR24_RORA,myeloid dividing,T cell regulatory,3,2.0,1.0091101768888007,False,True,Deng_Liu_LUAD_2024;Hu_Zhang_2023_NSCLC,0.6666666666666666,0.33637005896293354,III-IV,1,0.1085280753002272,4,1,0.1085280753002272,0.22784198366270633
CD44_TYROBP,T cell CD8 terminally exhausted,Mast cell,4,4.0,3.379855805278146,False,True,Chen_Zhang_2020;Deng_Liu_LUAD_2024;Hu_Zhang_2023_NSCLC;Lambrechts_Thienpont_2018_6653,1.0,0.8449639513195365,III-IV,1,0.6171343612381235,4,1,0.6171343612381235,0.227829590081413
ICAM1_ITGAL,Macrophage,T cell CD8 terminally exhausted,4,2.0,1.478403182987426,True,False,Deng_Liu_LUAD_2024;Hu_Zhang_2023_NSCLC,0.5,0.3696007957468565,III-IV,1,0.14178297089689496,4,1,0.14178297089689496,0.22781782484996155
RARRES2_CCRL2,Fibroblast peribronchial,myeloid dividing,3,3.0,2.245932372440243,True,True,Chen_Zhang_2020;Deng_Liu_LUAD_2024;Hu_Zhang_2023_NSCLC,1.0,0.7486441241467476,III-IV,1,0.5208416388645217,4,1,0.5208416388645217,0.2278024852822259
HLA-E_CD94:NKG2E,T cell CD8 effector memory,T cell CD8 terminally exhausted,4,2.0,1.4511349940805345,False,False,Deng_Liu_LUAD_2024;Lambrechts_Thienpont_2018_6653,0.5,0.3627837485201336,III-IV,1,0.1351118760757315,4,1,0.1351118760757315,0.22767187244440212
LGALS9_HAVCR2,pDC,Macrophage,4,2.0,0.9106002686148817,False,True,Deng_Liu_LUAD_2024;Hu_Zhang_2023_NSCLC,0.5,0.22765006715372044,III-IV,1,0.0,3,1,0.0,0.22765006715372044
CXCL10_CXCR3,DC mature,pDC,3,2.0,0.6828314159455084,False,True,Deng_Liu_LUAD_2024;Hu_Zhang_2023_NSCLC,0.6666666666666666,0.22761047198183615,III-IV,1,0.0,1,1,0.0,0.22761047198183615
TGFB1_TGFbeta_receptor2,T cell CD8 dividing,Macrophage alveolar,3,2.0,0.6828295875849097,True,False,Deng_Liu_LUAD_2024;Hu_Zhang_2023_NSCLC,0.6666666666666666,0.22760986252830326,III-IV,1,0.0,4,1,0.0,0.22760986252830326
ICAM1_ITGAL,Plasma cell,cDC1,3,2.0,0.6825407015734921,False,True,Deng_Liu_LUAD_2024;Hu_Zhang_2023_NSCLC,0.6666666666666666,0.22751356719116403,III-IV,1,0.0,1,1,0.0,0.22751356719116403
ICAM1_integrin_aLb2_complex,Plasma cell,cDC1,3,2.0,0.6825407015734921,False,False,Deng_Liu_LUAD_2024;Hu_Zhang_2023_NSCLC,0.6666666666666666,0.22751356719116403,III-IV,1,0.0,1,1,0.0,0.22751356719116403
JAG1_CD46,Pericyte,cDC1,2,2.0,1.1776584700572659,True,False,Deng_Liu_LUAD_2024;Hu_Zhang_2023_NSCLC,1.0,0.5888292350286329,III-IV,1,0.36146272855133615,1,1,0.36146272855133615,0.22736650647729678
COL10A1_integrin_a1b1_complex,Fibroblast peribronchial,NK cell,4,2.0,1.4100139944634218,True,False,Deng_Liu_LUAD_2024;Hu_Zhang_2023_NSCLC,0.5,0.35250349861585545,III-IV,1,0.12528399870172022,5,1,0.12528399870172022,0.22721949991413523
SEMA4D_PTPRC,T cell CD8 dividing,cDC2,4,2.0,1.738743594718921,True,True,Deng_Liu_LUAD_2024;Hu_Zhang_2023_NSCLC,0.5,0.43468589867973023,III-IV,1,0.20756247971437844,4,1,0.20756247971437844,0.2271234189653518
VEGFA_NRP2,Monocyte classical,Fibroblast peribronchial,4,4.0,1.7361824950395346,True,True,Chen_Zhang_2020;Deng_Liu_LUAD_2024;Hu_Zhang_2023_NSCLC;Zilionis_Klein_2019,1.0,0.43404562375988365,III-IV,1,0.20695969194699976,5,1,0.20695969194699976,0.2270859318128839
VEGFA_NRP2,myeloid dividing,Fibroblast peribronchial,3,3.0,0.8467599132803417,True,True,Chen_Zhang_2020;Deng_Liu_LUAD_2024;Hu_Zhang_2023_NSCLC,1.0,0.2822533044267806,III-IV,1,0.05523956102783726,4,1,0.05523956102783726,0.22701374339894334
APP_SORL1,Fibroblast peribronchial,T cell CD4,4,2.0,1.4438905899749952,True,False,Deng_Liu_LUAD_2024;Hu_Zhang_2023_NSCLC,0.5,0.3609726474937488,III-IV,1,0.133960835226658,5,1,0.133960835226658,0.2270118122670908
FN1_integrin_a5b1_complex,Macrophage alveolar,Monocyte classical,4,2.0,1.579027482002535,True,False,Deng_Liu_LUAD_2024;Hu_Zhang_2023_NSCLC,0.5,0.39475687050063374,III-IV,1,0.16780266147354755,5,1,0.16780266147354755,0.22695420902708618
TGFB1_TGFbeta_receptor1,Mast cell,myeloid dividing,3,2.0,0.7209198894183333,False,False,Deng_Liu_LUAD_2024;Hu_Zhang_2023_NSCLC,0.6666666666666666,0.2403066298061111,III-IV,1,0.013361462728551337,4,1,0.013361462728551337,0.22694516707755974
APP_SORL1,Fibroblast peribronchial,Monocyte classical,4,2.0,1.4995565394474895,True,True,Deng_Liu_LUAD_2024;Hu_Zhang_2023_NSCLC,0.5,0.37488913486187236,III-IV,1,0.1479930758411771,5,1,0.1479930758411771,0.22689605902069526
CCL4_CCR5,T cell CD8 terminally exhausted,T cell CD8 effector memory,4,2.0,1.6931117889488,True,False,Deng_Liu_LUAD_2024;Hu_Zhang_2023_NSCLC,0.5,0.4232779472372,III-IV,1,0.19647300659958888,4,1,0.19647300659958888,0.22680494063761114
ICAM1_integrin_aLb2_complex,Macrophage,T cell CD8 terminally exhausted,4,2.0,1.4740902012181858,True,False,Deng_Liu_LUAD_2024;Hu_Zhang_2023_NSCLC,0.5,0.36852255030454645,III-IV,1,0.14178297089689496,4,1,0.14178297089689496,0.2267395794076515
SEMA7A_PLXNC1,pDC,Fibroblast peribronchial,4,2.0,0.9064972914373954,True,False,Deng_Liu_LUAD_2024;Hu_Zhang_2023_NSCLC,0.5,0.22662432285934886,III-IV,1,0.0,3,1,0.0,0.22662432285934886
LGALS9_P4HB,T cell CD8 terminally exhausted,Fibroblast peribronchial,3,2.0,1.1506392945941029,False,True,Deng_Liu_LUAD_2024;Hu_Zhang_2023_NSCLC,0.6666666666666666,0.38354643153136764,III-IV,1,0.15694309206967436,4,1,0.15694309206967436,0.22660333946169328
TGFB1_TGFbeta_receptor2,T cell CD8 dividing,myeloid dividing,3,2.0,0.6795743401245127,True,False,Deng_Liu_LUAD_2024;Hu_Zhang_2023_NSCLC,0.6666666666666666,0.22652478004150423,III-IV,1,0.0,4,1,0.0,0.22652478004150423
EFNB1_EPHB1,Pericyte,pDC,2,2.0,0.4530144468290475,False,True,Deng_Liu_LUAD_2024;Hu_Zhang_2023_NSCLC,1.0,0.22650722341452376,III-IV,1,0.0,2,1,0.0,0.22650722341452376
CCL4_CCR5,T cell CD8 terminally exhausted,cDC2,4,2.0,1.6487604651986016,True,False,Deng_Liu_LUAD_2024;Hu_Zhang_2023_NSCLC,0.5,0.4121901162996504,III-IV,1,0.18578924591582818,4,1,0.18578924591582818,0.22640087038382223
COL8A1_integrin_a2b1_complex,Fibroblast peribronchial,Fibroblast peribronchial,4,2.0,1.3851416165516217,True,False,Deng_Liu_LUAD_2024;Hu_Zhang_2023_NSCLC,0.5,0.34628540413790543,III-IV,1,0.11990695661581738,5,1,0.11990695661581738,0.22637844752208805
CLEC2B_KLRF1,Macrophage alveolar,NK cell,4,2.0,1.28250831188846,True,True,Deng_Liu_LUAD_2024;Hu_Zhang_2023_NSCLC,0.5,0.320627077972115,III-IV,1,0.0942767499729525,5,1,0.0942767499729525,0.2263503279991625
CD58_CD2,Macrophage,T cell CD4 dividing,3,2.0,1.7551473488398592,True,True,Deng_Liu_LUAD_2024;Hu_Zhang_2023_NSCLC,0.6666666666666666,0.585049116279953,III-IV,1,0.3587850265065455,2,1,0.3587850265065455,0.22626408977340756
LTC4_byLTC4S_CYSLTR1,Mast cell,Macrophage alveolar,4,2.0,0.9048081330475946,False,True,Deng_Liu_LUAD_2024;Hu_Zhang_2023_NSCLC,0.5,0.22620203326189864,III-IV,1,0.0,5,1,0.0,0.22620203326189864
CD86_CTLA4,Macrophage alveolar,T cell CD8 terminally exhausted,3,2.0,1.224490576931682,True,True,Deng_Liu_LUAD_2024;Hu_Zhang_2023_NSCLC,0.6666666666666666,0.408163525643894,III-IV,1,0.18201242535142484,4,1,0.18201242535142484,0.22615110029246918
PLAUR_integrin_a4b1_complex,myeloid dividing,T cell CD8 activated,3,2.0,1.5909683338219371,True,False,Deng_Liu_LUAD_2024;Hu_Zhang_2023_NSCLC,0.6666666666666666,0.5303227779406458,III-IV,1,0.3041761332900573,2,1,0.3041761332900573,0.22614664465058842
IFNG_Type_II_IFNR,T cell CD8 dividing,Plasma cell,4,2.0,0.9045517445088589,True,False,Deng_Liu_LUAD_2024;Hu_Zhang_2023_NSCLC,0.5,0.22613793612721472,III-IV,1,0.0,4,1,0.0,0.22613793612721472
TGFB1_TGFbeta_receptor2,myeloid dividing,Fibroblast peribronchial,3,2.0,0.7379979761710317,True,False,Deng_Liu_LUAD_2024;Hu_Zhang_2023_NSCLC,0.6666666666666666,0.2459993253903439,III-IV,1,0.01987990912041545,4,1,0.01987990912041545,0.22611941626992843
VEGFA_NRP2,DC mature,Macrophage,3,2.0,0.6776881670657798,False,True,Deng_Liu_LUAD_2024;Hu_Zhang_2023_NSCLC,0.6666666666666666,0.22589605568859328,III-IV,1,0.0,1,1,0.0,0.22589605568859328
ICAM1_SPN,cDC2,Macrophage alveolar,4,2.0,1.3497566638404812,True,True,Deng_Liu_LUAD_2024;Hu_Zhang_2023_NSCLC,0.5,0.3374391659601203,III-IV,1,0.11154387103754193,5,1,0.11154387103754193,0.22589529492257837
SEMA4D_PTPRC,T cell CD8 dividing,Monocyte classical,4,2.0,1.7073826471030942,True,True,Deng_Liu_LUAD_2024;Hu_Zhang_2023_NSCLC,0.5,0.42684566177577354,III-IV,1,0.20104403332251433,4,1,0.20104403332251433,0.2258016284532592
CCL4_CCR5,T cell CD8 terminally exhausted,T cell CD8 terminally exhausted,4,2.0,1.7015953770904584,True,False,Deng_Liu_LUAD_2024;Hu_Zhang_2023_NSCLC,0.5,0.4253988442726146,III-IV,1,0.1997457535432219,4,1,0.1997457535432219,0.22565309072939269
APP_SORL1,Fibroblast peribronchial,T cell regulatory,4,2.0,1.400295965746012,True,False,Deng_Liu_LUAD_2024;Hu_Zhang_2023_NSCLC,0.5,0.350073991436503,III-IV,1,0.124634858812074,5,1,0.124634858812074,0.22543913262442897
CD47_SIRPG,myeloid dividing,T cell regulatory,3,2.0,1.1153682895463972,True,True,Deng_Liu_LUAD_2024;Hu_Zhang_2023_NSCLC,0.6666666666666666,0.3717894298487991,III-IV,1,0.14651628259223196,4,1,0.14651628259223196,0.22527314725656714
CD44_TYROBP,T cell CD8 effector memory,Mast cell,6,5.0,4.2925250059143965,False,True,Chen_Zhang_2020;Deng_Liu_LUAD_2024;Hu_Zhang_2023_NSCLC;Lambrechts_Thienpont_2018_6653;Maynard_Bivona_2020,0.8333333333333334,0.7154208343190661,III-IV,1,0.4903725129643471,5,1,0.4903725129643471,0.22504832135471903
CD55_ADGRE5,Monocyte classical,T cell CD8 dividing,4,2.0,1.602937356497618,True,True,Deng_Liu_LUAD_2024;Hu_Zhang_2023_NSCLC,0.5,0.4007343391244045,III-IV,1,0.17575462512171372,4,1,0.17575462512171372,0.22497971400269076
PPIA_BSG,Macrophage,T cell CD8 dividing,4,2.0,1.7314114758468326,True,False,Deng_Liu_LUAD_2024;Hu_Zhang_2023_NSCLC,0.5,0.43285286896170816,III-IV,1,0.2078735259115006,4,1,0.2078735259115006,0.22497934305020756
COL8A2_integrin_a1b1_complex,cDC1,T cell CD8 dividing,3,2.0,0.6749071701533218,False,False,Deng_Liu_LUAD_2024;Hu_Zhang_2023_NSCLC,0.6666666666666666,0.22496905671777392,III-IV,1,0.0,1,1,0.0,0.22496905671777392
LGALS9_HAVCR2,Fibroblast peribronchial,T cell CD8 terminally exhausted,3,2.0,1.0095810981079358,False,True,Deng_Liu_LUAD_2024;Hu_Zhang_2023_NSCLC,0.6666666666666666,0.3365270327026453,III-IV,1,0.11171967975765444,4,1,0.11171967975765444,0.22480735294499082
ANXA1_FPR1,T cell CD8 activated,Monocyte classical,4,4.0,2.9552722619896845,True,True,Chen_Zhang_2020;Deng_Liu_LUAD_2024;Hu_Zhang_2023_NSCLC;Zilionis_Klein_2019,1.0,0.7388180654974211,III-IV,1,0.5140676563649483,3,1,0.5140676563649483,0.2247504091324728
ALCAM_CD6,cDC2,T cell CD8 activated,4,2.0,1.428008049581674,True,True,Deng_Liu_LUAD_2024;Hu_Zhang_2023_NSCLC,0.5,0.3570020123954185,III-IV,1,0.13237044249702476,3,1,0.13237044249702476,0.22463156989839375
PLAUR_integrin_a4b1_complex,myeloid dividing,T cell CD4 dividing,3,2.0,1.65279456909006,True,False,Deng_Liu_LUAD_2024;Hu_Zhang_2023_NSCLC,0.6666666666666666,0.55093152303002,III-IV,1,0.3263009845288326,2,1,0.3263009845288326,0.22463053850118742
LGALS9_P4HB,Macrophage alveolar,Fibroblast peribronchial,4,2.0,1.565105996863601,True,True,Deng_Liu_LUAD_2024;Hu_Zhang_2023_NSCLC,0.5,0.39127649921590024,III-IV,1,0.16686140863356053,5,1,0.16686140863356053,0.22441509058233972
HLA-F_VSIR,myeloid dividing,myeloid dividing,3,2.0,0.8804683873027438,True,True,Deng_Liu_LUAD_2024;Hu_Zhang_2023_NSCLC,0.6666666666666666,0.29348946243424795,III-IV,1,0.06907930325651844,4,1,0.06907930325651844,0.2244101591777295
LGALS9_P4HB,Monocyte classical,Fibroblast peribronchial,4,2.0,1.509854908958824,True,True,Deng_Liu_LUAD_2024;Hu_Zhang_2023_NSCLC,0.5,0.377463727239706,III-IV,1,0.15307800497673915,5,1,0.15307800497673915,0.22438572226296685
APP_TNFRSF21,Fibroblast peribronchial,Pericyte,2,2.0,1.3921030567187276,True,False,Deng_Liu_LUAD_2024;Hu_Zhang_2023_NSCLC,1.0,0.6960515283593638,III-IV,1,0.47168236027025484,3,1,0.47168236027025484,0.22436916808910895
ProstaglandinE2_byPTGES3_PTGER4,T cell CD4 dividing,myeloid dividing,3,2.0,1.4517937416234137,False,True,Deng_Liu_LUAD_2024;Hu_Zhang_2023_NSCLC,0.6666666666666666,0.48393124720780456,III-IV,1,0.25962890836308555,2,1,0.25962890836308555,0.224302338844719
CD58_CD2,myeloid dividing,T cell CD4 dividing,3,2.0,1.785233863639839,True,True,Deng_Liu_LUAD_2024;Hu_Zhang_2023_NSCLC,0.6666666666666666,0.595077954546613,III-IV,1,0.37079411446500055,2,1,0.37079411446500055,0.2242838400816125
PLAUR_integrin_a4b1_complex,Monocyte classical,T cell CD8 dividing,4,2.0,1.7360927891694324,True,False,Deng_Liu_LUAD_2024;Hu_Zhang_2023_NSCLC,0.5,0.4340231972923581,III-IV,1,0.20975332684193443,4,1,0.20975332684193443,0.22426987045042368
COL1A2_integrin_a1b1_complex,myeloid dividing,T cell CD8 dividing,3,2.0,0.672498685343251,False,False,Deng_Liu_LUAD_2024;Hu_Zhang_2023_NSCLC,0.6666666666666666,0.22416622844775033,III-IV,1,0.0,4,1,0.0,0.22416622844775033
LGALS9_P4HB,myeloid dividing,NK cell,3,2.0,1.154925294193294,True,False,Deng_Liu_LUAD_2024;Hu_Zhang_2023_NSCLC,0.6666666666666666,0.3849750980644313,III-IV,1,0.16097316888456129,4,1,0.16097316888456129,0.22400192917987002
OSM_OSMR,myeloid dividing,Fibroblast peribronchial,3,2.0,0.7197781915525147,True,False,Deng_Liu_LUAD_2024;Hu_Zhang_2023_NSCLC,0.6666666666666666,0.23992606385083823,III-IV,1,0.015985069782538136,4,1,0.015985069782538136,0.2239409940683001
LGALS9_HAVCR2,myeloid dividing,Mast cell,3,2.0,1.1814709645558144,True,False,Deng_Liu_LUAD_2024;Hu_Zhang_2023_NSCLC,0.6666666666666666,0.3938236548519381,III-IV,1,0.16988531861949582,4,1,0.16988531861949582,0.22393833623244228
TGFB1_TGFbeta_receptor1,pDC,Macrophage,4,2.0,0.8955237582213015,True,False,Deng_Liu_LUAD_2024;Hu_Zhang_2023_NSCLC,0.5,0.22388093955532537,III-IV,1,0.0,3,1,0.0,0.22388093955532537
CCL4_CCR5,T cell CD8 terminally exhausted,T cell CD8 dividing,4,2.0,1.6956654899143095,True,True,Deng_Liu_LUAD_2024;Hu_Zhang_2023_NSCLC,0.5,0.4239163724785774,III-IV,1,0.20009737098344693,4,1,0.20009737098344693,0.22381900149513045
CD47_SIRB1_complex,T cell CD4 dividing,pDC,3,2.0,0.6708885645141016,False,False,Deng_Liu_LUAD_2024;Hu_Zhang_2023_NSCLC,0.6666666666666666,0.22362952150470053,III-IV,1,0.0,2,1,0.0,0.22362952150470053
TNFSF10_TNFRSF10D,Mast cell,myeloid dividing,3,2.0,0.9093300364952863,True,False,Deng_Liu_LUAD_2024;Hu_Zhang_2023_NSCLC,0.6666666666666666,0.3031100121650954,III-IV,1,0.0795196364816618,4,1,0.0795196364816618,0.22359037568343362
CD58_CD2,myeloid dividing,pDC,3,2.0,0.6707301670372111,True,False,Deng_Liu_LUAD_2024;Hu_Zhang_2023_NSCLC,0.6666666666666666,0.22357672234573703,III-IV,1,0.0,2,1,0.0,0.22357672234573703
PDGFB_PDGFRB,DC mature,Fibroblast peribronchial,3,2.0,0.6701996739855465,False,True,Chen_Zhang_2020;Deng_Liu_LUAD_2024,0.6666666666666666,0.22339989132851548,III-IV,1,0.0,1,1,0.0,0.22339989132851548
TNFSF9_TNFRSF9,DC mature,T cell CD8 dividing,3,3.0,0.6699376541741557,False,True,Chen_Zhang_2020;Deng_Liu_LUAD_2024;Hu_Zhang_2023_NSCLC,1.0,0.22331255139138526,III-IV,1,0.0,1,1,0.0,0.22331255139138526
VEGFB_NRP1,myeloid dividing,Monocyte classical,3,2.0,0.6698672765338893,True,False,Deng_Liu_LUAD_2024;Hu_Zhang_2023_NSCLC,0.6666666666666666,0.2232890921779631,III-IV,1,0.0,4,1,0.0,0.2232890921779631
ALCAM_CD6,Macrophage,T cell CD4 dividing,3,2.0,1.2761440807787645,True,True,Deng_Liu_LUAD_2024;Hu_Zhang_2023_NSCLC,0.6666666666666666,0.42538136025958817,III-IV,1,0.20209888564318945,2,1,0.20209888564318945,0.22328247461639872
FN1_integrin_aVb1_complex,myeloid dividing,Macrophage,3,2.0,1.2330467051541778,True,False,Deng_Liu_LUAD_2024;Hu_Zhang_2023_NSCLC,0.6666666666666666,0.4110155683847259,III-IV,1,0.18791247430487937,4,1,0.18791247430487937,0.22310309407984655
IFNG_Type_II_IFNR,T cell CD8 activated,DC mature,3,2.0,0.6690895533841907,False,False,Deng_Liu_LUAD_2024;Hu_Zhang_2023_NSCLC,0.6666666666666666,0.2230298511280636,III-IV,1,0.0,1,1,0.0,0.2230298511280636
PLAU_PLAUR,Fibroblast peribronchial,Fibroblast peribronchial,4,4.0,1.9760526860461602,True,False,Chen_Zhang_2020;Deng_Liu_LUAD_2024;Hu_Zhang_2023_NSCLC;Zilionis_Klein_2019,1.0,0.49401317151154006,III-IV,1,0.27099949720565897,5,1,0.27099949720565897,0.2230136743058811
RNASET2_TLR8,myeloid dividing,Macrophage alveolar,3,2.0,0.9205280450469369,True,True,Deng_Liu_LUAD_2024;Hu_Zhang_2023_NSCLC,0.6666666666666666,0.30684268168231227,III-IV,1,0.08386075949367089,4,1,0.08386075949367089,0.22298192218864138
PTPRC_MRC1,Mast cell,Macrophage alveolar,4,4.0,2.7114530542180173,False,True,Chen_Zhang_2020;Deng_Liu_LUAD_2024;Hu_Zhang_2023_NSCLC;Zilionis_Klein_2019,1.0,0.6778632635545043,III-IV,1,0.45492523159106046,5,1,0.45492523159106046,0.22293803196344386
THBS2_CD36,Fibroblast peribronchial,Macrophage alveolar,4,4.0,2.5001933557617226,True,False,Chen_Zhang_2020;Deng_Liu_LUAD_2024;Hu_Zhang_2023_NSCLC;Zilionis_Klein_2019,1.0,0.6250483389404307,III-IV,1,0.40214865189517573,5,1,0.40214865189517573,0.22289968704525492
HLA-E_CD94:NKG2E,T cell CD4,T cell CD8 terminally exhausted,4,2.0,1.3825122535279117,False,False,Deng_Liu_LUAD_2024;Lambrechts_Thienpont_2018_6653,0.5,0.34562806338197793,III-IV,1,0.12274096385542169,4,1,0.12274096385542169,0.22288709952655625
HBEGF_EGFR,Monocyte classical,Pericyte,2,2.0,1.0770956754809229,True,True,Deng_Liu_LUAD_2024;Hu_Zhang_2023_NSCLC,1.0,0.5385478377404614,III-IV,1,0.3157951127704875,3,1,0.3157951127704875,0.22275272496997395
VEGFA_NRP2,Pericyte,Fibroblast peribronchial,2,2.0,0.5113930890870565,False,True,Deng_Liu_LUAD_2024;Hu_Zhang_2023_NSCLC,1.0,0.25569654454352825,III-IV,1,0.033190578158458245,3,1,0.033190578158458245,0.22250596638507
TGFB1_TGFbeta_receptor2,NK cell,Macrophage alveolar,4,2.0,0.889897222763567,True,False,Deng_Liu_LUAD_2024;Hu_Zhang_2023_NSCLC,0.5,0.22247430569089174,III-IV,1,0.0,5,1,0.0,0.22247430569089174
ICAM1_ITGAL,cDC1,Plasma cell,3,2.0,0.6672738301317815,True,False,Deng_Liu_LUAD_2024;Hu_Zhang_2023_NSCLC,0.6666666666666666,0.2224246100439272,III-IV,1,0.0,1,1,0.0,0.2224246100439272
LGALS9_HAVCR2,myeloid dividing,Monocyte classical,3,2.0,1.1753584276816091,True,True,Deng_Liu_LUAD_2024;Hu_Zhang_2023_NSCLC,0.6666666666666666,0.3917861425605364,III-IV,1,0.16958779617007466,4,1,0.16958779617007466,0.22219834639046174
CD47_SIRB1_complex,pDC,Monocyte classical,4,2.0,0.8886993594734032,True,False,Deng_Liu_LUAD_2024;Hu_Zhang_2023_NSCLC,0.5,0.2221748398683508,III-IV,1,0.0,3,1,0.0,0.2221748398683508
VEGFA_FLT1,Monocyte classical,Monocyte classical,6,4.0,1.6642668015373008,True,False,Deng_Liu_LUAD_2024;Hu_Zhang_2023_NSCLC;Maynard_Bivona_2020;Zilionis_Klein_2019,0.6666666666666666,0.2773778002562168,III-IV,1,0.05524625267665952,5,1,0.05524625267665952,0.22213154757955725
PTPRC_MRC1,NK cell,Macrophage alveolar,4,4.0,3.5319789118702802,True,True,Chen_Zhang_2020;Deng_Liu_LUAD_2024;Hu_Zhang_2023_NSCLC;Zilionis_Klein_2019,1.0,0.8829947279675701,III-IV,1,0.6608722732581807,5,1,0.6608722732581807,0.2221224547093894
SPP1_integrin_a9b1_complex,Macrophage alveolar,myeloid dividing,3,2.0,0.6663418145021291,True,False,Deng_Liu_LUAD_2024;Hu_Zhang_2023_NSCLC,0.6666666666666666,0.22211393816737637,III-IV,1,0.0,4,1,0.0,0.22211393816737637
CXCL12_CXCR4,Fibroblast peribronchial,T cell CD4,4,4.0,3.456124435201107,True,True,Chen_Zhang_2020;Deng_Liu_LUAD_2024;Hu_Zhang_2023_NSCLC;Zilionis_Klein_2019,1.0,0.8640311088002768,III-IV,1,0.6420353494061215,5,1,0.6420353494061215,0.22199575939415528
CD47_SIRPA,Fibroblast peribronchial,myeloid dividing,3,2.0,1.0654899374789322,False,True,Deng_Liu_LUAD_2024;Hu_Zhang_2023_NSCLC,0.6666666666666666,0.3551633124929774,III-IV,1,0.13320891485448447,4,1,0.13320891485448447,0.22195439763849292
PLAU_PLAUR,Macrophage alveolar,pDC,4,2.0,0.8877586603901079,True,True,Deng_Liu_LUAD_2024;Hu_Zhang_2023_NSCLC,0.5,0.22193966509752697,III-IV,1,0.0,3,1,0.0,0.22193966509752697
HLA-E_CD94:NKG2E,NK cell,T cell CD8 terminally exhausted,4,2.0,1.4607133584663703,False,False,Deng_Liu_LUAD_2024;Lambrechts_Thienpont_2018_6653,0.5,0.3651783396165926,III-IV,1,0.14328743545611017,4,1,0.14328743545611017,0.2218909041604824
IL1RN_IL1_receptor,Macrophage,Pericyte,2,2.0,0.5630464116091207,True,False,Deng_Liu_LUAD_2024;Hu_Zhang_2023_NSCLC,1.0,0.28152320580456036,III-IV,1,0.05968480652024955,3,1,0.05968480652024955,0.22183839928431082
CD93_IFNGR1,myeloid dividing,myeloid dividing,3,2.0,0.9737296616037968,True,True,Deng_Liu_LUAD_2024;Hu_Zhang_2023_NSCLC,0.6666666666666666,0.32457655386793227,III-IV,1,0.1029157200043276,4,1,0.1029157200043276,0.2216608338636047
LTB_LTBR,cDC2,Macrophage alveolar,4,2.0,1.099017714023812,True,True,Deng_Liu_LUAD_2024;Hu_Zhang_2023_NSCLC,0.5,0.274754428505953,III-IV,1,0.053207832954668396,5,1,0.053207832954668396,0.2215465955512846
CD58_CD2,T cell CD4 dividing,T cell CD4 dividing,3,2.0,1.7657541270228896,True,True,Deng_Liu_LUAD_2024;Hu_Zhang_2023_NSCLC,0.6666666666666666,0.5885847090076298,III-IV,1,0.3670615600995348,2,1,0.3670615600995348,0.22152314890809505
FBN1_integrin_a5b1_complex,Pericyte,T cell CD8 activated,2,2.0,0.4429858990182036,True,False,Deng_Liu_LUAD_2024;Hu_Zhang_2023_NSCLC,1.0,0.2214929495091018,III-IV,1,0.0,1,1,0.0,0.2214929495091018
TNC_integrin_a4b1_complex,Pericyte,myeloid dividing,2,2.0,0.5277843217081365,True,False,Deng_Liu_LUAD_2024;Hu_Zhang_2023_NSCLC,1.0,0.26389216085406825,III-IV,1,0.042410472790219624,3,1,0.042410472790219624,0.22148168806384863
VEGFB_NRP1,cDC1,Pericyte,2,2.0,1.03901704896394,True,True,Deng_Liu_LUAD_2024;Hu_Zhang_2023_NSCLC,1.0,0.51950852448197,III-IV,1,0.2981715893108298,1,1,0.2981715893108298,0.22133693517114023
VEGFB_NRP1,Macrophage,pDC,4,2.0,0.8847986251695363,True,True,Deng_Liu_LUAD_2024;Hu_Zhang_2023_NSCLC,0.5,0.22119965629238408,III-IV,1,0.0,3,1,0.0,0.22119965629238408
Cholesterol_byDHCR24_RORA,myeloid dividing,Fibroblast peribronchial,3,2.0,0.7471672347948849,False,True,Deng_Liu_LUAD_2024;Hu_Zhang_2023_NSCLC,0.6666666666666666,0.2490557449316283,III-IV,1,0.027872444011684518,4,1,0.027872444011684518,0.2211833009199438
FN1_integrin_aVb1_complex,Monocyte classical,Fibroblast peribronchial,4,2.0,1.2198428490318727,False,False,Deng_Liu_LUAD_2024;Hu_Zhang_2023_NSCLC,0.5,0.30496071225796817,III-IV,1,0.08385805474413069,5,1,0.08385805474413069,0.22110265751383748
ICAM1_integrin_aLb2_complex,cDC1,Plasma cell,3,2.0,0.6633004701213743,True,False,Deng_Liu_LUAD_2024;Hu_Zhang_2023_NSCLC,0.6666666666666666,0.22110015670712477,III-IV,1,0.0,1,1,0.0,0.22110015670712477
ICAM1_SPN,Macrophage,Macrophage alveolar,4,2.0,1.4087290246493027,True,True,Deng_Liu_LUAD_2024;Hu_Zhang_2023_NSCLC,0.5,0.3521822561623257,III-IV,1,0.1310829817158931,5,1,0.1310829817158931,0.22109927444643257
ANXA1_FPR3,Pericyte,Macrophage alveolar,2,2.0,0.8720075302668224,False,True,Deng_Liu_LUAD_2024;Hu_Zhang_2023_NSCLC,1.0,0.4360037651334112,III-IV,1,0.21509971509971512,3,1,0.21509971509971512,0.2209040500336961
GAS6_MERTK,pDC,Macrophage,4,2.0,0.8833183532005447,True,True,Deng_Liu_LUAD_2024;Hu_Zhang_2023_NSCLC,0.5,0.2208295883001362,III-IV,1,0.0,3,1,0.0,0.2208295883001362
CD58_CD2,myeloid dividing,myeloid dividing,3,2.0,0.6624547148322596,True,False,Deng_Liu_LUAD_2024;Hu_Zhang_2023_NSCLC,0.6666666666666666,0.22081823827741986,III-IV,1,0.0,4,1,0.0,0.22081823827741986
LGALS9_HAVCR2,Mast cell,T cell CD8 dividing,4,2.0,0.8827364308495184,False,True,Deng_Liu_LUAD_2024;Hu_Zhang_2023_NSCLC,0.5,0.2206841077123796,III-IV,1,0.0,4,1,0.0,0.2206841077123796
FBN1_integrin_a5b1_complex,Pericyte,T cell CD8 effector memory,2,2.0,0.4412595135948332,True,False,Deng_Liu_LUAD_2024;Hu_Zhang_2023_NSCLC,1.0,0.2206297567974166,III-IV,1,0.0,3,1,0.0,0.2206297567974166
PVR_CD96,myeloid dividing,T cell CD8 effector memory,3,2.0,1.1970279106951722,False,True,Deng_Liu_LUAD_2024;Hu_Zhang_2023_NSCLC,0.6666666666666666,0.3990093035650574,III-IV,1,0.1783941196833717,4,1,0.1783941196833717,0.22061518388168572
F11R_integrin_aLb2_complex,pDC,T cell CD4 dividing,3,2.0,0.66051101137474,False,False,Deng_Liu_LUAD_2024;Hu_Zhang_2023_NSCLC,0.6666666666666666,0.22017033712491332,III-IV,1,0.0,2,1,0.0,0.22017033712491332
Histamine_byHDC_HRH2,Mast cell,Monocyte classical,6,5.0,3.048720241015617,False,True,Chen_Zhang_2020;Deng_Liu_LUAD_2024;Hu_Zhang_2023_NSCLC;Lambrechts_Thienpont_2018_6653;Maynard_Bivona_2020,0.8333333333333334,0.5081200401692695,III-IV,1,0.2880582643593242,5,1,0.2880582643593242,0.2200617758099453
ICAM1_integrin_aLb2_complex,Macrophage,T cell CD8 dividing,4,2.0,1.364973021154243,True,False,Deng_Liu_LUAD_2024;Hu_Zhang_2023_NSCLC,0.5,0.34124325528856075,III-IV,1,0.12121335064373039,4,1,0.12121335064373039,0.22002990464483035
ProstaglandinE2_byPTGES3_PTGER4,T cell CD8 dividing,Macrophage,4,2.0,1.3869315715042416,False,True,Deng_Liu_LUAD_2024;Hu_Zhang_2023_NSCLC,0.5,0.3467328928760604,III-IV,1,0.12682570593963,4,1,0.12682570593963,0.2199071869364304
TNF_TNFRSF1A,myeloid dividing,myeloid dividing,3,2.0,0.7543329325580332,True,True,Deng_Liu_LUAD_2024;Hu_Zhang_2023_NSCLC,0.6666666666666666,0.25144431085267777,III-IV,1,0.03156442713404739,4,1,0.03156442713404739,0.21987988371863038
RNASET2_TLR8,myeloid dividing,Macrophage,3,2.0,0.9017607344259588,True,True,Deng_Liu_LUAD_2024;Hu_Zhang_2023_NSCLC,0.6666666666666666,0.30058691147531963,III-IV,1,0.08070972627934653,4,1,0.08070972627934653,0.2198771851959731
SEMA4D_PTPRC,T cell CD8 terminally exhausted,cDC2,4,2.0,1.7284449884777018,False,True,Deng_Liu_LUAD_2024;Hu_Zhang_2023_NSCLC,0.5,0.43211124711942545,III-IV,1,0.2122416964189116,4,1,0.2122416964189116,0.21986955070051384
CCL3_CCR1,T cell CD8 dividing,cDC2,4,3.0,1.153569008961753,True,False,Deng_Liu_LUAD_2024;Hu_Zhang_2023_NSCLC;Lambrechts_Thienpont_2018_6653,0.75,0.28839225224043824,III-IV,1,0.06852409638554217,4,1,0.06852409638554217,0.21986815585489605
HLA-F_LILRB2,pDC,Macrophage,4,2.0,0.8791047375412033,False,True,Deng_Liu_LUAD_2024;Hu_Zhang_2023_NSCLC,0.5,0.21977618438530083,III-IV,1,0.0,3,1,0.0,0.21977618438530083
CCL4_CCR5,Macrophage,T cell CD8 dividing,4,2.0,1.4145443798925141,True,True,Deng_Liu_LUAD_2024;Hu_Zhang_2023_NSCLC,0.5,0.35363609497312853,III-IV,1,0.1339256734826355,4,1,0.1339256734826355,0.21971042149049302
THY1_ADGRE5,Fibroblast peribronchial,Fibroblast peribronchial,4,2.0,1.4458348374075687,True,False,Deng_Liu_LUAD_2024;Hu_Zhang_2023_NSCLC,0.5,0.36145870935189217,III-IV,1,0.1417613329005734,5,1,0.1417613329005734,0.21969737645131876
VCAM1_integrin_a4b1_complex,Fibroblast peribronchial,cDC2,4,2.0,1.0821618360439442,True,False,Deng_Liu_LUAD_2024;Hu_Zhang_2023_NSCLC,0.5,0.27054045901098606,III-IV,1,0.050849291355620475,5,1,0.050849291355620475,0.2196911676553656
PVR_CD96,Macrophage alveolar,T cell CD8 effector memory,4,2.0,1.1884825662744452,False,True,Deng_Liu_LUAD_2024;Hu_Zhang_2023_NSCLC,0.5,0.2971206415686113,III-IV,1,0.07761549280536623,5,1,0.07761549280536623,0.21950514876324506
SEMA3C_NRP2,pDC,Macrophage,4,2.0,0.8773833486294417,True,True,Deng_Liu_LUAD_2024;Hu_Zhang_2023_NSCLC,0.5,0.21934583715736042,III-IV,1,0.0,3,1,0.0,0.21934583715736042
ANXA1_FPR3,T cell CD8 terminally exhausted,cDC2,4,4.0,2.0952360211242658,False,True,Chen_Zhang_2020;Deng_Liu_LUAD_2024;Hu_Zhang_2023_NSCLC;Lambrechts_Thienpont_2018_6653,1.0,0.5238090052810664,III-IV,1,0.30455476926690983,4,1,0.30455476926690983,0.2192542360141566
CD44_TYROBP,B cell,Macrophage alveolar,4,4.0,3.572314945535629,False,True,Chen_Zhang_2020;Deng_Liu_LUAD_2024;Hu_Zhang_2023_NSCLC;Zilionis_Klein_2019,1.0,0.8930787363839072,III-IV,1,0.6738775369565607,5,1,0.6738775369565607,0.2192011994273465
FN1_integrin_aVb1_complex,myeloid dividing,Monocyte classical,3,2.0,1.2061934723033791,True,False,Deng_Liu_LUAD_2024;Hu_Zhang_2023_NSCLC,0.6666666666666666,0.40206449076779305,III-IV,1,0.1829086876555231,4,1,0.1829086876555231,0.21915580311226995
SEMA7A_PLXNC1,DC mature,Fibroblast peribronchial,3,2.0,0.6565717052100863,True,False,Deng_Liu_LUAD_2024;Hu_Zhang_2023_NSCLC,0.6666666666666666,0.21885723507002877,III-IV,1,0.0,1,1,0.0,0.21885723507002877
APP_FPR2,Fibroblast peribronchial,myeloid dividing,3,2.0,1.1063128708243255,True,False,Chen_Zhang_2020;Hu_Zhang_2023_NSCLC,0.6666666666666666,0.36877095694144185,III-IV,1,0.1500054094990804,4,1,0.1500054094990804,0.21876554744236146
HLA-E_CD94:NKG2A,T cell CD8 dividing,T cell CD8 dividing,4,4.0,3.2190643356464905,False,False,Chen_Zhang_2020;Deng_Liu_LUAD_2024;Hu_Zhang_2023_NSCLC;Lambrechts_Thienpont_2018_6653,1.0,0.8047660839116226,III-IV,1,0.5861042187084504,4,1,0.5861042187084504,0.2186618652031722
IFNG_Type_II_IFNR,T cell CD8 dividing,cDC2,4,2.0,1.4509380235319176,True,False,Deng_Liu_LUAD_2024;Hu_Zhang_2023_NSCLC,0.5,0.3627345058829794,III-IV,1,0.14408200800605864,4,1,0.14408200800605864,0.21865249787692076
CLEC2B_KLRF1,T cell CD4 dividing,NK cell,3,2.0,1.3449326880231138,False,True,Deng_Liu_LUAD_2024;Hu_Zhang_2023_NSCLC,0.6666666666666666,0.44831089600770463,III-IV,1,0.2296602834577518,2,1,0.2296602834577518,0.21865061254995283
HLA-E_KLRK1,Monocyte classical,T cell CD8 dividing,4,3.0,2.226892710753206,False,True,Chen_Zhang_2020;Deng_Liu_LUAD_2024;Lambrechts_Thienpont_2018_6653,0.75,0.5567231776883015,III-IV,1,0.33821378355268733,4,1,0.33821378355268733,0.21850939413561415
CCL3_CCR1,myeloid dividing,T cell CD8 dividing,3,2.0,1.3608586154638127,True,False,Deng_Liu_LUAD_2024;Hu_Zhang_2023_NSCLC,0.6666666666666666,0.45361953848793757,III-IV,1,0.23519848981149227,4,1,0.23519848981149227,0.2184210486764453
SPP1_integrin_a4b1_complex,Macrophage,T cell CD8 dividing,4,2.0,1.5439987322157682,True,False,Deng_Liu_LUAD_2024;Hu_Zhang_2023_NSCLC,0.5,0.38599968305394206,III-IV,1,0.16761332900573406,4,1,0.16761332900573406,0.218386354048208
IL1A_IL1_receptor_inhibitor,Macrophage alveolar,Neutrophils,3,2.0,0.6547078452021874,False,False,Deng_Liu_LUAD_2024;Hu_Zhang_2023_NSCLC,0.6666666666666666,0.21823594840072913,III-IV,1,0.0,3,1,0.0,0.21823594840072913
TGFB1_TGFbeta_receptor1,T cell CD4 dividing,myeloid dividing,3,2.0,0.7087720399803935,False,False,Deng_Liu_LUAD_2024;Hu_Zhang_2023_NSCLC,0.6666666666666666,0.23625734666013118,III-IV,1,0.018121821919290272,2,1,0.018121821919290272,0.2181355247408409
CD55_ADGRE5,B cell,Macrophage alveolar,4,2.0,1.24534414773202,True,True,Deng_Liu_LUAD_2024;Hu_Zhang_2023_NSCLC,0.5,0.311336036933005,III-IV,1,0.09332467813480472,5,1,0.09332467813480472,0.21801135879820027
CXCL9_DPP4,DC mature,pDC,3,2.0,0.6539987485350198,True,False,Deng_Liu_LUAD_2024;Hu_Zhang_2023_NSCLC,0.6666666666666666,0.21799958284500662,III-IV,1,0.0,1,1,0.0,0.21799958284500662
CD55_ADGRE5,Monocyte classical,Macrophage alveolar,4,2.0,1.4261294216584153,True,True,Deng_Liu_LUAD_2024;Hu_Zhang_2023_NSCLC,0.5,0.3565323554146038,III-IV,1,0.1387103754192362,5,1,0.1387103754192362,0.21782197999536762
CD80_CTLA4,myeloid dividing,T cell CD8 terminally exhausted,3,2.0,0.9228923872887214,True,True,Deng_Liu_LUAD_2024;Hu_Zhang_2023_NSCLC,0.6666666666666666,0.30763079576290714,III-IV,1,0.08985177972519745,4,1,0.08985177972519745,0.2177790160377097
KLRB1_CLEC2D,T cell CD4 dividing,T cell CD8 terminally exhausted,3,2.0,1.2882703374291364,False,True,Deng_Liu_LUAD_2024;Hu_Zhang_2023_NSCLC,0.6666666666666666,0.42942344580971215,III-IV,1,0.21164665152006923,2,1,0.21164665152006923,0.21777679428964292
FN1_integrin_a3b1_complex,Monocyte classical,Pericyte,2,2.0,0.4630205053008455,False,False,Deng_Liu_LUAD_2024;Hu_Zhang_2023_NSCLC,1.0,0.23151025265042274,III-IV,1,0.013812254318583433,3,1,0.013812254318583433,0.2176979983318393
HLA-E_CD94:NKG2C,B cell,T cell CD8 terminally exhausted,4,3.0,2.2884084995951532,False,False,Chen_Zhang_2020;Deng_Liu_LUAD_2024;Lambrechts_Thienpont_2018_6653,0.75,0.5721021248987883,III-IV,1,0.354493541002234,4,1,0.354493541002234,0.2176085838965543
HLA-F_VSIR,Plasma cell,cDC1,3,2.0,0.6528027035318427,False,True,Deng_Liu_LUAD_2024;Hu_Zhang_2023_NSCLC,0.6666666666666666,0.2176009011772809,III-IV,1,0.0,1,1,0.0,0.2176009011772809
integrin_aVb1_complex_ADGRE5,Fibroblast peribronchial,Mast cell,4,2.0,1.2478448967554487,False,False,Deng_Liu_LUAD_2024;Hu_Zhang_2023_NSCLC,0.5,0.3119612241888622,III-IV,1,0.09437412095639944,5,1,0.09437412095639944,0.21758710323246275
F11R_integrin_aLb2_complex,Macrophage alveolar,T cell CD4 dividing,3,2.0,0.6522109140777501,True,False,Deng_Liu_LUAD_2024;Hu_Zhang_2023_NSCLC,0.6666666666666666,0.2174036380259167,III-IV,1,0.0,2,1,0.0,0.2174036380259167
LGALS3_MERTK,myeloid dividing,Macrophage,3,2.0,1.2784237140162769,True,True,Deng_Liu_LUAD_2024;Hu_Zhang_2023_NSCLC,0.6666666666666666,0.42614123800542564,III-IV,1,0.20873904576436222,4,1,0.20873904576436222,0.2174021922410634
PLAUR_integrin_a4b1_complex,Fibroblast peribronchial,myeloid dividing,3,2.0,0.8220868539180579,False,False,Deng_Liu_LUAD_2024;Hu_Zhang_2023_NSCLC,0.6666666666666666,0.2740289513060193,III-IV,1,0.05667802661473548,4,1,0.05667802661473548,0.2173509246912838
IL1RN_IL1_receptor,myeloid dividing,cDC2,3,2.0,0.8114787409814225,True,False,Deng_Liu_LUAD_2024;Hu_Zhang_2023_NSCLC,0.6666666666666666,0.2704929136604742,III-IV,1,0.053148328464784164,4,1,0.053148328464784164,0.21734458519569
PLAUR_integrin_a4b1_complex,cDC2,T cell CD8 terminally exhausted,4,2.0,1.4387414933634337,True,False,Deng_Liu_LUAD_2024;Hu_Zhang_2023_NSCLC,0.5,0.3596853733408584,III-IV,1,0.14243211078654117,4,1,0.14243211078654117,0.21725326255431726
SEMA4D_PTPRC,T cell CD8 dividing,Macrophage,4,2.0,1.543972268836743,True,True,Deng_Liu_LUAD_2024;Hu_Zhang_2023_NSCLC,0.5,0.38599306720918575,III-IV,1,0.16885751379422265,4,1,0.16885751379422265,0.2171355534149631
VEGFA_NRP2,Neutrophils,Fibroblast peribronchial,3,2.0,0.6513434854121706,False,True,Deng_Liu_LUAD_2024;Hu_Zhang_2023_NSCLC,0.6666666666666666,0.2171144951373902,III-IV,1,0.0,3,1,0.0,0.2171144951373902
CCL3_CCR1,Pericyte,Macrophage,2,2.0,0.4341931416471351,False,True,Deng_Liu_LUAD_2024;Hu_Zhang_2023_NSCLC,1.0,0.21709657082356754,III-IV,1,0.0,3,1,0.0,0.21709657082356754
TGFB1_TGFbeta_receptor1,myeloid dividing,Macrophage,3,2.0,0.7278874946360534,True,False,Deng_Liu_LUAD_2024;Hu_Zhang_2023_NSCLC,0.6666666666666666,0.24262916487868447,III-IV,1,0.025559883154819864,4,1,0.025559883154819864,0.2170692817238646
CD93_IFNGR1,pDC,cDC2,4,2.0,0.8680947126652241,False,True,Deng_Liu_LUAD_2024;Hu_Zhang_2023_NSCLC,0.5,0.21702367816630602,III-IV,1,0.0,3,1,0.0,0.21702367816630602
ProstaglandinE2_byPTGES3_PTGER4,myeloid dividing,T cell CD8 activated,3,2.0,1.6003323707728327,False,True,Deng_Liu_LUAD_2024;Hu_Zhang_2023_NSCLC,0.6666666666666666,0.5334441235909443,III-IV,1,0.3164286487071297,2,1,0.3164286487071297,0.21701547488381456
CD248_IL6R,Pericyte,Macrophage alveolar,2,2.0,0.7697869616392217,True,False,Deng_Liu_LUAD_2024;Hu_Zhang_2023_NSCLC,1.0,0.38489348081961083,III-IV,1,0.16791085145515525,3,1,0.16791085145515525,0.2169826293644556
PPIA_BSG,Macrophage,T cell CD8 terminally exhausted,4,2.0,1.6977732673291464,True,False,Deng_Liu_LUAD_2024;Hu_Zhang_2023_NSCLC,0.5,0.4244433168322866,III-IV,1,0.20748133722817266,4,1,0.20748133722817266,0.21696197960411392
CD47_SIRB1_complex,T cell CD8 dividing,Macrophage alveolar,3,2.0,0.8336250231667894,False,False,Deng_Liu_LUAD_2024;Hu_Zhang_2023_NSCLC,0.6666666666666666,0.27787500772226315,III-IV,1,0.060965054635940714,4,1,0.060965054635940714,0.21690995308632244
PTPRC_MRC1,T cell regulatory,myeloid dividing,3,3.0,2.7990280142532047,True,True,Chen_Zhang_2020;Deng_Liu_LUAD_2024;Hu_Zhang_2023_NSCLC,1.0,0.9330093380844016,III-IV,1,0.7162238995550859,4,1,0.7162238995550859,0.21678543852931564
ICAM1_integrin_aXb2_complex,myeloid dividing,Monocyte classical,3,3.0,1.5690223851707477,True,False,Chen_Zhang_2020;Deng_Liu_LUAD_2024;Hu_Zhang_2023_NSCLC,1.0,0.5230074617235826,III-IV,1,0.3063296090839888,4,1,0.3063296090839888,0.21667785263959377
VCAM1_integrin_a4b7_complex,Fibroblast peribronchial,NK cell,4,2.0,0.9953670450523565,True,False,Deng_Liu_LUAD_2024;Hu_Zhang_2023_NSCLC,0.5,0.24884176126308913,III-IV,1,0.032175700530130906,5,1,0.032175700530130906,0.21666606073295822
KLRB1_CLEC2D,T cell CD4 dividing,T cell CD4 dividing,3,2.0,1.2106978527027974,False,True,Deng_Liu_LUAD_2024;Hu_Zhang_2023_NSCLC,0.6666666666666666,0.40356595090093245,III-IV,1,0.18697933571351294,2,1,0.18697933571351294,0.2165866151874195
ANXA1_FPR3,myeloid dividing,Macrophage alveolar,3,3.0,2.079993459132164,True,True,Chen_Zhang_2020;Deng_Liu_LUAD_2024;Hu_Zhang_2023_NSCLC,1.0,0.6933311530440546,III-IV,1,0.47676127065803586,4,1,0.47676127065803586,0.2165698823860187
FN1_integrin_a5b1_complex,myeloid dividing,Pericyte,2,2.0,0.9384749455868805,True,False,Deng_Liu_LUAD_2024;Hu_Zhang_2023_NSCLC,1.0,0.46923747279344025,III-IV,1,0.2526777020447906,3,1,0.2526777020447906,0.21655977074864963
PDGFC_PDGFRA,Fibroblast peribronchial,Fibroblast peribronchial,4,2.0,1.2070341656024062,True,True,Deng_Liu_LUAD_2024;Hu_Zhang_2023_NSCLC,0.5,0.30175854140060154,III-IV,1,0.08519961051606621,5,1,0.08519961051606621,0.21655893088453532
RARRES2_CMKLR1,Fibroblast peribronchial,myeloid dividing,3,3.0,2.1552501285654495,True,False,Chen_Zhang_2020;Deng_Liu_LUAD_2024;Hu_Zhang_2023_NSCLC,1.0,0.7184167095218165,III-IV,1,0.5020361772705964,4,1,0.5020361772705964,0.21638053225122011
CD58_CD2,Mast cell,T cell CD4 dividing,3,2.0,1.6994885617055786,False,True,Deng_Liu_LUAD_2024;Hu_Zhang_2023_NSCLC,0.6666666666666666,0.5664961872351929,III-IV,1,0.3501568754733312,2,1,0.3501568754733312,0.21633931176186172
HLA-F_LILRB1,pDC,Macrophage,4,2.0,0.8652952961530145,False,True,Deng_Liu_LUAD_2024;Hu_Zhang_2023_NSCLC,0.5,0.21632382403825362,III-IV,1,0.0,3,1,0.0,0.21632382403825362
TGFB1_TGFbeta_receptor1,Macrophage,pDC,4,2.0,0.8652054143489216,True,False,Deng_Liu_LUAD_2024;Hu_Zhang_2023_NSCLC,0.5,0.2163013535872304,III-IV,1,0.0,3,1,0.0,0.2163013535872304
PDGFB_PDGFRA,pDC,Fibroblast peribronchial,4,3.0,0.8649253426546183,False,True,Chen_Zhang_2020;Deng_Liu_LUAD_2024;Zilionis_Klein_2019,0.75,0.21623133566365457,III-IV,1,0.0,3,1,0.0,0.21623133566365457
FN1_integrin_a4b1_complex,myeloid dividing,myeloid dividing,3,2.0,1.1965031006880298,True,False,Deng_Liu_LUAD_2024;Hu_Zhang_2023_NSCLC,0.6666666666666666,0.39883436689600993,III-IV,1,0.1826111652061019,4,1,0.1826111652061019,0.21622320168990802
CXCL9_CXCR3,DC mature,T cell regulatory,3,2.0,0.6486502699556795,True,False,Deng_Liu_LUAD_2024;Hu_Zhang_2023_NSCLC,0.6666666666666666,0.2162167566518932,III-IV,1,0.0,1,1,0.0,0.2162167566518932
THY1_integrin_aMb2_complex,Fibroblast peribronchial,NK cell,4,2.0,1.4656898765174613,True,False,Deng_Liu_LUAD_2024;Hu_Zhang_2023_NSCLC,0.5,0.3664224691293653,III-IV,1,0.1503299794439035,5,1,0.1503299794439035,0.21609248968546182
ICAM1_integrin_aMb2_complex,Monocyte classical,Macrophage alveolar,4,2.0,1.1819289311097703,True,False,Deng_Liu_LUAD_2024;Hu_Zhang_2023_NSCLC,0.5,0.29548223277744257,III-IV,1,0.07942226549821486,5,1,0.07942226549821486,0.21605996727922772
integrin_aVb1_complex_ADGRE5,Fibroblast peribronchial,T cell CD4,4,2.0,1.2242234700696564,False,False,Deng_Liu_LUAD_2024;Hu_Zhang_2023_NSCLC,0.5,0.3060558675174141,III-IV,1,0.09000324569944823,5,1,0.09000324569944823,0.21605262181796586
VEGFA_NRP1,DC mature,Macrophage,3,2.0,0.6480050248789005,False,True,Deng_Liu_LUAD_2024;Hu_Zhang_2023_NSCLC,0.6666666666666666,0.21600167495963352,III-IV,1,0.0,1,1,0.0,0.21600167495963352
APP_SORL1,Fibroblast peribronchial,Macrophage,4,2.0,1.398045848191995,True,True,Deng_Liu_LUAD_2024;Hu_Zhang_2023_NSCLC,0.5,0.34951146204799877,III-IV,1,0.1335929892891918,5,1,0.1335929892891918,0.21591847275880696
CCL4_CCR5,NK cell,T cell CD8 terminally exhausted,4,2.0,1.714022038927701,True,False,Deng_Liu_LUAD_2024;Hu_Zhang_2023_NSCLC,0.5,0.42850550973192525,III-IV,1,0.21262036135453857,4,1,0.21262036135453857,0.21588514837738668
CD86_CTLA4,Macrophage alveolar,T cell regulatory,4,4.0,2.0973147851270086,True,True,Chen_Zhang_2020;Deng_Liu_LUAD_2024;Hu_Zhang_2023_NSCLC;Zilionis_Klein_2019,1.0,0.5243286962817522,III-IV,1,0.3084463232100262,5,1,0.3084463232100262,0.21588237307172597
TNF_TNFRSF1B,DC mature,myeloid dividing,3,3.0,0.6476350389524711,False,True,Chen_Zhang_2020;Deng_Liu_LUAD_2024;Hu_Zhang_2023_NSCLC,1.0,0.21587834631749037,III-IV,1,0.0,1,1,0.0,0.21587834631749037
SEMA4A_PLXND1,Macrophage,Pericyte,2,2.0,0.6492569381348655,True,True,Deng_Liu_LUAD_2024;Hu_Zhang_2023_NSCLC,1.0,0.32462846906743276,III-IV,1,0.10878502650654549,3,1,0.10878502650654549,0.21584344256088728
VCAM1_integrin_a4b1_complex,Pericyte,myeloid dividing,2,2.0,0.4816532979424506,False,False,Deng_Liu_LUAD_2024;Hu_Zhang_2023_NSCLC,1.0,0.2408266489712253,III-IV,1,0.025045980742183272,3,1,0.025045980742183272,0.21578066822904202
integrin_aVb1_complex_ADGRE5,Fibroblast peribronchial,Monocyte classical,4,2.0,1.312828514342275,False,False,Deng_Liu_LUAD_2024;Hu_Zhang_2023_NSCLC,0.5,0.3282071285855688,III-IV,1,0.11252839987017202,5,1,0.11252839987017202,0.21567872871539676
HLA-E_CD94:NKG2E,T cell CD8 terminally exhausted,T cell CD8 terminally exhausted,4,2.0,1.4140379365898847,False,False,Deng_Liu_LUAD_2024;Lambrechts_Thienpont_2018_6653,0.5,0.3535094841474712,III-IV,1,0.13790877796901893,4,1,0.13790877796901893,0.21560070617845226
SPP1_integrin_a4b1_complex,Macrophage,Macrophage alveolar,4,2.0,1.3047954735392502,True,False,Deng_Liu_LUAD_2024;Hu_Zhang_2023_NSCLC,0.5,0.32619886838481255,III-IV,1,0.11069998918100184,5,1,0.11069998918100184,0.21549887920381072
SEMA4D_PLXNB2,Neutrophils,myeloid dividing,2,2.0,0.43096387906918776,False,True,Deng_Liu_LUAD_2024;Hu_Zhang_2023_NSCLC,1.0,0.21548193953459388,III-IV,1,0.0,2,1,0.0,0.21548193953459388
CD58_CD2,T cell CD8 dividing,T cell CD4 dividing,3,2.0,1.7474799247517292,True,True,Deng_Liu_LUAD_2024;Hu_Zhang_2023_NSCLC,0.6666666666666666,0.5824933082505764,III-IV,1,0.3670615600995348,2,1,0.3670615600995348,0.21543174815104166
PDGFB_PDGFRB,pDC,Fibroblast peribronchial,4,3.0,0.8614732973593413,False,True,Chen_Zhang_2020;Deng_Liu_LUAD_2024;Zilionis_Klein_2019,0.75,0.21536832433983533,III-IV,1,0.0,3,1,0.0,0.21536832433983533
HLA-E_CD94:NKG2C,Fibroblast peribronchial,NK cell,4,3.0,1.9841925109025356,False,False,Chen_Zhang_2020;Deng_Liu_LUAD_2024;Hu_Zhang_2023_NSCLC,0.75,0.4960481277256339,III-IV,1,0.2807231991817561,5,1,0.2807231991817561,0.2153249285438778
CD86_CTLA4,myeloid dividing,cDC1,3,2.0,0.6457859483807227,True,False,Chen_Zhang_2020;Hu_Zhang_2023_NSCLC,0.6666666666666666,0.21526198279357422,III-IV,1,0.0,1,1,0.0,0.21526198279357422
ICAM1_SPN,Macrophage,T cell CD8 dividing,4,2.0,1.4418624293535065,True,True,Deng_Liu_LUAD_2024;Hu_Zhang_2023_NSCLC,0.5,0.3604656073383766,III-IV,1,0.14528562155144434,4,1,0.14528562155144434,0.2151799857869323
FN1_integrin_aVb1_complex,cDC1,Fibroblast peribronchial,3,2.0,0.6453441608277157,False,False,Deng_Liu_LUAD_2024;Hu_Zhang_2023_NSCLC,0.6666666666666666,0.21511472027590525,III-IV,1,0.0,1,1,0.0,0.21511472027590525
CD58_CD2,T cell regulatory,T cell CD4 dividing,3,2.0,1.712612740592863,False,True,Deng_Liu_LUAD_2024;Hu_Zhang_2023_NSCLC,0.6666666666666666,0.5708709135309543,III-IV,1,0.35580980201233364,2,1,0.35580980201233364,0.21506111151862067
FBN1_integrin_a5b1_complex,Pericyte,DC mature,2,2.0,0.429697918161129,True,False,Deng_Liu_LUAD_2024;Hu_Zhang_2023_NSCLC,1.0,0.2148489590805645,III-IV,1,0.0,1,1,0.0,0.2148489590805645
CXCL9_CXCR3,cDC2,pDC,4,2.0,0.859182653505882,False,True,Deng_Liu_LUAD_2024;Hu_Zhang_2023_NSCLC,0.5,0.2147956633764705,III-IV,1,0.0,3,1,0.0,0.2147956633764705
PGF_NRP1,Pericyte,Pericyte,2,2.0,1.089176434662179,True,True,Deng_Liu_LUAD_2024;Hu_Zhang_2023_NSCLC,1.0,0.5445882173310895,III-IV,1,0.3298641085145708,3,1,0.3298641085145708,0.2147241088165187
ALCAM_CD6,Macrophage,T cell CD8 terminally exhausted,4,2.0,1.202270022004194,True,True,Deng_Liu_LUAD_2024;Hu_Zhang_2023_NSCLC,0.5,0.3005675055010485,III-IV,1,0.08584875040571244,4,1,0.08584875040571244,0.21471875509533606
CD44_TYROBP,T cell CD4,Mast cell,6,5.0,4.277877954393451,False,True,Chen_Zhang_2020;Deng_Liu_LUAD_2024;Hu_Zhang_2023_NSCLC;Lambrechts_Thienpont_2018_6653;Maynard_Bivona_2020,0.8333333333333334,0.7129796590655751,III-IV,1,0.4982687588443456,5,1,0.4982687588443456,0.21471090022122952
ANXA1_FPR3,pDC,myeloid dividing,3,2.0,0.6437546506089529,False,True,Deng_Liu_LUAD_2024;Hu_Zhang_2023_NSCLC,0.6666666666666666,0.21458488353631763,III-IV,1,0.0,2,1,0.0,0.21458488353631763
CD47_SIRB1_complex,pDC,pDC,4,2.0,0.8580191462698352,True,False,Deng_Liu_LUAD_2024;Hu_Zhang_2023_NSCLC,0.5,0.2145047865674588,III-IV,1,0.0,3,1,0.0,0.2145047865674588
GJA1_GJA1,Fibroblast peribronchial,Fibroblast peribronchial,4,3.0,1.5639637207659478,True,True,Chen_Zhang_2020;Deng_Liu_LUAD_2024;Hu_Zhang_2023_NSCLC,0.75,0.39099093019148695,III-IV,1,0.17652450115340665,5,1,0.17652450115340665,0.2144664290380803
COL24A1_integrin_a1b1_complex,pDC,Fibroblast peribronchial,4,2.0,0.8574993478847197,True,False,Deng_Liu_LUAD_2024;Hu_Zhang_2023_NSCLC,0.5,0.21437483697117993,III-IV,1,0.0,3,1,0.0,0.21437483697117993
PGF_NRP1,Pericyte,Monocyte classical,2,2.0,0.6750487749188173,True,False,Deng_Liu_LUAD_2024;Hu_Zhang_2023_NSCLC,1.0,0.33752438745940866,III-IV,1,0.12321556031406139,3,1,0.12321556031406139,0.21430882714534727
ICAM1_ITGAL,Monocyte classical,Macrophage alveolar,4,2.0,1.1948297830532792,True,True,Deng_Liu_LUAD_2024;Hu_Zhang_2023_NSCLC,0.5,0.2987074457633198,III-IV,1,0.0844422806448123,5,1,0.0844422806448123,0.21426516511850752
ICAM1_integrin_aLb2_complex,Monocyte classical,Macrophage alveolar,4,2.0,1.1948297830532792,True,False,Deng_Liu_LUAD_2024;Hu_Zhang_2023_NSCLC,0.5,0.2987074457633198,III-IV,1,0.0844422806448123,5,1,0.0844422806448123,0.21426516511850752
CCL4_CCR5,T cell CD8 effector memory,T cell CD8 terminally exhausted,4,2.0,1.691543770781484,True,False,Deng_Liu_LUAD_2024;Hu_Zhang_2023_NSCLC,0.5,0.422885942695371,III-IV,1,0.20873904576436222,4,1,0.20873904576436222,0.21414689693100877
CCL4_CCR5,NK cell,T cell CD8 dividing,4,2.0,1.7081264574376087,True,True,Deng_Liu_LUAD_2024;Hu_Zhang_2023_NSCLC,0.5,0.4270316143594022,III-IV,1,0.21298550254246457,4,1,0.21298550254246457,0.2140461118169376
CD52_SIGLEC10,cDC2,cDC2,6,4.0,2.1184645976288445,True,True,Chen_Zhang_2020;Deng_Liu_LUAD_2024;Hu_Zhang_2023_NSCLC;Maynard_Bivona_2020,0.6666666666666666,0.35307743293814076,III-IV,1,0.13926279010610726,5,1,0.13926279010610726,0.2138146428320335
Cholesterol_byLIPA_RORA,Macrophage alveolar,T cell CD4 dividing,3,2.0,1.6607100155820649,False,True,Deng_Liu_LUAD_2024;Hu_Zhang_2023_NSCLC,0.6666666666666666,0.5535700051940217,III-IV,1,0.33977063723899165,2,1,0.33977063723899165,0.21379936795503002
TNFSF10_TNFRSF10B,myeloid dividing,cDC1,3,2.0,0.6405334972887577,True,True,Deng_Liu_LUAD_2024;Hu_Zhang_2023_NSCLC,0.6666666666666666,0.21351116576291926,III-IV,1,0.0,1,1,0.0,0.21351116576291926
HLA-E_CD94:NKG2E,T cell CD8 effector memory,T cell CD8 dividing,4,2.0,1.3962730389132911,False,False,Deng_Liu_LUAD_2024;Lambrechts_Thienpont_2018_6653,0.5,0.3490682597283228,III-IV,1,0.13564974182444062,4,1,0.13564974182444062,0.21341851790388217
WNT5B_FZD1_LRP6,DC mature,Fibroblast peribronchial,3,2.0,0.640105665945443,True,False,Deng_Liu_LUAD_2024;Hu_Zhang_2023_NSCLC,0.6666666666666666,0.21336855531514767,III-IV,1,0.0,1,1,0.0,0.21336855531514767
SEMA7A_integrin_a1b1_complex,pDC,NK cell,4,2.0,0.8533139685601356,True,False,Deng_Liu_LUAD_2024;Hu_Zhang_2023_NSCLC,0.5,0.2133284921400339,III-IV,1,0.0,3,1,0.0,0.2133284921400339
TGFB1_TGFbeta_receptor1,myeloid dividing,Fibroblast peribronchial,3,2.0,0.6905721457089968,True,False,Deng_Liu_LUAD_2024;Hu_Zhang_2023_NSCLC,0.6666666666666666,0.23019071523633228,III-IV,1,0.01698582711240939,4,1,0.01698582711240939,0.21320488812392288
PLAUR_integrin_a4b1_complex,Macrophage,T cell CD8 terminally exhausted,4,2.0,1.6571510285691868,True,False,Deng_Liu_LUAD_2024;Hu_Zhang_2023_NSCLC,0.5,0.4142877571422967,III-IV,1,0.20111165206101914,4,1,0.20111165206101914,0.21317610508127757
CD58_CD2,T cell CD4 dividing,T cell CD8 dividing,3,2.0,1.744640918943909,True,True,Deng_Liu_LUAD_2024;Hu_Zhang_2023_NSCLC,0.6666666666666666,0.581546972981303,III-IV,1,0.3684680298604349,2,1,0.3684680298604349,0.21307894312086806
NECTIN2_TIGIT,Pericyte,T cell CD8 dividing,2,2.0,1.32215277059893,True,True,Deng_Liu_LUAD_2024;Hu_Zhang_2023_NSCLC,1.0,0.661076385299465,III-IV,1,0.44805127825284785,3,1,0.44805127825284785,0.21302510704661715
SPP1_integrin_a9b1_complex,Monocyte classical,Fibroblast peribronchial,4,2.0,0.8740185808581343,False,False,Deng_Liu_LUAD_2024;Hu_Zhang_2023_NSCLC,0.5,0.21850464521453358,III-IV,1,0.005496051065671319,5,1,0.005496051065671319,0.21300859414886225
JAM3_integrin_aMb2_complex,Pericyte,Neutrophils,2,2.0,0.42589118576871,True,False,Deng_Liu_LUAD_2024;Hu_Zhang_2023_NSCLC,1.0,0.212945592884355,III-IV,1,0.0,2,1,0.0,0.212945592884355
ICAM1_integrin_aLb2_complex,pDC,myeloid dividing,3,2.0,0.6386606818396889,False,False,Deng_Liu_LUAD_2024;Hu_Zhang_2023_NSCLC,0.6666666666666666,0.212886893946563,III-IV,1,0.0,2,1,0.0,0.212886893946563
VEGFB_NRP1,Macrophage alveolar,pDC,4,2.0,0.851332992737792,True,True,Deng_Liu_LUAD_2024;Hu_Zhang_2023_NSCLC,0.5,0.212833248184448,III-IV,1,0.0,3,1,0.0,0.212833248184448
HLA-E_CD94:NKG2E,B cell,T cell CD8 terminally exhausted,4,2.0,1.411551952954638,False,False,Deng_Liu_LUAD_2024;Lambrechts_Thienpont_2018_6653,0.5,0.3528879882386595,III-IV,1,0.14006024096385541,4,1,0.14006024096385541,0.2128277472748041
CD58_CD2,myeloid dividing,T cell CD8 activated,3,2.0,1.6909215287979689,True,True,Deng_Liu_LUAD_2024;Hu_Zhang_2023_NSCLC,0.6666666666666666,0.563640509599323,III-IV,1,0.35083306285837934,2,1,0.35083306285837934,0.21280744674094365
ICAM1_SPN,Monocyte classical,T cell CD8 terminally exhausted,4,2.0,1.4666914705859895,True,False,Deng_Liu_LUAD_2024;Hu_Zhang_2023_NSCLC,0.5,0.36667286764649737,III-IV,1,0.15387320134155577,4,1,0.15387320134155577,0.2127996663049416
integrin_aVb1_complex_ADGRE5,Macrophage alveolar,NK cell,4,2.0,1.208677091149407,False,True,Deng_Liu_LUAD_2024;Hu_Zhang_2023_NSCLC,0.5,0.30216927278735173,III-IV,1,0.08937574380612355,5,1,0.08937574380612355,0.21279352898122816
TNF_TNFRSF1A,myeloid dividing,Macrophage,3,2.0,0.7387862514294203,True,True,Deng_Liu_LUAD_2024;Hu_Zhang_2023_NSCLC,0.6666666666666666,0.24626208380980677,III-IV,1,0.033511846802986044,4,1,0.033511846802986044,0.21275023700682072
ICAM1_integrin_aXb2_complex,Plasma cell,Macrophage,5,3.0,1.062512839578281,False,False,Deng_Liu_LUAD_2024;Hu_Zhang_2023_NSCLC;Zilionis_Klein_2019,0.6,0.2125025679156562,III-IV,1,0.0,5,1,0.0,0.2125025679156562
integrin_aVb1_complex_ADGRE5,Mast cell,myeloid dividing,3,2.0,0.6370309879822009,False,True,Deng_Liu_LUAD_2024;Hu_Zhang_2023_NSCLC,0.6666666666666666,0.21234366266073365,III-IV,1,0.0,4,1,0.0,0.21234366266073365
ANXA1_FPR3,Macrophage,cDC2,6,6.0,3.2003112646564897,True,True,Chen_Zhang_2020;Deng_Liu_LUAD_2024;Hu_Zhang_2023_NSCLC;Lambrechts_Thienpont_2018_6653;Maynard_Bivona_2020;Zilionis_Klein_2019,1.0,0.5333852107760816,III-IV,1,0.32106234857808197,5,1,0.32106234857808197,0.21232286219799962
VEGFB_NRP1,Mast cell,myeloid dividing,3,2.0,0.7961848571488265,False,True,Deng_Liu_LUAD_2024;Hu_Zhang_2023_NSCLC,0.6666666666666666,0.26539495238294214,III-IV,1,0.053148328464784164,4,1,0.053148328464784164,0.21224662391815796
CCL4_CCR5,T cell CD8 effector memory,T cell CD8 dividing,4,2.0,1.6849069175071298,True,True,Deng_Liu_LUAD_2024;Hu_Zhang_2023_NSCLC,0.5,0.42122672937678246,III-IV,1,0.20909066320458725,4,1,0.20909066320458725,0.21213606617219521
VEGFA_FLT1,cDC2,cDC1,3,2.0,0.6361253400322585,True,False,Deng_Liu_LUAD_2024;Hu_Zhang_2023_NSCLC,0.6666666666666666,0.21204178001075283,III-IV,1,0.0,1,1,0.0,0.21204178001075283
FN1_integrin_a5b1_complex,Macrophage,Fibroblast peribronchial,4,2.0,1.1608955010019315,True,False,Deng_Liu_LUAD_2024;Hu_Zhang_2023_NSCLC,0.5,0.2902238752504829,III-IV,1,0.07827545169317321,5,1,0.07827545169317321,0.21194842355730967
VCAM1_integrin_a4b1_complex,T cell CD8 terminally exhausted,Pericyte,2,2.0,0.5877628701526106,True,False,Deng_Liu_LUAD_2024;Hu_Zhang_2023_NSCLC,1.0,0.2938814350763053,III-IV,1,0.08193587940423383,3,1,0.08193587940423383,0.2119455556720715
CD47_SIRPA,Monocyte classical,myeloid dividing,3,2.0,1.098953469562551,False,True,Deng_Liu_LUAD_2024;Hu_Zhang_2023_NSCLC,0.6666666666666666,0.366317823187517,III-IV,1,0.15438710375419237,4,1,0.15438710375419237,0.21193071943332462
LAMC1_integrin_a2b1_complex,Fibroblast peribronchial,T cell CD8 dividing,3,2.0,0.6351595072867372,True,False,Deng_Liu_LUAD_2024;Hu_Zhang_2023_NSCLC,0.6666666666666666,0.21171983576224573,III-IV,1,0.0,4,1,0.0,0.21171983576224573
IFNG_Type_II_IFNR,T cell CD8 dividing,Macrophage,4,2.0,1.4517455645734754,True,False,Deng_Liu_LUAD_2024;Hu_Zhang_2023_NSCLC,0.5,0.36293639114336884,III-IV,1,0.15122254679216704,4,1,0.15122254679216704,0.2117138443512018
ICAM1_integrin_aMb2_complex,cDC2,Macrophage alveolar,4,2.0,1.024194856981806,True,False,Deng_Liu_LUAD_2024;Hu_Zhang_2023_NSCLC,0.5,0.2560487142454515,III-IV,1,0.044433625446283674,5,1,0.044433625446283674,0.21161508879916782
PTPRC_MRC1,T cell CD4,Macrophage alveolar,4,4.0,3.4248159283131234,True,True,Chen_Zhang_2020;Deng_Liu_LUAD_2024;Hu_Zhang_2023_NSCLC;Zilionis_Klein_2019,1.0,0.8562039820782809,III-IV,1,0.6447299770423707,5,1,0.6447299770423707,0.21147400503591018
DHEAsulfate_bySULT2B_PPARD,Pericyte,Macrophage,2,2.0,0.42270392007966856,False,True,Deng_Liu_LUAD_2024;Hu_Zhang_2023_NSCLC,1.0,0.21135196003983428,III-IV,1,0.0,3,1,0.0,0.21135196003983428
THY1_integrin_aMb2_complex,Fibroblast peribronchial,cDC2,4,2.0,1.4193805951486007,True,False,Deng_Liu_LUAD_2024;Hu_Zhang_2023_NSCLC,0.5,0.3548451487871502,III-IV,1,0.1435140106026182,5,1,0.1435140106026182,0.21133113818453197
COL16A1_integrin_a1b1_complex,Fibroblast peribronchial,T cell CD8 dividing,3,2.0,0.9635246442559287,True,False,Deng_Liu_LUAD_2024;Hu_Zhang_2023_NSCLC,0.6666666666666666,0.32117488141864287,III-IV,1,0.10985340257492156,4,1,0.10985340257492156,0.21132147884372132
VEGFA_NRP2,Neutrophils,Macrophage,4,3.0,0.8450298067047121,False,True,Deng_Liu_LUAD_2024;Hu_Zhang_2023_NSCLC;Maynard_Bivona_2020,0.75,0.21125745167617802,III-IV,1,0.0,3,1,0.0,0.21125745167617802
COL6A1_integrin_a2b1_complex,Fibroblast peribronchial,Fibroblast peribronchial,4,2.0,1.5271405725627565,True,False,Deng_Liu_LUAD_2024;Hu_Zhang_2023_NSCLC,0.5,0.3817851431406891,III-IV,1,0.17061560099534784,5,1,0.17061560099534784,0.21116954214534128
TNF_TNFRSF1B,cDC1,myeloid dividing,3,3.0,0.6334594287114579,False,True,Chen_Zhang_2020;Deng_Liu_LUAD_2024;Hu_Zhang_2023_NSCLC,1.0,0.21115314290381929,III-IV,1,0.0,1,1,0.0,0.21115314290381929
PTPRC_MRC1,Macrophage alveolar,Macrophage,4,4.0,2.781381071154156,True,True,Chen_Zhang_2020;Deng_Liu_LUAD_2024;Hu_Zhang_2023_NSCLC;Zilionis_Klein_2019,1.0,0.695345267788539,III-IV,1,0.4843470168367897,5,1,0.4843470168367897,0.2109982509517493
CD44_TYROBP,T cell CD4,Macrophage alveolar,4,4.0,3.7270972306608705,False,True,Chen_Zhang_2020;Deng_Liu_LUAD_2024;Hu_Zhang_2023_NSCLC;Zilionis_Klein_2019,1.0,0.9317743076652176,III-IV,1,0.7208088008497036,5,1,0.7208088008497036,0.21096550681551407
LGALS9_P4HB,Fibroblast peribronchial,Plasma cell,4,2.0,0.8437495170962193,False,True,Deng_Liu_LUAD_2024;Hu_Zhang_2023_NSCLC,0.5,0.21093737927405481,III-IV,1,0.0,5,1,0.0,0.21093737927405481
SEMA4D_PLXNB2,T cell CD8 dividing,DC mature,3,2.0,0.6325857346490895,True,False,Deng_Liu_LUAD_2024;Hu_Zhang_2023_NSCLC,0.6666666666666666,0.2108619115496965,III-IV,1,0.0,1,1,0.0,0.2108619115496965
PTPRC_CD22,T cell CD8 dividing,Macrophage alveolar,3,2.0,1.6728806061993533,True,False,Deng_Liu_LUAD_2024;Hu_Zhang_2023_NSCLC,0.6666666666666666,0.5576268687331177,III-IV,1,0.346809979587539,4,1,0.346809979587539,0.21081688914557872
ALCAM_CD6,Macrophage,T cell CD8 activated,4,2.0,1.2985494864885563,True,True,Deng_Liu_LUAD_2024;Hu_Zhang_2023_NSCLC,0.5,0.32463737162213907,III-IV,1,0.11385192397850626,3,1,0.11385192397850626,0.21078544764363283
CLEC2B_KLRF1,T cell CD8 activated,NK cell,4,2.0,1.4272937700410737,False,True,Deng_Liu_LUAD_2024;Hu_Zhang_2023_NSCLC,0.5,0.35682344251026843,III-IV,1,0.1460564751703992,3,1,0.1460564751703992,0.21076696733986922
CD47_SIRPA,Macrophage alveolar,myeloid dividing,3,2.0,1.15428628971922,True,True,Deng_Liu_LUAD_2024;Hu_Zhang_2023_NSCLC,0.6666666666666666,0.38476209657307336,III-IV,1,0.17401006166828953,4,1,0.17401006166828953,0.21075203490478384
THY1_ADGRE2,Fibroblast peribronchial,myeloid dividing,3,3.0,2.2179856836216296,True,True,Chen_Zhang_2020;Deng_Liu_LUAD_2024;Hu_Zhang_2023_NSCLC,1.0,0.7393285612072099,III-IV,1,0.5287339104542211,4,1,0.5287339104542211,0.21059465075298878
PLAUR_integrin_a4b1_complex,Macrophage,Macrophage alveolar,4,2.0,1.4395163807913223,True,False,Deng_Liu_LUAD_2024;Hu_Zhang_2023_NSCLC,0.5,0.35987909519783057,III-IV,1,0.1493129936167911,5,1,0.1493129936167911,0.21056610158103947
APP_CD74,Fibroblast peribronchial,Macrophage alveolar,4,4.0,3.9092945677373274,True,True,Chen_Zhang_2020;Deng_Liu_LUAD_2024;Hu_Zhang_2023_NSCLC;Zilionis_Klein_2019,1.0,0.9773236419343319,III-IV,1,0.7667647794544695,5,1,0.7667647794544695,0.21055886247986233
PTPRC_MRC1,B cell,Macrophage alveolar,4,4.0,3.0846258202027275,False,True,Chen_Zhang_2020;Deng_Liu_LUAD_2024;Hu_Zhang_2023_NSCLC;Zilionis_Klein_2019,1.0,0.7711564550506819,III-IV,1,0.5606134880632423,5,1,0.5606134880632423,0.21054296698743957
ANXA1_FPR1,pDC,myeloid dividing,3,3.0,0.6310124391438551,False,True,Chen_Zhang_2020;Deng_Liu_LUAD_2024;Hu_Zhang_2023_NSCLC,1.0,0.21033747971461836,III-IV,1,0.0,2,1,0.0,0.21033747971461836
VCAM1_integrin_a9b1_complex,Fibroblast peribronchial,myeloid dividing,3,2.0,0.630829299640781,True,False,Deng_Liu_LUAD_2024;Hu_Zhang_2023_NSCLC,0.6666666666666666,0.21027643321359368,III-IV,1,0.0,4,1,0.0,0.21027643321359368
ICAM2_integrin_aLb2_complex,Plasma cell,T cell CD4 dividing,3,2.0,0.6307138862667836,True,False,Deng_Liu_LUAD_2024;Hu_Zhang_2023_NSCLC,0.6666666666666666,0.21023796208892787,III-IV,1,0.0,2,1,0.0,0.21023796208892787
TGFB1_TGFbeta_receptor1,cDC1,Macrophage alveolar,3,2.0,0.6305462966188384,True,False,Deng_Liu_LUAD_2024;Hu_Zhang_2023_NSCLC,0.6666666666666666,0.21018209887294614,III-IV,1,0.0,1,1,0.0,0.21018209887294614
CD248_IL6R,Pericyte,T cell regulatory,2,2.0,0.8371875661647435,True,False,Deng_Liu_LUAD_2024;Hu_Zhang_2023_NSCLC,1.0,0.4185937830823718,III-IV,1,0.20855422121244904,3,1,0.20855422121244904,0.21003956186992273
TNFSF10_TNFRSF10D,Mast cell,Macrophage alveolar,4,2.0,0.8396373930789329,True,False,Deng_Liu_LUAD_2024;Hu_Zhang_2023_NSCLC,0.5,0.20990934826973323,III-IV,1,0.0,5,1,0.0,0.20990934826973323
HLA-E_CD94:NKG2E,Mast cell,T cell CD8 terminally exhausted,4,2.0,1.2997840471579105,False,False,Deng_Liu_LUAD_2024;Lambrechts_Thienpont_2018_6653,0.5,0.32494601178947763,III-IV,1,0.11510327022375215,4,1,0.11510327022375215,0.20984274156572547
JAM3_integrin_aMb2_complex,Pericyte,Macrophage alveolar,2,2.0,0.5291437405525887,True,False,Deng_Liu_LUAD_2024;Hu_Zhang_2023_NSCLC,1.0,0.26457187027629436,III-IV,1,0.054816257347902915,3,1,0.054816257347902915,0.20975561292839145
LGALS9_P4HB,Fibroblast peribronchial,myeloid dividing,3,2.0,1.0639808197216505,False,True,Deng_Liu_LUAD_2024;Hu_Zhang_2023_NSCLC,0.6666666666666666,0.35466027324055016,III-IV,1,0.14496105160662123,4,1,0.14496105160662123,0.20969922163392893
WNT5B_SFRP4,Plasma cell,Fibroblast peribronchial,4,2.0,0.8387578257107553,False,True,Deng_Liu_LUAD_2024;Hu_Zhang_2023_NSCLC,0.5,0.20968945642768883,III-IV,1,0.0,5,1,0.0,0.20968945642768883
LGALS9_P4HB,Mast cell,myeloid dividing,3,2.0,1.1392574073637176,False,True,Deng_Liu_LUAD_2024;Hu_Zhang_2023_NSCLC,0.6666666666666666,0.3797524691212392,III-IV,1,0.17014226982581412,4,1,0.17014226982581412,0.2096101992954251
ICAM3_integrin_aLb2_complex,Neutrophils,myeloid dividing,2,2.0,0.41911127209190985,False,False,Deng_Liu_LUAD_2024;Hu_Zhang_2023_NSCLC,1.0,0.20955563604595492,III-IV,1,0.0,2,1,0.0,0.20955563604595492
HLA-E_CD94:NKG2E,NK cell,T cell CD8 dividing,4,2.0,1.4130689092281843,False,False,Deng_Liu_LUAD_2024;Lambrechts_Thienpont_2018_6653,0.5,0.35326722730704607,III-IV,1,0.14371772805507746,4,1,0.14371772805507746,0.2095494992519686
COL5A3_integrin_a1b1_complex,Fibroblast peribronchial,T cell CD8 dividing,3,2.0,0.9748252374365486,True,False,Deng_Liu_LUAD_2024;Hu_Zhang_2023_NSCLC,0.6666666666666666,0.3249417458121829,III-IV,1,0.11566861408633561,4,1,0.11566861408633561,0.20927313172584727
ALCAM_CD6,B cell,T cell CD4 dividing,3,2.0,0.7255015545698952,False,True,Deng_Liu_LUAD_2024;Hu_Zhang_2023_NSCLC,0.6666666666666666,0.2418338515232984,III-IV,1,0.03259223195932057,2,1,0.03259223195932057,0.20924161956397783
COL4A2_integrin_a11b1_complex,Fibroblast peribronchial,Fibroblast peribronchial,4,2.0,1.3997760817351934,True,False,Deng_Liu_LUAD_2024;Hu_Zhang_2023_NSCLC,0.5,0.34994402043379835,III-IV,1,0.14079844206426484,5,1,0.14079844206426484,0.2091455783695335
ANXA1_FPR3,Fibroblast peribronchial,cDC2,4,4.0,2.263104687533592,False,True,Chen_Zhang_2020;Deng_Liu_LUAD_2024;Hu_Zhang_2023_NSCLC;Zilionis_Klein_2019,1.0,0.565776171883398,III-IV,1,0.35663857431895585,5,1,0.35663857431895585,0.20913759756444217
LGALS9_P4HB,myeloid dividing,T cell CD8 terminally exhausted,3,2.0,1.107669496230142,True,False,Deng_Liu_LUAD_2024;Hu_Zhang_2023_NSCLC,0.6666666666666666,0.36922316541004735,III-IV,1,0.16014822027480255,4,1,0.16014822027480255,0.2090749451352448
PTPRC_MRC1,NK cell,Monocyte classical,5,3.0,2.469811679617655,True,True,Deng_Liu_LUAD_2024;Hu_Zhang_2023_NSCLC;Zilionis_Klein_2019,0.6,0.493962335923531,III-IV,1,0.2849308197046179,5,1,0.2849308197046179,0.20903151621891308
THY1_ADGRE2,Fibroblast peribronchial,Macrophage,4,4.0,2.590387208081365,True,True,Chen_Zhang_2020;Deng_Liu_LUAD_2024;Hu_Zhang_2023_NSCLC;Zilionis_Klein_2019,1.0,0.6475968020203412,III-IV,1,0.4388086086748498,5,1,0.4388086086748498,0.20878819334549142
HEBP1_FPR3,myeloid dividing,Macrophage,3,2.0,1.0316779591522685,True,True,Deng_Liu_LUAD_2024;Hu_Zhang_2023_NSCLC,0.6666666666666666,0.34389265305075617,III-IV,1,0.1351698582711241,4,1,0.1351698582711241,0.20872279477963207
IFNG_Type_II_IFNR,NK cell,myeloid dividing,3,2.0,0.9418518268767557,False,False,Deng_Liu_LUAD_2024;Hu_Zhang_2023_NSCLC,0.6666666666666666,0.3139506089589186,III-IV,1,0.10526885210429514,4,1,0.10526885210429514,0.20868175685462342
CD44_TYROBP,T cell regulatory,Mast cell,6,5.0,4.292115844733189,False,True,Chen_Zhang_2020;Deng_Liu_LUAD_2024;Hu_Zhang_2023_NSCLC;Lambrechts_Thienpont_2018_6653;Maynard_Bivona_2020,0.8333333333333334,0.7153526407888648,III-IV,1,0.5068693505857423,5,1,0.5068693505857423,0.2084832902031225
CD52_SIGLEC10,Monocyte classical,myeloid dividing,3,2.0,0.7499527257081848,False,True,Chen_Zhang_2020;Hu_Zhang_2023_NSCLC,0.6666666666666666,0.24998424190272828,III-IV,1,0.041588597430406854,4,1,0.041588597430406854,0.20839564447232142
CD47_SIRB1_complex,Pericyte,Macrophage alveolar,2,2.0,0.47498678795403104,False,False,Deng_Liu_LUAD_2024;Hu_Zhang_2023_NSCLC,1.0,0.23749339397701552,III-IV,1,0.029121136716073425,3,1,0.029121136716073425,0.2083722572609421
COL15A1_integrin_a1b1_complex,Fibroblast peribronchial,T cell CD8 activated,4,2.0,0.8331108508940401,True,False,Deng_Liu_LUAD_2024;Hu_Zhang_2023_NSCLC,0.5,0.20827771272351003,III-IV,1,0.0,3,1,0.0,0.20827771272351003
integrin_aVb1_complex_ADGRE5,Fibroblast peribronchial,cDC2,4,2.0,1.2504288487781383,False,False,Deng_Liu_LUAD_2024;Hu_Zhang_2023_NSCLC,0.5,0.3126072121945346,III-IV,1,0.10441415124959427,5,1,0.10441415124959427,0.2081930609449403
HLA-E_CD94:NKG2E,T cell CD4,T cell CD8 dividing,4,2.0,1.3265504970688309,False,False,Deng_Liu_LUAD_2024;Lambrechts_Thienpont_2018_6653,0.5,0.3316376242672077,III-IV,1,0.12349397590361445,4,1,0.12349397590361445,0.20814364836359328
FN1_integrin_a5b1_complex,Macrophage alveolar,Macrophage,4,2.0,1.5046579324688816,True,False,Deng_Liu_LUAD_2024;Hu_Zhang_2023_NSCLC,0.5,0.3761644831172204,III-IV,1,0.16805149843124528,5,1,0.16805149843124528,0.2081129846859751
CSF1_CSF1R,Mast cell,pDC,4,2.0,0.8324034415569017,True,False,Deng_Liu_LUAD_2024;Hu_Zhang_2023_NSCLC,0.5,0.20810086038922543,III-IV,1,0.0,3,1,0.0,0.20810086038922543
HLA-E_CD94:NKG2E,myeloid dividing,NK cell,3,2.0,1.6068425539640754,True,False,Chen_Zhang_2020;Deng_Liu_LUAD_2024,0.6666666666666666,0.5356141846546918,III-IV,1,0.3275550005159825,4,1,0.3275550005159825,0.20805918413870927
CD99_PILRA,Pericyte,Macrophage,2,2.0,1.4830285776891774,False,True,Deng_Liu_LUAD_2024;Hu_Zhang_2023_NSCLC,1.0,0.7415142888445887,III-IV,1,0.533569894666512,3,1,0.533569894666512,0.20794439417807675
VCAM1_integrin_a4b1_complex,Fibroblast peribronchial,Mast cell,4,2.0,0.9101218123338849,True,False,Deng_Liu_LUAD_2024;Hu_Zhang_2023_NSCLC,0.5,0.22753045308347122,III-IV,1,0.019593205669155036,5,1,0.019593205669155036,0.20793724741431618
PGF_FLT1,Pericyte,Monocyte classical,2,2.0,0.7712218419120248,True,False,Deng_Liu_LUAD_2024;Hu_Zhang_2023_NSCLC,1.0,0.3856109209560124,III-IV,1,0.17768558172733762,3,1,0.17768558172733762,0.2079253392286748
CD58_CD2,Macrophage alveolar,T cell CD4 dividing,3,2.0,1.7108414419698796,True,True,Deng_Liu_LUAD_2024;Hu_Zhang_2023_NSCLC,0.6666666666666666,0.5702804806566265,III-IV,1,0.3624634858812074,2,1,0.3624634858812074,0.2078169947754191
ALCAM_CD6,Plasma cell,T cell CD4 dividing,3,2.0,0.6233164652041622,False,True,Deng_Liu_LUAD_2024;Hu_Zhang_2023_NSCLC,0.6666666666666666,0.20777215506805405,III-IV,1,0.0,2,1,0.0,0.20777215506805405
CD47_SIRPA,T cell regulatory,myeloid dividing,3,2.0,1.0551113366839107,False,True,Deng_Liu_LUAD_2024;Hu_Zhang_2023_NSCLC,0.6666666666666666,0.3517037788946369,III-IV,1,0.14408200800605864,4,1,0.14408200800605864,0.20762177088857825
HLA-F_LILRB2,Neutrophils,Monocyte classical,4,2.0,0.8299253229030884,False,True,Deng_Liu_LUAD_2024;Hu_Zhang_2023_NSCLC,0.5,0.2074813307257721,III-IV,1,0.0,3,1,0.0,0.2074813307257721
WNT2B_SFRP4,Fibroblast peribronchial,Fibroblast peribronchial,4,2.0,0.8295572028955832,False,True,Deng_Liu_LUAD_2024;Hu_Zhang_2023_NSCLC,0.5,0.2073893007238958,III-IV,1,0.0,5,1,0.0,0.2073893007238958
ALCAM_CD6,Macrophage alveolar,T cell CD8 terminally exhausted,3,2.0,0.9791471343525102,True,True,Deng_Liu_LUAD_2024;Hu_Zhang_2023_NSCLC,0.6666666666666666,0.3263823781175034,III-IV,1,0.11917126474088499,4,1,0.11917126474088499,0.20721111337661843
APP_SORL1,Fibroblast peribronchial,T cell CD8 effector memory,4,2.0,1.3454490361960798,True,False,Deng_Liu_LUAD_2024;Hu_Zhang_2023_NSCLC,0.5,0.33636225904901995,III-IV,1,0.12930866601752677,5,1,0.12930866601752677,0.20705359303149318
AREG_EGFR,NK cell,Fibroblast peribronchial,4,2.0,1.2985000739379027,True,True,Deng_Liu_LUAD_2024;Zilionis_Klein_2019,0.5,0.32462501848447567,III-IV,1,0.11771948608137044,5,1,0.11771948608137044,0.20690553240310522
CD93_IFNGR1,Monocyte classical,pDC,4,2.0,0.8271483604722824,True,False,Deng_Liu_LUAD_2024;Hu_Zhang_2023_NSCLC,0.5,0.2067870901180706,III-IV,1,0.0,3,1,0.0,0.2067870901180706
CCL4_CCR5,Monocyte classical,T cell CD8 dividing,4,2.0,1.2566564817075594,True,True,Deng_Liu_LUAD_2024;Hu_Zhang_2023_NSCLC,0.5,0.31416412042688985,III-IV,1,0.10778426917667425,4,1,0.10778426917667425,0.2063798512502156
HLA-E_KLRK1,Macrophage,T cell CD8 dividing,4,3.0,2.299754627991643,True,True,Chen_Zhang_2020;Deng_Liu_LUAD_2024;Lambrechts_Thienpont_2018_6653,0.75,0.5749386569979108,III-IV,1,0.36858672837572376,4,1,0.36858672837572376,0.20635192862218704
CD93_IFNGR1,Neutrophils,Monocyte classical,4,2.0,0.825346765460864,False,True,Deng_Liu_LUAD_2024;Hu_Zhang_2023_NSCLC,0.5,0.206336691365216,III-IV,1,0.0,3,1,0.0,0.206336691365216
TGFB1_TGFBR3,myeloid dividing,T cell CD8 effector memory,3,2.0,0.7235200045516609,True,False,Deng_Liu_LUAD_2024;Hu_Zhang_2023_NSCLC,0.6666666666666666,0.24117333485055362,III-IV,1,0.03517107598759267,4,1,0.03517107598759267,0.20600225886296095
CCL4_CCR5,T cell CD8 dividing,T cell CD4 dividing,3,2.0,1.7103426017347685,True,False,Deng_Liu_LUAD_2024;Hu_Zhang_2023_NSCLC,0.6666666666666666,0.5701142005782561,III-IV,1,0.3642486205777345,2,1,0.3642486205777345,0.20586558000052163
LAIR1_LILRB4,pDC,Monocyte classical,4,2.0,0.8231323538249878,True,True,Deng_Liu_LUAD_2024;Hu_Zhang_2023_NSCLC,0.5,0.20578308845624696,III-IV,1,0.0,3,1,0.0,0.20578308845624696
CD320_JAML,pDC,myeloid dividing,3,2.0,0.6173226161673172,False,True,Chen_Zhang_2020;Deng_Liu_LUAD_2024,0.6666666666666666,0.20577420538910574,III-IV,1,0.0,2,1,0.0,0.20577420538910574
CD47_SIRPA,T cell CD8 terminally exhausted,myeloid dividing,3,2.0,1.0476545870827403,False,True,Deng_Liu_LUAD_2024;Hu_Zhang_2023_NSCLC,0.6666666666666666,0.3492181956942468,III-IV,1,0.14344639186411337,4,1,0.14344639186411337,0.2057718038301334
ANXA1_FPR1,T cell CD8 activated,cDC2,4,4.0,2.724637502679082,True,True,Chen_Zhang_2020;Deng_Liu_LUAD_2024;Hu_Zhang_2023_NSCLC;Zilionis_Klein_2019,1.0,0.6811593756697705,III-IV,1,0.47545891979504856,3,1,0.47545891979504856,0.2057004558747219
CD47_SIRPG,Fibroblast peribronchial,T cell CD8 dividing,3,2.0,0.8783156362466212,False,True,Deng_Liu_LUAD_2024;Hu_Zhang_2023_NSCLC,0.6666666666666666,0.2927718787488737,III-IV,1,0.08707941144650005,4,1,0.08707941144650005,0.20569246730237367
CD40LG_CD40,T cell CD4,myeloid dividing,3,2.0,0.6169901864281084,False,True,Deng_Liu_LUAD_2024;Hu_Zhang_2023_NSCLC,0.6666666666666666,0.20566339547603615,III-IV,1,0.0,4,1,0.0,0.20566339547603615
PTPRC_MRC1,Macrophage,Macrophage alveolar,4,4.0,2.8939004350653015,True,True,Chen_Zhang_2020;Deng_Liu_LUAD_2024;Hu_Zhang_2023_NSCLC;Zilionis_Klein_2019,1.0,0.7234751087663254,III-IV,1,0.5179049522035433,5,1,0.5179049522035433,0.2055701565627821
LGALS3_MERTK,myeloid dividing,myeloid dividing,3,2.0,1.1882030487222943,True,True,Deng_Liu_LUAD_2024;Hu_Zhang_2023_NSCLC,0.6666666666666666,0.39606768290743144,III-IV,1,0.19050903386346424,4,1,0.19050903386346424,0.2055586490439672
SEMA4D_PTPRC,T cell CD8 dividing,Plasma cell,4,2.0,0.8219389329977665,True,False,Deng_Liu_LUAD_2024;Hu_Zhang_2023_NSCLC,0.5,0.20548473324944164,III-IV,1,0.0,4,1,0.0,0.20548473324944164
HLA-F_LILRB2,myeloid dividing,Monocyte classical,3,2.0,1.1140549272565328,True,True,Deng_Liu_LUAD_2024;Hu_Zhang_2023_NSCLC,0.6666666666666666,0.3713516424188443,III-IV,1,0.16593638429081467,4,1,0.16593638429081467,0.2054152581280296
THY1_integrin_aMb2_complex,Fibroblast peribronchial,Mast cell,4,2.0,1.427190112572414,True,False,Deng_Liu_LUAD_2024;Hu_Zhang_2023_NSCLC,0.5,0.3567975281431035,III-IV,1,0.1514118792599805,5,1,0.1514118792599805,0.205385648883123
SPN_SIGLEC1,pDC,Macrophage alveolar,4,2.0,0.821396277586763,True,True,Deng_Liu_LUAD_2024;Hu_Zhang_2023_NSCLC,0.5,0.20534906939669076,III-IV,1,0.0,3,1,0.0,0.20534906939669076
COL5A1_integrin_a2b1_complex,Fibroblast peribronchial,Fibroblast peribronchial,4,2.0,1.526604752097573,True,False,Deng_Liu_LUAD_2024;Hu_Zhang_2023_NSCLC,0.5,0.38165118802439324,III-IV,1,0.1763496700205561,5,1,0.1763496700205561,0.20530151800383714
TGFB1_TGFbeta_receptor1,myeloid dividing,myeloid dividing,3,2.0,0.6907859329420998,True,False,Deng_Liu_LUAD_2024;Hu_Zhang_2023_NSCLC,0.6666666666666666,0.23026197764736658,III-IV,1,0.025113599480688087,4,1,0.025113599480688087,0.2051483781666785
LPAR1_ADGRE5,DC mature,myeloid dividing,3,2.0,0.6154049020896278,True,True,Deng_Liu_LUAD_2024;Hu_Zhang_2023_NSCLC,0.6666666666666666,0.20513496736320927,III-IV,1,0.0,1,1,0.0,0.20513496736320927
ICAM3_integrin_aLb2_complex,pDC,T cell CD4 dividing,3,2.0,0.6145774354433071,False,False,Deng_Liu_LUAD_2024;Hu_Zhang_2023_NSCLC,0.6666666666666666,0.20485914514776904,III-IV,1,0.0,2,1,0.0,0.20485914514776904
APOE_TREM2_receptor,DC mature,myeloid dividing,3,3.0,0.6145376124593929,False,False,Chen_Zhang_2020;Deng_Liu_LUAD_2024;Hu_Zhang_2023_NSCLC,1.0,0.20484587081979763,III-IV,1,0.0,1,1,0.0,0.20484587081979763
CD80_CD28,cDC2,T cell CD4 dividing,3,2.0,0.8496328742580105,True,True,Deng_Liu_LUAD_2024;Hu_Zhang_2023_NSCLC,0.6666666666666666,0.2832109580860035,III-IV,1,0.07841068917018285,2,1,0.07841068917018285,0.20480026891582065
CD86_CTLA4,cDC1,DC mature,3,2.0,0.6143258881525716,True,False,Chen_Zhang_2020;Deng_Liu_LUAD_2024,0.6666666666666666,0.2047752960508572,III-IV,1,0.0,1,1,0.0,0.2047752960508572
ENTPD1_ADORA2B,cDC2,myeloid dividing,3,2.0,0.7080706949577481,True,False,Deng_Liu_LUAD_2024;Hu_Zhang_2023_NSCLC,0.6666666666666666,0.23602356498591603,III-IV,1,0.03130747592772909,4,1,0.03130747592772909,0.20471608905818695
ICAM1_ITGAL,cDC2,Macrophage alveolar,4,2.0,1.0166365603337137,True,True,Deng_Liu_LUAD_2024;Hu_Zhang_2023_NSCLC,0.5,0.25415914008342844,III-IV,1,0.04946445959104187,5,1,0.04946445959104187,0.20469468049238657
ICAM1_integrin_aLb2_complex,cDC2,Macrophage alveolar,4,2.0,1.0166365603337137,True,False,Deng_Liu_LUAD_2024;Hu_Zhang_2023_NSCLC,0.5,0.25415914008342844,III-IV,1,0.04946445959104187,5,1,0.04946445959104187,0.20469468049238657
CD93_IFNGR1,Macrophage,myeloid dividing,3,2.0,0.960850795318728,True,True,Deng_Liu_LUAD_2024;Hu_Zhang_2023_NSCLC,0.6666666666666666,0.320283598439576,III-IV,1,0.11566861408633561,4,1,0.11566861408633561,0.20461498435324038
IL1A_IL1_receptor_inhibitor,Monocyte classical,Neutrophils,4,2.0,0.818359828981496,True,False,Deng_Liu_LUAD_2024;Hu_Zhang_2023_NSCLC,0.5,0.204589957245374,III-IV,1,0.0,3,1,0.0,0.204589957245374
FN1_integrin_a5b1_complex,Macrophage alveolar,Fibroblast peribronchial,4,2.0,1.500817216745994,True,False,Deng_Liu_LUAD_2024;Hu_Zhang_2023_NSCLC,0.5,0.3752043041864985,III-IV,1,0.17063723899166938,5,1,0.17063723899166938,0.20456706519482915
VEGFA_NRP1,Pericyte,myeloid dividing,2,2.0,0.5468648763346252,False,True,Deng_Liu_LUAD_2024;Hu_Zhang_2023_NSCLC,1.0,0.2734324381673126,III-IV,1,0.06888095495690433,3,1,0.06888095495690433,0.20455148321040828
FASLG_FAS,T cell CD8 terminally exhausted,T cell regulatory,4,2.0,0.8179601231632053,True,False,Deng_Liu_LUAD_2024;Hu_Zhang_2023_NSCLC,0.5,0.20449003079080133,III-IV,1,0.0,4,1,0.0,0.20449003079080133
ICAM1_SPN,Macrophage alveolar,cDC2,4,2.0,0.8179330100361988,False,True,Deng_Liu_LUAD_2024;Hu_Zhang_2023_NSCLC,0.5,0.2044832525090497,III-IV,1,0.0,5,1,0.0,0.2044832525090497
CD44_TYROBP,T cell CD8 effector memory,Macrophage alveolar,4,4.0,3.735792469730153,False,True,Chen_Zhang_2020;Deng_Liu_LUAD_2024;Hu_Zhang_2023_NSCLC;Zilionis_Klein_2019,1.0,0.9339481174325382,III-IV,1,0.7295405204985497,5,1,0.7295405204985497,0.20440759693398858
SEMA7A_integrin_a1b1_complex,DC mature,NK cell,3,2.0,0.6131704137448071,True,False,Deng_Liu_LUAD_2024;Hu_Zhang_2023_NSCLC,0.6666666666666666,0.20439013791493568,III-IV,1,0.0,1,1,0.0,0.20439013791493568
PLAUR_integrin_a4b1_complex,Mast cell,Fibroblast peribronchial,4,2.0,0.8174460667369953,True,False,Deng_Liu_LUAD_2024;Hu_Zhang_2023_NSCLC,0.5,0.20436151668424882,III-IV,1,0.0,5,1,0.0,0.20436151668424882
ANXA1_FPR1,myeloid dividing,Macrophage alveolar,3,3.0,2.061417320894535,True,True,Chen_Zhang_2020;Deng_Liu_LUAD_2024;Hu_Zhang_2023_NSCLC,1.0,0.687139106964845,III-IV,1,0.4827837620843254,4,1,0.4827837620843254,0.20435534488051965
LGALS9_P4HB,T cell CD8 dividing,Plasma cell,4,2.0,0.817379082253239,False,True,Deng_Liu_LUAD_2024;Hu_Zhang_2023_NSCLC,0.5,0.20434477056330974,III-IV,1,0.0,4,1,0.0,0.20434477056330974
PDGFD_PDGFRB,Fibroblast peribronchial,Pericyte,2,2.0,1.4235024754592203,False,True,Deng_Liu_LUAD_2024;Hu_Zhang_2023_NSCLC,1.0,0.7117512377296101,III-IV,1,0.5074930342354428,3,1,0.5074930342354428,0.20425820349416735
TNF_TNFRSF1B,T cell CD8 activated,myeloid dividing,3,2.0,0.612584648310759,False,True,Deng_Liu_LUAD_2024;Hu_Zhang_2023_NSCLC,0.6666666666666666,0.204194882770253,III-IV,1,0.0,2,1,0.0,0.204194882770253
ANXA1_FPR1,myeloid dividing,myeloid dividing,3,3.0,2.201657990016503,True,True,Chen_Zhang_2020;Deng_Liu_LUAD_2024;Hu_Zhang_2023_NSCLC,1.0,0.7338859966721677,III-IV,1,0.5297279481604663,4,1,0.5297279481604663,0.20415804851170138
VCAM1_integrin_a9b1_complex,Fibroblast peribronchial,Fibroblast peribronchial,4,2.0,0.85385036322121,True,False,Deng_Liu_LUAD_2024;Hu_Zhang_2023_NSCLC,0.5,0.2134625908053025,III-IV,1,0.00932597641458401,5,1,0.00932597641458401,0.20413661439071848
APP_TNFRSF21,Macrophage alveolar,pDC,4,2.0,0.8164847117120588,False,True,Deng_Liu_LUAD_2024;Hu_Zhang_2023_NSCLC,0.5,0.2041211779280147,III-IV,1,0.0,3,1,0.0,0.2041211779280147
PTPRC_CD22,NK cell,B cell,5,4.0,2.783842891828117,True,True,Deng_Liu_LUAD_2024;Hu_Zhang_2023_NSCLC;Lambrechts_Thienpont_2018_6653;Zilionis_Klein_2019,0.8,0.5567685783656234,III-IV,1,0.3526491110467068,5,1,0.3526491110467068,0.20411946731891661
Cholesterol_byLIPA_RORA,T cell CD4 dividing,T cell CD4 dividing,3,2.0,0.8786714211160922,False,True,Deng_Liu_LUAD_2024;Hu_Zhang_2023_NSCLC,0.6666666666666666,0.2928904737053641,III-IV,1,0.08885102239532619,2,1,0.08885102239532619,0.2040394513100379
TNFSF13_TNFRSF17,Macrophage alveolar,Plasma cell,4,3.0,0.816023691591105,True,True,Chen_Zhang_2020;Deng_Liu_LUAD_2024;Zilionis_Klein_2019,0.75,0.20400592289777625,III-IV,1,0.0,5,1,0.0,0.20400592289777625
ProstaglandinE2_byPTGES3_PTGER4,T cell CD8 activated,myeloid dividing,3,2.0,1.2556796939088635,False,True,Deng_Liu_LUAD_2024;Hu_Zhang_2023_NSCLC,0.6666666666666666,0.4185598979696212,III-IV,1,0.21483825597749648,2,1,0.21483825597749648,0.2037216419921247
PTPRC_MRC1,T cell CD8 effector memory,Macrophage alveolar,4,4.0,3.551228856602929,True,True,Chen_Zhang_2020;Deng_Liu_LUAD_2024;Hu_Zhang_2023_NSCLC;Zilionis_Klein_2019,1.0,0.8878072141507323,III-IV,1,0.684225596839295,5,1,0.684225596839295,0.2035816173114373
CD93_IFNGR1,Neutrophils,Macrophage,4,2.0,0.8142096821152829,False,True,Deng_Liu_LUAD_2024;Hu_Zhang_2023_NSCLC,0.5,0.20355242052882072,III-IV,1,0.0,3,1,0.0,0.20355242052882072
RNASET2_TLR8,cDC2,myeloid dividing,3,2.0,0.9128834779846949,True,False,Deng_Liu_LUAD_2024;Hu_Zhang_2023_NSCLC,0.6666666666666666,0.304294492661565,III-IV,1,0.10079249161527642,4,1,0.10079249161527642,0.20350200104628857
TGFB1_TGFbeta_receptor1,pDC,Macrophage alveolar,4,2.0,0.8131100516536549,True,False,Deng_Liu_LUAD_2024;Hu_Zhang_2023_NSCLC,0.5,0.20327751291341373,III-IV,1,0.0,3,1,0.0,0.20327751291341373
CD1B_complex_IL6ST,DC mature,DC mature,3,2.0,0.6096808188089812,False,True,Deng_Liu_LUAD_2024;Hu_Zhang_2023_NSCLC,0.6666666666666666,0.20322693960299373,III-IV,1,0.0,1,1,0.0,0.20322693960299373
APP_SORL1,Fibroblast peribronchial,Macrophage alveolar,4,2.0,1.330139346866076,True,False,Deng_Liu_LUAD_2024;Hu_Zhang_2023_NSCLC,0.5,0.332534836716519,III-IV,1,0.12942767499729527,5,1,0.12942767499729527,0.20310716171922374
COL4A2_ADGRG6,Fibroblast peribronchial,myeloid dividing,3,2.0,0.8988187511182968,True,False,Deng_Liu_LUAD_2024;Hu_Zhang_2023_NSCLC,0.6666666666666666,0.2996062503727656,III-IV,1,0.09652703426124197,4,1,0.09652703426124197,0.20307921611152363
integrin_aVb1_complex_ADGRE5,Macrophage alveolar,pDC,4,2.0,0.8120585932051593,False,True,Deng_Liu_LUAD_2024;Hu_Zhang_2023_NSCLC,0.5,0.20301464830128982,III-IV,1,0.0,3,1,0.0,0.20301464830128982
PLAUR_integrin_a4b1_complex,Macrophage,T cell CD8 dividing,4,2.0,1.632626477373287,True,False,Deng_Liu_LUAD_2024;Hu_Zhang_2023_NSCLC,0.5,0.40815661934332176,III-IV,1,0.20518230011900898,4,1,0.20518230011900898,0.20297431922431278
ICAM1_integrin_aXb2_complex,myeloid dividing,Macrophage alveolar,3,3.0,1.339496283584202,True,False,Chen_Zhang_2020;Deng_Liu_LUAD_2024;Hu_Zhang_2023_NSCLC,1.0,0.446498761194734,III-IV,1,0.24352891265798562,4,1,0.24352891265798562,0.20296984853674835
APOE_TREM2_receptor,DC mature,Macrophage alveolar,3,3.0,0.6087625806441475,False,False,Chen_Zhang_2020;Deng_Liu_LUAD_2024;Hu_Zhang_2023_NSCLC,1.0,0.2029208602147158,III-IV,1,0.0,1,1,0.0,0.2029208602147158
CXCL9_CXCR3,DC mature,T cell CD4,3,2.0,0.6085121841043679,True,False,Deng_Liu_LUAD_2024;Hu_Zhang_2023_NSCLC,0.6666666666666666,0.20283739470145598,III-IV,1,0.0,1,1,0.0,0.20283739470145598
COL18A1_integrin_a11b1_complex,Fibroblast peribronchial,Fibroblast peribronchial,4,2.0,1.0078842686625098,True,False,Deng_Liu_LUAD_2024;Hu_Zhang_2023_NSCLC,0.5,0.25197106716562745,III-IV,1,0.049161527642540295,5,1,0.049161527642540295,0.20280953952308717
FBN1_integrin_a5b1_complex,Pericyte,Pericyte,2,2.0,0.5370809913780156,True,False,Deng_Liu_LUAD_2024;Hu_Zhang_2023_NSCLC,1.0,0.2685404956890078,III-IV,1,0.06576147715388221,3,1,0.06576147715388221,0.2027790185351256
CD44_TYROBP,Fibroblast peribronchial,Macrophage alveolar,4,4.0,3.449152951542711,True,True,Chen_Zhang_2020;Deng_Liu_LUAD_2024;Hu_Zhang_2023_NSCLC;Zilionis_Klein_2019,1.0,0.8622882378856778,III-IV,1,0.6596292888873474,5,1,0.6596292888873474,0.20265894899833037
ICAM1_SPN,Monocyte classical,T cell CD4 dividing,3,2.0,1.4319189179393281,True,True,Deng_Liu_LUAD_2024;Hu_Zhang_2023_NSCLC,0.6666666666666666,0.477306305979776,III-IV,1,0.27469436330195823,2,1,0.27469436330195823,0.2026119426778178
integrin_aVb1_complex_ADGRE5,Monocyte classical,myeloid dividing,3,2.0,0.8637262101828141,False,True,Deng_Liu_LUAD_2024;Hu_Zhang_2023_NSCLC,0.6666666666666666,0.2879087367276047,III-IV,1,0.0853889429838797,4,1,0.0853889429838797,0.202519793743725
CD44_TYROBP,T cell regulatory,Macrophage alveolar,4,4.0,3.7516551953142634,False,True,Chen_Zhang_2020;Deng_Liu_LUAD_2024;Hu_Zhang_2023_NSCLC;Zilionis_Klein_2019,1.0,0.9379137988285658,III-IV,1,0.7357219988185941,5,1,0.7357219988185941,0.20219180000997172
TGFB1_TGFbeta_receptor1,DC mature,Macrophage,3,2.0,0.606165803112984,False,False,Deng_Liu_LUAD_2024;Hu_Zhang_2023_NSCLC,0.6666666666666666,0.202055267704328,III-IV,1,0.0,1,1,0.0,0.202055267704328
PDGFB_PDGFR_complex,DC mature,Fibroblast peribronchial,3,2.0,0.6059943638179213,False,False,Chen_Zhang_2020;Deng_Liu_LUAD_2024,0.6666666666666666,0.2019981212726404,III-IV,1,0.0,1,1,0.0,0.2019981212726404
HLA-E_CD94:NKG2E,T cell CD8 terminally exhausted,T cell CD8 dividing,4,2.0,1.3611642354297377,False,False,Deng_Liu_LUAD_2024;Lambrechts_Thienpont_2018_6653,0.5,0.34029105885743444,III-IV,1,0.13833907056798622,4,1,0.13833907056798622,0.20195198828944821
IFNG_Type_II_IFNR,T cell CD8 dividing,Monocyte classical,4,2.0,1.4603057776456836,True,False,Deng_Liu_LUAD_2024;Hu_Zhang_2023_NSCLC,0.5,0.3650764444114209,III-IV,1,0.1631504922644163,4,1,0.1631504922644163,0.2019259521470046
PLAU_PLAUR,Fibroblast peribronchial,Plasma cell,4,2.0,0.8073077971429987,True,False,Deng_Liu_LUAD_2024;Hu_Zhang_2023_NSCLC,0.5,0.20182694928574968,III-IV,1,0.0,5,1,0.0,0.20182694928574968
RNASET2_TLR8,myeloid dividing,Monocyte classical,3,2.0,0.8747765244704457,True,False,Deng_Liu_LUAD_2024;Hu_Zhang_2023_NSCLC,0.6666666666666666,0.29159217482348193,III-IV,1,0.08985177972519745,4,1,0.08985177972519745,0.20174039509828448
TGFB1_TGFbeta_receptor1,myeloid dividing,Monocyte classical,3,2.0,0.64456616569049,True,False,Deng_Liu_LUAD_2024;Hu_Zhang_2023_NSCLC,0.6666666666666666,0.21485538856349665,III-IV,1,0.013172130260737856,4,1,0.013172130260737856,0.2016832583027588
TNF_TNFRSF1B,myeloid dividing,myeloid dividing,3,3.0,1.01646552598486,True,True,Chen_Zhang_2020;Deng_Liu_LUAD_2024;Hu_Zhang_2023_NSCLC,1.0,0.33882184199495335,III-IV,1,0.1371453426124197,4,1,0.1371453426124197,0.20167649938253365
PDCD1LG2_PDCD1,DC mature,T cell CD8 dividing,3,2.0,0.6049451230913805,True,True,Deng_Liu_LUAD_2024;Hu_Zhang_2023_NSCLC,0.6666666666666666,0.2016483743637935,III-IV,1,0.0,1,1,0.0,0.2016483743637935
PLAU_PLAUR,Fibroblast peribronchial,Mast cell,4,4.0,2.347631570951741,True,True,Chen_Zhang_2020;Deng_Liu_LUAD_2024;Hu_Zhang_2023_NSCLC;Zilionis_Klein_2019,1.0,0.5869078927379352,III-IV,1,0.385353635905628,5,1,0.385353635905628,0.2015542568323072
SEMA4D_PLXNB2,T cell CD8 dividing,cDC1,3,2.0,0.6045772347769538,True,False,Deng_Liu_LUAD_2024;Hu_Zhang_2023_NSCLC,0.6666666666666666,0.20152574492565126,III-IV,1,0.0,1,1,0.0,0.20152574492565126
HLA-E_KLRK1,T cell CD8 dividing,T cell CD8 effector memory,4,2.0,1.7466639325287523,False,True,Deng_Liu_LUAD_2024;Lambrechts_Thienpont_2018_6653,0.5,0.4366659831321881,III-IV,1,0.23517799785867238,4,1,0.23517799785867238,0.2014879852735157
Cholesterol_byLIPA_RORA,Mast cell,T cell CD4 dividing,3,2.0,0.9585282736776375,False,True,Deng_Liu_LUAD_2024;Hu_Zhang_2023_NSCLC,0.6666666666666666,0.3195094245592125,III-IV,1,0.11808936492480797,2,1,0.11808936492480797,0.2014200596344045
HLA-E_KLRC1,Macrophage,T cell CD8 terminally exhausted,4,2.0,1.6933525029470857,True,False,Deng_Liu_LUAD_2024;Hu_Zhang_2023_NSCLC,0.5,0.42333812573677143,III-IV,1,0.22197879476360488,4,1,0.22197879476360488,0.20135933097316655
VCAM1_integrin_a9b1_complex,Fibroblast peribronchial,Mast cell,4,2.0,0.8939776753443649,True,False,Deng_Liu_LUAD_2024;Hu_Zhang_2023_NSCLC,0.5,0.22349441883609122,III-IV,1,0.022297955209347613,5,1,0.022297955209347613,0.20119646362674362
RNASET2_TLR8,Macrophage,myeloid dividing,3,2.0,0.9839273906933002,True,False,Deng_Liu_LUAD_2024;Hu_Zhang_2023_NSCLC,0.6666666666666666,0.32797579689776674,III-IV,1,0.12682570593963,4,1,0.12682570593963,0.20115009095813674
CD58_CD2,T cell CD8 dividing,T cell CD8 activated,3,2.0,1.6433998529534692,True,True,Deng_Liu_LUAD_2024;Hu_Zhang_2023_NSCLC,0.6666666666666666,0.5477999509844897,III-IV,1,0.34677593854809047,2,1,0.34677593854809047,0.20102401243639928
COL27A1_integrin_a1b1_complex,Fibroblast peribronchial,T cell CD8 dividing,3,2.0,0.9525090537092561,True,False,Deng_Liu_LUAD_2024;Hu_Zhang_2023_NSCLC,0.6666666666666666,0.3175030179030854,III-IV,1,0.11648003894839339,4,1,0.11648003894839339,0.201022978954692
VEGFB_NRP1,Macrophage,myeloid dividing,3,2.0,0.9187695348745328,True,True,Deng_Liu_LUAD_2024;Hu_Zhang_2023_NSCLC,0.6666666666666666,0.3062565116248443,III-IV,1,0.10526885210429514,4,1,0.10526885210429514,0.20098765952054914
PLAU_PLAUR,myeloid dividing,Fibroblast peribronchial,3,3.0,1.4995194035443642,True,False,Chen_Zhang_2020;Deng_Liu_LUAD_2024;Hu_Zhang_2023_NSCLC,1.0,0.4998398011814547,III-IV,1,0.29890209154474623,4,1,0.29890209154474623,0.20093770963670848
LAMC1_integrin_a6b1_complex,Fibroblast peribronchial,Plasma cell,4,2.0,0.8037175315645051,True,False,Deng_Liu_LUAD_2024;Hu_Zhang_2023_NSCLC,0.5,0.20092938289112627,III-IV,1,0.0,5,1,0.0,0.20092938289112627
CD320_JAML,T cell regulatory,Monocyte classical,6,4.0,1.20543057025077,False,True,Chen_Zhang_2020;Deng_Liu_LUAD_2024;Lambrechts_Thienpont_2018_6653;Maynard_Bivona_2020,0.6666666666666666,0.200905095041795,III-IV,1,0.0,5,1,0.0,0.200905095041795
NECTIN2_TIGIT,Fibroblast peribronchial,T cell CD8 dividing,3,3.0,1.6601326901971944,True,True,Chen_Zhang_2020;Deng_Liu_LUAD_2024;Hu_Zhang_2023_NSCLC,1.0,0.5533775633990649,III-IV,1,0.35252007391993895,4,1,0.35252007391993895,0.2008574894791259
PGF_FLT1,Pericyte,cDC2,2,2.0,0.8090061426670481,True,True,Deng_Liu_LUAD_2024;Hu_Zhang_2023_NSCLC,1.0,0.40450307133352403,III-IV,1,0.2038583435596419,3,1,0.2038583435596419,0.20064472777388212
TGFB1_TGFbeta_receptor2,cDC2,myeloid dividing,3,2.0,0.6018851526018256,True,False,Deng_Liu_LUAD_2024;Hu_Zhang_2023_NSCLC,0.6666666666666666,0.20062838420060855,III-IV,1,0.0,4,1,0.0,0.20062838420060855
PLAUR_integrin_a4b1_complex,cDC2,T cell CD8 dividing,4,2.0,1.405058688964916,True,False,Deng_Liu_LUAD_2024;Hu_Zhang_2023_NSCLC,0.5,0.351264672241229,III-IV,1,0.15064102564102563,4,1,0.15064102564102563,0.20062364660020335
TGFB1_TGFbeta_receptor1,myeloid dividing,NK cell,3,2.0,0.6618306243409213,True,False,Deng_Liu_LUAD_2024;Hu_Zhang_2023_NSCLC,0.6666666666666666,0.22061020811364043,III-IV,1,0.02006924158822893,4,1,0.02006924158822893,0.2005409665254115
ICAM1_integrin_aMb2_complex,Macrophage,Macrophage alveolar,4,2.0,1.11096471578341,True,False,Deng_Liu_LUAD_2024;Hu_Zhang_2023_NSCLC,0.5,0.2777411789458525,III-IV,1,0.07722600887157849,5,1,0.07722600887157849,0.200515170074274
CD58_CD2,myeloid dividing,Macrophage alveolar,3,2.0,0.6005633032937548,True,False,Deng_Liu_LUAD_2024;Hu_Zhang_2023_NSCLC,0.6666666666666666,0.20018776776458494,III-IV,1,0.0,4,1,0.0,0.20018776776458494
CD99_PILRA,DC mature,Macrophage alveolar,3,2.0,0.6004938457382245,False,True,Deng_Liu_LUAD_2024;Hu_Zhang_2023_NSCLC,0.6666666666666666,0.20016461524607485,III-IV,1,0.0,1,1,0.0,0.20016461524607485
HLA-E_CD94:NKG2E,Monocyte classical,T cell CD8 terminally exhausted,4,2.0,1.099659646724939,False,False,Deng_Liu_LUAD_2024;Lambrechts_Thienpont_2018_6653,0.5,0.2749149116812348,III-IV,1,0.07476333907056798,4,1,0.07476333907056798,0.2001515726106668
VEGFA_NRP1,Macrophage alveolar,Pericyte,2,2.0,0.6634477009992359,False,True,Deng_Liu_LUAD_2024;Hu_Zhang_2023_NSCLC,1.0,0.33172385049961794,III-IV,1,0.13160242683797288,3,1,0.13160242683797288,0.20012142366164506
PTPRC_CD22,T cell CD8 effector memory,B cell,6,4.0,3.298178919886288,True,True,Deng_Liu_LUAD_2024;Hu_Zhang_2023_NSCLC;Lambrechts_Thienpont_2018_6653;Maynard_Bivona_2020,0.6666666666666666,0.5496964866477146,III-IV,1,0.34960650817181865,5,1,0.34960650817181865,0.200089978475896
