interacting_pair,partner_a,partner_b,gene_a,gene_b,directionality,classification,interacting_cells,significant_mean
PTPRC_MRC1,simple:P08575,simple:P22897,PTPRC,MRC1,Receptor-Receptor,,B cell|Macrophage,0.567
Histamine_byHDC_HRH1,complex:Histamine_byHDC,simple:P35367,,HRH1,Ligand-Receptor,Signaling by Histamine,B cell|Macrophage,0.55
TF_TFRC,simple:P02787,simple:P02786,TF,TFRC,Ligand-Receptor,Signaling by Transferrin,B cell|Macrophage,0.624
fibrinogen_integrin_aXb2_complex,complex:fibrinogen,complex:integrin_aXb2_complex,,,Ligand-Receptor,Adhesion by Fibribogen,B cell|Macrophage,0.566
CD52_SIGLEC10,simple:P31358,simple:Q96LC7,CD52,SIGLEC10,Ligand-Receptor,,B cell|Macrophage,0.624
FCER2_integrin_aXb2_complex,simple:P06734,complex:integrin_aXb2_complex,FCER2,,Receptor-Receptor,Signaling by FC receptor,B cell|Macrophage,0.662
CCL19_CCR7,simple:Q99731,simple:P32248,CCL19,CCR7,Ligand-Receptor,Signaling by Chemokines,DC mature|Macrophage,0.651
ProstaglandinE2_byPTGES2_PTGER1,complex:ProstaglandinE2_byPTGES2,simple:P34995,,PTGER1,Ligand-Receptor,Signaling by Prostaglandin,DC mature|Macrophage,0.627
C10orf99_SUSD2,simple:Q6UWK7,simple:Q9UGT4,C10orf99,SUSD2,Ligand-Receptor,,DC mature|Macrophage,0.656
ULBP1_NKG2D_II_receptor,simple:Q9BZM6,complex:NKG2D_II_receptor,ULBP1,,Ligand-Receptor,Signaling by Killer Cell Lectin Like Receptor K1,DC mature|Macrophage,0.597
LipoxinA4_byALOX12_FPR2,complex:LipoxinA4_byALOX12,simple:P25090,,FPR2,Ligand-Receptor,Signaling by Lipoxin/Leukotriene,DC mature|Macrophage,0.663
CCL19_CCRL2,simple:Q99731,simple:O00421,CCL19,CCRL2,Ligand-Receptor,Signaling by Chemokines,DC mature|Macrophage,0.741
CD200_CD200R1,simple:P41217,simple:Q8TD46,CD200,CD200R1,Ligand-Receptor,,DC mature|Macrophage,0.681
WNT5B_SFRP4,simple:Q9H1J7,simple:Q6FHJ7,WNT5B,SFRP4,Ligand-Ligand,Signaling by WNT inhibition,DC mature|Macrophage,0.647
SAA1_FPR2,simple:P0DJI8,simple:P25090,SAA1,FPR2,Ligand-Receptor,,DC mature|Macrophage,0.619
ProstaglandinE2_byPTGES2_PTGER4,complex:ProstaglandinE2_byPTGES2,simple:P35408,,PTGER4,Ligand-Receptor,Signaling by Prostaglandin,DC mature|Macrophage,0.672
CCL15_CCR1,simple:Q16663,simple:P32246,CCL15,CCR1,Ligand-Receptor,Signaling by Chemokines,DC mature|Macrophage,0.625
WNT5B_FRZB,simple:Q9H1J7,simple:Q92765,WNT5B,FRZB,Ligand-Ligand,Signaling by WNT inhibition,DC mature|Macrophage,0.646
TNFSF18_TNFRSF18,simple:Q9UNG2,simple:Q9Y5U5,TNFSF18,TNFRSF18,Ligand-Receptor,Signaling by Tumor necrosis factor,DC mature|Macrophage,0.649
WNT5B_SFRP1,simple:Q9H1J7,simple:Q8N474,WNT5B,SFRP1,Ligand-Ligand,Signaling by WNT inhibition,DC mature|Macrophage,0.651
WNT5B_SFRP2,simple:Q9H1J7,simple:Q96HF1,WNT5B,SFRP2,Ligand-Ligand,Signaling by WNT inhibition,DC mature|Macrophage,0.651
HLA-G_LILRB1,simple:P17693,simple:Q8NHL6,HLA-G,LILRB1,Ligand-Receptor,Signaling by HLA,DC mature|Macrophage,0.625
APOE_TREM2_receptor,simple:P02649,complex:TREM2_receptor,APOE,,Ligand-Receptor,Signaling by Apolipoprotein,DC mature|Macrophage,0.586
CXCL10_CXCR3,simple:P02778,simple:P49682,CXCL10,CXCR3,Ligand-Receptor,Signaling by Chemokines,DC mature|Macrophage,0.606
HLA-G_LILRB2,simple:P17693,simple:Q8N423,HLA-G,LILRB2,Ligand-Receptor,Signaling by HLA,DC mature|Macrophage,0.623
CRLF2_TSLPR,simple:Q9HC73,complex:TSLPR,CRLF2,,Receptor-Receptor,,DC mature|Macrophage,0.659
CXCL10_DPP4,simple:P02778,simple:P27487,CXCL10,DPP4,Ligand-Receptor,Signaling by Chemokines,DC mature|Macrophage,0.654
CXCL11_CXCR3,simple:O14625,simple:P49682,CXCL11,CXCR3,Ligand-Receptor,Signaling by Chemokines,DC mature|Macrophage,0.612
CXCL9_DPP4,simple:Q07325,simple:P27487,CXCL9,DPP4,Ligand-Receptor,Signaling by Chemokines,DC mature|Macrophage,0.665
CALCA_RAMP1_complex,simple:P01258,complex:RAMP1_complex,CALCA,,Ligand-Receptor,Signaling by Calcitonin,DC mature|Macrophage,0.63
CXCL11_ACKR3,simple:O14625,simple:P25106,CXCL11,ACKR3,Ligand-Receptor,Signaling by Chemokines,DC mature|Macrophage,0.679
CD86_CTLA4,simple:P42081,simple:P16410,CD86,CTLA4,Ligand-Receptor,,DC mature|Macrophage,0.633
CXCL11_DPP4,simple:O14625,simple:P27487,CXCL11,DPP4,Ligand-Receptor,Signaling by Chemokines,DC mature|Macrophage,0.66
ICAM1_integrin_aXb2_complex,simple:P05362,complex:integrin_aXb2_complex,ICAM1,,Ligand-Receptor,Adhesion by ICAM,DC mature|Macrophage,0.646
SerotoninDopamin_byDDC_HTR3C,complex:SerotoninDopamin_byDDC,simple:Q8WXA8,,HTR3C,Ligand-Receptor,Signaling by Serotonin/Dopamine,DC mature|Macrophage,0.529
WNT5B_WIF1,simple:Q9H1J7,simple:Q9Y5W5,WNT5B,WIF1,Ligand-Ligand,Signaling by WNT inhibition,DC mature|Macrophage,0.652
WNT5B_SFRP5,simple:Q9H1J7,simple:Q5T4F7,WNT5B,SFRP5,Ligand-Ligand,Signaling by WNT inhibition,DC mature|Macrophage,0.657
CCL22_DPP4,simple:O00626,simple:P27487,CCL22,DPP4,Ligand-Receptor,Signaling by Chemokines,DC mature|Macrophage,0.678
CCL19_CCR7,simple:Q99731,simple:P32248,CCL19,CCR7,Ligand-Receptor,Signaling by Chemokines,Macrophage|B cell,0.574
CCL21_CCR7,simple:O00585,simple:P32248,CCL21,CCR7,Ligand-Receptor,Signaling by Chemokines,Macrophage|B cell,0.572
CXCL5_CXCR1,simple:P42830,simple:P25024,CXCL5,CXCR1,Ligand-Receptor,Signaling by Chemokines,Macrophage|B cell,0.548
TNFSF13B_TNFRSF13C,simple:Q9Y275,simple:Q96RJ3,TNFSF13B,TNFRSF13C,Ligand-Receptor,Signaling by Tumor necrosis factor,Macrophage|B cell,0.668
CXCL8_CXCR2,simple:P10145,simple:P25025,CXCL8,CXCR2,Ligand-Receptor,Signaling by Chemokines,Macrophage|B cell,0.525
TNFSF13_TNFRSF13B,simple:O75888,simple:O14836,TNFSF13,TNFRSF13B,Ligand-Receptor,Signaling by Tumor necrosis factor,Macrophage|B cell,0.675
CXCL8_CXCR1,simple:P10145,simple:P25024,CXCL8,CXCR1,Ligand-Receptor,Signaling by Chemokines,Macrophage|B cell,0.528
CXCL5_CXCR2,simple:P42830,simple:P25025,CXCL5,CXCR2,Ligand-Receptor,Signaling by Chemokines,Macrophage|B cell,0.545
TNFSF13_TNFRSF17,simple:O75888,simple:Q02223,TNFSF13,TNFRSF17,Ligand-Receptor,Signaling by Tumor necrosis factor,Macrophage|B cell,0.582
CCL7_CCR1,simple:P80098,simple:P32246,CCL7,CCR1,Ligand-Receptor,Signaling by Chemokines,Macrophage|B cell,0.573
CCL23_FPR2,simple:P55773,simple:P25090,CCL23,FPR2,Ligand-Receptor,Signaling by Chemokines,Macrophage|B cell,0.567
CCL20_CCR6,simple:P78556,simple:P51684,CCL20,CCR6,Ligand-Receptor,Signaling by Chemokines,Macrophage|B cell,0.658
TNFSF13B_TNFRSF13B,simple:Q9Y275,simple:O14836,TNFSF13B,TNFRSF13B,Ligand-Receptor,Signaling by Tumor necrosis factor,Macrophage|B cell,0.666
Estradiol_byCYP19A1_ESR2,complex:Estradiol_byCYP19A1,simple:Q92731,,ESR2,Ligand-Receptor,Signaling by Steroids,Macrophage|B cell,0.659
CXCL1_ACKR1,simple:P09341,simple:Q16570,CXCL1,ACKR1,Ligand-Receptor,Signaling by Chemokines,Macrophage|B cell,0.543
CXCL13_CXCR5,simple:O43927,simple:P32302,CXCL13,CXCR5,Ligand-Receptor,Signaling by Chemokines,Macrophage|B cell,0.58
LEP_LEPR,simple:P41159,simple:P48357,LEP,LEPR,Ligand-Receptor,,Macrophage|B cell,0.564
CXCL1_CXCR2,simple:P09341,simple:P25025,CXCL1,CXCR2,Ligand-Receptor,Signaling by Chemokines,Macrophage|B cell,0.538
Estradiol_byCYP19A1_NR1I2,complex:Estradiol_byCYP19A1,simple:O75469,,NR1I2,Ligand-Receptor,Signaling by Steroids,Macrophage|B cell,0.57
CXCL1_CXCR1,simple:P09341,simple:P25024,CXCL1,CXCR1,Ligand-Receptor,Signaling by Chemokines,Macrophage|B cell,0.542
CCL19_CCR7,simple:Q99731,simple:P32248,CCL19,CCR7,Ligand-Receptor,Signaling by Chemokines,Macrophage|DC mature,0.661
CCL21_CCR7,simple:O00585,simple:P32248,CCL21,CCR7,Ligand-Receptor,Signaling by Chemokines,Macrophage|DC mature,0.659
CXCL5_CXCR1,simple:P42830,simple:P25024,CXCL5,CXCR1,Ligand-Receptor,Signaling by Chemokines,Macrophage|DC mature,0.547
CXCL8_ACKR1,simple:P10145,simple:Q16570,CXCL8,ACKR1,Ligand-Receptor,Signaling by Chemokines,Macrophage|DC mature,0.533
CXCL5_CXCR2,simple:P42830,simple:P25025,CXCL5,CXCR2,Ligand-Receptor,Signaling by Chemokines,Macrophage|DC mature,0.544
CD44_TYROBP,simple:P16070,simple:O43914,CD44,TYROBP,Ligand-Receptor,,Macrophage|DC mature,0.659
CCL20_CCR6,simple:P78556,simple:P51684,CCL20,CCR6,Ligand-Receptor,Signaling by Chemokines,Macrophage|DC mature,0.708
SEMA3C_NRP2,simple:Q99985,simple:O60462,SEMA3C,NRP2,Ligand-Receptor,Signaling by Semaphorin,Macrophage|DC mature,0.732
VEGFA_NRP2,simple:P15692,simple:O60462,VEGFA,NRP2,Ligand-Receptor,Signaling by Vascular endothelial growth factor,Macrophage|DC mature,0.708
IL4_IL4_receptor,simple:P05112,complex:IL4_receptor,IL4,,Ligand-Receptor,Signaling by Interleukin,Macrophage|DC mature,0.552
LAIR1_LILRB4,simple:Q6GTX8,simple:Q8NHJ6,LAIR1,LILRB4,Receptor-Receptor,,Macrophage|DC mature,0.585
CXCL1_ACKR1,simple:P09341,simple:Q16570,CXCL1,ACKR1,Ligand-Receptor,Signaling by Chemokines,Macrophage|DC mature,0.546
APP_CD74,simple:P05067,simple:P04233,APP,CD74,Ligand-Receptor,Signaling by Amyloid-beta precursor protein,Macrophage|DC mature,0.669
APOE_TREM2_receptor,simple:P02649,complex:TREM2_receptor,APOE,,Ligand-Receptor,Signaling by Apolipoprotein,Macrophage|DC mature,0.594
TNFSF9_TNFRSF9,simple:P41273,simple:Q07011,TNFSF9,TNFRSF9,Ligand-Receptor,Signaling by Tumor necrosis factor,Macrophage|DC mature,0.666
LEP_LEPR,simple:P41159,simple:P48357,LEP,LEPR,Ligand-Receptor,,Macrophage|DC mature,0.579
TSLP_TSLPR,simple:Q969D9,complex:TSLPR,TSLP,,Ligand-Receptor,,Macrophage|DC mature,0.605
CRLF2_TSLPR,simple:Q9HC73,complex:TSLPR,CRLF2,,Receptor-Receptor,,Macrophage|DC mature,0.612
TNF_TNFRSF1B,simple:P01375,simple:P20333,TNF,TNFRSF1B,Ligand-Receptor,Signaling by Tumor necrosis factor,Macrophage|DC mature,0.597
CXCL1_CXCR2,simple:P09341,simple:P25025,CXCL1,CXCR2,Ligand-Receptor,Signaling by Chemokines,Macrophage|DC mature,0.538
Estradiol_byCYP19A1_NR1I2,complex:Estradiol_byCYP19A1,simple:O75469,,NR1I2,Ligand-Receptor,Signaling by Steroids,Macrophage|DC mature,0.561
CD40LG_CD40,simple:P29965,simple:P25942,CD40LG,CD40,Ligand-Receptor,,Macrophage|DC mature,0.628
NLGN2_NRXN2,simple:Q8NFZ4,simple:P58401,NLGN2,NRXN2,Ligand-Receptor,Signaling by Neuroligin,Macrophage|DC mature,0.637
HFE_TFRC,simple:Q30201,simple:P02786,HFE,TFRC,Ligand-Receptor,,Macrophage|DC mature,0.682
CXCL1_CXCR1,simple:P09341,simple:P25024,CXCL1,CXCR1,Ligand-Receptor,Signaling by Chemokines,Macrophage|DC mature,0.541
TNFSF10_TNFRSF11B,simple:P50591,simple:O00300,TNFSF10,TNFRSF11B,Ligand-Receptor,Signaling by Tumor necrosis factor,Macrophage|DC mature,0.651
CXCL5_CXCR1,simple:P42830,simple:P25024,CXCL5,CXCR1,Ligand-Receptor,Signaling by Chemokines,Macrophage|Macrophage,0.548
VEGFA_NRP1,simple:P15692,simple:O14786,VEGFA,NRP1,Ligand-Receptor,Signaling by Vascular endothelial growth factor,Macrophage|Macrophage,0.625
CCL19_CCRL2,simple:Q99731,simple:O00421,CCL19,CCRL2,Ligand-Receptor,Signaling by Chemokines,Macrophage|Macrophage,0.56
CXCL8_CXCR1,simple:P10145,simple:P25024,CXCL8,CXCR1,Ligand-Receptor,Signaling by Chemokines,Macrophage|Macrophage,0.529
CXCL8_ACKR1,simple:P10145,simple:Q16570,CXCL8,ACKR1,Ligand-Receptor,Signaling by Chemokines,Macrophage|Macrophage,0.528
CXCL5_CXCR2,simple:P42830,simple:P25025,CXCL5,CXCR2,Ligand-Receptor,Signaling by Chemokines,Macrophage|Macrophage,0.55
Histamine_byHDC_HRH1,complex:Histamine_byHDC,simple:P35367,,HRH1,Ligand-Receptor,Signaling by Histamine,Macrophage|Macrophage,0.55
CCL8_CCR1,simple:P80075,simple:P32246,CCL8,CCR1,Ligand-Receptor,Signaling by Chemokines,Macrophage|Macrophage,0.677
CCL7_CCR1,simple:P80098,simple:P32246,CCL7,CCR1,Ligand-Receptor,Signaling by Chemokines,Macrophage|Macrophage,0.68
CCL23_FPR2,simple:P55773,simple:P25090,CCL23,FPR2,Ligand-Receptor,Signaling by Chemokines,Macrophage|Macrophage,0.587
CCL15_CCR1,simple:Q16663,simple:P32246,CCL15,CCR1,Ligand-Receptor,Signaling by Chemokines,Macrophage|Macrophage,0.615
SEMA3C_NRP2,simple:Q99985,simple:O60462,SEMA3C,NRP2,Ligand-Receptor,Signaling by Semaphorin,Macrophage|Macrophage,0.656
CCL23_CCR1,simple:P55773,simple:P32246,CCL23,CCR1,Ligand-Receptor,Signaling by Chemokines,Macrophage|Macrophage,0.667
CSF1_CSF1R,simple:P09603,simple:P07333,CSF1,CSF1R,Ligand-Receptor,Signaling by Colony-Stimulating factor,Macrophage|Macrophage,0.576
TF_TFRC,simple:P02787,simple:P02786,TF,TFRC,Ligand-Receptor,Signaling by Transferrin,Macrophage|Macrophage,0.585
Estradiol_byCYP19A1_ESR2,complex:Estradiol_byCYP19A1,simple:Q92731,,ESR2,Ligand-Receptor,Signaling by Steroids,Macrophage|Macrophage,0.566
VEGFA_NRP2,simple:P15692,simple:O60462,VEGFA,NRP2,Ligand-Receptor,Signaling by Vascular endothelial growth factor,Macrophage|Macrophage,0.632
LAIR1_LILRB4,simple:Q6GTX8,simple:Q8NHJ6,LAIR1,LILRB4,Receptor-Receptor,,Macrophage|Macrophage,0.676
CXCL1_ACKR1,simple:P09341,simple:Q16570,CXCL1,ACKR1,Ligand-Receptor,Signaling by Chemokines,Macrophage|Macrophage,0.541
APOE_TREM2_receptor,simple:P02649,complex:TREM2_receptor,APOE,,Ligand-Receptor,Signaling by Apolipoprotein,Macrophage|Macrophage,0.674
LeukotrieneC4_byLTC4S_CYSLTR2,complex:LeukotrieneC4_byLTC4S,simple:Q9NS75,,CYSLTR2,Ligand-Receptor,Signaling by Lipoxin/Leukotriene,Macrophage|Macrophage,0.564
LEP_LEPR,simple:P41159,simple:P48357,LEP,LEPR,Ligand-Receptor,,Macrophage|Macrophage,0.588
CXCL10_DPP4,simple:P02778,simple:P27487,CXCL10,DPP4,Ligand-Receptor,Signaling by Chemokines,Macrophage|Macrophage,0.578
CCL14_CCR1,simple:Q16627,simple:P32246,CCL14,CCR1,Ligand-Receptor,Signaling by Chemokines,Macrophage|Macrophage,0.574
CXCL1_CXCR2,simple:P09341,simple:P25025,CXCL1,CXCR2,Ligand-Receptor,Signaling by Chemokines,Macrophage|Macrophage,0.544
Estradiol_byCYP19A1_NR1I2,complex:Estradiol_byCYP19A1,simple:O75469,,NR1I2,Ligand-Receptor,Signaling by Steroids,Macrophage|Macrophage,0.59
CCL26_CCR1,simple:Q9Y258,simple:P32246,CCL26,CCR1,Ligand-Receptor,Signaling by Chemokines,Macrophage|Macrophage,0.583
CXCL9_DPP4,simple:Q07325,simple:P27487,CXCL9,DPP4,Ligand-Receptor,Signaling by Chemokines,Macrophage|Macrophage,0.584
APP_TREM2_receptor,simple:P05067,complex:TREM2_receptor,APP,,Ligand-Receptor,Signaling by Amyloid-beta precursor protein,Macrophage|Macrophage,0.613
HFE_TFRC,simple:Q30201,simple:P02786,HFE,TFRC,Ligand-Receptor,,Macrophage|Macrophage,0.669
CD99_PILRA,simple:P14209,simple:Q9UKJ1,CD99,PILRA,Ligand-Receptor,,Macrophage|Macrophage,0.584
fibrinogen_integrin_aXb2_complex,complex:fibrinogen,complex:integrin_aXb2_complex,,,Ligand-Receptor,Adhesion by Fibribogen,Macrophage|Macrophage,0.519
SDC2_FGFR4,simple:P34741,simple:P22455,SDC2,FGFR4,Ligand-Receptor,,Macrophage|Macrophage,0.569
CXCL1_CXCR1,simple:P09341,simple:P25024,CXCL1,CXCR1,Ligand-Receptor,Signaling by Chemokines,Macrophage|Macrophage,0.542
PLAU_PLAUR,simple:P00749,simple:Q03405,PLAU,PLAUR,Ligand-Receptor,Signaling by Plasminogen Activator,Macrophage|Macrophage,0.644
ENTPD1_ADORA3,simple:P49961,simple:P0DMS8,ENTPD1,ADORA3,Ligand-Receptor,Signaling by Ectonucleoside,Macrophage|Macrophage,0.616
SEMA3A_PlexinA1_complex3,simple:Q14563,complex:PlexinA1_complex3,SEMA3A,,Ligand-Receptor,Signaling by Semaphorin,Macrophage|Macrophage,0.572
ANXA1_FPR3,simple:P04083,simple:P25089,ANXA1,FPR3,Ligand-Receptor,Signaling by Annexin,Macrophage|Macrophage,0.618
APOB_TREM2_receptor,simple:P04114,complex:TREM2_receptor,APOB,,Ligand-Receptor,Signaling by Apolipoprotein,Macrophage|Macrophage,0.629
DHEAsulfate_bySULT1E1_PPARG,complex:DHEAsulfate_bySULT1E1,simple:P37231,,PPARG,Ligand-Receptor,Signaling by Dehydroepiandrosterone,Macrophage|Macrophage alveolar,0.583
CXCL5_CXCR1,simple:P42830,simple:P25024,CXCL5,CXCR1,Ligand-Receptor,Signaling by Chemokines,Macrophage|Macrophage alveolar,0.548
CCL3_CCR1,simple:P10147,simple:P32246,CCL3,CCR1,Ligand-Receptor,Signaling by Chemokines,Macrophage|Macrophage alveolar,0.653
PPBP_CXCR2,simple:P02775,simple:P25025,PPBP,CXCR2,Ligand-Receptor,Signaling by Chemokines,Macrophage|Macrophage alveolar,0.587
CXCL8_CXCR2,simple:P10145,simple:P25025,CXCL8,CXCR2,Ligand-Receptor,Signaling by Chemokines,Macrophage|Macrophage alveolar,0.541
PTPRC_MRC1,simple:P08575,simple:P22897,PTPRC,MRC1,Receptor-Receptor,,Macrophage|Macrophage alveolar,0.577
CXCL8_CXCR1,simple:P10145,simple:P25024,CXCL8,CXCR1,Ligand-Receptor,Signaling by Chemokines,Macrophage|Macrophage alveolar,0.529
CXCL5_CXCR2,simple:P42830,simple:P25025,CXCL5,CXCR2,Ligand-Receptor,Signaling by Chemokines,Macrophage|Macrophage alveolar,0.56
CD44_TYROBP,simple:P16070,simple:O43914,CD44,TYROBP,Ligand-Receptor,,Macrophage|Macrophage alveolar,0.625
LipoxinA4_byALOX5_FPR2,complex:LipoxinA4_byALOX5,simple:P25090,,FPR2,Ligand-Receptor,Signaling by Lipoxin/Leukotriene,Macrophage|Macrophage alveolar,0.548
CCL8_CCR1,simple:P80075,simple:P32246,CCL8,CCR1,Ligand-Receptor,Signaling by Chemokines,Macrophage|Macrophage alveolar,0.668
CCL7_CCR1,simple:P80098,simple:P32246,CCL7,CCR1,Ligand-Receptor,Signaling by Chemokines,Macrophage|Macrophage alveolar,0.671
ProstaglandinE2_byPTGES2_PTGER3,complex:ProstaglandinE2_byPTGES2,simple:P43115,,PTGER3,Ligand-Receptor,Signaling by Prostaglandin,Macrophage|Macrophage alveolar,0.613
CCL23_FPR2,simple:P55773,simple:P25090,CCL23,FPR2,Ligand-Receptor,Signaling by Chemokines,Macrophage|Macrophage alveolar,0.625
ProstaglandinE2_byPTGES2_PTGER4,complex:ProstaglandinE2_byPTGES2,simple:P35408,,PTGER4,Ligand-Receptor,Signaling by Prostaglandin,Macrophage|Macrophage alveolar,0.602
CCL15_CCR1,simple:Q16663,simple:P32246,CCL15,CCR1,Ligand-Receptor,Signaling by Chemokines,Macrophage|Macrophage alveolar,0.607
CCL23_CCR1,simple:P55773,simple:P32246,CCL23,CCR1,Ligand-Receptor,Signaling by Chemokines,Macrophage|Macrophage alveolar,0.658
LAIR1_LILRB4,simple:Q6GTX8,simple:Q8NHJ6,LAIR1,LILRB4,Receptor-Receptor,,Macrophage|Macrophage alveolar,0.615
CXCL3_CXCR2,simple:P19876,simple:P25025,CXCL3,CXCR2,Ligand-Receptor,Signaling by Chemokines,Macrophage|Macrophage alveolar,0.589
CXCL1_ACKR1,simple:P09341,simple:Q16570,CXCL1,ACKR1,Ligand-Receptor,Signaling by Chemokines,Macrophage|Macrophage alveolar,0.542
APOE_TREM2_receptor,simple:P02649,complex:TREM2_receptor,APOE,,Ligand-Receptor,Signaling by Apolipoprotein,Macrophage|Macrophage alveolar,0.675
LeukotrieneC4_byLTC4S_CYSLTR2,complex:LeukotrieneC4_byLTC4S,simple:Q9NS75,,CYSLTR2,Ligand-Receptor,Signaling by Lipoxin/Leukotriene,Macrophage|Macrophage alveolar,0.57
CXCL2_CXCR2,simple:P19875,simple:P25025,CXCL2,CXCR2,Ligand-Receptor,Signaling by Chemokines,Macrophage|Macrophage alveolar,0.582
GAS6_AXL,simple:Q14393,simple:P30530,GAS6,AXL,Ligand-Receptor,Signaling by Growth arrest,Macrophage|Macrophage alveolar,0.619
CXCL1_CXCR2,simple:P09341,simple:P25025,CXCL1,CXCR2,Ligand-Receptor,Signaling by Chemokines,Macrophage|Macrophage alveolar,0.554
APP_TREM2_receptor,simple:P05067,complex:TREM2_receptor,APP,,Ligand-Receptor,Signaling by Amyloid-beta precursor protein,Macrophage|Macrophage alveolar,0.614
HFE_TFRC,simple:Q30201,simple:P02786,HFE,TFRC,Ligand-Receptor,,Macrophage|Macrophage alveolar,0.681
CXCL11_ACKR3,simple:O14625,simple:P25106,CXCL11,ACKR3,Ligand-Receptor,Signaling by Chemokines,Macrophage|Macrophage alveolar,0.677
CD99_PILRA,simple:P14209,simple:Q9UKJ1,CD99,PILRA,Ligand-Receptor,,Macrophage|Macrophage alveolar,0.59
ANXA1_FPR1,simple:P04083,simple:P21462,ANXA1,FPR1,Ligand-Receptor,Signaling by Annexin,Macrophage|Macrophage alveolar,0.577
ANXA1_FPR2,simple:P04083,simple:P25090,ANXA1,FPR2,Ligand-Receptor,Signaling by Annexin,Macrophage|Macrophage alveolar,0.571
CXCL1_CXCR1,simple:P09341,simple:P25024,CXCL1,CXCR1,Ligand-Receptor,Signaling by Chemokines,Macrophage|Macrophage alveolar,0.542
ICAM1_integrin_aXb2_complex,simple:P05362,complex:integrin_aXb2_complex,ICAM1,,Ligand-Receptor,Adhesion by ICAM,Macrophage|Macrophage alveolar,0.595
PLAU_PLAUR,simple:P00749,simple:Q03405,PLAU,PLAUR,Ligand-Receptor,Signaling by Plasminogen Activator,Macrophage|Macrophage alveolar,0.627
ANXA1_FPR3,simple:P04083,simple:P25089,ANXA1,FPR3,Ligand-Receptor,Signaling by Annexin,Macrophage|Macrophage alveolar,0.596
APOB_TREM2_receptor,simple:P04114,complex:TREM2_receptor,APOB,,Ligand-Receptor,Signaling by Apolipoprotein,Macrophage|Macrophage alveolar,0.63
CEACAM1_CEACAM8,simple:P13688,simple:P31997,CEACAM1,CEACAM8,Adhesion-Adhesion,Adhesion by CEAM,Macrophage|Macrophage alveolar,0.588
CTSG_FPR1,simple:P08311,simple:P21462,CTSG,FPR1,Ligand-Receptor,Signaling by Cathepsin,Macrophage|Macrophage alveolar,0.544
CXCL5_CXCR1,simple:P42830,simple:P25024,CXCL5,CXCR1,Ligand-Receptor,Signaling by Chemokines,Macrophage|Monocyte classical,0.55
CCL3_CCR1,simple:P10147,simple:P32246,CCL3,CCR1,Ligand-Receptor,Signaling by Chemokines,Macrophage|Monocyte classical,0.66
LTC4_byLTC4S_CYSLTR2,complex:LTC4_byLTC4S,simple:Q9NS75,,CYSLTR2,Ligand-Receptor,Signaling by Lipoxin/Leukotriene,Macrophage|Monocyte classical,0.587
CXCL8_ACKR1,simple:P10145,simple:Q16570,CXCL8,ACKR1,Ligand-Receptor,Signaling by Chemokines,Macrophage|Monocyte classical,0.527
CXCL5_CXCR2,simple:P42830,simple:P25025,CXCL5,CXCR2,Ligand-Receptor,Signaling by Chemokines,Macrophage|Monocyte classical,0.551
CD44_TYROBP,simple:P16070,simple:O43914,CD44,TYROBP,Ligand-Receptor,,Macrophage|Monocyte classical,0.628
LipoxinA4_byALOX5_FPR2,complex:LipoxinA4_byALOX5,simple:P25090,,FPR2,Ligand-Receptor,Signaling by Lipoxin/Leukotriene,Macrophage|Monocyte classical,0.583
CCL8_CCR1,simple:P80075,simple:P32246,CCL8,CCR1,Ligand-Receptor,Signaling by Chemokines,Macrophage|Monocyte classical,0.676
CCL7_CCR1,simple:P80098,simple:P32246,CCL7,CCR1,Ligand-Receptor,Signaling by Chemokines,Macrophage|Monocyte classical,0.678
CCL23_FPR2,simple:P55773,simple:P25090,CCL23,FPR2,Ligand-Receptor,Signaling by Chemokines,Macrophage|Monocyte classical,0.661
SAA1_FPR2,simple:P0DJI8,simple:P25090,SAA1,FPR2,Ligand-Receptor,,Macrophage|Monocyte classical,0.584
CCL15_CCR1,simple:Q16663,simple:P32246,CCL15,CCR1,Ligand-Receptor,Signaling by Chemokines,Macrophage|Monocyte classical,0.614
CCL23_CCR1,simple:P55773,simple:P32246,CCL23,CCR1,Ligand-Receptor,Signaling by Chemokines,Macrophage|Monocyte classical,0.666
CSF1_CSF1R,simple:P09603,simple:P07333,CSF1,CSF1R,Ligand-Receptor,Signaling by Colony-Stimulating factor,Macrophage|Monocyte classical,0.588
LAIR1_LILRB4,simple:Q6GTX8,simple:Q8NHJ6,LAIR1,LILRB4,Receptor-Receptor,,Macrophage|Monocyte classical,0.672
CXCL1_ACKR1,simple:P09341,simple:Q16570,CXCL1,ACKR1,Ligand-Receptor,Signaling by Chemokines,Macrophage|Monocyte classical,0.541
APOE_TREM2_receptor,simple:P02649,complex:TREM2_receptor,APOE,,Ligand-Receptor,Signaling by Apolipoprotein,Macrophage|Monocyte classical,0.601
LeukotrieneC4_byLTC4S_CYSLTR2,complex:LeukotrieneC4_byLTC4S,simple:Q9NS75,,CYSLTR2,Ligand-Receptor,Signaling by Lipoxin/Leukotriene,Macrophage|Monocyte classical,0.587
HLA-G_LILRB2,simple:P17693,simple:Q8N423,HLA-G,LILRB2,Ligand-Receptor,Signaling by HLA,Macrophage|Monocyte classical,0.594
LEP_LEPR,simple:P41159,simple:P48357,LEP,LEPR,Ligand-Receptor,,Macrophage|Monocyte classical,0.573
TNF_TNFRSF1B,simple:P01375,simple:P20333,TNF,TNFRSF1B,Ligand-Receptor,Signaling by Tumor necrosis factor,Macrophage|Monocyte classical,0.628
CXCL1_CXCR2,simple:P09341,simple:P25025,CXCL1,CXCR2,Ligand-Receptor,Signaling by Chemokines,Macrophage|Monocyte classical,0.545
Estradiol_byCYP19A1_NR1I2,complex:Estradiol_byCYP19A1,simple:O75469,,NR1I2,Ligand-Receptor,Signaling by Steroids,Macrophage|Monocyte classical,0.581
HFE_TFRC,simple:Q30201,simple:P02786,HFE,TFRC,Ligand-Receptor,,Macrophage|Monocyte classical,0.65
CD99_PILRA,simple:P14209,simple:Q9UKJ1,CD99,PILRA,Ligand-Receptor,,Macrophage|Monocyte classical,0.595
ANXA1_FPR1,simple:P04083,simple:P21462,ANXA1,FPR1,Ligand-Receptor,Signaling by Annexin,Macrophage|Monocyte classical,0.627
ANXA1_FPR2,simple:P04083,simple:P25090,ANXA1,FPR2,Ligand-Receptor,Signaling by Annexin,Macrophage|Monocyte classical,0.606
CXCL1_CXCR1,simple:P09341,simple:P25024,CXCL1,CXCR1,Ligand-Receptor,Signaling by Chemokines,Macrophage|Monocyte classical,0.544
ICAM1_integrin_aXb2_complex,simple:P05362,complex:integrin_aXb2_complex,ICAM1,,Ligand-Receptor,Adhesion by ICAM,Macrophage|Monocyte classical,0.628
PLAU_PLAUR,simple:P00749,simple:Q03405,PLAU,PLAUR,Ligand-Receptor,Signaling by Plasminogen Activator,Macrophage|Monocyte classical,0.673
ANXA1_FPR3,simple:P04083,simple:P25089,ANXA1,FPR3,Ligand-Receptor,Signaling by Annexin,Macrophage|Monocyte classical,0.6
THBS1_CD36,simple:P07996,simple:P16671,THBS1,CD36,Ligand-Receptor,Signaling by Thrombospondin precursor,Macrophage|Monocyte classical,0.615
CTSG_FPR1,simple:P08311,simple:P21462,CTSG,FPR1,Ligand-Receptor,Signaling by Cathepsin,Macrophage|Monocyte classical,0.595
FCER2_integrin_aXb2_complex,simple:P06734,complex:integrin_aXb2_complex,FCER2,,Receptor-Receptor,Signaling by FC receptor,Macrophage|Monocyte classical,0.568
CXCL5_CXCR1,simple:P42830,simple:P25024,CXCL5,CXCR1,Ligand-Receptor,Signaling by Chemokines,Macrophage|NK cell,0.568
PPBP_CXCR1,simple:P02775,simple:P25024,PPBP,CXCR1,Ligand-Receptor,Signaling by Chemokines,Macrophage|NK cell,0.596
PPBP_CXCR2,simple:P02775,simple:P25025,PPBP,CXCR2,Ligand-Receptor,Signaling by Chemokines,Macrophage|NK cell,0.606
ULBP1_NKG2D_II_receptor,simple:Q9BZM6,complex:NKG2D_II_receptor,ULBP1,,Ligand-Receptor,Signaling by Killer Cell Lectin Like Receptor K1,Macrophage|NK cell,0.645
HLA-E_KLRC1,simple:P13747,simple:P26715,HLA-E,KLRC1,Ligand-Receptor,Signaling by HLA,Macrophage|NK cell,0.582
CXCL8_CXCR2,simple:P10145,simple:P25025,CXCL8,CXCR2,Ligand-Receptor,Signaling by Chemokines,Macrophage|NK cell,0.559
MICA_NKG2D_II_receptor,simple:Q29983,complex:NKG2D_II_receptor,MICA,,Ligand-Receptor,,Macrophage|NK cell,0.601
CXCL8_CXCR1,simple:P10145,simple:P25024,CXCL8,CXCR1,Ligand-Receptor,Signaling by Chemokines,Macrophage|NK cell,0.549
CXCL8_ACKR1,simple:P10145,simple:Q16570,CXCL8,ACKR1,Ligand-Receptor,Signaling by Chemokines,Macrophage|NK cell,0.527
CXCL5_CXCR2,simple:P42830,simple:P25025,CXCL5,CXCR2,Ligand-Receptor,Signaling by Chemokines,Macrophage|NK cell,0.579
PVR_CD96,simple:P15151,simple:P40200,PVR,CD96,Ligand-Receptor,Signaling by Poliovirus receptor,Macrophage|NK cell,0.626
HLA-C_KIR2DL3,simple:HLAC,simple:P43628,HLA-C,KIR2DL3,Ligand-Receptor,Signaling by HLA,Macrophage|NK cell,0.575
HLA-E_CD94:NKG2E,simple:P13747,complex:CD94:NKG2E,HLA-E,,Ligand-Receptor,Signaling by HLA,Macrophage|NK cell,0.583
HLA-E_CD94:NKG2A,simple:P13747,complex:CD94:NKG2A,HLA-E,,Ligand-Receptor,Signaling by HLA,Macrophage|NK cell,0.582
HLA-E_KLRC2,simple:P13747,simple:P26717,HLA-E,KLRC2,Ligand-Receptor,Signaling by HLA,Macrophage|NK cell,0.58
MICB_NKG2D_II_receptor,simple:Q29980,complex:NKG2D_II_receptor,MICB,,Ligand-Receptor,,Macrophage|NK cell,0.626
ProstaglandinE2_byPTGES2_PTGER4,complex:ProstaglandinE2_byPTGES2,simple:P35408,,PTGER4,Ligand-Receptor,Signaling by Prostaglandin,Macrophage|NK cell,0.61
HLA-E_CD94:NKG2C,simple:P13747,complex:CD94:NKG2C,HLA-E,,Ligand-Receptor,Signaling by HLA,Macrophage|NK cell,0.58
CXCL3_CXCR2,simple:P19876,simple:P25025,CXCL3,CXCR2,Ligand-Receptor,Signaling by Chemokines,Macrophage|NK cell,0.607
PVR_CD226,simple:P15151,simple:Q15762,PVR,CD226,Ligand-Receptor,Signaling by Poliovirus receptor,Macrophage|NK cell,0.64
CXCL1_ACKR1,simple:P09341,simple:Q16570,CXCL1,ACKR1,Ligand-Receptor,Signaling by Chemokines,Macrophage|NK cell,0.54
TGFB1_TGFBR3,simple:P01137,simple:Q03167,TGFB1,TGFBR3,Ligand-Receptor,Signaling by Transforming growth factor,Macrophage|NK cell,0.64
CXCL2_CXCR2,simple:P19875,simple:P25025,CXCL2,CXCR2,Ligand-Receptor,Signaling by Chemokines,Macrophage|NK cell,0.601
LEP_LEPR,simple:P41159,simple:P48357,LEP,LEPR,Ligand-Receptor,,Macrophage|NK cell,0.567
TGM2_ADGRG1,simple:P21980,simple:Q9Y653,TGM2,ADGRG1,Ligand-Receptor,,Macrophage|NK cell,0.656
CXCL1_CXCR2,simple:P09341,simple:P25025,CXCL1,CXCR2,Ligand-Receptor,Signaling by Chemokines,Macrophage|NK cell,0.573
Estradiol_byCYP19A1_NR1I2,complex:Estradiol_byCYP19A1,simple:O75469,,NR1I2,Ligand-Receptor,Signaling by Steroids,Macrophage|NK cell,0.594
CXCL6_CXCR2,simple:P80162,simple:P25025,CXCL6,CXCR2,Ligand-Receptor,Signaling by Chemokines,Macrophage|NK cell,0.525
CXCL1_CXCR1,simple:P09341,simple:P25024,CXCL1,CXCR1,Ligand-Receptor,Signaling by Chemokines,Macrophage|NK cell,0.562
CXCL5_CXCR1,simple:P42830,simple:P25024,CXCL5,CXCR1,Ligand-Receptor,Signaling by Chemokines,Macrophage|Plasma cell,0.549
CXCL8_CXCR2,simple:P10145,simple:P25025,CXCL8,CXCR2,Ligand-Receptor,Signaling by Chemokines,Macrophage|Plasma cell,0.529
TNFSF13_TNFRSF13B,simple:O75888,simple:O14836,TNFSF13,TNFRSF13B,Ligand-Receptor,Signaling by Tumor necrosis factor,Macrophage|Plasma cell,0.601
CXCL8_CXCR1,simple:P10145,simple:P25024,CXCL8,CXCR1,Ligand-Receptor,Signaling by Chemokines,Macrophage|Plasma cell,0.53
CXCL5_CXCR2,simple:P42830,simple:P25025,CXCL5,CXCR2,Ligand-Receptor,Signaling by Chemokines,Macrophage|Plasma cell,0.549
LipoxinA4_byALOX5_FPR2,complex:LipoxinA4_byALOX5,simple:P25090,,FPR2,Ligand-Receptor,Signaling by Lipoxin/Leukotriene,Macrophage|Plasma cell,0.491
TNFSF13B_TNFRSF17,simple:Q9Y275,simple:Q02223,TNFSF13B,TNFRSF17,Ligand-Receptor,Signaling by Tumor necrosis factor,Macrophage|Plasma cell,0.673
TNFSF13_TNFRSF17,simple:O75888,simple:Q02223,TNFSF13,TNFRSF17,Ligand-Receptor,Signaling by Tumor necrosis factor,Macrophage|Plasma cell,0.682
CCL7_CCR1,simple:P80098,simple:P32246,CCL7,CCR1,Ligand-Receptor,Signaling by Chemokines,Macrophage|Plasma cell,0.572
Estradiol_byCYP19A1_ESR2,complex:Estradiol_byCYP19A1,simple:Q92731,,ESR2,Ligand-Receptor,Signaling by Steroids,Macrophage|Plasma cell,0.679
PECAM1_CD38,simple:P16284,simple:P28907,PECAM1,CD38,Receptor-Receptor,,Macrophage|Plasma cell,0.645
CXCL1_ACKR1,simple:P09341,simple:Q16570,CXCL1,ACKR1,Ligand-Receptor,Signaling by Chemokines,Macrophage|Plasma cell,0.543
APOE_TREM2_receptor,simple:P02649,complex:TREM2_receptor,APOE,,Ligand-Receptor,Signaling by Apolipoprotein,Macrophage|Plasma cell,0.556
CXCL1_CXCR2,simple:P09341,simple:P25025,CXCL1,CXCR2,Ligand-Receptor,Signaling by Chemokines,Macrophage|Plasma cell,0.543
SDC2_FGFR4,simple:P34741,simple:P22455,SDC2,FGFR4,Ligand-Receptor,,Macrophage|Plasma cell,0.569
CXCL1_CXCR1,simple:P09341,simple:P25024,CXCL1,CXCR1,Ligand-Receptor,Signaling by Chemokines,Macrophage|Plasma cell,0.543
CD34_SELL,simple:P28906,simple:P14151,CD34,SELL,Ligand-Receptor,,Macrophage|T cell CD4 dividing,0.587
CXCL5_CXCR1,simple:P42830,simple:P25024,CXCL5,CXCR1,Ligand-Receptor,Signaling by Chemokines,Macrophage|T cell CD4 dividing,0.549
TNFSF13_TNFRSF13B,simple:O75888,simple:O14836,TNFSF13,TNFRSF13B,Ligand-Receptor,Signaling by Tumor necrosis factor,Macrophage|T cell CD4 dividing,0.588
PVR_TIGIT,simple:P15151,simple:Q495A1,PVR,TIGIT,Ligand-Receptor,Signaling by Poliovirus receptor,Macrophage|T cell CD4 dividing,0.686
CXCL5_CXCR2,simple:P42830,simple:P25025,CXCL5,CXCR2,Ligand-Receptor,Signaling by Chemokines,Macrophage|T cell CD4 dividing,0.546
PVR_CD96,simple:P15151,simple:P40200,PVR,CD96,Ligand-Receptor,Signaling by Poliovirus receptor,Macrophage|T cell CD4 dividing,0.663
PF4_CXCR3,simple:P02776,simple:P49682,PF4,CXCR3,Ligand-Receptor,,Macrophage|T cell CD4 dividing,0.696
PODXL_SELL,simple:O00592,simple:P14151,PODXL,SELL,Receptor-Receptor,Signaling by Podocalyxin-like protein,Macrophage|T cell CD4 dividing,0.589
CCL20_CCR6,simple:P78556,simple:P51684,CCL20,CCR6,Ligand-Receptor,Signaling by Chemokines,Macrophage|T cell CD4 dividing,0.705
TNFSF18_TNFRSF18,simple:Q9UNG2,simple:Q9Y5U5,TNFSF18,TNFRSF18,Ligand-Receptor,Signaling by Tumor necrosis factor,Macrophage|T cell CD4 dividing,0.656
Estradiol_byCYP19A1_ESR2,complex:Estradiol_byCYP19A1,simple:Q92731,,ESR2,Ligand-Receptor,Signaling by Steroids,Macrophage|T cell CD4 dividing,0.603
IL4_IL4_receptor,simple:P05112,complex:IL4_receptor,IL4,,Ligand-Receptor,Signaling by Interleukin,Macrophage|T cell CD4 dividing,0.548
FGL1_LAG3,simple:Q08830,simple:P18627,FGL1,LAG3,Ligand-Receptor,Signaling by Fibroblast growth factor,Macrophage|T cell CD4 dividing,0.551
PVR_CD226,simple:P15151,simple:Q15762,PVR,CD226,Ligand-Receptor,Signaling by Poliovirus receptor,Macrophage|T cell CD4 dividing,0.642
CXCL1_ACKR1,simple:P09341,simple:Q16570,CXCL1,ACKR1,Ligand-Receptor,Signaling by Chemokines,Macrophage|T cell CD4 dividing,0.54
NECTIN2_TIGIT,simple:Q92692,simple:Q495A1,NECTIN2,TIGIT,Ligand-Receptor,Signaling by Nectin,Macrophage|T cell CD4 dividing,0.683
TNFSF9_TNFRSF9,simple:P41273,simple:Q07011,TNFSF9,TNFRSF9,Ligand-Receptor,Signaling by Tumor necrosis factor,Macrophage|T cell CD4 dividing,0.651
CXCL9_CXCR3,simple:Q07325,simple:P49682,CXCL9,CXCR3,Ligand-Receptor,Signaling by Chemokines,Macrophage|T cell CD4 dividing,0.701
CXCL10_CXCR3,simple:P02778,simple:P49682,CXCL10,CXCR3,Ligand-Receptor,Signaling by Chemokines,Macrophage|T cell CD4 dividing,0.696
LEP_LEPR,simple:P41159,simple:P48357,LEP,LEPR,Ligand-Receptor,,Macrophage|T cell CD4 dividing,0.571
CRLF2_TSLPR,simple:Q9HC73,complex:TSLPR,CRLF2,,Receptor-Receptor,,Macrophage|T cell CD4 dividing,0.491
IL21_IL21_receptor,simple:Q9HBE4,complex:IL21_receptor,IL21,,Ligand-Receptor,Signaling by Interleukin,Macrophage|T cell CD4 dividing,0.585
TNF_TNFRSF1B,simple:P01375,simple:P20333,TNF,TNFRSF1B,Ligand-Receptor,Signaling by Tumor necrosis factor,Macrophage|T cell CD4 dividing,0.641
CXCL11_CXCR3,simple:O14625,simple:P49682,CXCL11,CXCR3,Ligand-Receptor,Signaling by Chemokines,Macrophage|T cell CD4 dividing,0.697
CXCL1_CXCR2,simple:P09341,simple:P25025,CXCL1,CXCR2,Ligand-Receptor,Signaling by Chemokines,Macrophage|T cell CD4 dividing,0.54
Estradiol_byCYP19A1_NR1I2,complex:Estradiol_byCYP19A1,simple:O75469,,NR1I2,Ligand-Receptor,Signaling by Steroids,Macrophage|T cell CD4 dividing,0.561
CXCL16_CXCR6,simple:Q9H2A7,simple:O00574,CXCL16,CXCR6,Ligand-Receptor,Signaling by Chemokines,Macrophage|T cell CD4 dividing,0.694
HFE_TFRC,simple:Q30201,simple:P02786,HFE,TFRC,Ligand-Receptor,,Macrophage|T cell CD4 dividing,0.666
CD86_CTLA4,simple:P42081,simple:P16410,CD86,CTLA4,Ligand-Receptor,,Macrophage|T cell CD4 dividing,0.72
CXCL1_CXCR1,simple:P09341,simple:P25024,CXCL1,CXCR1,Ligand-Receptor,Signaling by Chemokines,Macrophage|T cell CD4 dividing,0.543
LCK_CD8_receptor,simple:P06239,complex:CD8_receptor,LCK,,Receptor-Receptor,,Macrophage|T cell CD8 dividing,0.599
CXCL5_CXCR1,simple:P42830,simple:P25024,CXCL5,CXCR1,Ligand-Receptor,Signaling by Chemokines,Macrophage|T cell CD8 dividing,0.549
CCL3_CCR1,simple:P10147,simple:P32246,CCL3,CCR1,Ligand-Receptor,Signaling by Chemokines,Macrophage|T cell CD8 dividing,0.626
ULBP1_NKG2D_II_receptor,simple:Q9BZM6,complex:NKG2D_II_receptor,ULBP1,,Ligand-Receptor,Signaling by Killer Cell Lectin Like Receptor K1,Macrophage|T cell CD8 dividing,0.664
HLA-E_KLRC1,simple:P13747,simple:P26715,HLA-E,KLRC1,Ligand-Receptor,Signaling by HLA,Macrophage|T cell CD8 dividing,0.603
CXCL8_CXCR2,simple:P10145,simple:P25025,CXCL8,CXCR2,Ligand-Receptor,Signaling by Chemokines,Macrophage|T cell CD8 dividing,0.524
MICA_NKG2D_II_receptor,simple:Q29983,complex:NKG2D_II_receptor,MICA,,Ligand-Receptor,,Macrophage|T cell CD8 dividing,0.619
PVR_TIGIT,simple:P15151,simple:Q495A1,PVR,TIGIT,Ligand-Receptor,Signaling by Poliovirus receptor,Macrophage|T cell CD8 dividing,0.684
CXCL8_CXCR1,simple:P10145,simple:P25024,CXCL8,CXCR1,Ligand-Receptor,Signaling by Chemokines,Macrophage|T cell CD8 dividing,0.53
CXCL8_ACKR1,simple:P10145,simple:Q16570,CXCL8,ACKR1,Ligand-Receptor,Signaling by Chemokines,Macrophage|T cell CD8 dividing,0.526
CXCL5_CXCR2,simple:P42830,simple:P25025,CXCL5,CXCR2,Ligand-Receptor,Signaling by Chemokines,Macrophage|T cell CD8 dividing,0.543
PVR_CD96,simple:P15151,simple:P40200,PVR,CD96,Ligand-Receptor,Signaling by Poliovirus receptor,Macrophage|T cell CD8 dividing,0.682
HLA-E_CD94:NKG2E,simple:P13747,complex:CD94:NKG2E,HLA-E,,Ligand-Receptor,Signaling by HLA,Macrophage|T cell CD8 dividing,0.572
HLA-E_CD94:NKG2A,simple:P13747,complex:CD94:NKG2A,HLA-E,,Ligand-Receptor,Signaling by HLA,Macrophage|T cell CD8 dividing,0.572
PF4_CXCR3,simple:P02776,simple:P49682,PF4,CXCR3,Ligand-Receptor,,Macrophage|T cell CD8 dividing,0.699
CCL8_CCR1,simple:P80075,simple:P32246,CCL8,CCR1,Ligand-Receptor,Signaling by Chemokines,Macrophage|T cell CD8 dividing,0.641
CCL7_CCR1,simple:P80098,simple:P32246,CCL7,CCR1,Ligand-Receptor,Signaling by Chemokines,Macrophage|T cell CD8 dividing,0.644
HLA-E_KLRK1,simple:P13747,simple:P26718,HLA-E,KLRK1,Ligand-Receptor,Signaling by HLA,Macrophage|T cell CD8 dividing,0.616
HLA-E_KLRC2,simple:P13747,simple:P26717,HLA-E,KLRC2,Ligand-Receptor,Signaling by HLA,Macrophage|T cell CD8 dividing,0.615
MICB_NKG2D_II_receptor,simple:Q29980,complex:NKG2D_II_receptor,MICB,,Ligand-Receptor,,Macrophage|T cell CD8 dividing,0.644
ProstaglandinE2_byPTGES2_PTGER4,complex:ProstaglandinE2_byPTGES2,simple:P35408,,PTGER4,Ligand-Receptor,Signaling by Prostaglandin,Macrophage|T cell CD8 dividing,0.611
CCL15_CCR1,simple:Q16663,simple:P32246,CCL15,CCR1,Ligand-Receptor,Signaling by Chemokines,Macrophage|T cell CD8 dividing,0.579
CCL23_CCR1,simple:P55773,simple:P32246,CCL23,CCR1,Ligand-Receptor,Signaling by Chemokines,Macrophage|T cell CD8 dividing,0.631
TNFSF18_TNFRSF18,simple:Q9UNG2,simple:Q9Y5U5,TNFSF18,TNFRSF18,Ligand-Receptor,Signaling by Tumor necrosis factor,Macrophage|T cell CD8 dividing,0.597
Estradiol_byCYP19A1_ESR2,complex:Estradiol_byCYP19A1,simple:Q92731,,ESR2,Ligand-Receptor,Signaling by Steroids,Macrophage|T cell CD8 dividing,0.577
PECAM1_CD38,simple:P16284,simple:P28907,PECAM1,CD38,Receptor-Receptor,,Macrophage|T cell CD8 dividing,0.662
HLA-E_CD94:NKG2C,simple:P13747,complex:CD94:NKG2C,HLA-E,,Ligand-Receptor,Signaling by HLA,Macrophage|T cell CD8 dividing,0.572
FGL1_LAG3,simple:Q08830,simple:P18627,FGL1,LAG3,Ligand-Receptor,Signaling by Fibroblast growth factor,Macrophage|T cell CD8 dividing,0.649
PVR_CD226,simple:P15151,simple:Q15762,PVR,CD226,Ligand-Receptor,Signaling by Poliovirus receptor,Macrophage|T cell CD8 dividing,0.632
CXCL1_ACKR1,simple:P09341,simple:Q16570,CXCL1,ACKR1,Ligand-Receptor,Signaling by Chemokines,Macrophage|T cell CD8 dividing,0.539
NECTIN2_TIGIT,simple:Q92692,simple:Q495A1,NECTIN2,TIGIT,Ligand-Receptor,Signaling by Nectin,Macrophage|T cell CD8 dividing,0.681
TNFSF9_TNFRSF9,simple:P41273,simple:Q07011,TNFSF9,TNFRSF9,Ligand-Receptor,Signaling by Tumor necrosis factor,Macrophage|T cell CD8 dividing,0.651
CXCL9_CXCR3,simple:Q07325,simple:P49682,CXCL9,CXCR3,Ligand-Receptor,Signaling by Chemokines,Macrophage|T cell CD8 dividing,0.704
CXCL10_CXCR3,simple:P02778,simple:P49682,CXCL10,CXCR3,Ligand-Receptor,Signaling by Chemokines,Macrophage|T cell CD8 dividing,0.699
LEP_LEPR,simple:P41159,simple:P48357,LEP,LEPR,Ligand-Receptor,,Macrophage|T cell CD8 dividing,0.563
IL21_IL21_receptor,simple:Q9HBE4,complex:IL21_receptor,IL21,,Ligand-Receptor,Signaling by Interleukin,Macrophage|T cell CD8 dividing,0.579
CEACAM5_CD8A,simple:P06731,simple:P01732,CEACAM5,CD8A,Adhesion-Adhesion,Adhesion by CEAM,Macrophage|T cell CD8 dividing,0.631
TNF_TNFRSF1B,simple:P01375,simple:P20333,TNF,TNFRSF1B,Ligand-Receptor,Signaling by Tumor necrosis factor,Macrophage|T cell CD8 dividing,0.607
CXCL11_CXCR3,simple:O14625,simple:P49682,CXCL11,CXCR3,Ligand-Receptor,Signaling by Chemokines,Macrophage|T cell CD8 dividing,0.701
CXCL1_CXCR2,simple:P09341,simple:P25025,CXCL1,CXCR2,Ligand-Receptor,Signaling by Chemokines,Macrophage|T cell CD8 dividing,0.537
CXCL16_CXCR6,simple:Q9H2A7,simple:O00574,CXCL16,CXCR6,Ligand-Receptor,Signaling by Chemokines,Macrophage|T cell CD8 dividing,0.699
CD86_CTLA4,simple:P42081,simple:P16410,CD86,CTLA4,Ligand-Receptor,,Macrophage|T cell CD8 dividing,0.702
CXCL1_CXCR1,simple:P09341,simple:P25024,CXCL1,CXCR1,Ligand-Receptor,Signaling by Chemokines,Macrophage|T cell CD8 dividing,0.543
CXCL5_CXCR1,simple:P42830,simple:P25024,CXCL5,CXCR1,Ligand-Receptor,Signaling by Chemokines,Macrophage|T cell CD8 effector memory,0.549
ULBP1_NKG2D_II_receptor,simple:Q9BZM6,complex:NKG2D_II_receptor,ULBP1,,Ligand-Receptor,Signaling by Killer Cell Lectin Like Receptor K1,Macrophage|T cell CD8 effector memory,0.624
MICA_NKG2D_II_receptor,simple:Q29983,complex:NKG2D_II_receptor,MICA,,Ligand-Receptor,,Macrophage|T cell CD8 effector memory,0.58
PVR_TIGIT,simple:P15151,simple:Q495A1,PVR,TIGIT,Ligand-Receptor,Signaling by Poliovirus receptor,Macrophage|T cell CD8 effector memory,0.599
CXCL8_CXCR1,simple:P10145,simple:P25024,CXCL8,CXCR1,Ligand-Receptor,Signaling by Chemokines,Macrophage|T cell CD8 effector memory,0.529
CXCL5_CXCR2,simple:P42830,simple:P25025,CXCL5,CXCR2,Ligand-Receptor,Signaling by Chemokines,Macrophage|T cell CD8 effector memory,0.546
PVR_CD96,simple:P15151,simple:P40200,PVR,CD96,Ligand-Receptor,Signaling by Poliovirus receptor,Macrophage|T cell CD8 effector memory,0.628
PF4_CXCR3,simple:P02776,simple:P49682,PF4,CXCR3,Ligand-Receptor,,Macrophage|T cell CD8 effector memory,0.635
CCL8_CCR1,simple:P80075,simple:P32246,CCL8,CCR1,Ligand-Receptor,Signaling by Chemokines,Macrophage|T cell CD8 effector memory,0.573
CCL7_CCR1,simple:P80098,simple:P32246,CCL7,CCR1,Ligand-Receptor,Signaling by Chemokines,Macrophage|T cell CD8 effector memory,0.576
MICB_NKG2D_II_receptor,simple:Q29980,complex:NKG2D_II_receptor,MICB,,Ligand-Receptor,,Macrophage|T cell CD8 effector memory,0.605
ProstaglandinE2_byPTGES2_PTGER4,complex:ProstaglandinE2_byPTGES2,simple:P35408,,PTGER4,Ligand-Receptor,Signaling by Prostaglandin,Macrophage|T cell CD8 effector memory,0.602
CCL23_CCR1,simple:P55773,simple:P32246,CCL23,CCR1,Ligand-Receptor,Signaling by Chemokines,Macrophage|T cell CD8 effector memory,0.563
PVR_CD226,simple:P15151,simple:Q15762,PVR,CD226,Ligand-Receptor,Signaling by Poliovirus receptor,Macrophage|T cell CD8 effector memory,0.602
CXCL9_CXCR3,simple:Q07325,simple:P49682,CXCL9,CXCR3,Ligand-Receptor,Signaling by Chemokines,Macrophage|T cell CD8 effector memory,0.64
CXCL10_CXCR3,simple:P02778,simple:P49682,CXCL10,CXCR3,Ligand-Receptor,Signaling by Chemokines,Macrophage|T cell CD8 effector memory,0.635
CEACAM5_CD8A,simple:P06731,simple:P01732,CEACAM5,CD8A,Adhesion-Adhesion,Adhesion by CEAM,Macrophage|T cell CD8 effector memory,0.577
CXCL11_CXCR3,simple:O14625,simple:P49682,CXCL11,CXCR3,Ligand-Receptor,Signaling by Chemokines,Macrophage|T cell CD8 effector memory,0.636
CXCL1_CXCR2,simple:P09341,simple:P25025,CXCL1,CXCR2,Ligand-Receptor,Signaling by Chemokines,Macrophage|T cell CD8 effector memory,0.54
Estradiol_byCYP19A1_NR1I2,complex:Estradiol_byCYP19A1,simple:O75469,,NR1I2,Ligand-Receptor,Signaling by Steroids,Macrophage|T cell CD8 effector memory,0.592
CXCL16_CXCR6,simple:Q9H2A7,simple:O00574,CXCL16,CXCR6,Ligand-Receptor,Signaling by Chemokines,Macrophage|T cell CD8 effector memory,0.644
CXCL1_CXCR1,simple:P09341,simple:P25024,CXCL1,CXCR1,Ligand-Receptor,Signaling by Chemokines,Macrophage|T cell CD8 effector memory,0.543
CXCL5_CXCR1,simple:P42830,simple:P25024,CXCL5,CXCR1,Ligand-Receptor,Signaling by Chemokines,Macrophage|T cell CD8 terminally exhausted,0.548
ULBP1_NKG2D_II_receptor,simple:Q9BZM6,complex:NKG2D_II_receptor,ULBP1,,Ligand-Receptor,Signaling by Killer Cell Lectin Like Receptor K1,Macrophage|T cell CD8 terminally exhausted,0.652
CXCL8_CXCR2,simple:P10145,simple:P25025,CXCL8,CXCR2,Ligand-Receptor,Signaling by Chemokines,Macrophage|T cell CD8 terminally exhausted,0.525
PVR_TIGIT,simple:P15151,simple:Q495A1,PVR,TIGIT,Ligand-Receptor,Signaling by Poliovirus receptor,Macrophage|T cell CD8 terminally exhausted,0.648
CXCL8_CXCR1,simple:P10145,simple:P25024,CXCL8,CXCR1,Ligand-Receptor,Signaling by Chemokines,Macrophage|T cell CD8 terminally exhausted,0.528
CXCL5_CXCR2,simple:P42830,simple:P25025,CXCL5,CXCR2,Ligand-Receptor,Signaling by Chemokines,Macrophage|T cell CD8 terminally exhausted,0.544
PVR_CD96,simple:P15151,simple:P40200,PVR,CD96,Ligand-Receptor,Signaling by Poliovirus receptor,Macrophage|T cell CD8 terminally exhausted,0.642
HLA-E_CD94:NKG2E,simple:P13747,complex:CD94:NKG2E,HLA-E,,Ligand-Receptor,Signaling by HLA,Macrophage|T cell CD8 terminally exhausted,0.564
HLA-E_CD94:NKG2A,simple:P13747,complex:CD94:NKG2A,HLA-E,,Ligand-Receptor,Signaling by HLA,Macrophage|T cell CD8 terminally exhausted,0.56
PF4_CXCR3,simple:P02776,simple:P49682,PF4,CXCR3,Ligand-Receptor,,Macrophage|T cell CD8 terminally exhausted,0.65
CCL7_CCR1,simple:P80098,simple:P32246,CCL7,CCR1,Ligand-Receptor,Signaling by Chemokines,Macrophage|T cell CD8 terminally exhausted,0.592
MICB_NKG2D_II_receptor,simple:Q29980,complex:NKG2D_II_receptor,MICB,,Ligand-Receptor,,Macrophage|T cell CD8 terminally exhausted,0.633
HLA-E_CD94:NKG2C,simple:P13747,complex:CD94:NKG2C,HLA-E,,Ligand-Receptor,Signaling by HLA,Macrophage|T cell CD8 terminally exhausted,0.564
FGL1_LAG3,simple:Q08830,simple:P18627,FGL1,LAG3,Ligand-Receptor,Signaling by Fibroblast growth factor,Macrophage|T cell CD8 terminally exhausted,0.606
CXCL1_ACKR1,simple:P09341,simple:Q16570,CXCL1,ACKR1,Ligand-Receptor,Signaling by Chemokines,Macrophage|T cell CD8 terminally exhausted,0.541
NECTIN2_TIGIT,simple:Q92692,simple:Q495A1,NECTIN2,TIGIT,Ligand-Receptor,Signaling by Nectin,Macrophage|T cell CD8 terminally exhausted,0.645
TNFSF9_TNFRSF9,simple:P41273,simple:Q07011,TNFSF9,TNFRSF9,Ligand-Receptor,Signaling by Tumor necrosis factor,Macrophage|T cell CD8 terminally exhausted,0.617
CXCL9_CXCR3,simple:Q07325,simple:P49682,CXCL9,CXCR3,Ligand-Receptor,Signaling by Chemokines,Macrophage|T cell CD8 terminally exhausted,0.655
CXCL10_CXCR3,simple:P02778,simple:P49682,CXCL10,CXCR3,Ligand-Receptor,Signaling by Chemokines,Macrophage|T cell CD8 terminally exhausted,0.65
CEACAM5_CD8A,simple:P06731,simple:P01732,CEACAM5,CD8A,Adhesion-Adhesion,Adhesion by CEAM,Macrophage|T cell CD8 terminally exhausted,0.591
CXCL11_CXCR3,simple:O14625,simple:P49682,CXCL11,CXCR3,Ligand-Receptor,Signaling by Chemokines,Macrophage|T cell CD8 terminally exhausted,0.652
CXCL1_CXCR2,simple:P09341,simple:P25025,CXCL1,CXCR2,Ligand-Receptor,Signaling by Chemokines,Macrophage|T cell CD8 terminally exhausted,0.538
CXCL16_CXCR6,simple:Q9H2A7,simple:O00574,CXCL16,CXCR6,Ligand-Receptor,Signaling by Chemokines,Macrophage|T cell CD8 terminally exhausted,0.666
CD86_CTLA4,simple:P42081,simple:P16410,CD86,CTLA4,Ligand-Receptor,,Macrophage|T cell CD8 terminally exhausted,0.663
CXCL1_CXCR1,simple:P09341,simple:P25024,CXCL1,CXCR1,Ligand-Receptor,Signaling by Chemokines,Macrophage|T cell CD8 terminally exhausted,0.542
CXCL5_CXCR1,simple:P42830,simple:P25024,CXCL5,CXCR1,Ligand-Receptor,Signaling by Chemokines,Macrophage|T cell NK-like,0.554
ULBP1_NKG2D_II_receptor,simple:Q9BZM6,complex:NKG2D_II_receptor,ULBP1,,Ligand-Receptor,Signaling by Killer Cell Lectin Like Receptor K1,Macrophage|T cell NK-like,0.654
CXCL8_CXCR2,simple:P10145,simple:P25025,CXCL8,CXCR2,Ligand-Receptor,Signaling by Chemokines,Macrophage|T cell NK-like,0.531
MICA_NKG2D_II_receptor,simple:Q29983,complex:NKG2D_II_receptor,MICA,,Ligand-Receptor,,Macrophage|T cell NK-like,0.61
CXCL8_CXCR1,simple:P10145,simple:P25024,CXCL8,CXCR1,Ligand-Receptor,Signaling by Chemokines,Macrophage|T cell NK-like,0.535
CXCL5_CXCR2,simple:P42830,simple:P25025,CXCL5,CXCR2,Ligand-Receptor,Signaling by Chemokines,Macrophage|T cell NK-like,0.551
PVR_CD96,simple:P15151,simple:P40200,PVR,CD96,Ligand-Receptor,Signaling by Poliovirus receptor,Macrophage|T cell NK-like,0.632
MICB_NKG2D_II_receptor,simple:Q29980,complex:NKG2D_II_receptor,MICB,,Ligand-Receptor,,Macrophage|T cell NK-like,0.635
HLA-E_CD94:NKG2C,simple:P13747,complex:CD94:NKG2C,HLA-E,,Ligand-Receptor,Signaling by HLA,Macrophage|T cell NK-like,0.573
PVR_CD226,simple:P15151,simple:Q15762,PVR,CD226,Ligand-Receptor,Signaling by Poliovirus receptor,Macrophage|T cell NK-like,0.636
CXCL1_ACKR1,simple:P09341,simple:Q16570,CXCL1,ACKR1,Ligand-Receptor,Signaling by Chemokines,Macrophage|T cell NK-like,0.541
TGFB1_TGFBR3,simple:P01137,simple:Q03167,TGFB1,TGFBR3,Ligand-Receptor,Signaling by Transforming growth factor,Macrophage|T cell NK-like,0.648
LEP_LEPR,simple:P41159,simple:P48357,LEP,LEPR,Ligand-Receptor,,Macrophage|T cell NK-like,0.565
TGM2_ADGRG1,simple:P21980,simple:Q9Y653,TGM2,ADGRG1,Ligand-Receptor,,Macrophage|T cell NK-like,0.656
CEACAM5_CD8A,simple:P06731,simple:P01732,CEACAM5,CD8A,Adhesion-Adhesion,Adhesion by CEAM,Macrophage|T cell NK-like,0.599
CXCL1_CXCR2,simple:P09341,simple:P25025,CXCL1,CXCR2,Ligand-Receptor,Signaling by Chemokines,Macrophage|T cell NK-like,0.545
CXCL16_CXCR6,simple:Q9H2A7,simple:O00574,CXCL16,CXCR6,Ligand-Receptor,Signaling by Chemokines,Macrophage|T cell NK-like,0.589
CXCL1_CXCR1,simple:P09341,simple:P25024,CXCL1,CXCR1,Ligand-Receptor,Signaling by Chemokines,Macrophage|T cell NK-like,0.548
CXCL5_CXCR1,simple:P42830,simple:P25024,CXCL5,CXCR1,Ligand-Receptor,Signaling by Chemokines,Macrophage|T cell regulatory,0.548
TNFSF13_TNFRSF13B,simple:O75888,simple:O14836,TNFSF13,TNFRSF13B,Ligand-Receptor,Signaling by Tumor necrosis factor,Macrophage|T cell regulatory,0.588
PVR_TIGIT,simple:P15151,simple:Q495A1,PVR,TIGIT,Ligand-Receptor,Signaling by Poliovirus receptor,Macrophage|T cell regulatory,0.643
CXCL8_CXCR1,simple:P10145,simple:P25024,CXCL8,CXCR1,Ligand-Receptor,Signaling by Chemokines,Macrophage|T cell regulatory,0.528
CXCL5_CXCR2,simple:P42830,simple:P25025,CXCL5,CXCR2,Ligand-Receptor,Signaling by Chemokines,Macrophage|T cell regulatory,0.545
PVR_CD96,simple:P15151,simple:P40200,PVR,CD96,Ligand-Receptor,Signaling by Poliovirus receptor,Macrophage|T cell regulatory,0.618
PF4_CXCR3,simple:P02776,simple:P49682,PF4,CXCR3,Ligand-Receptor,,Macrophage|T cell regulatory,0.632
CCL7_CCR1,simple:P80098,simple:P32246,CCL7,CCR1,Ligand-Receptor,Signaling by Chemokines,Macrophage|T cell regulatory,0.572
CCL20_CCR6,simple:P78556,simple:P51684,CCL20,CCR6,Ligand-Receptor,Signaling by Chemokines,Macrophage|T cell regulatory,0.659
TNFSF18_TNFRSF18,simple:Q9UNG2,simple:Q9Y5U5,TNFSF18,TNFRSF18,Ligand-Receptor,Signaling by Tumor necrosis factor,Macrophage|T cell regulatory,0.601
PVR_CD226,simple:P15151,simple:Q15762,PVR,CD226,Ligand-Receptor,Signaling by Poliovirus receptor,Macrophage|T cell regulatory,0.604
CXCL1_ACKR1,simple:P09341,simple:Q16570,CXCL1,ACKR1,Ligand-Receptor,Signaling by Chemokines,Macrophage|T cell regulatory,0.541
NECTIN2_TIGIT,simple:Q92692,simple:Q495A1,NECTIN2,TIGIT,Ligand-Receptor,Signaling by Nectin,Macrophage|T cell regulatory,0.64
TNFSF9_TNFRSF9,simple:P41273,simple:Q07011,TNFSF9,TNFRSF9,Ligand-Receptor,Signaling by Tumor necrosis factor,Macrophage|T cell regulatory,0.608
CXCL9_CXCR3,simple:Q07325,simple:P49682,CXCL9,CXCR3,Ligand-Receptor,Signaling by Chemokines,Macrophage|T cell regulatory,0.637
CXCL10_CXCR3,simple:P02778,simple:P49682,CXCL10,CXCR3,Ligand-Receptor,Signaling by Chemokines,Macrophage|T cell regulatory,0.632
LEP_LEPR,simple:P41159,simple:P48357,LEP,LEPR,Ligand-Receptor,,Macrophage|T cell regulatory,0.569
CRLF2_TSLPR,simple:Q9HC73,complex:TSLPR,CRLF2,,Receptor-Receptor,,Macrophage|T cell regulatory,0.49
IL21_IL21_receptor,simple:Q9HBE4,complex:IL21_receptor,IL21,,Ligand-Receptor,Signaling by Interleukin,Macrophage|T cell regulatory,0.561
TNF_TNFRSF1B,simple:P01375,simple:P20333,TNF,TNFRSF1B,Ligand-Receptor,Signaling by Tumor necrosis factor,Macrophage|T cell regulatory,0.609
CXCL11_CXCR3,simple:O14625,simple:P49682,CXCL11,CXCR3,Ligand-Receptor,Signaling by Chemokines,Macrophage|T cell regulatory,0.634
CXCL1_CXCR2,simple:P09341,simple:P25025,CXCL1,CXCR2,Ligand-Receptor,Signaling by Chemokines,Macrophage|T cell regulatory,0.539
Estradiol_byCYP19A1_NR1I2,complex:Estradiol_byCYP19A1,simple:O75469,,NR1I2,Ligand-Receptor,Signaling by Steroids,Macrophage|T cell regulatory,0.579
CXCL16_CXCR6,simple:Q9H2A7,simple:O00574,CXCL16,CXCR6,Ligand-Receptor,Signaling by Chemokines,Macrophage|T cell regulatory,0.645
CD86_CTLA4,simple:P42081,simple:P16410,CD86,CTLA4,Ligand-Receptor,,Macrophage|T cell regulatory,0.666
CXCL1_CXCR1,simple:P09341,simple:P25024,CXCL1,CXCR1,Ligand-Receptor,Signaling by Chemokines,Macrophage|T cell regulatory,0.542
CXCL5_CXCR1,simple:P42830,simple:P25024,CXCL5,CXCR1,Ligand-Receptor,Signaling by Chemokines,Macrophage|Tumor Tumor ImmunoSup,0.555
CXCL8_CXCR2,simple:P10145,simple:P25025,CXCL8,CXCR2,Ligand-Receptor,Signaling by Chemokines,Macrophage|Tumor Tumor ImmunoSup,0.535
CXCL8_CXCR1,simple:P10145,simple:P25024,CXCL8,CXCR1,Ligand-Receptor,Signaling by Chemokines,Macrophage|Tumor Tumor ImmunoSup,0.535
CXCL5_CXCR2,simple:P42830,simple:P25025,CXCL5,CXCR2,Ligand-Receptor,Signaling by Chemokines,Macrophage|Tumor Tumor ImmunoSup,0.554
CCL8_CCR1,simple:P80075,simple:P32246,CCL8,CCR1,Ligand-Receptor,Signaling by Chemokines,Macrophage|Tumor Tumor ImmunoSup,0.585
CCL7_CCR1,simple:P80098,simple:P32246,CCL7,CCR1,Ligand-Receptor,Signaling by Chemokines,Macrophage|Tumor Tumor ImmunoSup,0.588
CCL23_FPR2,simple:P55773,simple:P25090,CCL23,FPR2,Ligand-Receptor,Signaling by Chemokines,Macrophage|Tumor Tumor ImmunoSup,0.579
CXCL3_CXCR2,simple:P19876,simple:P25025,CXCL3,CXCR2,Ligand-Receptor,Signaling by Chemokines,Macrophage|Tumor Tumor ImmunoSup,0.583
CXCL2_CXCR2,simple:P19875,simple:P25025,CXCL2,CXCR2,Ligand-Receptor,Signaling by Chemokines,Macrophage|Tumor Tumor ImmunoSup,0.576
CEACAM8_CEACAM6,simple:P31997,simple:P40199,CEACAM8,CEACAM6,Adhesion-Adhesion,Adhesion by CEAM,Macrophage|Tumor Tumor ImmunoSup,0.641
CXCL10_DPP4,simple:P02778,simple:P27487,CXCL10,DPP4,Ligand-Receptor,Signaling by Chemokines,Macrophage|Tumor Tumor ImmunoSup,0.598
SCT_SCTR,simple:P09683,simple:P47872,SCT,SCTR,Ligand-Receptor,Signaling by Secretin,Macrophage|Tumor Tumor ImmunoSup,0.512
CXCL1_CXCR2,simple:P09341,simple:P25025,CXCL1,CXCR2,Ligand-Receptor,Signaling by Chemokines,Macrophage|Tumor Tumor ImmunoSup,0.548
SDC2_FGFR4,simple:P34741,simple:P22455,SDC2,FGFR4,Ligand-Receptor,,Macrophage|Tumor Tumor ImmunoSup,0.576
CXCL1_CXCR1,simple:P09341,simple:P25024,CXCL1,CXCR1,Ligand-Receptor,Signaling by Chemokines,Macrophage|Tumor Tumor ImmunoSup,0.549
WNT5B_WIF1,simple:Q9H1J7,simple:Q9Y5W5,WNT5B,WIF1,Ligand-Ligand,Signaling by WNT inhibition,Macrophage|Tumor Tumor ImmunoSup,0.532
ProstaglandinF2a_byAKR1B1_PTGFR,complex:ProstaglandinF2a_byAKR1B1,simple:P43088,,PTGFR,Ligand-Receptor,Signaling by Prostaglandin,Macrophage|Tumor Tumor ImmunoSup,0.584
EREG_ERBB4,simple:O14944,simple:Q15303,EREG,ERBB4,Ligand-Receptor,Signaling by Epidermal growth factor,Macrophage|Tumor Tumor ImmunoSup,0.569
XCL2_XCR1,simple:Q9UBD3,simple:P46094,XCL2,XCR1,Ligand-Receptor,Signaling by Lymphotactin,Macrophage|cDC1,0.651
CXCL5_CXCR1,simple:P42830,simple:P25024,CXCL5,CXCR1,Ligand-Receptor,Signaling by Chemokines,Macrophage|cDC1,0.55
Histamine_byHDC_HRH2,complex:Histamine_byHDC,simple:P25021,,HRH2,Ligand-Receptor,Signaling by Histamine,Macrophage|cDC1,0.612
CXCL5_CXCR2,simple:P42830,simple:P25025,CXCL5,CXCR2,Ligand-Receptor,Signaling by Chemokines,Macrophage|cDC1,0.544
CRTAM_CADM1,simple:O95727,simple:Q9BY67,CRTAM,CADM1,Adhesion-Adhesion,,Macrophage|cDC1,0.662
PF4_CXCR3,simple:P02776,simple:P49682,PF4,CXCR3,Ligand-Receptor,,Macrophage|cDC1,0.645
ProstaglandinE2_byPTGES2_PTGER3,complex:ProstaglandinE2_byPTGES2,simple:P43115,,PTGER3,Ligand-Receptor,Signaling by Prostaglandin,Macrophage|cDC1,0.671
CXCL12_DPP4,simple:P48061,simple:P27487,CXCL12,DPP4,Ligand-Receptor,Signaling by Chemokines,Macrophage|cDC1,0.638
CCL20_CCR6,simple:P78556,simple:P51684,CCL20,CCR6,Ligand-Receptor,Signaling by Chemokines,Macrophage|cDC1,0.7
ProstaglandinE2_byPTGES2_PTGER4,complex:ProstaglandinE2_byPTGES2,simple:P35408,,PTGER4,Ligand-Receptor,Signaling by Prostaglandin,Macrophage|cDC1,0.606
CDH2_CDH2,simple:P19022,simple:P19022,CDH2,CDH2,Adhesion-Adhesion,Adhesion by Cadherin,Macrophage|cDC1,0.638
CCL11_DPP4,simple:P51671,simple:P27487,CCL11,DPP4,Ligand-Receptor,Signaling by Chemokines,Macrophage|cDC1,0.634
LAIR1_LILRB4,simple:Q6GTX8,simple:Q8NHJ6,LAIR1,LILRB4,Receptor-Receptor,,Macrophage|cDC1,0.578
PVR_CD226,simple:P15151,simple:Q15762,PVR,CD226,Ligand-Receptor,Signaling by Poliovirus receptor,Macrophage|cDC1,0.708
CXCL1_ACKR1,simple:P09341,simple:Q16570,CXCL1,ACKR1,Ligand-Receptor,Signaling by Chemokines,Macrophage|cDC1,0.541
APP_CD74,simple:P05067,simple:P04233,APP,CD74,Ligand-Receptor,Signaling by Amyloid-beta precursor protein,Macrophage|cDC1,0.69
APOE_TREM2_receptor,simple:P02649,complex:TREM2_receptor,APOE,,Ligand-Receptor,Signaling by Apolipoprotein,Macrophage|cDC1,0.576
CXCL9_CXCR3,simple:Q07325,simple:P49682,CXCL9,CXCR3,Ligand-Receptor,Signaling by Chemokines,Macrophage|cDC1,0.65
CXCL10_CXCR3,simple:P02778,simple:P49682,CXCL10,CXCR3,Ligand-Receptor,Signaling by Chemokines,Macrophage|cDC1,0.645
CADM3_CADM1,simple:Q8N126,simple:Q9BY67,CADM3,CADM1,Adhesion-Adhesion,Adhesion by CADM,Macrophage|cDC1,0.646
LEP_LEPR,simple:P41159,simple:P48357,LEP,LEPR,Ligand-Receptor,,Macrophage|cDC1,0.576
GAS6_AXL,simple:Q14393,simple:P30530,GAS6,AXL,Ligand-Receptor,Signaling by Growth arrest,Macrophage|cDC1,0.647
CXCL10_DPP4,simple:P02778,simple:P27487,CXCL10,DPP4,Ligand-Receptor,Signaling by Chemokines,Macrophage|cDC1,0.72
CXCL2_DPP4,simple:P19875,simple:P27487,CXCL2,DPP4,Ligand-Receptor,Signaling by Chemokines,Macrophage|cDC1,0.721
CXCL11_CXCR3,simple:O14625,simple:P49682,CXCL11,CXCR3,Ligand-Receptor,Signaling by Chemokines,Macrophage|cDC1,0.647
CXCL1_CXCR2,simple:P09341,simple:P25025,CXCL1,CXCR2,Ligand-Receptor,Signaling by Chemokines,Macrophage|cDC1,0.538
Estradiol_byCYP19A1_NR1I2,complex:Estradiol_byCYP19A1,simple:O75469,,NR1I2,Ligand-Receptor,Signaling by Steroids,Macrophage|cDC1,0.561
CD40LG_CD40,simple:P29965,simple:P25942,CD40LG,CD40,Ligand-Receptor,,Macrophage|cDC1,0.598
CXCL9_DPP4,simple:Q07325,simple:P27487,CXCL9,DPP4,Ligand-Receptor,Signaling by Chemokines,Macrophage|cDC1,0.725
CADM1_CADM1,simple:Q9BY67,simple:Q9BY67,CADM1,CADM1,Adhesion-Adhesion,Adhesion by CADM,Macrophage|cDC1,0.673
COL4A1_ADGRG6,simple:P02462,simple:Q86SQ4,COL4A1,ADGRG6,Adhesion-Adhesion,Adhesion by Collagen/Integrin,Macrophage|cDC1,0.62
CD52_SIGLEC10,simple:P31358,simple:Q96LC7,CD52,SIGLEC10,Ligand-Receptor,,Macrophage|cDC1,0.624
COL4A2_ADGRG6,simple:P08572,simple:Q86SQ4,COL4A2,ADGRG6,Adhesion-Adhesion,Adhesion by Collagen/Integrin,Macrophage|cDC1,0.621
ProstaglandinE2_byPTGES_PTGER3,complex:ProstaglandinE2_byPTGES,simple:P43115,,PTGER3,Ligand-Receptor,Signaling by Prostaglandin,Macrophage|cDC1,0.613
CXCL11_DPP4,simple:O14625,simple:P27487,CXCL11,DPP4,Ligand-Receptor,Signaling by Chemokines,Macrophage|cDC1,0.722
CXCL1_CXCR1,simple:P09341,simple:P25024,CXCL1,CXCR1,Ligand-Receptor,Signaling by Chemokines,Macrophage|cDC1,0.544
ICAM1_integrin_aXb2_complex,simple:P05362,complex:integrin_aXb2_complex,ICAM1,,Ligand-Receptor,Adhesion by ICAM,Macrophage|cDC1,0.619
PLAU_PLAUR,simple:P00749,simple:Q03405,PLAU,PLAUR,Ligand-Receptor,Signaling by Plasminogen Activator,Macrophage|cDC1,0.62
ENTPD1_ADORA3,simple:P49961,simple:P0DMS8,ENTPD1,ADORA3,Ligand-Receptor,Signaling by Ectonucleoside,Macrophage|cDC1,0.583
XCL1_XCR1,simple:P47992,simple:P46094,XCL1,XCR1,Ligand-Receptor,Signaling by Lymphotactin,Macrophage|cDC1,0.65
PRNP_ADGRG6,simple:F7VJQ1,simple:Q86SQ4,PRNP,ADGRG6,Ligand-Receptor,,Macrophage|cDC1,0.714
COL4A3_ADGRG6,simple:Q01955,simple:Q86SQ4,COL4A3,ADGRG6,Adhesion-Adhesion,Adhesion by Collagen/Integrin,Macrophage|cDC1,0.635
EREG_ERBB4,simple:O14944,simple:Q15303,EREG,ERBB4,Ligand-Receptor,Signaling by Epidermal growth factor,Macrophage|cDC1,0.563
LAMA2_ADGRG6,simple:P24043,simple:Q86SQ4,LAMA2,ADGRG6,Ligand-Receptor,,Macrophage|cDC1,0.63
CCL22_DPP4,simple:O00626,simple:P27487,CCL22,DPP4,Ligand-Receptor,Signaling by Chemokines,Macrophage|cDC1,0.643
FCER2_integrin_aXb2_complex,simple:P06734,complex:integrin_aXb2_complex,FCER2,,Receptor-Receptor,Signaling by FC receptor,Macrophage|cDC1,0.56
CXCL5_CXCR1,simple:P42830,simple:P25024,CXCL5,CXCR1,Ligand-Receptor,Signaling by Chemokines,Macrophage|cDC2,0.55
CCL3_CCR1,simple:P10147,simple:P32246,CCL3,CCR1,Ligand-Receptor,Signaling by Chemokines,Macrophage|cDC2,0.596
PPBP_CXCR2,simple:P02775,simple:P25025,PPBP,CXCR2,Ligand-Receptor,Signaling by Chemokines,Macrophage|cDC2,0.588
CXCL8_CXCR2,simple:P10145,simple:P25025,CXCL8,CXCR2,Ligand-Receptor,Signaling by Chemokines,Macrophage|cDC2,0.541
LTC4_byLTC4S_CYSLTR2,complex:LTC4_byLTC4S,simple:Q9NS75,,CYSLTR2,Ligand-Receptor,Signaling by Lipoxin/Leukotriene,Macrophage|cDC2,0.598
CXCL8_CXCR1,simple:P10145,simple:P25024,CXCL8,CXCR1,Ligand-Receptor,Signaling by Chemokines,Macrophage|cDC2,0.53
CXCL5_CXCR2,simple:P42830,simple:P25025,CXCL5,CXCR2,Ligand-Receptor,Signaling by Chemokines,Macrophage|cDC2,0.561
CD44_TYROBP,simple:P16070,simple:O43914,CD44,TYROBP,Ligand-Receptor,,Macrophage|cDC2,0.628
CCL8_CCR1,simple:P80075,simple:P32246,CCL8,CCR1,Ligand-Receptor,Signaling by Chemokines,Macrophage|cDC2,0.612
CCL7_CCR1,simple:P80098,simple:P32246,CCL7,CCR1,Ligand-Receptor,Signaling by Chemokines,Macrophage|cDC2,0.614
ProstaglandinE2_byPTGES2_PTGER3,complex:ProstaglandinE2_byPTGES2,simple:P43115,,PTGER3,Ligand-Receptor,Signaling by Prostaglandin,Macrophage|cDC2,0.636
CCL23_FPR2,simple:P55773,simple:P25090,CCL23,FPR2,Ligand-Receptor,Signaling by Chemokines,Macrophage|cDC2,0.578
CCL20_CCR6,simple:P78556,simple:P51684,CCL20,CCR6,Ligand-Receptor,Signaling by Chemokines,Macrophage|cDC2,0.677
ProstaglandinE2_byPTGES2_PTGER4,complex:ProstaglandinE2_byPTGES2,simple:P35408,,PTGER4,Ligand-Receptor,Signaling by Prostaglandin,Macrophage|cDC2,0.598
CCL23_CCR1,simple:P55773,simple:P32246,CCL23,CCR1,Ligand-Receptor,Signaling by Chemokines,Macrophage|cDC2,0.602
LAIR1_LILRB4,simple:Q6GTX8,simple:Q8NHJ6,LAIR1,LILRB4,Receptor-Receptor,,Macrophage|cDC2,0.678
CXCL3_CXCR2,simple:P19876,simple:P25025,CXCL3,CXCR2,Ligand-Receptor,Signaling by Chemokines,Macrophage|cDC2,0.589
PVR_CD226,simple:P15151,simple:Q15762,PVR,CD226,Ligand-Receptor,Signaling by Poliovirus receptor,Macrophage|cDC2,0.59
CXCL1_ACKR1,simple:P09341,simple:Q16570,CXCL1,ACKR1,Ligand-Receptor,Signaling by Chemokines,Macrophage|cDC2,0.541
APP_CD74,simple:P05067,simple:P04233,APP,CD74,Ligand-Receptor,Signaling by Amyloid-beta precursor protein,Macrophage|cDC2,0.635
APOE_TREM2_receptor,simple:P02649,complex:TREM2_receptor,APOE,,Ligand-Receptor,Signaling by Apolipoprotein,Macrophage|cDC2,0.648
LeukotrieneC4_byLTC4S_CYSLTR2,complex:LeukotrieneC4_byLTC4S,simple:Q9NS75,,CYSLTR2,Ligand-Receptor,Signaling by Lipoxin/Leukotriene,Macrophage|cDC2,0.598
CXCL2_CXCR2,simple:P19875,simple:P25025,CXCL2,CXCR2,Ligand-Receptor,Signaling by Chemokines,Macrophage|cDC2,0.583
GAS6_AXL,simple:Q14393,simple:P30530,GAS6,AXL,Ligand-Receptor,Signaling by Growth arrest,Macrophage|cDC2,0.634
CXCL1_CXCR2,simple:P09341,simple:P25025,CXCL1,CXCR2,Ligand-Receptor,Signaling by Chemokines,Macrophage|cDC2,0.555
Estradiol_byCYP19A1_NR1I2,complex:Estradiol_byCYP19A1,simple:O75469,,NR1I2,Ligand-Receptor,Signaling by Steroids,Macrophage|cDC2,0.578
CXCL6_CXCR2,simple:P80162,simple:P25025,CXCL6,CXCR2,Ligand-Receptor,Signaling by Chemokines,Macrophage|cDC2,0.507
ANXA1_FPR1,simple:P04083,simple:P21462,ANXA1,FPR1,Ligand-Receptor,Signaling by Annexin,Macrophage|cDC2,0.617
CXCL1_CXCR1,simple:P09341,simple:P25024,CXCL1,CXCR1,Ligand-Receptor,Signaling by Chemokines,Macrophage|cDC2,0.544
ICAM1_integrin_aXb2_complex,simple:P05362,complex:integrin_aXb2_complex,ICAM1,,Ligand-Receptor,Adhesion by ICAM,Macrophage|cDC2,0.638
PLAU_PLAUR,simple:P00749,simple:Q03405,PLAU,PLAUR,Ligand-Receptor,Signaling by Plasminogen Activator,Macrophage|cDC2,0.651
ANXA1_FPR3,simple:P04083,simple:P25089,ANXA1,FPR3,Ligand-Receptor,Signaling by Annexin,Macrophage|cDC2,0.628
APOB_TREM2_receptor,simple:P04114,complex:TREM2_receptor,APOB,,Ligand-Receptor,Signaling by Apolipoprotein,Macrophage|cDC2,0.604
CTSG_FPR1,simple:P08311,simple:P21462,CTSG,FPR1,Ligand-Receptor,Signaling by Cathepsin,Macrophage|cDC2,0.585
FCER2_integrin_aXb2_complex,simple:P06734,complex:integrin_aXb2_complex,FCER2,,Receptor-Receptor,Signaling by FC receptor,Macrophage|cDC2,0.578
CXCL5_CXCR1,simple:P42830,simple:P25024,CXCL5,CXCR1,Ligand-Receptor,Signaling by Chemokines,Macrophage alveolar|Macrophage,0.598
CCL3_CCR1,simple:P10147,simple:P32246,CCL3,CCR1,Ligand-Receptor,Signaling by Chemokines,Macrophage alveolar|Macrophage,0.601
TNFSF13_TNFRSF13B,simple:O75888,simple:O14836,TNFSF13,TNFRSF13B,Ligand-Receptor,Signaling by Tumor necrosis factor,Macrophage alveolar|Macrophage,0.581
PTPRC_MRC1,simple:P08575,simple:P22897,PTPRC,MRC1,Receptor-Receptor,,Macrophage alveolar|Macrophage,0.575
CXCL5_CXCR2,simple:P42830,simple:P25025,CXCL5,CXCR2,Ligand-Receptor,Signaling by Chemokines,Macrophage alveolar|Macrophage,0.599
CD44_TYROBP,simple:P16070,simple:O43914,CD44,TYROBP,Ligand-Receptor,,Macrophage alveolar|Macrophage,0.625
Histamine_byHDC_HRH1,complex:Histamine_byHDC,simple:P35367,,HRH1,Ligand-Receptor,Signaling by Histamine,Macrophage alveolar|Macrophage,0.552
TNFSF13_TNFRSF17,simple:O75888,simple:Q02223,TNFSF13,TNFRSF17,Ligand-Receptor,Signaling by Tumor necrosis factor,Macrophage alveolar|Macrophage,0.58
CCL8_CCR1,simple:P80075,simple:P32246,CCL8,CCR1,Ligand-Receptor,Signaling by Chemokines,Macrophage alveolar|Macrophage,0.59
CCL23_FPR2,simple:P55773,simple:P25090,CCL23,FPR2,Ligand-Receptor,Signaling by Chemokines,Macrophage alveolar|Macrophage,0.605
CCL15_CCR1,simple:Q16663,simple:P32246,CCL15,CCR1,Ligand-Receptor,Signaling by Chemokines,Macrophage alveolar|Macrophage,0.615
SEMA3C_NRP2,simple:Q99985,simple:O60462,SEMA3C,NRP2,Ligand-Receptor,Signaling by Semaphorin,Macrophage alveolar|Macrophage,0.671
CCL23_CCR1,simple:P55773,simple:P32246,CCL23,CCR1,Ligand-Receptor,Signaling by Chemokines,Macrophage alveolar|Macrophage,0.685
LAIR1_LILRB4,simple:Q6GTX8,simple:Q8NHJ6,LAIR1,LILRB4,Receptor-Receptor,,Macrophage alveolar|Macrophage,0.678
CXCL3_CXCR2,simple:P19876,simple:P25025,CXCL3,CXCR2,Ligand-Receptor,Signaling by Chemokines,Macrophage alveolar|Macrophage,0.591
APOE_TREM2_receptor,simple:P02649,complex:TREM2_receptor,APOE,,Ligand-Receptor,Signaling by Apolipoprotein,Macrophage alveolar|Macrophage,0.674
LeukotrieneC4_byLTC4S_CYSLTR2,complex:LeukotrieneC4_byLTC4S,simple:Q9NS75,,CYSLTR2,Ligand-Receptor,Signaling by Lipoxin/Leukotriene,Macrophage alveolar|Macrophage,0.545
CEACAM8_CEACAM6,simple:P31997,simple:P40199,CEACAM8,CEACAM6,Adhesion-Adhesion,Adhesion by CEAM,Macrophage alveolar|Macrophage,0.602
atRetinoicAcid_byALDH1A2_RAreceptor_RXRB,complex:atRetinoicAcid_byALDH1A2,complex:RAreceptor_RXRB,,,Ligand-Receptor,Signaling by Retinoic Acid,Macrophage alveolar|Macrophage,0.591
ANGPT4_TEK,simple:Q9Y264,simple:Q02763,ANGPT4,TEK,Ligand-Receptor,Signaling by Angiopoietin,Macrophage alveolar|Macrophage,0.589
TNF_TNFRSF1B,simple:P01375,simple:P20333,TNF,TNFRSF1B,Ligand-Receptor,Signaling by Tumor necrosis factor,Macrophage alveolar|Macrophage,0.608
Desmosterol_byDHCR7_NR1H3,complex:Desmosterol_byDHCR7,simple:Q13133,,NR1H3,Ligand-Receptor,Signaling by Cholesterol/Desmosterol,Macrophage alveolar|Macrophage,0.649
RBP4_STRA6,simple:P02753,simple:Q9BX79,RBP4,STRA6,Ligand-Receptor,,Macrophage alveolar|Macrophage,0.603
HFE_TFRC,simple:Q30201,simple:P02786,HFE,TFRC,Ligand-Receptor,,Macrophage alveolar|Macrophage,0.679
CD52_SIGLEC10,simple:P31358,simple:Q96LC7,CD52,SIGLEC10,Ligand-Receptor,,Macrophage alveolar|Macrophage,0.616
DLK1_NOTCH2,simple:P80370,simple:Q04721,DLK1,NOTCH2,Ligand-Receptor,Signaling by Notch,Macrophage alveolar|Macrophage,0.649
PLAU_PLAUR,simple:P00749,simple:Q03405,PLAU,PLAUR,Ligand-Receptor,Signaling by Plasminogen Activator,Macrophage alveolar|Macrophage,0.6
ANXA1_FPR3,simple:P04083,simple:P25089,ANXA1,FPR3,Ligand-Receptor,Signaling by Annexin,Macrophage alveolar|Macrophage,0.64
THBS1_CD36,simple:P07996,simple:P16671,THBS1,CD36,Ligand-Receptor,Signaling by Thrombospondin precursor,Macrophage alveolar|Macrophage,0.66
APOB_TREM2_receptor,simple:P04114,complex:TREM2_receptor,APOB,,Ligand-Receptor,Signaling by Apolipoprotein,Macrophage alveolar|Macrophage,0.638
CCL3_CCR1,simple:P10147,simple:P32246,CCL3,CCR1,Ligand-Receptor,Signaling by Chemokines,Monocyte classical|Macrophage,0.666
CXCL8_CXCR2,simple:P10145,simple:P25025,CXCL8,CXCR2,Ligand-Receptor,Signaling by Chemokines,Monocyte classical|Macrophage,0.565
VEGFA_NRP1,simple:P15692,simple:O14786,VEGFA,NRP1,Ligand-Receptor,Signaling by Vascular endothelial growth factor,Monocyte classical|Macrophage,0.672
PTPRC_MRC1,simple:P08575,simple:P22897,PTPRC,MRC1,Receptor-Receptor,,Monocyte classical|Macrophage,0.597
CXCL8_CXCR1,simple:P10145,simple:P25024,CXCL8,CXCR1,Ligand-Receptor,Signaling by Chemokines,Monocyte classical|Macrophage,0.564
CXCL8_ACKR1,simple:P10145,simple:Q16570,CXCL8,ACKR1,Ligand-Receptor,Signaling by Chemokines,Monocyte classical|Macrophage,0.563
CD44_TYROBP,simple:P16070,simple:O43914,CD44,TYROBP,Ligand-Receptor,,Monocyte classical|Macrophage,0.659
Histamine_byHDC_HRH1,complex:Histamine_byHDC,simple:P35367,,HRH1,Ligand-Receptor,Signaling by Histamine,Monocyte classical|Macrophage,0.551
NRG1_integrin_a6b4_complex,simple:Q02297,complex:integrin_a6b4_complex,NRG1,,Ligand-Receptor,Signaling by Neuregulin,Monocyte classical|Macrophage,0.603
CCL8_CCR1,simple:P80075,simple:P32246,CCL8,CCR1,Ligand-Receptor,Signaling by Chemokines,Monocyte classical|Macrophage,0.594
CCL7_CCR1,simple:P80098,simple:P32246,CCL7,CCR1,Ligand-Receptor,Signaling by Chemokines,Monocyte classical|Macrophage,0.644
CCL15_CCR1,simple:Q16663,simple:P32246,CCL15,CCR1,Ligand-Receptor,Signaling by Chemokines,Monocyte classical|Macrophage,0.602
VEGFA_NRP2,simple:P15692,simple:O60462,VEGFA,NRP2,Ligand-Receptor,Signaling by Vascular endothelial growth factor,Monocyte classical|Macrophage,0.678
LAIR1_LILRB4,simple:Q6GTX8,simple:Q8NHJ6,LAIR1,LILRB4,Receptor-Receptor,,Monocyte classical|Macrophage,0.655
CD44_SELE,simple:P16070,simple:P16581,CD44,SELE,Ligand-Receptor,,Monocyte classical|Macrophage,0.57
CXCL3_CXCR2,simple:P19876,simple:P25025,CXCL3,CXCR2,Ligand-Receptor,Signaling by Chemokines,Monocyte classical|Macrophage,0.593
APOE_TREM2_receptor,simple:P02649,complex:TREM2_receptor,APOE,,Ligand-Receptor,Signaling by Apolipoprotein,Monocyte classical|Macrophage,0.59
LeukotrieneC4_byLTC4S_CYSLTR2,complex:LeukotrieneC4_byLTC4S,simple:Q9NS75,,CYSLTR2,Ligand-Receptor,Signaling by Lipoxin/Leukotriene,Monocyte classical|Macrophage,0.551
CXCL2_CXCR2,simple:P19875,simple:P25025,CXCL2,CXCR2,Ligand-Receptor,Signaling by Chemokines,Monocyte classical|Macrophage,0.594
CXCL2_DPP4,simple:P19875,simple:P27487,CXCL2,DPP4,Ligand-Receptor,Signaling by Chemokines,Monocyte classical|Macrophage,0.602
CCL14_CCR1,simple:Q16627,simple:P32246,CCL14,CCR1,Ligand-Receptor,Signaling by Chemokines,Monocyte classical|Macrophage,0.572
TNF_TNFRSF1B,simple:P01375,simple:P20333,TNF,TNFRSF1B,Ligand-Receptor,Signaling by Tumor necrosis factor,Monocyte classical|Macrophage,0.577
NRG1_ERBB3,simple:Q02297,simple:P21860,NRG1,ERBB3,Ligand-Receptor,Signaling by Neuregulin,Monocyte classical|Macrophage,0.61
HFE_TFRC,simple:Q30201,simple:P02786,HFE,TFRC,Ligand-Receptor,,Monocyte classical|Macrophage,0.603
CXCL11_ACKR3,simple:O14625,simple:P25106,CXCL11,ACKR3,Ligand-Receptor,Signaling by Chemokines,Monocyte classical|Macrophage,0.592
HBEGF_ERBB4,simple:Q99075,simple:Q15303,HBEGF,ERBB4,Ligand-Receptor,Signaling by Epidermal growth factor,Monocyte classical|Macrophage,0.587
ICAM1_integrin_aXb2_complex,simple:P05362,complex:integrin_aXb2_complex,ICAM1,,Ligand-Receptor,Adhesion by ICAM,Monocyte classical|Macrophage,0.637
NRG1_ERBB4,simple:Q02297,simple:Q15303,NRG1,ERBB4,Ligand-Receptor,Signaling by Neuregulin,Monocyte classical|Macrophage,0.601
ENTPD1_ADORA3,simple:P49961,simple:P0DMS8,ENTPD1,ADORA3,Ligand-Receptor,Signaling by Ectonucleoside,Monocyte classical|Macrophage,0.591
HBEGF_ERBB2,simple:Q99075,simple:P04626,HBEGF,ERBB2,Ligand-Receptor,Signaling by Epidermal growth factor,Monocyte classical|Macrophage,0.594
ANXA1_FPR3,simple:P04083,simple:P25089,ANXA1,FPR3,Ligand-Receptor,Signaling by Annexin,Monocyte classical|Macrophage,0.63
VEGFA_FLT1,simple:P15692,simple:P17948,VEGFA,FLT1,Ligand-Receptor,Signaling by Vascular endothelial growth factor,Monocyte classical|Macrophage,0.609
THBS1_CD36,simple:P07996,simple:P16671,THBS1,CD36,Ligand-Receptor,Signaling by Thrombospondin precursor,Monocyte classical|Macrophage,0.681
APOB_TREM2_receptor,simple:P04114,complex:TREM2_receptor,APOB,,Ligand-Receptor,Signaling by Apolipoprotein,Monocyte classical|Macrophage,0.566
EREG_EGFR,simple:O14944,simple:P00533,EREG,EGFR,Ligand-Receptor,Signaling by Epidermal growth factor,Monocyte classical|Macrophage,0.604
EREG_ERBB4,simple:O14944,simple:Q15303,EREG,ERBB4,Ligand-Receptor,Signaling by Epidermal growth factor,Monocyte classical|Macrophage,0.601
FCER2_integrin_aXb2_complex,simple:P06734,complex:integrin_aXb2_complex,FCER2,,Receptor-Receptor,Signaling by FC receptor,Monocyte classical|Macrophage,0.564
XCL2_XCR1,simple:Q9UBD3,simple:P46094,XCL2,XCR1,Ligand-Receptor,Signaling by Lymphotactin,NK cell|Macrophage,0.595
CCL5_CCR1,simple:P13501,simple:P32246,CCL5,CCR1,Ligand-Receptor,Signaling by Chemokines,NK cell|Macrophage,0.67
CCL3_CCR1,simple:P10147,simple:P32246,CCL3,CCR1,Ligand-Receptor,Signaling by Chemokines,NK cell|Macrophage,0.661
PTPRC_MRC1,simple:P08575,simple:P22897,PTPRC,MRC1,Receptor-Receptor,,NK cell|Macrophage,0.653
EDN3_EDNRB,simple:P14138,simple:P24530,EDN3,EDNRB,Ligand-Receptor,Signaling by Endothelin,NK cell|Macrophage,0.589
PTPRC_CD22,simple:P08575,simple:P20273,PTPRC,CD22,Receptor-Receptor,,NK cell|Macrophage,0.573
CCL15_CCR1,simple:Q16663,simple:P32246,CCL15,CCR1,Ligand-Receptor,Signaling by Chemokines,NK cell|Macrophage,0.565
CD226_NECTIN2,simple:Q15762,simple:Q92692,CD226,NECTIN2,Adhesion-Adhesion,,NK cell|Macrophage,0.637
CCL5_ACKR1,simple:P13501,simple:Q16570,CCL5,ACKR1,Ligand-Receptor,Signaling by Chemokines,NK cell|Macrophage,0.577
CCL14_CCR1,simple:Q16627,simple:P32246,CCL14,CCR1,Ligand-Receptor,Signaling by Chemokines,NK cell|Macrophage,0.572
CD99_PILRA,simple:P14209,simple:Q9UKJ1,CD99,PILRA,Ligand-Receptor,,NK cell|Macrophage,0.628
ANXA1_FPR3,simple:P04083,simple:P25089,ANXA1,FPR3,Ligand-Receptor,Signaling by Annexin,NK cell|Macrophage,0.613
XCL1_XCR1,simple:P47992,simple:P46094,XCL1,XCR1,Ligand-Receptor,Signaling by Lymphotactin,NK cell|Macrophage,0.591
CCL19_CCRL2,simple:Q99731,simple:O00421,CCL19,CCRL2,Ligand-Receptor,Signaling by Chemokines,Plasma cell|Macrophage,0.559
Histamine_byHDC_HRH1,complex:Histamine_byHDC,simple:P35367,,HRH1,Ligand-Receptor,Signaling by Histamine,Plasma cell|Macrophage,0.556
WNT5B_SFRP1,simple:Q9H1J7,simple:Q8N474,WNT5B,SFRP1,Ligand-Ligand,Signaling by WNT inhibition,Plasma cell|Macrophage,0.541
LeukotrieneE4_byDPEP1_CYSLTR2,complex:LeukotrieneE4_byDPEP1,simple:Q9NS75,,CYSLTR2,Ligand-Receptor,Signaling by Lipoxin/Leukotriene,Plasma cell|Macrophage,0.657
fibrinogen_integrin_aXb2_complex,complex:fibrinogen,complex:integrin_aXb2_complex,,,Ligand-Receptor,Adhesion by Fibribogen,Plasma cell|Macrophage,0.577
DLK1_NOTCH2,simple:P80370,simple:Q04721,DLK1,NOTCH2,Ligand-Receptor,Signaling by Notch,Plasma cell|Macrophage,0.661
LCK_CD8_receptor,simple:P06239,complex:CD8_receptor,LCK,,Receptor-Receptor,,T cell CD4 dividing|Macrophage,0.6
CALCB_RAMP1_complex,simple:P10092,complex:RAMP1_complex,CALCB,,Ligand-Receptor,Signaling by Calcitonin,T cell CD4 dividing|Macrophage,0.624
LTA_TNFRSF1B,simple:P01374,simple:P20333,LTA,TNFRSF1B,Ligand-Receptor,Signaling by Tumor necrosis factor,T cell CD4 dividing|Macrophage,0.678
LipoxinA4_byALOX12_FPR2,complex:LipoxinA4_byALOX12,simple:P25090,,FPR2,Ligand-Receptor,Signaling by Lipoxin/Leukotriene,T cell CD4 dividing|Macrophage,0.595
PTPRC_MRC1,simple:P08575,simple:P22897,PTPRC,MRC1,Receptor-Receptor,,T cell CD4 dividing|Macrophage,0.656
PTPRC_CD22,simple:P08575,simple:P20273,PTPRC,CD22,Receptor-Receptor,,T cell CD4 dividing|Macrophage,0.576
CD200_CD200R1,simple:P41217,simple:Q8TD46,CD200,CD200R1,Ligand-Receptor,,T cell CD4 dividing|Macrophage,0.621
MICB_NKG2D_II_receptor,simple:Q29980,complex:NKG2D_II_receptor,MICB,,Ligand-Receptor,,T cell CD4 dividing|Macrophage,0.606
CSF1_CSF1R,simple:P09603,simple:P07333,CSF1,CSF1R,Ligand-Receptor,Signaling by Colony-Stimulating factor,T cell CD4 dividing|Macrophage,0.609
RAET1L_NKG2D_II_receptor,simple:Q5VY80,complex:NKG2D_II_receptor,RAET1L,,Ligand-Receptor,Signaling by Killer Cell Lectin Like Receptor K1,T cell CD4 dividing|Macrophage,0.602
CD70_CD27,simple:P32970,simple:P26842,CD70,CD27,Ligand-Receptor,,T cell CD4 dividing|Macrophage,0.602
IL4_IL4_receptor,simple:P05112,complex:IL4_receptor,IL4,,Ligand-Receptor,Signaling by Interleukin,T cell CD4 dividing|Macrophage,0.548
CD226_NECTIN2,simple:Q15762,simple:Q92692,CD226,NECTIN2,Adhesion-Adhesion,,T cell CD4 dividing|Macrophage,0.639
HLA-G_LILRB1,simple:P17693,simple:Q8NHL6,HLA-G,LILRB1,Ligand-Receptor,Signaling by HLA,T cell CD4 dividing|Macrophage,0.66
CXCL13_CXCR5,simple:O43927,simple:P32302,CXCL13,CXCR5,Ligand-Receptor,Signaling by Chemokines,T cell CD4 dividing|Macrophage,0.588
HLA-G_LILRB2,simple:P17693,simple:Q8N423,HLA-G,LILRB2,Ligand-Receptor,Signaling by HLA,T cell CD4 dividing|Macrophage,0.658
CD320_JAML,simple:Q9NPF0,simple:Q86YT9,CD320,JAML,Ligand-Receptor,,T cell CD4 dividing|Macrophage,0.616
IL13_IL13RA2,simple:P35225,simple:Q14627,IL13,IL13RA2,Ligand-Receptor,Signaling by Interleukin,T cell CD4 dividing|Macrophage,0.618
IL21_IL21_receptor,simple:Q9HBE4,complex:IL21_receptor,IL21,,Ligand-Receptor,Signaling by Interleukin,T cell CD4 dividing|Macrophage,0.621
TNF_TNFRSF1B,simple:P01375,simple:P20333,TNF,TNFRSF1B,Ligand-Receptor,Signaling by Tumor necrosis factor,T cell CD4 dividing|Macrophage,0.593
Desmosterol_byDHCR7_NR1H3,complex:Desmosterol_byDHCR7,simple:Q13133,,NR1H3,Ligand-Receptor,Signaling by Cholesterol/Desmosterol,T cell CD4 dividing|Macrophage,0.671
CD40LG_CD40,simple:P29965,simple:P25942,CD40LG,CD40,Ligand-Receptor,,T cell CD4 dividing|Macrophage,0.694
CALCA_RAMP1_complex,simple:P01258,complex:RAMP1_complex,CALCA,,Ligand-Receptor,Signaling by Calcitonin,T cell CD4 dividing|Macrophage,0.572
CD99_PILRA,simple:P14209,simple:Q9UKJ1,CD99,PILRA,Ligand-Receptor,,T cell CD4 dividing|Macrophage,0.621
CD52_SIGLEC10,simple:P31358,simple:Q96LC7,CD52,SIGLEC10,Ligand-Receptor,,T cell CD4 dividing|Macrophage,0.626
CCL28_CCR10,simple:Q9NRJ3,simple:P46092,CCL28,CCR10,Ligand-Receptor,Signaling by Chemokines,T cell CD4 dividing|Macrophage,0.611
CD177_PECAM1,simple:Q8N6Q3,simple:P16284,CD177,PECAM1,Ligand-Receptor,,T cell CD4 dividing|Macrophage,0.694
IL24_IL20_receptor_Type_I,simple:Q13007,complex:IL20_receptor_Type_I,IL24,,Ligand-Receptor,Signaling by Interleukin,T cell CD4 dividing|Macrophage,0.609
ENTPD1_ADORA3,simple:P49961,simple:P0DMS8,ENTPD1,ADORA3,Ligand-Receptor,Signaling by Ectonucleoside,T cell CD4 dividing|Macrophage,0.68
SerotoninDopamin_byDDC_HTR3C,complex:SerotoninDopamin_byDDC,simple:Q8WXA8,,HTR3C,Ligand-Receptor,Signaling by Serotonin/Dopamine,T cell CD4 dividing|Macrophage,0.53
APOB_TREM2_receptor,simple:P04114,complex:TREM2_receptor,APOB,,Ligand-Receptor,Signaling by Apolipoprotein,T cell CD4 dividing|Macrophage,0.618
CEACAM1_CEACAM8,simple:P13688,simple:P31997,CEACAM1,CEACAM8,Adhesion-Adhesion,Adhesion by CEAM,T cell CD4 dividing|Macrophage,0.607
XCL2_XCR1,simple:Q9UBD3,simple:P46094,XCL2,XCR1,Ligand-Receptor,Signaling by Lymphotactin,T cell CD8 dividing|Macrophage,0.617
LCK_CD8_receptor,simple:P06239,complex:CD8_receptor,LCK,,Receptor-Receptor,,T cell CD8 dividing|Macrophage,0.598
CCL5_CCR1,simple:P13501,simple:P32246,CCL5,CCR1,Ligand-Receptor,Signaling by Chemokines,T cell CD8 dividing|Macrophage,0.704
CALCB_RAMP1_complex,simple:P10092,complex:RAMP1_complex,CALCB,,Ligand-Receptor,Signaling by Calcitonin,T cell CD8 dividing|Macrophage,0.605
CCL3_CCR1,simple:P10147,simple:P32246,CCL3,CCR1,Ligand-Receptor,Signaling by Chemokines,T cell CD8 dividing|Macrophage,0.705
LTA_TNFRSF1B,simple:P01374,simple:P20333,LTA,TNFRSF1B,Ligand-Receptor,Signaling by Tumor necrosis factor,T cell CD8 dividing|Macrophage,0.586
PTPRC_MRC1,simple:P08575,simple:P22897,PTPRC,MRC1,Receptor-Receptor,,T cell CD8 dividing|Macrophage,0.656
Histamine_byHDC_HRH1,complex:Histamine_byHDC,simple:P35367,,HRH1,Ligand-Receptor,Signaling by Histamine,T cell CD8 dividing|Macrophage,0.551
EDN3_EDNRB,simple:P14138,simple:P24530,EDN3,EDNRB,Ligand-Receptor,Signaling by Endothelin,T cell CD8 dividing|Macrophage,0.543
PTPRC_CD22,simple:P08575,simple:P20273,PTPRC,CD22,Receptor-Receptor,,T cell CD8 dividing|Macrophage,0.576
CRTAM_CADM1,simple:O95727,simple:Q9BY67,CRTAM,CADM1,Adhesion-Adhesion,,T cell CD8 dividing|Macrophage,0.637
CCL15_CCR1,simple:Q16663,simple:P32246,CCL15,CCR1,Ligand-Receptor,Signaling by Chemokines,T cell CD8 dividing|Macrophage,0.569
CSF1_CSF1R,simple:P09603,simple:P07333,CSF1,CSF1R,Ligand-Receptor,Signaling by Colony-Stimulating factor,T cell CD8 dividing|Macrophage,0.63
CD226_NECTIN2,simple:Q15762,simple:Q92692,CD226,NECTIN2,Adhesion-Adhesion,,T cell CD8 dividing|Macrophage,0.629
CCL5_ACKR1,simple:P13501,simple:Q16570,CCL5,ACKR1,Ligand-Receptor,Signaling by Chemokines,T cell CD8 dividing|Macrophage,0.612
HLA-G_LILRB1,simple:P17693,simple:Q8NHL6,HLA-G,LILRB1,Ligand-Receptor,Signaling by HLA,T cell CD8 dividing|Macrophage,0.657
CXCL13_CXCR5,simple:O43927,simple:P32302,CXCL13,CXCR5,Ligand-Receptor,Signaling by Chemokines,T cell CD8 dividing|Macrophage,0.637
HLA-G_LILRB2,simple:P17693,simple:Q8N423,HLA-G,LILRB2,Ligand-Receptor,Signaling by HLA,T cell CD8 dividing|Macrophage,0.654
IL13_IL13RA2,simple:P35225,simple:Q14627,IL13,IL13RA2,Ligand-Receptor,Signaling by Interleukin,T cell CD8 dividing|Macrophage,0.622
CCL14_CCR1,simple:Q16627,simple:P32246,CCL14,CCR1,Ligand-Receptor,Signaling by Chemokines,T cell CD8 dividing|Macrophage,0.571
Desmosterol_byDHCR7_NR1H3,complex:Desmosterol_byDHCR7,simple:Q13133,,NR1H3,Ligand-Receptor,Signaling by Cholesterol/Desmosterol,T cell CD8 dividing|Macrophage,0.641
CD99_PILRA,simple:P14209,simple:Q9UKJ1,CD99,PILRA,Ligand-Receptor,,T cell CD8 dividing|Macrophage,0.649
CD52_SIGLEC10,simple:P31358,simple:Q96LC7,CD52,SIGLEC10,Ligand-Receptor,,T cell CD8 dividing|Macrophage,0.649
ENTPD1_ADORA3,simple:P49961,simple:P0DMS8,ENTPD1,ADORA3,Ligand-Receptor,Signaling by Ectonucleoside,T cell CD8 dividing|Macrophage,0.694
XCL1_XCR1,simple:P47992,simple:P46094,XCL1,XCR1,Ligand-Receptor,Signaling by Lymphotactin,T cell CD8 dividing|Macrophage,0.619
XCL2_XCR1,simple:Q9UBD3,simple:P46094,XCL2,XCR1,Ligand-Receptor,Signaling by Lymphotactin,T cell CD8 effector memory|Macrophage,0.57
CCL5_CCR1,simple:P13501,simple:P32246,CCL5,CCR1,Ligand-Receptor,Signaling by Chemokines,T cell CD8 effector memory|Macrophage,0.66
CALCB_RAMP1_complex,simple:P10092,complex:RAMP1_complex,CALCB,,Ligand-Receptor,Signaling by Calcitonin,T cell CD8 effector memory|Macrophage,0.562
CCL3_CCR1,simple:P10147,simple:P32246,CCL3,CCR1,Ligand-Receptor,Signaling by Chemokines,T cell CD8 effector memory|Macrophage,0.572
PTPRC_MRC1,simple:P08575,simple:P22897,PTPRC,MRC1,Receptor-Receptor,,T cell CD8 effector memory|Macrophage,0.649
CD44_TYROBP,simple:P16070,simple:O43914,CD44,TYROBP,Ligand-Receptor,,T cell CD8 effector memory|Macrophage,0.641
PTPRC_CD22,simple:P08575,simple:P20273,PTPRC,CD22,Receptor-Receptor,,T cell CD8 effector memory|Macrophage,0.569
CRTAM_CADM1,simple:O95727,simple:Q9BY67,CRTAM,CADM1,Adhesion-Adhesion,,T cell CD8 effector memory|Macrophage,0.601
CCL7_CCR1,simple:P80098,simple:P32246,CCL7,CCR1,Ligand-Receptor,Signaling by Chemokines,T cell CD8 effector memory|Macrophage,0.573
CCL23_CCR1,simple:P55773,simple:P32246,CCL23,CCR1,Ligand-Receptor,Signaling by Chemokines,T cell CD8 effector memory|Macrophage,0.568
IL4_IL4_receptor,simple:P05112,complex:IL4_receptor,IL4,,Ligand-Receptor,Signaling by Interleukin,T cell CD8 effector memory|Macrophage,0.553
CD44_SELE,simple:P16070,simple:P16581,CD44,SELE,Ligand-Receptor,,T cell CD8 effector memory|Macrophage,0.553
HLA-G_LILRB1,simple:P17693,simple:Q8NHL6,HLA-G,LILRB1,Ligand-Receptor,Signaling by HLA,T cell CD8 effector memory|Macrophage,0.65
HLA-G_LILRB2,simple:P17693,simple:Q8N423,HLA-G,LILRB2,Ligand-Receptor,Signaling by HLA,T cell CD8 effector memory|Macrophage,0.647
Desmosterol_byDHCR7_NR1H3,complex:Desmosterol_byDHCR7,simple:Q13133,,NR1H3,Ligand-Receptor,Signaling by Cholesterol/Desmosterol,T cell CD8 effector memory|Macrophage,0.602
CD99_PILRA,simple:P14209,simple:Q9UKJ1,CD99,PILRA,Ligand-Receptor,,T cell CD8 effector memory|Macrophage,0.622
fibrinogen_integrin_aXb2_complex,complex:fibrinogen,complex:integrin_aXb2_complex,,,Ligand-Receptor,Adhesion by Fibribogen,T cell CD8 effector memory|Macrophage,0.591
CD52_SIGLEC10,simple:P31358,simple:Q96LC7,CD52,SIGLEC10,Ligand-Receptor,,T cell CD8 effector memory|Macrophage,0.61
ANXA1_FPR3,simple:P04083,simple:P25089,ANXA1,FPR3,Ligand-Receptor,Signaling by Annexin,T cell CD8 effector memory|Macrophage,0.627
XCL1_XCR1,simple:P47992,simple:P46094,XCL1,XCR1,Ligand-Receptor,Signaling by Lymphotactin,T cell CD8 effector memory|Macrophage,0.572
CEACAM1_CEACAM8,simple:P13688,simple:P31997,CEACAM1,CEACAM8,Adhesion-Adhesion,Adhesion by CEAM,T cell CD8 effector memory|Macrophage,0.569
CCL5_CCR1,simple:P13501,simple:P32246,CCL5,CCR1,Ligand-Receptor,Signaling by Chemokines,T cell CD8 terminally exhausted|Macrophage,0.679
CCL3_CCR1,simple:P10147,simple:P32246,CCL3,CCR1,Ligand-Receptor,Signaling by Chemokines,T cell CD8 terminally exhausted|Macrophage,0.664
LTA_TNFRSF1B,simple:P01374,simple:P20333,LTA,TNFRSF1B,Ligand-Receptor,Signaling by Tumor necrosis factor,T cell CD8 terminally exhausted|Macrophage,0.579
PTPRC_MRC1,simple:P08575,simple:P22897,PTPRC,MRC1,Receptor-Receptor,,T cell CD8 terminally exhausted|Macrophage,0.646
CRTAM_CADM1,simple:O95727,simple:Q9BY67,CRTAM,CADM1,Adhesion-Adhesion,,T cell CD8 terminally exhausted|Macrophage,0.605
CCL15_CCR1,simple:Q16663,simple:P32246,CCL15,CCR1,Ligand-Receptor,Signaling by Chemokines,T cell CD8 terminally exhausted|Macrophage,0.582
CSF1_CSF1R,simple:P09603,simple:P07333,CSF1,CSF1R,Ligand-Receptor,Signaling by Colony-Stimulating factor,T cell CD8 terminally exhausted|Macrophage,0.633
HLA-G_LILRB1,simple:P17693,simple:Q8NHL6,HLA-G,LILRB1,Ligand-Receptor,Signaling by HLA,T cell CD8 terminally exhausted|Macrophage,0.613
CXCL13_CXCR5,simple:O43927,simple:P32302,CXCL13,CXCR5,Ligand-Receptor,Signaling by Chemokines,T cell CD8 terminally exhausted|Macrophage,0.593
HLA-G_LILRB2,simple:P17693,simple:Q8N423,HLA-G,LILRB2,Ligand-Receptor,Signaling by HLA,T cell CD8 terminally exhausted|Macrophage,0.611
CD99_PILRA,simple:P14209,simple:Q9UKJ1,CD99,PILRA,Ligand-Receptor,,T cell CD8 terminally exhausted|Macrophage,0.629
CD52_SIGLEC10,simple:P31358,simple:Q96LC7,CD52,SIGLEC10,Ligand-Receptor,,T cell CD8 terminally exhausted|Macrophage,0.644
ENTPD1_ADORA3,simple:P49961,simple:P0DMS8,ENTPD1,ADORA3,Ligand-Receptor,Signaling by Ectonucleoside,T cell CD8 terminally exhausted|Macrophage,0.65
CCL5_CCR1,simple:P13501,simple:P32246,CCL5,CCR1,Ligand-Receptor,Signaling by Chemokines,T cell NK-like|Macrophage,0.691
PTPRC_MRC1,simple:P08575,simple:P22897,PTPRC,MRC1,Receptor-Receptor,,T cell NK-like|Macrophage,0.668
PTPRC_CD22,simple:P08575,simple:P20273,PTPRC,CD22,Receptor-Receptor,,T cell NK-like|Macrophage,0.588
CCL15_CCR1,simple:Q16663,simple:P32246,CCL15,CCR1,Ligand-Receptor,Signaling by Chemokines,T cell NK-like|Macrophage,0.563
CD226_NECTIN2,simple:Q15762,simple:Q92692,CD226,NECTIN2,Adhesion-Adhesion,,T cell NK-like|Macrophage,0.633
CCL5_ACKR1,simple:P13501,simple:Q16570,CCL5,ACKR1,Ligand-Receptor,Signaling by Chemokines,T cell NK-like|Macrophage,0.599
CCL14_CCR1,simple:Q16627,simple:P32246,CCL14,CCR1,Ligand-Receptor,Signaling by Chemokines,T cell NK-like|Macrophage,0.572
CD40LG_CD40,simple:P29965,simple:P25942,CD40LG,CD40,Ligand-Receptor,,T cell NK-like|Macrophage,0.624
CD99_PILRA,simple:P14209,simple:Q9UKJ1,CD99,PILRA,Ligand-Receptor,,T cell NK-like|Macrophage,0.634
fibrinogen_integrin_aXb2_complex,complex:fibrinogen,complex:integrin_aXb2_complex,,,Ligand-Receptor,Adhesion by Fibribogen,T cell NK-like|Macrophage,0.578
CD52_SIGLEC10,simple:P31358,simple:Q96LC7,CD52,SIGLEC10,Ligand-Receptor,,T cell NK-like|Macrophage,0.648
ANXA1_FPR3,simple:P04083,simple:P25089,ANXA1,FPR3,Ligand-Receptor,Signaling by Annexin,T cell NK-like|Macrophage,0.62
PI16_TNFRSF21,simple:Q6UXB8,simple:O75509,PI16,TNFRSF21,Ligand-Receptor,,T cell NK-like|Macrophage,0.568
LTA_TNFRSF1B,simple:P01374,simple:P20333,LTA,TNFRSF1B,Ligand-Receptor,Signaling by Tumor necrosis factor,T cell regulatory|Macrophage,0.615
PTPRC_MRC1,simple:P08575,simple:P22897,PTPRC,MRC1,Receptor-Receptor,,T cell regulatory|Macrophage,0.647
CD44_TYROBP,simple:P16070,simple:O43914,CD44,TYROBP,Ligand-Receptor,,T cell regulatory|Macrophage,0.621
EDN3_EDNRB,simple:P14138,simple:P24530,EDN3,EDNRB,Ligand-Receptor,Signaling by Endothelin,T cell regulatory|Macrophage,0.597
PTPRC_CD22,simple:P08575,simple:P20273,PTPRC,CD22,Receptor-Receptor,,T cell regulatory|Macrophage,0.567
HLA-G_LILRB1,simple:P17693,simple:Q8NHL6,HLA-G,LILRB1,Ligand-Receptor,Signaling by HLA,T cell regulatory|Macrophage,0.613
HLA-G_LILRB2,simple:P17693,simple:Q8N423,HLA-G,LILRB2,Ligand-Receptor,Signaling by HLA,T cell regulatory|Macrophage,0.611
CD40LG_CD40,simple:P29965,simple:P25942,CD40LG,CD40,Ligand-Receptor,,T cell regulatory|Macrophage,0.639
CD52_SIGLEC10,simple:P31358,simple:Q96LC7,CD52,SIGLEC10,Ligand-Receptor,,T cell regulatory|Macrophage,0.604
CD177_PECAM1,simple:Q8N6Q3,simple:P16284,CD177,PECAM1,Ligand-Receptor,,T cell regulatory|Macrophage,0.644
ENTPD1_ADORA3,simple:P49961,simple:P0DMS8,ENTPD1,ADORA3,Ligand-Receptor,Signaling by Ectonucleoside,T cell regulatory|Macrophage,0.627
CEACAM1_CEACAM8,simple:P13688,simple:P31997,CEACAM1,CEACAM8,Adhesion-Adhesion,Adhesion by CEAM,T cell regulatory|Macrophage,0.605
PI16_TNFRSF21,simple:Q6UXB8,simple:O75509,PI16,TNFRSF21,Ligand-Receptor,,T cell regulatory|Macrophage,0.576
CCL19_CCRL2,simple:Q99731,simple:O00421,CCL19,CCRL2,Ligand-Receptor,Signaling by Chemokines,Tumor Tumor ImmunoSup|Macrophage,0.566
EDN3_EDNRB,simple:P14138,simple:P24530,EDN3,EDNRB,Ligand-Receptor,Signaling by Endothelin,Tumor Tumor ImmunoSup|Macrophage,0.557
CLU_TREM2_receptor,simple:P10909,complex:TREM2_receptor,CLU,,Ligand-Receptor,,Tumor Tumor ImmunoSup|Macrophage,0.637
APOE_TREM2_receptor,simple:P02649,complex:TREM2_receptor,APOE,,Ligand-Receptor,Signaling by Apolipoprotein,Tumor Tumor ImmunoSup|Macrophage,0.578
HLA-G_LILRB2,simple:P17693,simple:Q8N423,HLA-G,LILRB2,Ligand-Receptor,Signaling by HLA,Tumor Tumor ImmunoSup|Macrophage,0.569
fibrinogen_integrin_aXb2_complex,complex:fibrinogen,complex:integrin_aXb2_complex,,,Ligand-Receptor,Adhesion by Fibribogen,Tumor Tumor ImmunoSup|Macrophage,0.562
ICAM1_integrin_aXb2_complex,simple:P05362,complex:integrin_aXb2_complex,ICAM1,,Ligand-Receptor,Adhesion by ICAM,Tumor Tumor ImmunoSup|Macrophage,0.59
APOB_TREM2_receptor,simple:P04114,complex:TREM2_receptor,APOB,,Ligand-Receptor,Signaling by Apolipoprotein,Tumor Tumor ImmunoSup|Macrophage,0.581
CEACAM1_CEACAM8,simple:P13688,simple:P31997,CEACAM1,CEACAM8,Adhesion-Adhesion,Adhesion by CEAM,Tumor Tumor ImmunoSup|Macrophage,0.595
PI16_TNFRSF21,simple:Q6UXB8,simple:O75509,PI16,TNFRSF21,Ligand-Receptor,,Tumor Tumor ImmunoSup|Macrophage,0.571
ProstaglandinE2_byPTGES2_PTGER1,complex:ProstaglandinE2_byPTGES2,simple:P34995,,PTGER1,Ligand-Receptor,Signaling by Prostaglandin,cDC1|Macrophage,0.615
ULBP1_NKG2D_II_receptor,simple:Q9BZM6,complex:NKG2D_II_receptor,ULBP1,,Ligand-Receptor,Signaling by Killer Cell Lectin Like Receptor K1,cDC1|Macrophage,0.607
PTPRC_MRC1,simple:P08575,simple:P22897,PTPRC,MRC1,Receptor-Receptor,,cDC1|Macrophage,0.589
PROC_PROCR,simple:P04070,simple:Q9UNN8,PROC,PROCR,Ligand-Receptor,,cDC1|Macrophage,0.657
CDH2_FCER2,simple:P19022,simple:P06734,CDH2,FCER2,Ligand-Receptor,Adhesion by Cadherin,cDC1|Macrophage,0.66
ProstaglandinE2_byPTGES2_PTGER4,complex:ProstaglandinE2_byPTGES2,simple:P35408,,PTGER4,Ligand-Receptor,Signaling by Prostaglandin,cDC1|Macrophage,0.66
CDH2_CDH2,simple:P19022,simple:P19022,CDH2,CDH2,Adhesion-Adhesion,Adhesion by Cadherin,cDC1|Macrophage,0.638
CD226_NECTIN2,simple:Q15762,simple:Q92692,CD226,NECTIN2,Adhesion-Adhesion,,cDC1|Macrophage,0.705
HLA-G_LILRB1,simple:P17693,simple:Q8NHL6,HLA-G,LILRB1,Ligand-Receptor,Signaling by HLA,cDC1|Macrophage,0.657
APOE_TREM2_receptor,simple:P02649,complex:TREM2_receptor,APOE,,Ligand-Receptor,Signaling by Apolipoprotein,cDC1|Macrophage,0.577
EDN2_EDNRB,simple:P20800,simple:P24530,EDN2,EDNRB,Ligand-Receptor,Signaling by Endothelin,cDC1|Macrophage,0.612
CXCL9_CXCR3,simple:Q07325,simple:P49682,CXCL9,CXCR3,Ligand-Receptor,Signaling by Chemokines,cDC1|Macrophage,0.59
HLA-G_LILRB2,simple:P17693,simple:Q8N423,HLA-G,LILRB2,Ligand-Receptor,Signaling by HLA,cDC1|Macrophage,0.654
TNF_TNFRSF1B,simple:P01375,simple:P20333,TNF,TNFRSF1B,Ligand-Receptor,Signaling by Tumor necrosis factor,cDC1|Macrophage,0.651
CXCL9_DPP4,simple:Q07325,simple:P27487,CXCL9,DPP4,Ligand-Receptor,Signaling by Chemokines,cDC1|Macrophage,0.639
CXCL16_CXCR6,simple:Q9H2A7,simple:O00574,CXCL16,CXCR6,Ligand-Receptor,Signaling by Chemokines,cDC1|Macrophage,0.602
CADM1_CADM1,simple:Q9BY67,simple:Q9BY67,CADM1,CADM1,Adhesion-Adhesion,Adhesion by CADM,cDC1|Macrophage,0.673
CALCA_RAMP1_complex,simple:P01258,complex:RAMP1_complex,CALCA,,Ligand-Receptor,Signaling by Calcitonin,cDC1|Macrophage,0.617
CD86_CTLA4,simple:P42081,simple:P16410,CD86,CTLA4,Ligand-Receptor,,cDC1|Macrophage,0.616
CD52_SIGLEC10,simple:P31358,simple:Q96LC7,CD52,SIGLEC10,Ligand-Receptor,,cDC1|Macrophage,0.593
ICAM1_integrin_aXb2_complex,simple:P05362,complex:integrin_aXb2_complex,ICAM1,,Ligand-Receptor,Adhesion by ICAM,cDC1|Macrophage,0.633
ENTPD1_ADORA3,simple:P49961,simple:P0DMS8,ENTPD1,ADORA3,Ligand-Receptor,Signaling by Ectonucleoside,cDC1|Macrophage,0.692
Dehydroepiandrosterone_bySTS_NR1I2,complex:Dehydroepiandrosterone_bySTS,simple:O75469,,NR1I2,Ligand-Receptor,Signaling by Dehydroepiandrosterone,cDC1|Macrophage,0.585
APOB_TREM2_receptor,simple:P04114,complex:TREM2_receptor,APOB,,Ligand-Receptor,Signaling by Apolipoprotein,cDC1|Macrophage,0.677
CCL3_CCR1,simple:P10147,simple:P32246,CCL3,CCR1,Ligand-Receptor,Signaling by Chemokines,cDC2|Macrophage,0.64
LTC4_byLTC4S_CYSLTR2,complex:LTC4_byLTC4S,simple:Q9NS75,,CYSLTR2,Ligand-Receptor,Signaling by Lipoxin/Leukotriene,cDC2|Macrophage,0.609
VEGFA_NRP1,simple:P15692,simple:O14786,VEGFA,NRP1,Ligand-Receptor,Signaling by Vascular endothelial growth factor,cDC2|Macrophage,0.65
PTPRC_MRC1,simple:P08575,simple:P22897,PTPRC,MRC1,Receptor-Receptor,,cDC2|Macrophage,0.599
CD44_TYROBP,simple:P16070,simple:O43914,CD44,TYROBP,Ligand-Receptor,,cDC2|Macrophage,0.61
LipoxinA4_byALOX5_FPR2,complex:LipoxinA4_byALOX5,simple:P25090,,FPR2,Ligand-Receptor,Signaling by Lipoxin/Leukotriene,cDC2|Macrophage,0.554
Histamine_byHDC_HRH1,complex:Histamine_byHDC,simple:P35367,,HRH1,Ligand-Receptor,Signaling by Histamine,cDC2|Macrophage,0.55
TNFSF13_TNFRSF17,simple:O75888,simple:Q02223,TNFSF13,TNFRSF17,Ligand-Receptor,Signaling by Tumor necrosis factor,cDC2|Macrophage,0.581
CCL8_CCR1,simple:P80075,simple:P32246,CCL8,CCR1,Ligand-Receptor,Signaling by Chemokines,cDC2|Macrophage,0.576
CCL7_CCR1,simple:P80098,simple:P32246,CCL7,CCR1,Ligand-Receptor,Signaling by Chemokines,cDC2|Macrophage,0.577
SAA1_FPR2,simple:P0DJI8,simple:P25090,SAA1,FPR2,Ligand-Receptor,,cDC2|Macrophage,0.579
ProstaglandinE2_byPTGES2_PTGER4,complex:ProstaglandinE2_byPTGES2,simple:P35408,,PTGER4,Ligand-Receptor,Signaling by Prostaglandin,cDC2|Macrophage,0.6
VEGFA_NRP2,simple:P15692,simple:O60462,VEGFA,NRP2,Ligand-Receptor,Signaling by Vascular endothelial growth factor,cDC2|Macrophage,0.657
LAIR1_LILRB4,simple:Q6GTX8,simple:Q8NHJ6,LAIR1,LILRB4,Receptor-Receptor,,cDC2|Macrophage,0.661
APOE_TREM2_receptor,simple:P02649,complex:TREM2_receptor,APOE,,Ligand-Receptor,Signaling by Apolipoprotein,cDC2|Macrophage,0.595
LeukotrieneC4_byLTC4S_CYSLTR2,complex:LeukotrieneC4_byLTC4S,simple:Q9NS75,,CYSLTR2,Ligand-Receptor,Signaling by Lipoxin/Leukotriene,cDC2|Macrophage,0.609
HLA-G_LILRB2,simple:P17693,simple:Q8N423,HLA-G,LILRB2,Ligand-Receptor,Signaling by HLA,cDC2|Macrophage,0.571
TNF_TNFRSF1B,simple:P01375,simple:P20333,TNF,TNFRSF1B,Ligand-Receptor,Signaling by Tumor necrosis factor,cDC2|Macrophage,0.591
HFE_TFRC,simple:Q30201,simple:P02786,HFE,TFRC,Ligand-Receptor,,cDC2|Macrophage,0.669
CXCL11_ACKR3,simple:O14625,simple:P25106,CXCL11,ACKR3,Ligand-Receptor,Signaling by Chemokines,cDC2|Macrophage,0.614
ICAM1_integrin_aXb2_complex,simple:P05362,complex:integrin_aXb2_complex,ICAM1,,Ligand-Receptor,Adhesion by ICAM,cDC2|Macrophage,0.616
PLAU_PLAUR,simple:P00749,simple:Q03405,PLAU,PLAUR,Ligand-Receptor,Signaling by Plasminogen Activator,cDC2|Macrophage,0.64
ENTPD1_ADORA3,simple:P49961,simple:P0DMS8,ENTPD1,ADORA3,Ligand-Receptor,Signaling by Ectonucleoside,cDC2|Macrophage,0.677
ANXA1_FPR3,simple:P04083,simple:P25089,ANXA1,FPR3,Ligand-Receptor,Signaling by Annexin,cDC2|Macrophage,0.624
CCL19_CCR7,simple:Q99731,simple:P32248,CCL19,CCR7,Ligand-Receptor,Signaling by Chemokines,B cell|B cell,0.571
CCL21_CCR7,simple:O00585,simple:P32248,CCL21,CCR7,Ligand-Receptor,Signaling by Chemokines,B cell|B cell,0.572
PTPRC_CD22,simple:P08575,simple:P20273,PTPRC,CD22,Receptor-Receptor,,B cell|B cell,0.581
CD52_SIGLEC10,simple:P31358,simple:Q96LC7,CD52,SIGLEC10,Ligand-Receptor,,B cell|B cell,0.584
FCER2_integrin_aXb2_complex,simple:P06734,complex:integrin_aXb2_complex,FCER2,,Receptor-Receptor,Signaling by FC receptor,B cell|B cell,0.561
CCL19_CCR7,simple:Q99731,simple:P32248,CCL19,CCR7,Ligand-Receptor,Signaling by Chemokines,B cell|DC mature,0.659
CCL21_CCR7,simple:O00585,simple:P32248,CCL21,CCR7,Ligand-Receptor,Signaling by Chemokines,B cell|DC mature,0.659
CCL20_CCR6,simple:P78556,simple:P51684,CCL20,CCR6,Ligand-Receptor,Signaling by Chemokines,B cell|DC mature,0.6
TF_TFRC,simple:P02787,simple:P02786,TF,TFRC,Ligand-Receptor,Signaling by Transferrin,B cell|DC mature,0.638
IL4_IL4_receptor,simple:P05112,complex:IL4_receptor,IL4,,Ligand-Receptor,Signaling by Interleukin,B cell|DC mature,0.549
TNFSF9_TNFRSF9,simple:P41273,simple:Q07011,TNFSF9,TNFRSF9,Ligand-Receptor,Signaling by Tumor necrosis factor,B cell|DC mature,0.692
TSLP_TSLPR,simple:Q969D9,complex:TSLPR,TSLP,,Ligand-Receptor,,B cell|DC mature,0.598
CRLF2_TSLPR,simple:Q9HC73,complex:TSLPR,CRLF2,,Receptor-Receptor,,B cell|DC mature,0.611
CD40LG_CD40,simple:P29965,simple:P25942,CD40LG,CD40,Ligand-Receptor,,B cell|DC mature,0.628
AVP_OXTR,simple:P01185,simple:P30559,AVP,OXTR,Ligand-Receptor,Signaling by Vasopressin,B cell|DC mature,0.624
TNFSF10_TNFRSF11B,simple:P50591,simple:O00300,TNFSF10,TNFRSF11B,Ligand-Receptor,Signaling by Tumor necrosis factor,B cell|DC mature,0.6
DHEAsulfate_bySULT1E1_PPARG,complex:DHEAsulfate_bySULT1E1,simple:P37231,,PPARG,Ligand-Receptor,Signaling by Dehydroepiandrosterone,B cell|Macrophage alveolar,0.576
PTPRC_MRC1,simple:P08575,simple:P22897,PTPRC,MRC1,Receptor-Receptor,,B cell|Macrophage alveolar,0.583
LipoxinA4_byALOX5_FPR2,complex:LipoxinA4_byALOX5,simple:P25090,,FPR2,Ligand-Receptor,Signaling by Lipoxin/Leukotriene,B cell|Macrophage alveolar,0.498
TF_TFRC,simple:P02787,simple:P02786,TF,TFRC,Ligand-Receptor,Signaling by Transferrin,B cell|Macrophage alveolar,0.636
APOE_TREM2_receptor,simple:P02649,complex:TREM2_receptor,APOE,,Ligand-Receptor,Signaling by Apolipoprotein,B cell|Macrophage alveolar,0.563
fibrinogen_integrin_aXb2_complex,complex:fibrinogen,complex:integrin_aXb2_complex,,,Ligand-Receptor,Adhesion by Fibribogen,B cell|Macrophage alveolar,0.542
CEACAM1_CEACAM8,simple:P13688,simple:P31997,CEACAM1,CEACAM8,Adhesion-Adhesion,Adhesion by CEAM,B cell|Macrophage alveolar,0.589
FCER2_integrin_aXb2_complex,simple:P06734,complex:integrin_aXb2_complex,FCER2,,Receptor-Receptor,Signaling by FC receptor,B cell|Macrophage alveolar,0.638
LTA_TNFRSF1B,simple:P01374,simple:P20333,LTA,TNFRSF1B,Ligand-Receptor,Signaling by Tumor necrosis factor,B cell|Monocyte classical,0.62
LipoxinA4_byALOX5_FPR2,complex:LipoxinA4_byALOX5,simple:P25090,,FPR2,Ligand-Receptor,Signaling by Lipoxin/Leukotriene,B cell|Monocyte classical,0.534
LeukotrieneC4_byLTC4S_CYSLTR2,complex:LeukotrieneC4_byLTC4S,simple:Q9NS75,,CYSLTR2,Ligand-Receptor,Signaling by Lipoxin/Leukotriene,B cell|Monocyte classical,0.538
TNF_TNFRSF1B,simple:P01375,simple:P20333,TNF,TNFRSF1B,Ligand-Receptor,Signaling by Tumor necrosis factor,B cell|Monocyte classical,0.566
fibrinogen_integrin_aXb2_complex,complex:fibrinogen,complex:integrin_aXb2_complex,,,Ligand-Receptor,Adhesion by Fibribogen,B cell|Monocyte classical,0.575
CD52_SIGLEC10,simple:P31358,simple:Q96LC7,CD52,SIGLEC10,Ligand-Receptor,,B cell|Monocyte classical,0.645
CTSG_FPR1,simple:P08311,simple:P21462,CTSG,FPR1,Ligand-Receptor,Signaling by Cathepsin,B cell|Monocyte classical,0.592
FCER2_integrin_aXb2_complex,simple:P06734,complex:integrin_aXb2_complex,FCER2,,Receptor-Receptor,Signaling by FC receptor,B cell|Monocyte classical,0.67
HLA-E_KLRC1,simple:P13747,simple:P26715,HLA-E,KLRC1,Ligand-Receptor,Signaling by HLA,B cell|NK cell,0.627
HLA-C_KIR2DL3,simple:HLAC,simple:P43628,HLA-C,KIR2DL3,Ligand-Receptor,Signaling by HLA,B cell|NK cell,0.58
HLA-E_CD94:NKG2E,simple:P13747,complex:CD94:NKG2E,HLA-E,,Ligand-Receptor,Signaling by HLA,B cell|NK cell,0.628
HLA-E_CD94:NKG2A,simple:P13747,complex:CD94:NKG2A,HLA-E,,Ligand-Receptor,Signaling by HLA,B cell|NK cell,0.627
HLA-E_KLRK1,simple:P13747,simple:P26718,HLA-E,KLRK1,Ligand-Receptor,Signaling by HLA,B cell|NK cell,0.61
HLA-E_KLRC2,simple:P13747,simple:P26717,HLA-E,KLRC2,Ligand-Receptor,Signaling by HLA,B cell|NK cell,0.625
HLA-E_CD94:NKG2C,simple:P13747,complex:CD94:NKG2C,HLA-E,,Ligand-Receptor,Signaling by HLA,B cell|NK cell,0.625
FCER2_integrin_aXb2_complex,simple:P06734,complex:integrin_aXb2_complex,FCER2,,Receptor-Receptor,Signaling by FC receptor,B cell|NK cell,0.595
CD70_CD27,simple:P32970,simple:P26842,CD70,CD27,Ligand-Receptor,,B cell|Plasma cell,0.63
LTA_TNFRSF1B,simple:P01374,simple:P20333,LTA,TNFRSF1B,Ligand-Receptor,Signaling by Tumor necrosis factor,B cell|T cell CD4 dividing,0.633
CCL20_CCR6,simple:P78556,simple:P51684,CCL20,CCR6,Ligand-Receptor,Signaling by Chemokines,B cell|T cell CD4 dividing,0.597
TNFSF18_TNFRSF18,simple:Q9UNG2,simple:Q9Y5U5,TNFSF18,TNFRSF18,Ligand-Receptor,Signaling by Tumor necrosis factor,B cell|T cell CD4 dividing,0.626
TF_TFRC,simple:P02787,simple:P02786,TF,TFRC,Ligand-Receptor,Signaling by Transferrin,B cell|T cell CD4 dividing,0.621
CD70_CD27,simple:P32970,simple:P26842,CD70,CD27,Ligand-Receptor,,B cell|T cell CD4 dividing,0.68
IL4_IL4_receptor,simple:P05112,complex:IL4_receptor,IL4,,Ligand-Receptor,Signaling by Interleukin,B cell|T cell CD4 dividing,0.546
TNFSF9_TNFRSF9,simple:P41273,simple:Q07011,TNFSF9,TNFRSF9,Ligand-Receptor,Signaling by Tumor necrosis factor,B cell|T cell CD4 dividing,0.678
IL21_IL21_receptor,simple:Q9HBE4,complex:IL21_receptor,IL21,,Ligand-Receptor,Signaling by Interleukin,B cell|T cell CD4 dividing,0.584
TNF_TNFRSF1B,simple:P01375,simple:P20333,TNF,TNFRSF1B,Ligand-Receptor,Signaling by Tumor necrosis factor,B cell|T cell CD4 dividing,0.58
CXCL16_CXCR6,simple:Q9H2A7,simple:O00574,CXCL16,CXCR6,Ligand-Receptor,Signaling by Chemokines,B cell|T cell CD4 dividing,0.591
CD86_CTLA4,simple:P42081,simple:P16410,CD86,CTLA4,Ligand-Receptor,,B cell|T cell CD4 dividing,0.631
LCK_CD8_receptor,simple:P06239,complex:CD8_receptor,LCK,,Receptor-Receptor,,B cell|T cell CD8 dividing,0.607
LTA_TNFRSF1B,simple:P01374,simple:P20333,LTA,TNFRSF1B,Ligand-Receptor,Signaling by Tumor necrosis factor,B cell|T cell CD8 dividing,0.599
HLA-E_KLRC1,simple:P13747,simple:P26715,HLA-E,KLRC1,Ligand-Receptor,Signaling by HLA,B cell|T cell CD8 dividing,0.648
HLA-E_CD94:NKG2E,simple:P13747,complex:CD94:NKG2E,HLA-E,,Ligand-Receptor,Signaling by HLA,B cell|T cell CD8 dividing,0.617
HLA-E_CD94:NKG2A,simple:P13747,complex:CD94:NKG2A,HLA-E,,Ligand-Receptor,Signaling by HLA,B cell|T cell CD8 dividing,0.617
PF4_CXCR3,simple:P02776,simple:P49682,PF4,CXCR3,Ligand-Receptor,,B cell|T cell CD8 dividing,0.624
HLA-E_KLRK1,simple:P13747,simple:P26718,HLA-E,KLRK1,Ligand-Receptor,Signaling by HLA,B cell|T cell CD8 dividing,0.661
HLA-E_KLRC2,simple:P13747,simple:P26717,HLA-E,KLRC2,Ligand-Receptor,Signaling by HLA,B cell|T cell CD8 dividing,0.66
HLA-E_CD94:NKG2C,simple:P13747,complex:CD94:NKG2C,HLA-E,,Ligand-Receptor,Signaling by HLA,B cell|T cell CD8 dividing,0.617
CD70_CD27,simple:P32970,simple:P26842,CD70,CD27,Ligand-Receptor,,B cell|T cell CD8 dividing,0.682
FGL1_LAG3,simple:Q08830,simple:P18627,FGL1,LAG3,Ligand-Receptor,Signaling by Fibroblast growth factor,B cell|T cell CD8 dividing,0.627
TNFSF9_TNFRSF9,simple:P41273,simple:Q07011,TNFSF9,TNFRSF9,Ligand-Receptor,Signaling by Tumor necrosis factor,B cell|T cell CD8 dividing,0.678
IL21_IL21_receptor,simple:Q9HBE4,complex:IL21_receptor,IL21,,Ligand-Receptor,Signaling by Interleukin,B cell|T cell CD8 dividing,0.578
CEACAM5_CD8A,simple:P06731,simple:P01732,CEACAM5,CD8A,Adhesion-Adhesion,Adhesion by CEAM,B cell|T cell CD8 dividing,0.625
CXCL16_CXCR6,simple:Q9H2A7,simple:O00574,CXCL16,CXCR6,Ligand-Receptor,Signaling by Chemokines,B cell|T cell CD8 dividing,0.596
CD86_CTLA4,simple:P42081,simple:P16410,CD86,CTLA4,Ligand-Receptor,,B cell|T cell CD8 dividing,0.613
HLA-E_KLRC1,simple:P13747,simple:P26715,HLA-E,KLRC1,Ligand-Receptor,Signaling by HLA,B cell|T cell CD8 effector memory,0.594
HLA-E_KLRK1,simple:P13747,simple:P26718,HLA-E,KLRK1,Ligand-Receptor,Signaling by HLA,B cell|T cell CD8 effector memory,0.595
HLA-E_KLRC2,simple:P13747,simple:P26717,HLA-E,KLRC2,Ligand-Receptor,Signaling by HLA,B cell|T cell CD8 effector memory,0.59
CD70_CD27,simple:P32970,simple:P26842,CD70,CD27,Ligand-Receptor,,B cell|T cell CD8 effector memory,0.621
CEACAM5_CD8A,simple:P06731,simple:P01732,CEACAM5,CD8A,Adhesion-Adhesion,Adhesion by CEAM,B cell|T cell CD8 effector memory,0.571
HLA-E_KLRC1,simple:P13747,simple:P26715,HLA-E,KLRC1,Ligand-Receptor,Signaling by HLA,B cell|T cell CD8 terminally exhausted,0.605
HLA-E_CD94:NKG2E,simple:P13747,complex:CD94:NKG2E,HLA-E,,Ligand-Receptor,Signaling by HLA,B cell|T cell CD8 terminally exhausted,0.609
HLA-E_CD94:NKG2A,simple:P13747,complex:CD94:NKG2A,HLA-E,,Ligand-Receptor,Signaling by HLA,B cell|T cell CD8 terminally exhausted,0.605
HLA-E_KLRK1,simple:P13747,simple:P26718,HLA-E,KLRK1,Ligand-Receptor,Signaling by HLA,B cell|T cell CD8 terminally exhausted,0.618
HLA-E_CD94:NKG2C,simple:P13747,complex:CD94:NKG2C,HLA-E,,Ligand-Receptor,Signaling by HLA,B cell|T cell CD8 terminally exhausted,0.609
CD70_CD27,simple:P32970,simple:P26842,CD70,CD27,Ligand-Receptor,,B cell|T cell CD8 terminally exhausted,0.656
FGL1_LAG3,simple:Q08830,simple:P18627,FGL1,LAG3,Ligand-Receptor,Signaling by Fibroblast growth factor,B cell|T cell CD8 terminally exhausted,0.584
TNFSF9_TNFRSF9,simple:P41273,simple:Q07011,TNFSF9,TNFRSF9,Ligand-Receptor,Signaling by Tumor necrosis factor,B cell|T cell CD8 terminally exhausted,0.644
CEACAM5_CD8A,simple:P06731,simple:P01732,CEACAM5,CD8A,Adhesion-Adhesion,Adhesion by CEAM,B cell|T cell CD8 terminally exhausted,0.585
HLA-E_CD94:NKG2E,simple:P13747,complex:CD94:NKG2E,HLA-E,,Ligand-Receptor,Signaling by HLA,B cell|T cell NK-like,0.589
HLA-E_KLRK1,simple:P13747,simple:P26718,HLA-E,KLRK1,Ligand-Receptor,Signaling by HLA,B cell|T cell NK-like,0.624
HLA-E_KLRC2,simple:P13747,simple:P26717,HLA-E,KLRC2,Ligand-Receptor,Signaling by HLA,B cell|T cell NK-like,0.617
HLA-E_CD94:NKG2C,simple:P13747,complex:CD94:NKG2C,HLA-E,,Ligand-Receptor,Signaling by HLA,B cell|T cell NK-like,0.617
CEACAM5_CD8A,simple:P06731,simple:P01732,CEACAM5,CD8A,Adhesion-Adhesion,Adhesion by CEAM,B cell|T cell NK-like,0.594
LTA_TNFRSF1B,simple:P01374,simple:P20333,LTA,TNFRSF1B,Ligand-Receptor,Signaling by Tumor necrosis factor,B cell|T cell regulatory,0.601
CD70_CD27,simple:P32970,simple:P26842,CD70,CD27,Ligand-Receptor,,B cell|T cell regulatory,0.646
TNFSF9_TNFRSF9,simple:P41273,simple:Q07011,TNFSF9,TNFRSF9,Ligand-Receptor,Signaling by Tumor necrosis factor,B cell|T cell regulatory,0.635
FCER2_integrin_aXb2_complex,simple:P06734,complex:integrin_aXb2_complex,FCER2,,Receptor-Receptor,Signaling by FC receptor,B cell|T cell regulatory,0.57
XCL2_XCR1,simple:Q9UBD3,simple:P46094,XCL2,XCR1,Ligand-Receptor,Signaling by Lymphotactin,B cell|cDC1,0.65
Histamine_byHDC_HRH2,complex:Histamine_byHDC,simple:P25021,,HRH2,Ligand-Receptor,Signaling by Histamine,B cell|cDC1,0.612
CRTAM_CADM1,simple:O95727,simple:Q9BY67,CRTAM,CADM1,Adhesion-Adhesion,,B cell|cDC1,0.632
CCL20_CCR6,simple:P78556,simple:P51684,CCL20,CCR6,Ligand-Receptor,Signaling by Chemokines,B cell|cDC1,0.592
CCL11_DPP4,simple:P51671,simple:P27487,CCL11,DPP4,Ligand-Receptor,Signaling by Chemokines,B cell|cDC1,0.632
PVR_CD226,simple:P15151,simple:Q15762,PVR,CD226,Ligand-Receptor,Signaling by Poliovirus receptor,B cell|cDC1,0.619
CADM3_CADM1,simple:Q8N126,simple:Q9BY67,CADM3,CADM1,Adhesion-Adhesion,Adhesion by CADM,B cell|cDC1,0.646
CXCL10_DPP4,simple:P02778,simple:P27487,CXCL10,DPP4,Ligand-Receptor,Signaling by Chemokines,B cell|cDC1,0.615
CXCL9_DPP4,simple:Q07325,simple:P27487,CXCL9,DPP4,Ligand-Receptor,Signaling by Chemokines,B cell|cDC1,0.618
CADM1_CADM1,simple:Q9BY67,simple:Q9BY67,CADM1,CADM1,Adhesion-Adhesion,Adhesion by CADM,B cell|cDC1,0.632
fibrinogen_integrin_aXb2_complex,complex:fibrinogen,complex:integrin_aXb2_complex,,,Ligand-Receptor,Adhesion by Fibribogen,B cell|cDC1,0.566
CD52_SIGLEC10,simple:P31358,simple:Q96LC7,CD52,SIGLEC10,Ligand-Receptor,,B cell|cDC1,0.708
ProstaglandinE2_byPTGES_PTGER3,complex:ProstaglandinE2_byPTGES,simple:P43115,,PTGER3,Ligand-Receptor,Signaling by Prostaglandin,B cell|cDC1,0.597
XCL1_XCR1,simple:P47992,simple:P46094,XCL1,XCR1,Ligand-Receptor,Signaling by Lymphotactin,B cell|cDC1,0.649
COL4A3_ADGRG6,simple:Q01955,simple:Q86SQ4,COL4A3,ADGRG6,Adhesion-Adhesion,Adhesion by Collagen/Integrin,B cell|cDC1,0.723
LAMA2_ADGRG6,simple:P24043,simple:Q86SQ4,LAMA2,ADGRG6,Ligand-Receptor,,B cell|cDC1,0.629
CCL22_DPP4,simple:O00626,simple:P27487,CCL22,DPP4,Ligand-Receptor,Signaling by Chemokines,B cell|cDC1,0.632
FCER2_integrin_aXb2_complex,simple:P06734,complex:integrin_aXb2_complex,FCER2,,Receptor-Receptor,Signaling by FC receptor,B cell|cDC1,0.662
LAIR1_LILRB4,simple:Q6GTX8,simple:Q8NHJ6,LAIR1,LILRB4,Receptor-Receptor,,B cell|cDC2,0.57
LeukotrieneC4_byLTC4S_CYSLTR2,complex:LeukotrieneC4_byLTC4S,simple:Q9NS75,,CYSLTR2,Ligand-Receptor,Signaling by Lipoxin/Leukotriene,B cell|cDC2,0.548
fibrinogen_integrin_aXb2_complex,complex:fibrinogen,complex:integrin_aXb2_complex,,,Ligand-Receptor,Adhesion by Fibribogen,B cell|cDC2,0.584
CD52_SIGLEC10,simple:P31358,simple:Q96LC7,CD52,SIGLEC10,Ligand-Receptor,,B cell|cDC2,0.653
CTSG_FPR1,simple:P08311,simple:P21462,CTSG,FPR1,Ligand-Receptor,Signaling by Cathepsin,B cell|cDC2,0.582
FCER2_integrin_aXb2_complex,simple:P06734,complex:integrin_aXb2_complex,FCER2,,Receptor-Receptor,Signaling by FC receptor,B cell|cDC2,0.68
CCL19_CCR7,simple:Q99731,simple:P32248,CCL19,CCR7,Ligand-Receptor,Signaling by Chemokines,DC mature|B cell,0.755
C10orf99_SUSD2,simple:Q6UWK7,simple:Q9UGT4,C10orf99,SUSD2,Ligand-Receptor,,DC mature|B cell,0.655
TNFSF13B_TNFRSF13C,simple:Q9Y275,simple:Q96RJ3,TNFSF13B,TNFRSF13C,Ligand-Receptor,Signaling by Tumor necrosis factor,DC mature|B cell,0.711
TNFSF13_TNFRSF13B,simple:O75888,simple:O14836,TNFSF13,TNFRSF13B,Ligand-Receptor,Signaling by Tumor necrosis factor,DC mature|B cell,0.598
LipoxinA4_byALOX12_FPR2,complex:LipoxinA4_byALOX12,simple:P25090,,FPR2,Ligand-Receptor,Signaling by Lipoxin/Leukotriene,DC mature|B cell,0.643
CCL19_CCRL2,simple:Q99731,simple:O00421,CCL19,CCRL2,Ligand-Receptor,Signaling by Chemokines,DC mature|B cell,0.647
TNFSF13B_TNFRSF17,simple:Q9Y275,simple:Q02223,TNFSF13B,TNFRSF17,Ligand-Receptor,Signaling by Tumor necrosis factor,DC mature|B cell,0.616
WNT5B_SFRP4,simple:Q9H1J7,simple:Q6FHJ7,WNT5B,SFRP4,Ligand-Ligand,Signaling by WNT inhibition,DC mature|B cell,0.646
SAA1_FPR2,simple:P0DJI8,simple:P25090,SAA1,FPR2,Ligand-Receptor,,DC mature|B cell,0.599
TNFSF18_TNFRSF18,simple:Q9UNG2,simple:Q9Y5U5,TNFSF18,TNFRSF18,Ligand-Receptor,Signaling by Tumor necrosis factor,DC mature|B cell,0.647
TNFSF13B_TNFRSF13B,simple:Q9Y275,simple:O14836,TNFSF13B,TNFRSF13B,Ligand-Receptor,Signaling by Tumor necrosis factor,DC mature|B cell,0.71
WNT5B_SFRP1,simple:Q9H1J7,simple:Q8N474,WNT5B,SFRP1,Ligand-Ligand,Signaling by WNT inhibition,DC mature|B cell,0.648
CD70_CD27,simple:P32970,simple:P26842,CD70,CD27,Ligand-Receptor,,DC mature|B cell,0.639
CXCL13_CXCR5,simple:O43927,simple:P32302,CXCL13,CXCR5,Ligand-Receptor,Signaling by Chemokines,DC mature|B cell,0.583
CXCL9_CXCR3,simple:Q07325,simple:P49682,CXCL9,CXCR3,Ligand-Receptor,Signaling by Chemokines,DC mature|B cell,0.628
CXCL10_CXCR3,simple:P02778,simple:P49682,CXCL10,CXCR3,Ligand-Receptor,Signaling by Chemokines,DC mature|B cell,0.617
CRLF2_TSLPR,simple:Q9HC73,complex:TSLPR,CRLF2,,Receptor-Receptor,,DC mature|B cell,0.626
CXCL10_DPP4,simple:P02778,simple:P27487,CXCL10,DPP4,Ligand-Receptor,Signaling by Chemokines,DC mature|B cell,0.631
CXCL11_CXCR3,simple:O14625,simple:P49682,CXCL11,CXCR3,Ligand-Receptor,Signaling by Chemokines,DC mature|B cell,0.624
CXCL9_DPP4,simple:Q07325,simple:P27487,CXCL9,DPP4,Ligand-Receptor,Signaling by Chemokines,DC mature|B cell,0.641
CALCA_RAMP1_complex,simple:P01258,complex:RAMP1_complex,CALCA,,Ligand-Receptor,Signaling by Calcitonin,DC mature|B cell,0.62
CXCL11_ACKR3,simple:O14625,simple:P25106,CXCL11,ACKR3,Ligand-Receptor,Signaling by Chemokines,DC mature|B cell,0.641
CD86_CTLA4,simple:P42081,simple:P16410,CD86,CTLA4,Ligand-Receptor,,DC mature|B cell,0.632
CXCL11_DPP4,simple:O14625,simple:P27487,CXCL11,DPP4,Ligand-Receptor,Signaling by Chemokines,DC mature|B cell,0.637
SerotoninDopamin_byDDC_HTR3C,complex:SerotoninDopamin_byDDC,simple:Q8WXA8,,HTR3C,Ligand-Receptor,Signaling by Serotonin/Dopamine,DC mature|B cell,0.53
WNT5B_WIF1,simple:Q9H1J7,simple:Q9Y5W5,WNT5B,WIF1,Ligand-Ligand,Signaling by WNT inhibition,DC mature|B cell,0.651
WNT5B_SFRP5,simple:Q9H1J7,simple:Q5T4F7,WNT5B,SFRP5,Ligand-Ligand,Signaling by WNT inhibition,DC mature|B cell,0.653
CCL22_DPP4,simple:O00626,simple:P27487,CCL22,DPP4,Ligand-Receptor,Signaling by Chemokines,DC mature|B cell,0.655
CXCL5_CXCR1,simple:P42830,simple:P25024,CXCL5,CXCR1,Ligand-Receptor,Signaling by Chemokines,Macrophage alveolar|B cell,0.597
TNFSF13B_TNFRSF13C,simple:Q9Y275,simple:Q96RJ3,TNFSF13B,TNFRSF13C,Ligand-Receptor,Signaling by Tumor necrosis factor,Macrophage alveolar|B cell,0.654
TNFSF13_TNFRSF13B,simple:O75888,simple:O14836,TNFSF13,TNFRSF13B,Ligand-Receptor,Signaling by Tumor necrosis factor,Macrophage alveolar|B cell,0.685
CXCL5_CXCR2,simple:P42830,simple:P25025,CXCL5,CXCR2,Ligand-Receptor,Signaling by Chemokines,Macrophage alveolar|B cell,0.594
PTPRC_CD22,simple:P08575,simple:P20273,PTPRC,CD22,Receptor-Receptor,,Macrophage alveolar|B cell,0.588
TNFSF13_TNFRSF17,simple:O75888,simple:Q02223,TNFSF13,TNFRSF17,Ligand-Receptor,Signaling by Tumor necrosis factor,Macrophage alveolar|B cell,0.591
CCL23_FPR2,simple:P55773,simple:P25090,CCL23,FPR2,Ligand-Receptor,Signaling by Chemokines,Macrophage alveolar|B cell,0.585
CCL20_CCR6,simple:P78556,simple:P51684,CCL20,CCR6,Ligand-Receptor,Signaling by Chemokines,Macrophage alveolar|B cell,0.667
TNFSF13B_TNFRSF13B,simple:Q9Y275,simple:O14836,TNFSF13B,TNFRSF13B,Ligand-Receptor,Signaling by Tumor necrosis factor,Macrophage alveolar|B cell,0.653
CXCL3_CXCR2,simple:P19876,simple:P25025,CXCL3,CXCR2,Ligand-Receptor,Signaling by Chemokines,Macrophage alveolar|B cell,0.585
APOE_TREM2_receptor,simple:P02649,complex:TREM2_receptor,APOE,,Ligand-Receptor,Signaling by Apolipoprotein,Macrophage alveolar|B cell,0.553
ANGPT4_TEK,simple:Q9Y264,simple:Q02763,ANGPT4,TEK,Ligand-Receptor,Signaling by Angiopoietin,Macrophage alveolar|B cell,0.589
RBP4_STRA6,simple:P02753,simple:Q9BX79,RBP4,STRA6,Ligand-Receptor,,Macrophage alveolar|B cell,0.596
CD52_SIGLEC10,simple:P31358,simple:Q96LC7,CD52,SIGLEC10,Ligand-Receptor,,Macrophage alveolar|B cell,0.577
CCL21_CCR7,simple:O00585,simple:P32248,CCL21,CCR7,Ligand-Receptor,Signaling by Chemokines,Monocyte classical|B cell,0.57
TNFSF13B_TNFRSF13C,simple:Q9Y275,simple:Q96RJ3,TNFSF13B,TNFRSF13C,Ligand-Receptor,Signaling by Tumor necrosis factor,Monocyte classical|B cell,0.676
CXCL8_CXCR2,simple:P10145,simple:P25025,CXCL8,CXCR2,Ligand-Receptor,Signaling by Chemokines,Monocyte classical|B cell,0.56
TNFSF13_TNFRSF13B,simple:O75888,simple:O14836,TNFSF13,TNFRSF13B,Ligand-Receptor,Signaling by Tumor necrosis factor,Monocyte classical|B cell,0.649
CXCL8_CXCR1,simple:P10145,simple:P25024,CXCL8,CXCR1,Ligand-Receptor,Signaling by Chemokines,Monocyte classical|B cell,0.563
CXCL8_ACKR1,simple:P10145,simple:Q16570,CXCL8,ACKR1,Ligand-Receptor,Signaling by Chemokines,Monocyte classical|B cell,0.564
PTPRC_CD22,simple:P08575,simple:P20273,PTPRC,CD22,Receptor-Receptor,,Monocyte classical|B cell,0.611
CDH2_FCER2,simple:P19022,simple:P06734,CDH2,FCER2,Ligand-Receptor,Adhesion by Cadherin,Monocyte classical|B cell,0.577
CCL20_CCR6,simple:P78556,simple:P51684,CCL20,CCR6,Ligand-Receptor,Signaling by Chemokines,Monocyte classical|B cell,0.684
TNFSF13B_TNFRSF13B,simple:Q9Y275,simple:O14836,TNFSF13B,TNFRSF13B,Ligand-Receptor,Signaling by Tumor necrosis factor,Monocyte classical|B cell,0.674
CD44_SELE,simple:P16070,simple:P16581,CD44,SELE,Ligand-Receptor,,Monocyte classical|B cell,0.57
CXCL3_CXCR2,simple:P19876,simple:P25025,CXCL3,CXCR2,Ligand-Receptor,Signaling by Chemokines,Monocyte classical|B cell,0.588
CXCL13_CXCR5,simple:O43927,simple:P32302,CXCL13,CXCR5,Ligand-Receptor,Signaling by Chemokines,Monocyte classical|B cell,0.578
CXCL2_CXCR2,simple:P19875,simple:P25025,CXCL2,CXCR2,Ligand-Receptor,Signaling by Chemokines,Monocyte classical|B cell,0.589
XCL2_XCR1,simple:Q9UBD3,simple:P46094,XCL2,XCR1,Ligand-Receptor,Signaling by Lymphotactin,NK cell|B cell,0.594
CCL21_CCR7,simple:O00585,simple:P32248,CCL21,CCR7,Ligand-Receptor,Signaling by Chemokines,NK cell|B cell,0.57
PTPRC_CD22,simple:P08575,simple:P20273,PTPRC,CD22,Receptor-Receptor,,NK cell|B cell,0.667
CCL5_ACKR1,simple:P13501,simple:Q16570,CCL5,ACKR1,Ligand-Receptor,Signaling by Chemokines,NK cell|B cell,0.579
CXCL13_CXCR5,simple:O43927,simple:P32302,CXCL13,CXCR5,Ligand-Receptor,Signaling by Chemokines,NK cell|B cell,0.578
XCL1_XCR1,simple:P47992,simple:P46094,XCL1,XCR1,Ligand-Receptor,Signaling by Lymphotactin,NK cell|B cell,0.59
CCL19_CCR7,simple:Q99731,simple:P32248,CCL19,CCR7,Ligand-Receptor,Signaling by Chemokines,Plasma cell|B cell,0.573
CCL21_CCR7,simple:O00585,simple:P32248,CCL21,CCR7,Ligand-Receptor,Signaling by Chemokines,Plasma cell|B cell,0.572
CXCL13_CXCR5,simple:O43927,simple:P32302,CXCL13,CXCR5,Ligand-Receptor,Signaling by Chemokines,Plasma cell|B cell,0.584
CCL21_CCR7,simple:O00585,simple:P32248,CCL21,CCR7,Ligand-Receptor,Signaling by Chemokines,T cell CD4 dividing|B cell,0.572
LCK_CD8_receptor,simple:P06239,complex:CD8_receptor,LCK,,Receptor-Receptor,,T cell CD4 dividing|B cell,0.598
CALCB_RAMP1_complex,simple:P10092,complex:RAMP1_complex,CALCB,,Ligand-Receptor,Signaling by Calcitonin,T cell CD4 dividing|B cell,0.614
LTA_TNFRSF1B,simple:P01374,simple:P20333,LTA,TNFRSF1B,Ligand-Receptor,Signaling by Tumor necrosis factor,T cell CD4 dividing|B cell,0.6
PTPRC_CD22,simple:P08575,simple:P20273,PTPRC,CD22,Receptor-Receptor,,T cell CD4 dividing|B cell,0.67
CCL20_CCR6,simple:P78556,simple:P51684,CCL20,CCR6,Ligand-Receptor,Signaling by Chemokines,T cell CD4 dividing|B cell,0.648
RAET1L_NKG2D_II_receptor,simple:Q5VY80,complex:NKG2D_II_receptor,RAET1L,,Ligand-Receptor,Signaling by Killer Cell Lectin Like Receptor K1,T cell CD4 dividing|B cell,0.569
CD70_CD27,simple:P32970,simple:P26842,CD70,CD27,Ligand-Receptor,,T cell CD4 dividing|B cell,0.661
IL4_IL4_receptor,simple:P05112,complex:IL4_receptor,IL4,,Ligand-Receptor,Signaling by Interleukin,T cell CD4 dividing|B cell,0.563
CXCL13_CXCR5,simple:O43927,simple:P32302,CXCL13,CXCR5,Ligand-Receptor,Signaling by Chemokines,T cell CD4 dividing|B cell,0.692
IL13_IL13RA2,simple:P35225,simple:Q14627,IL13,IL13RA2,Ligand-Receptor,Signaling by Interleukin,T cell CD4 dividing|B cell,0.617
IL21_IL21_receptor,simple:Q9HBE4,complex:IL21_receptor,IL21,,Ligand-Receptor,Signaling by Interleukin,T cell CD4 dividing|B cell,0.618
CD40LG_CD40,simple:P29965,simple:P25942,CD40LG,CD40,Ligand-Receptor,,T cell CD4 dividing|B cell,0.704
CALCA_RAMP1_complex,simple:P01258,complex:RAMP1_complex,CALCA,,Ligand-Receptor,Signaling by Calcitonin,T cell CD4 dividing|B cell,0.563
CD52_SIGLEC10,simple:P31358,simple:Q96LC7,CD52,SIGLEC10,Ligand-Receptor,,T cell CD4 dividing|B cell,0.586
CD177_PECAM1,simple:Q8N6Q3,simple:P16284,CD177,PECAM1,Ligand-Receptor,,T cell CD4 dividing|B cell,0.606
IL24_IL20_receptor_Type_I,simple:Q13007,complex:IL20_receptor_Type_I,IL24,,Ligand-Receptor,Signaling by Interleukin,T cell CD4 dividing|B cell,0.564
SerotoninDopamin_byDDC_HTR3C,complex:SerotoninDopamin_byDDC,simple:Q8WXA8,,HTR3C,Ligand-Receptor,Signaling by Serotonin/Dopamine,T cell CD4 dividing|B cell,0.531
XCL2_XCR1,simple:Q9UBD3,simple:P46094,XCL2,XCR1,Ligand-Receptor,Signaling by Lymphotactin,T cell CD8 dividing|B cell,0.615
CCL21_CCR7,simple:O00585,simple:P32248,CCL21,CCR7,Ligand-Receptor,Signaling by Chemokines,T cell CD8 dividing|B cell,0.571
LCK_CD8_receptor,simple:P06239,complex:CD8_receptor,LCK,,Receptor-Receptor,,T cell CD8 dividing|B cell,0.596
CCL5_CCR1,simple:P13501,simple:P32246,CCL5,CCR1,Ligand-Receptor,Signaling by Chemokines,T cell CD8 dividing|B cell,0.597
CALCB_RAMP1_complex,simple:P10092,complex:RAMP1_complex,CALCB,,Ligand-Receptor,Signaling by Calcitonin,T cell CD8 dividing|B cell,0.596
CCL3_CCR1,simple:P10147,simple:P32246,CCL3,CCR1,Ligand-Receptor,Signaling by Chemokines,T cell CD8 dividing|B cell,0.598
HLA-C_KIR2DL3,simple:HLAC,simple:P43628,HLA-C,KIR2DL3,Ligand-Receptor,Signaling by HLA,T cell CD8 dividing|B cell,0.567
PTPRC_CD22,simple:P08575,simple:P20273,PTPRC,CD22,Receptor-Receptor,,T cell CD8 dividing|B cell,0.67
CDH2_FCER2,simple:P19022,simple:P06734,CDH2,FCER2,Ligand-Receptor,Adhesion by Cadherin,T cell CD8 dividing|B cell,0.575
CD70_CD27,simple:P32970,simple:P26842,CD70,CD27,Ligand-Receptor,,T cell CD8 dividing|B cell,0.662
CCL5_ACKR1,simple:P13501,simple:Q16570,CCL5,ACKR1,Ligand-Receptor,Signaling by Chemokines,T cell CD8 dividing|B cell,0.613
CXCL13_CXCR5,simple:O43927,simple:P32302,CXCL13,CXCR5,Ligand-Receptor,Signaling by Chemokines,T cell CD8 dividing|B cell,0.741
IL13_IL13RA2,simple:P35225,simple:Q14627,IL13,IL13RA2,Ligand-Receptor,Signaling by Interleukin,T cell CD8 dividing|B cell,0.62
CD52_SIGLEC10,simple:P31358,simple:Q96LC7,CD52,SIGLEC10,Ligand-Receptor,,T cell CD8 dividing|B cell,0.61
ENTPD1_ADORA3,simple:P49961,simple:P0DMS8,ENTPD1,ADORA3,Ligand-Receptor,Signaling by Ectonucleoside,T cell CD8 dividing|B cell,0.587
XCL1_XCR1,simple:P47992,simple:P46094,XCL1,XCR1,Ligand-Receptor,Signaling by Lymphotactin,T cell CD8 dividing|B cell,0.617
XCL2_XCR1,simple:Q9UBD3,simple:P46094,XCL2,XCR1,Ligand-Receptor,Signaling by Lymphotactin,T cell CD8 effector memory|B cell,0.568
CCL21_CCR7,simple:O00585,simple:P32248,CCL21,CCR7,Ligand-Receptor,Signaling by Chemokines,T cell CD8 effector memory|B cell,0.57
CALCB_RAMP1_complex,simple:P10092,complex:RAMP1_complex,CALCB,,Ligand-Receptor,Signaling by Calcitonin,T cell CD8 effector memory|B cell,0.552
PTPRC_CD22,simple:P08575,simple:P20273,PTPRC,CD22,Receptor-Receptor,,T cell CD8 effector memory|B cell,0.662
IL4_IL4_receptor,simple:P05112,complex:IL4_receptor,IL4,,Ligand-Receptor,Signaling by Interleukin,T cell CD8 effector memory|B cell,0.568
CXCL13_CXCR5,simple:O43927,simple:P32302,CXCL13,CXCR5,Ligand-Receptor,Signaling by Chemokines,T cell CD8 effector memory|B cell,0.598
XCL1_XCR1,simple:P47992,simple:P46094,XCL1,XCR1,Ligand-Receptor,Signaling by Lymphotactin,T cell CD8 effector memory|B cell,0.57
CCL21_CCR7,simple:O00585,simple:P32248,CCL21,CCR7,Ligand-Receptor,Signaling by Chemokines,T cell CD8 terminally exhausted|B cell,0.569
PTPRC_CD22,simple:P08575,simple:P20273,PTPRC,CD22,Receptor-Receptor,,T cell CD8 terminally exhausted|B cell,0.66
CCL5_ACKR1,simple:P13501,simple:Q16570,CCL5,ACKR1,Ligand-Receptor,Signaling by Chemokines,T cell CD8 terminally exhausted|B cell,0.588
CXCL13_CXCR5,simple:O43927,simple:P32302,CXCL13,CXCR5,Ligand-Receptor,Signaling by Chemokines,T cell CD8 terminally exhausted|B cell,0.696
IL13_IL13RA2,simple:P35225,simple:Q14627,IL13,IL13RA2,Ligand-Receptor,Signaling by Interleukin,T cell CD8 terminally exhausted|B cell,0.537
CD52_SIGLEC10,simple:P31358,simple:Q96LC7,CD52,SIGLEC10,Ligand-Receptor,,T cell CD8 terminally exhausted|B cell,0.605
CCL21_CCR7,simple:O00585,simple:P32248,CCL21,CCR7,Ligand-Receptor,Signaling by Chemokines,T cell NK-like|B cell,0.569
PTPRC_MRC1,simple:P08575,simple:P22897,PTPRC,MRC1,Receptor-Receptor,,T cell NK-like|B cell,0.562
PTPRC_CD22,simple:P08575,simple:P20273,PTPRC,CD22,Receptor-Receptor,,T cell NK-like|B cell,0.681
CCL5_ACKR1,simple:P13501,simple:Q16570,CCL5,ACKR1,Ligand-Receptor,Signaling by Chemokines,T cell NK-like|B cell,0.6
CD40LG_CD40,simple:P29965,simple:P25942,CD40LG,CD40,Ligand-Receptor,,T cell NK-like|B cell,0.634
CD52_SIGLEC10,simple:P31358,simple:Q96LC7,CD52,SIGLEC10,Ligand-Receptor,,T cell NK-like|B cell,0.609
CCL19_CCR7,simple:Q99731,simple:P32248,CCL19,CCR7,Ligand-Receptor,Signaling by Chemokines,T cell regulatory|B cell,0.57
CCL21_CCR7,simple:O00585,simple:P32248,CCL21,CCR7,Ligand-Receptor,Signaling by Chemokines,T cell regulatory|B cell,0.57
PTPRC_CD22,simple:P08575,simple:P20273,PTPRC,CD22,Receptor-Receptor,,T cell regulatory|B cell,0.66
CXCL13_CXCR5,simple:O43927,simple:P32302,CXCL13,CXCR5,Ligand-Receptor,Signaling by Chemokines,T cell regulatory|B cell,0.638
CD40LG_CD40,simple:P29965,simple:P25942,CD40LG,CD40,Ligand-Receptor,,T cell regulatory|B cell,0.65
CCL19_CCR7,simple:Q99731,simple:P32248,CCL19,CCR7,Ligand-Receptor,Signaling by Chemokines,Tumor Tumor ImmunoSup|B cell,0.58
CCL21_CCR7,simple:O00585,simple:P32248,CCL21,CCR7,Ligand-Receptor,Signaling by Chemokines,Tumor Tumor ImmunoSup|B cell,0.582
TNFSF13_TNFRSF13B,simple:O75888,simple:O14836,TNFSF13,TNFRSF13B,Ligand-Receptor,Signaling by Tumor necrosis factor,Tumor Tumor ImmunoSup|B cell,0.597
CXCL13_CXCR5,simple:O43927,simple:P32302,CXCL13,CXCR5,Ligand-Receptor,Signaling by Chemokines,Tumor Tumor ImmunoSup|B cell,0.588
CCL19_CCR7,simple:Q99731,simple:P32248,CCL19,CCR7,Ligand-Receptor,Signaling by Chemokines,cDC1|B cell,0.582
CCL21_CCR7,simple:O00585,simple:P32248,CCL21,CCR7,Ligand-Receptor,Signaling by Chemokines,cDC1|B cell,0.573
TNFSF13B_TNFRSF13C,simple:Q9Y275,simple:Q96RJ3,TNFSF13B,TNFRSF13C,Ligand-Receptor,Signaling by Tumor necrosis factor,cDC1|B cell,0.67
ULBP1_NKG2D_II_receptor,simple:Q9BZM6,complex:NKG2D_II_receptor,ULBP1,,Ligand-Receptor,Signaling by Killer Cell Lectin Like Receptor K1,cDC1|B cell,0.574
TNFSF13_TNFRSF13B,simple:O75888,simple:O14836,TNFSF13,TNFRSF13B,Ligand-Receptor,Signaling by Tumor necrosis factor,cDC1|B cell,0.578
PTPRC_CD22,simple:P08575,simple:P20273,PTPRC,CD22,Receptor-Receptor,,cDC1|B cell,0.602
CDH2_FCER2,simple:P19022,simple:P06734,CDH2,FCER2,Ligand-Receptor,Adhesion by Cadherin,cDC1|B cell,0.762
ProstaglandinE2_byPTGES2_PTGER4,complex:ProstaglandinE2_byPTGES2,simple:P35408,,PTGER4,Ligand-Receptor,Signaling by Prostaglandin,cDC1|B cell,0.577
TNFSF13B_TNFRSF13B,simple:Q9Y275,simple:O14836,TNFSF13B,TNFRSF13B,Ligand-Receptor,Signaling by Tumor necrosis factor,cDC1|B cell,0.669
CXCL9_CXCR3,simple:Q07325,simple:P49682,CXCL9,CXCR3,Ligand-Receptor,Signaling by Chemokines,cDC1|B cell,0.602
TNF_TNFRSF1B,simple:P01375,simple:P20333,TNF,TNFRSF1B,Ligand-Receptor,Signaling by Tumor necrosis factor,cDC1|B cell,0.573
CXCL9_DPP4,simple:Q07325,simple:P27487,CXCL9,DPP4,Ligand-Receptor,Signaling by Chemokines,cDC1|B cell,0.615
CXCL16_CXCR6,simple:Q9H2A7,simple:O00574,CXCL16,CXCR6,Ligand-Receptor,Signaling by Chemokines,cDC1|B cell,0.601
CADM1_CADM1,simple:Q9BY67,simple:Q9BY67,CADM1,CADM1,Adhesion-Adhesion,Adhesion by CADM,cDC1|B cell,0.632
CALCA_RAMP1_complex,simple:P01258,complex:RAMP1_complex,CALCA,,Ligand-Receptor,Signaling by Calcitonin,cDC1|B cell,0.607
CD86_CTLA4,simple:P42081,simple:P16410,CD86,CTLA4,Ligand-Receptor,,cDC1|B cell,0.615
APOB_TREM2_receptor,simple:P04114,complex:TREM2_receptor,APOB,,Ligand-Receptor,Signaling by Apolipoprotein,cDC1|B cell,0.556
CCL21_CCR7,simple:O00585,simple:P32248,CCL21,CCR7,Ligand-Receptor,Signaling by Chemokines,cDC2|B cell,0.57
TNFSF13B_TNFRSF13C,simple:Q9Y275,simple:Q96RJ3,TNFSF13B,TNFRSF13C,Ligand-Receptor,Signaling by Tumor necrosis factor,cDC2|B cell,0.68
TNFSF13_TNFRSF13B,simple:O75888,simple:O14836,TNFSF13,TNFRSF13B,Ligand-Receptor,Signaling by Tumor necrosis factor,cDC2|B cell,0.685
LipoxinA4_byALOX5_FPR2,complex:LipoxinA4_byALOX5,simple:P25090,,FPR2,Ligand-Receptor,Signaling by Lipoxin/Leukotriene,cDC2|B cell,0.534
PTPRC_CD22,simple:P08575,simple:P20273,PTPRC,CD22,Receptor-Receptor,,cDC2|B cell,0.613
TNFSF13_TNFRSF17,simple:O75888,simple:Q02223,TNFSF13,TNFRSF17,Ligand-Receptor,Signaling by Tumor necrosis factor,cDC2|B cell,0.592
TNFSF13B_TNFRSF13B,simple:Q9Y275,simple:O14836,TNFSF13B,TNFRSF13B,Ligand-Receptor,Signaling by Tumor necrosis factor,cDC2|B cell,0.679
CCL19_CCR7,simple:Q99731,simple:P32248,CCL19,CCR7,Ligand-Receptor,Signaling by Chemokines,DC mature|Plasma cell,0.647
C10orf99_SUSD2,simple:Q6UWK7,simple:Q9UGT4,C10orf99,SUSD2,Ligand-Receptor,,DC mature|Plasma cell,0.655
TNFSF13B_TNFRSF13C,simple:Q9Y275,simple:Q96RJ3,TNFSF13B,TNFRSF13C,Ligand-Receptor,Signaling by Tumor necrosis factor,DC mature|Plasma cell,0.626
LipoxinA4_byALOX12_FPR2,complex:LipoxinA4_byALOX12,simple:P25090,,FPR2,Ligand-Receptor,Signaling by Lipoxin/Leukotriene,DC mature|Plasma cell,0.645
CCL19_CCRL2,simple:Q99731,simple:O00421,CCL19,CCRL2,Ligand-Receptor,Signaling by Chemokines,DC mature|Plasma cell,0.649
TNFSF13B_TNFRSF17,simple:Q9Y275,simple:Q02223,TNFSF13B,TNFRSF17,Ligand-Receptor,Signaling by Tumor necrosis factor,DC mature|Plasma cell,0.716
CD200_CD200R1,simple:P41217,simple:Q8TD46,CD200,CD200R1,Ligand-Receptor,,DC mature|Plasma cell,0.624
TNFSF13_TNFRSF17,simple:O75888,simple:Q02223,TNFSF13,TNFRSF17,Ligand-Receptor,Signaling by Tumor necrosis factor,DC mature|Plasma cell,0.605
SAA1_FPR2,simple:P0DJI8,simple:P25090,SAA1,FPR2,Ligand-Receptor,,DC mature|Plasma cell,0.601
TNFSF18_TNFRSF18,simple:Q9UNG2,simple:Q9Y5U5,TNFSF18,TNFRSF18,Ligand-Receptor,Signaling by Tumor necrosis factor,DC mature|Plasma cell,0.66
TNFSF13B_TNFRSF13B,simple:Q9Y275,simple:O14836,TNFSF13B,TNFRSF13B,Ligand-Receptor,Signaling by Tumor necrosis factor,DC mature|Plasma cell,0.635
WNT5B_SFRP1,simple:Q9H1J7,simple:Q8N474,WNT5B,SFRP1,Ligand-Ligand,Signaling by WNT inhibition,DC mature|Plasma cell,0.648
CD70_CD27,simple:P32970,simple:P26842,CD70,CD27,Ligand-Receptor,,DC mature|Plasma cell,0.674
NECTIN2_TIGIT,simple:Q92692,simple:Q495A1,NECTIN2,TIGIT,Ligand-Receptor,Signaling by Nectin,DC mature|Plasma cell,0.613
CXCL9_CXCR3,simple:Q07325,simple:P49682,CXCL9,CXCR3,Ligand-Receptor,Signaling by Chemokines,DC mature|Plasma cell,0.63
CXCL10_CXCR3,simple:P02778,simple:P49682,CXCL10,CXCR3,Ligand-Receptor,Signaling by Chemokines,DC mature|Plasma cell,0.619
CRLF2_TSLPR,simple:Q9HC73,complex:TSLPR,CRLF2,,Receptor-Receptor,,DC mature|Plasma cell,0.642
CXCL10_DPP4,simple:P02778,simple:P27487,CXCL10,DPP4,Ligand-Receptor,Signaling by Chemokines,DC mature|Plasma cell,0.631
CXCL11_CXCR3,simple:O14625,simple:P49682,CXCL11,CXCR3,Ligand-Receptor,Signaling by Chemokines,DC mature|Plasma cell,0.626
CALCA_RAMP1_complex,simple:P01258,complex:RAMP1_complex,CALCA,,Ligand-Receptor,Signaling by Calcitonin,DC mature|Plasma cell,0.618
CXCL11_ACKR3,simple:O14625,simple:P25106,CXCL11,ACKR3,Ligand-Receptor,Signaling by Chemokines,DC mature|Plasma cell,0.64
CD86_CTLA4,simple:P42081,simple:P16410,CD86,CTLA4,Ligand-Receptor,,DC mature|Plasma cell,0.638
CXCL11_DPP4,simple:O14625,simple:P27487,CXCL11,DPP4,Ligand-Receptor,Signaling by Chemokines,DC mature|Plasma cell,0.637
SerotoninDopamin_byDDC_HTR3C,complex:SerotoninDopamin_byDDC,simple:Q8WXA8,,HTR3C,Ligand-Receptor,Signaling by Serotonin/Dopamine,DC mature|Plasma cell,0.528
WNT5B_SFRP5,simple:Q9H1J7,simple:Q5T4F7,WNT5B,SFRP5,Ligand-Ligand,Signaling by WNT inhibition,DC mature|Plasma cell,0.659
CCL22_DPP4,simple:O00626,simple:P27487,CCL22,DPP4,Ligand-Receptor,Signaling by Chemokines,DC mature|Plasma cell,0.655
CXCL5_CXCR1,simple:P42830,simple:P25024,CXCL5,CXCR1,Ligand-Receptor,Signaling by Chemokines,Macrophage alveolar|Plasma cell,0.599
PPBP_CXCR1,simple:P02775,simple:P25024,PPBP,CXCR1,Ligand-Receptor,Signaling by Chemokines,Macrophage alveolar|Plasma cell,0.584
TNFSF13_TNFRSF13B,simple:O75888,simple:O14836,TNFSF13,TNFRSF13B,Ligand-Receptor,Signaling by Tumor necrosis factor,Macrophage alveolar|Plasma cell,0.611
CXCL5_CXCR2,simple:P42830,simple:P25025,CXCL5,CXCR2,Ligand-Receptor,Signaling by Chemokines,Macrophage alveolar|Plasma cell,0.598
TNFSF13B_TNFRSF17,simple:Q9Y275,simple:Q02223,TNFSF13B,TNFRSF17,Ligand-Receptor,Signaling by Tumor necrosis factor,Macrophage alveolar|Plasma cell,0.66
CRTAM_CADM1,simple:O95727,simple:Q9BY67,CRTAM,CADM1,Adhesion-Adhesion,,Macrophage alveolar|Plasma cell,0.604
TNFSF13_TNFRSF17,simple:O75888,simple:Q02223,TNFSF13,TNFRSF17,Ligand-Receptor,Signaling by Tumor necrosis factor,Macrophage alveolar|Plasma cell,0.692
CCL23_FPR2,simple:P55773,simple:P25090,CCL23,FPR2,Ligand-Receptor,Signaling by Chemokines,Macrophage alveolar|Plasma cell,0.587
PECAM1_CD38,simple:P16284,simple:P28907,PECAM1,CD38,Receptor-Receptor,,Macrophage alveolar|Plasma cell,0.674
CXCL3_CXCR2,simple:P19876,simple:P25025,CXCL3,CXCR2,Ligand-Receptor,Signaling by Chemokines,Macrophage alveolar|Plasma cell,0.589
RBP4_STRA6,simple:P02753,simple:Q9BX79,RBP4,STRA6,Ligand-Receptor,,Macrophage alveolar|Plasma cell,0.597
CXCL8_CXCR2,simple:P10145,simple:P25025,CXCL8,CXCR2,Ligand-Receptor,Signaling by Chemokines,Monocyte classical|Plasma cell,0.564
CXCL8_CXCR1,simple:P10145,simple:P25024,CXCL8,CXCR1,Ligand-Receptor,Signaling by Chemokines,Monocyte classical|Plasma cell,0.565
TNFSF13B_TNFRSF17,simple:Q9Y275,simple:Q02223,TNFSF13B,TNFRSF17,Ligand-Receptor,Signaling by Tumor necrosis factor,Monocyte classical|Plasma cell,0.681
NRG1_integrin_a6b4_complex,simple:Q02297,complex:integrin_a6b4_complex,NRG1,,Ligand-Receptor,Signaling by Neuregulin,Monocyte classical|Plasma cell,0.609
TNFSF13_TNFRSF17,simple:O75888,simple:Q02223,TNFSF13,TNFRSF17,Ligand-Receptor,Signaling by Tumor necrosis factor,Monocyte classical|Plasma cell,0.656
CCL20_CCR6,simple:P78556,simple:P51684,CCL20,CCR6,Ligand-Receptor,Signaling by Chemokines,Monocyte classical|Plasma cell,0.584
Estradiol_byCYP19A1_ESR2,complex:Estradiol_byCYP19A1,simple:Q92731,,ESR2,Ligand-Receptor,Signaling by Steroids,Monocyte classical|Plasma cell,0.597
PECAM1_CD38,simple:P16284,simple:P28907,PECAM1,CD38,Receptor-Receptor,,Monocyte classical|Plasma cell,0.638
CXCL3_CXCR2,simple:P19876,simple:P25025,CXCL3,CXCR2,Ligand-Receptor,Signaling by Chemokines,Monocyte classical|Plasma cell,0.592
CXCL2_CXCR2,simple:P19875,simple:P25025,CXCL2,CXCR2,Ligand-Receptor,Signaling by Chemokines,Monocyte classical|Plasma cell,0.593
CD86_CTLA4,simple:P42081,simple:P16410,CD86,CTLA4,Ligand-Receptor,,Monocyte classical|Plasma cell,0.573
EREG_ERBB4,simple:O14944,simple:Q15303,EREG,ERBB4,Ligand-Receptor,Signaling by Epidermal growth factor,Monocyte classical|Plasma cell,0.601
XCL2_XCR1,simple:Q9UBD3,simple:P46094,XCL2,XCR1,Ligand-Receptor,Signaling by Lymphotactin,NK cell|Plasma cell,0.599
CCL5_ACKR1,simple:P13501,simple:Q16570,CCL5,ACKR1,Ligand-Receptor,Signaling by Chemokines,NK cell|Plasma cell,0.579
CCL28_CCR10,simple:Q9NRJ3,simple:P46092,CCL28,CCR10,Ligand-Receptor,Signaling by Chemokines,NK cell|Plasma cell,0.666
XCL1_XCR1,simple:P47992,simple:P46094,XCL1,XCR1,Ligand-Receptor,Signaling by Lymphotactin,NK cell|Plasma cell,0.595
CCL19_CCR7,simple:Q99731,simple:P32248,CCL19,CCR7,Ligand-Receptor,Signaling by Chemokines,Plasma cell|DC mature,0.661
CCL21_CCR7,simple:O00585,simple:P32248,CCL21,CCR7,Ligand-Receptor,Signaling by Chemokines,Plasma cell|DC mature,0.659
LRFN5_PTPRF,simple:Q96NI6,simple:P10586,LRFN5,PTPRF,Ligand-Receptor,Signaling by Leucine Rich Repeat And Fibronectin,Plasma cell|DC mature,0.596
IL4_IL4_receptor,simple:P05112,complex:IL4_receptor,IL4,,Ligand-Receptor,Signaling by Interleukin,Plasma cell|DC mature,0.555
TNFSF9_TNFRSF9,simple:P41273,simple:Q07011,TNFSF9,TNFRSF9,Ligand-Receptor,Signaling by Tumor necrosis factor,Plasma cell|DC mature,0.606
TSLP_TSLPR,simple:Q969D9,complex:TSLPR,TSLP,,Ligand-Receptor,,Plasma cell|DC mature,0.602
CRLF2_TSLPR,simple:Q9HC73,complex:TSLPR,CRLF2,,Receptor-Receptor,,Plasma cell|DC mature,0.613
CD40LG_CD40,simple:P29965,simple:P25942,CD40LG,CD40,Ligand-Receptor,,Plasma cell|DC mature,0.633
DLK1_NOTCH2,simple:P80370,simple:Q04721,DLK1,NOTCH2,Ligand-Receptor,Signaling by Notch,Plasma cell|DC mature,0.656
WNT5B_SFRP5,simple:Q9H1J7,simple:Q5T4F7,WNT5B,SFRP5,Ligand-Ligand,Signaling by WNT inhibition,Plasma cell|DC mature,0.537
DHEAsulfate_bySULT1E1_PPARG,complex:DHEAsulfate_bySULT1E1,simple:P37231,,PPARG,Ligand-Receptor,Signaling by Dehydroepiandrosterone,Plasma cell|Macrophage alveolar,0.581
CCL19_CCRL2,simple:Q99731,simple:O00421,CCL19,CCRL2,Ligand-Receptor,Signaling by Chemokines,Plasma cell|Macrophage alveolar,0.55
APOE_TREM2_receptor,simple:P02649,complex:TREM2_receptor,APOE,,Ligand-Receptor,Signaling by Apolipoprotein,Plasma cell|Macrophage alveolar,0.562
LeukotrieneE4_byDPEP1_CYSLTR2,complex:LeukotrieneE4_byDPEP1,simple:Q9NS75,,CYSLTR2,Ligand-Receptor,Signaling by Lipoxin/Leukotriene,Plasma cell|Macrophage alveolar,0.663
CEACAM1_CEACAM8,simple:P13688,simple:P31997,CEACAM1,CEACAM8,Adhesion-Adhesion,Adhesion by CEAM,Plasma cell|Macrophage alveolar,0.587
CTSG_FPR1,simple:P08311,simple:P21462,CTSG,FPR1,Ligand-Receptor,Signaling by Cathepsin,Plasma cell|Macrophage alveolar,0.552
ADCYAP1_VIPR1,simple:P18509,simple:P32241,ADCYAP1,VIPR1,Ligand-Receptor,Signaling by Pituitary adenylate,Plasma cell|Monocyte classical,0.519
LTC4_byLTC4S_CYSLTR2,complex:LTC4_byLTC4S,simple:Q9NS75,,CYSLTR2,Ligand-Receptor,Signaling by Lipoxin/Leukotriene,Plasma cell|Monocyte classical,0.585
CCL19_CCRL2,simple:Q99731,simple:O00421,CCL19,CCRL2,Ligand-Receptor,Signaling by Chemokines,Plasma cell|Monocyte classical,0.582
LipoxinA4_byALOX5_FPR2,complex:LipoxinA4_byALOX5,simple:P25090,,FPR2,Ligand-Receptor,Signaling by Lipoxin/Leukotriene,Plasma cell|Monocyte classical,0.525
SAA1_FPR2,simple:P0DJI8,simple:P25090,SAA1,FPR2,Ligand-Receptor,,Plasma cell|Monocyte classical,0.605
LeukotrieneC4_byLTC4S_CYSLTR2,complex:LeukotrieneC4_byLTC4S,simple:Q9NS75,,CYSLTR2,Ligand-Receptor,Signaling by Lipoxin/Leukotriene,Plasma cell|Monocyte classical,0.529
DLK1_NOTCH4,simple:P80370,simple:Q99466,DLK1,NOTCH4,Ligand-Receptor,Signaling by Notch,Plasma cell|Monocyte classical,0.585
LeukotrieneE4_byDPEP1_CYSLTR2,complex:LeukotrieneE4_byDPEP1,simple:Q9NS75,,CYSLTR2,Ligand-Receptor,Signaling by Lipoxin/Leukotriene,Plasma cell|Monocyte classical,0.68
fibrinogen_integrin_aXb2_complex,complex:fibrinogen,complex:integrin_aXb2_complex,,,Ligand-Receptor,Adhesion by Fibribogen,Plasma cell|Monocyte classical,0.585
DLK1_NOTCH2,simple:P80370,simple:Q04721,DLK1,NOTCH2,Ligand-Receptor,Signaling by Notch,Plasma cell|Monocyte classical,0.657
CTSG_FPR1,simple:P08311,simple:P21462,CTSG,FPR1,Ligand-Receptor,Signaling by Cathepsin,Plasma cell|Monocyte classical,0.603
FCER2_integrin_aXb2_complex,simple:P06734,complex:integrin_aXb2_complex,FCER2,,Receptor-Receptor,Signaling by FC receptor,Plasma cell|Monocyte classical,0.565
TNFSF13_TNFRSF17,simple:O75888,simple:Q02223,TNFSF13,TNFRSF17,Ligand-Receptor,Signaling by Tumor necrosis factor,Plasma cell|Plasma cell,0.577
WNT5B_SFRP2,simple:Q9H1J7,simple:Q96HF1,WNT5B,SFRP2,Ligand-Ligand,Signaling by WNT inhibition,Plasma cell|Plasma cell,0.543
WNT5B_SFRP5,simple:Q9H1J7,simple:Q5T4F7,WNT5B,SFRP5,Ligand-Ligand,Signaling by WNT inhibition,Plasma cell|Plasma cell,0.549
LTA_TNFRSF1B,simple:P01374,simple:P20333,LTA,TNFRSF1B,Ligand-Receptor,Signaling by Tumor necrosis factor,Plasma cell|T cell CD4 dividing,0.575
PVR_TIGIT,simple:P15151,simple:Q495A1,PVR,TIGIT,Ligand-Receptor,Signaling by Poliovirus receptor,Plasma cell|T cell CD4 dividing,0.598
CCL20_CCR6,simple:P78556,simple:P51684,CCL20,CCR6,Ligand-Receptor,Signaling by Chemokines,Plasma cell|T cell CD4 dividing,0.597
TNFSF18_TNFRSF18,simple:Q9UNG2,simple:Q9Y5U5,TNFSF18,TNFRSF18,Ligand-Receptor,Signaling by Tumor necrosis factor,Plasma cell|T cell CD4 dividing,0.626
IL4_IL4_receptor,simple:P05112,complex:IL4_receptor,IL4,,Ligand-Receptor,Signaling by Interleukin,Plasma cell|T cell CD4 dividing,0.552
FGL1_LAG3,simple:Q08830,simple:P18627,FGL1,LAG3,Ligand-Receptor,Signaling by Fibroblast growth factor,Plasma cell|T cell CD4 dividing,0.592
TNFSF9_TNFRSF9,simple:P41273,simple:Q07011,TNFSF9,TNFRSF9,Ligand-Receptor,Signaling by Tumor necrosis factor,Plasma cell|T cell CD4 dividing,0.592
CXCL13_CXCR5,simple:O43927,simple:P32302,CXCL13,CXCR5,Ligand-Receptor,Signaling by Chemokines,Plasma cell|T cell CD4 dividing,0.502
CXCL10_CXCR3,simple:P02778,simple:P49682,CXCL10,CXCR3,Ligand-Receptor,Signaling by Chemokines,Plasma cell|T cell CD4 dividing,0.6
CRLF2_TSLPR,simple:Q9HC73,complex:TSLPR,CRLF2,,Receptor-Receptor,,Plasma cell|T cell CD4 dividing,0.492
IL21_IL21_receptor,simple:Q9HBE4,complex:IL21_receptor,IL21,,Ligand-Receptor,Signaling by Interleukin,Plasma cell|T cell CD4 dividing,0.586
CXCL16_CXCR6,simple:Q9H2A7,simple:O00574,CXCL16,CXCR6,Ligand-Receptor,Signaling by Chemokines,Plasma cell|T cell CD4 dividing,0.59
CD86_CTLA4,simple:P42081,simple:P16410,CD86,CTLA4,Ligand-Receptor,,Plasma cell|T cell CD4 dividing,0.616
PODXL2_SELL,simple:Q9NZ53,simple:P14151,PODXL2,SELL,Ligand-Receptor,Signaling by Podocalyxin-like protein,Plasma cell|T cell CD4 dividing,0.628
LCK_CD8_receptor,simple:P06239,complex:CD8_receptor,LCK,,Receptor-Receptor,,Plasma cell|T cell CD8 dividing,0.601
IL4_IL4_receptor,simple:P05112,complex:IL4_receptor,IL4,,Ligand-Receptor,Signaling by Interleukin,Plasma cell|T cell CD8 dividing,0.52
FGL1_LAG3,simple:Q08830,simple:P18627,FGL1,LAG3,Ligand-Receptor,Signaling by Fibroblast growth factor,Plasma cell|T cell CD8 dividing,0.69
TNFSF9_TNFRSF9,simple:P41273,simple:Q07011,TNFSF9,TNFRSF9,Ligand-Receptor,Signaling by Tumor necrosis factor,Plasma cell|T cell CD8 dividing,0.591
CXCL9_CXCR3,simple:Q07325,simple:P49682,CXCL9,CXCR3,Ligand-Receptor,Signaling by Chemokines,Plasma cell|T cell CD8 dividing,0.599
CXCL10_CXCR3,simple:P02778,simple:P49682,CXCL10,CXCR3,Ligand-Receptor,Signaling by Chemokines,Plasma cell|T cell CD8 dividing,0.604
IL21_IL21_receptor,simple:Q9HBE4,complex:IL21_receptor,IL21,,Ligand-Receptor,Signaling by Interleukin,Plasma cell|T cell CD8 dividing,0.58
CEACAM5_CD8A,simple:P06731,simple:P01732,CEACAM5,CD8A,Adhesion-Adhesion,Adhesion by CEAM,Plasma cell|T cell CD8 dividing,0.625
DLK1_NOTCH4,simple:P80370,simple:Q99466,DLK1,NOTCH4,Ligand-Receptor,Signaling by Notch,Plasma cell|T cell CD8 dividing,0.579
CXCL11_CXCR3,simple:O14625,simple:P49682,CXCL11,CXCR3,Ligand-Receptor,Signaling by Chemokines,Plasma cell|T cell CD8 dividing,0.594
CXCL16_CXCR6,simple:Q9H2A7,simple:O00574,CXCL16,CXCR6,Ligand-Receptor,Signaling by Chemokines,Plasma cell|T cell CD8 dividing,0.595
CD86_CTLA4,simple:P42081,simple:P16410,CD86,CTLA4,Ligand-Receptor,,Plasma cell|T cell CD8 dividing,0.599
FGL1_LAG3,simple:Q08830,simple:P18627,FGL1,LAG3,Ligand-Receptor,Signaling by Fibroblast growth factor,Plasma cell|T cell CD8 effector memory,0.586
CEACAM5_CD8A,simple:P06731,simple:P01732,CEACAM5,CD8A,Adhesion-Adhesion,Adhesion by CEAM,Plasma cell|T cell CD8 effector memory,0.571
FGL1_LAG3,simple:Q08830,simple:P18627,FGL1,LAG3,Ligand-Receptor,Signaling by Fibroblast growth factor,Plasma cell|T cell CD8 terminally exhausted,0.647
CEACAM5_CD8A,simple:P06731,simple:P01732,CEACAM5,CD8A,Adhesion-Adhesion,Adhesion by CEAM,Plasma cell|T cell CD8 terminally exhausted,0.585
FGL1_LAG3,simple:Q08830,simple:P18627,FGL1,LAG3,Ligand-Receptor,Signaling by Fibroblast growth factor,Plasma cell|T cell NK-like,0.57
CEACAM5_CD8A,simple:P06731,simple:P01732,CEACAM5,CD8A,Adhesion-Adhesion,Adhesion by CEAM,Plasma cell|T cell NK-like,0.593
TNFSF18_TNFRSF18,simple:Q9UNG2,simple:Q9Y5U5,TNFSF18,TNFRSF18,Ligand-Receptor,Signaling by Tumor necrosis factor,Plasma cell|T cell regulatory,0.571
CRLF2_TSLPR,simple:Q9HC73,complex:TSLPR,CRLF2,,Receptor-Receptor,,Plasma cell|T cell regulatory,0.49
IL21_IL21_receptor,simple:Q9HBE4,complex:IL21_receptor,IL21,,Ligand-Receptor,Signaling by Interleukin,Plasma cell|T cell regulatory,0.562
SCT_SCTR,simple:P09683,simple:P47872,SCT,SCTR,Ligand-Receptor,Signaling by Secretin,Plasma cell|Tumor Tumor ImmunoSup,0.513
WNT5B_WIF1,simple:Q9H1J7,simple:Q9Y5W5,WNT5B,WIF1,Ligand-Ligand,Signaling by WNT inhibition,Plasma cell|Tumor Tumor ImmunoSup,0.573
XCL2_XCR1,simple:Q9UBD3,simple:P46094,XCL2,XCR1,Ligand-Receptor,Signaling by Lymphotactin,Plasma cell|cDC1,0.656
Histamine_byHDC_HRH2,complex:Histamine_byHDC,simple:P25021,,HRH2,Ligand-Receptor,Signaling by Histamine,Plasma cell|cDC1,0.618
CRTAM_CADM1,simple:O95727,simple:Q9BY67,CRTAM,CADM1,Adhesion-Adhesion,,Plasma cell|cDC1,0.633
CCL20_CCR6,simple:P78556,simple:P51684,CCL20,CCR6,Ligand-Receptor,Signaling by Chemokines,Plasma cell|cDC1,0.592
CCL11_DPP4,simple:P51671,simple:P27487,CCL11,DPP4,Ligand-Receptor,Signaling by Chemokines,Plasma cell|cDC1,0.634
FGL1_LAG3,simple:Q08830,simple:P18627,FGL1,LAG3,Ligand-Receptor,Signaling by Fibroblast growth factor,Plasma cell|cDC1,0.588
PVR_CD226,simple:P15151,simple:Q15762,PVR,CD226,Ligand-Receptor,Signaling by Poliovirus receptor,Plasma cell|cDC1,0.619
CADM3_CADM1,simple:Q8N126,simple:Q9BY67,CADM3,CADM1,Adhesion-Adhesion,Adhesion by CADM,Plasma cell|cDC1,0.643
CXCL10_DPP4,simple:P02778,simple:P27487,CXCL10,DPP4,Ligand-Receptor,Signaling by Chemokines,Plasma cell|cDC1,0.624
CD40LG_CD40,simple:P29965,simple:P25942,CD40LG,CD40,Ligand-Receptor,,Plasma cell|cDC1,0.603
CXCL9_DPP4,simple:Q07325,simple:P27487,CXCL9,DPP4,Ligand-Receptor,Signaling by Chemokines,Plasma cell|cDC1,0.619
CADM1_CADM1,simple:Q9BY67,simple:Q9BY67,CADM1,CADM1,Adhesion-Adhesion,Adhesion by CADM,Plasma cell|cDC1,0.703
COL4A1_ADGRG6,simple:P02462,simple:Q86SQ4,COL4A1,ADGRG6,Adhesion-Adhesion,Adhesion by Collagen/Integrin,Plasma cell|cDC1,0.625
fibrinogen_integrin_aXb2_complex,complex:fibrinogen,complex:integrin_aXb2_complex,,,Ligand-Receptor,Adhesion by Fibribogen,Plasma cell|cDC1,0.577
CD52_SIGLEC10,simple:P31358,simple:Q96LC7,CD52,SIGLEC10,Ligand-Receptor,,Plasma cell|cDC1,0.586
COL4A2_ADGRG6,simple:P08572,simple:Q86SQ4,COL4A2,ADGRG6,Adhesion-Adhesion,Adhesion by Collagen/Integrin,Plasma cell|cDC1,0.621
ProstaglandinE2_byPTGES_PTGER3,complex:ProstaglandinE2_byPTGES,simple:P43115,,PTGER3,Ligand-Receptor,Signaling by Prostaglandin,Plasma cell|cDC1,0.598
CXCL11_DPP4,simple:O14625,simple:P27487,CXCL11,DPP4,Ligand-Receptor,Signaling by Chemokines,Plasma cell|cDC1,0.615
DLK1_NOTCH2,simple:P80370,simple:Q04721,DLK1,NOTCH2,Ligand-Receptor,Signaling by Notch,Plasma cell|cDC1,0.69
XCL1_XCR1,simple:P47992,simple:P46094,XCL1,XCR1,Ligand-Receptor,Signaling by Lymphotactin,Plasma cell|cDC1,0.651
COL4A3_ADGRG6,simple:Q01955,simple:Q86SQ4,COL4A3,ADGRG6,Adhesion-Adhesion,Adhesion by Collagen/Integrin,Plasma cell|cDC1,0.65
LAMA2_ADGRG6,simple:P24043,simple:Q86SQ4,LAMA2,ADGRG6,Ligand-Receptor,,Plasma cell|cDC1,0.63
CCL22_DPP4,simple:O00626,simple:P27487,CCL22,DPP4,Ligand-Receptor,Signaling by Chemokines,Plasma cell|cDC1,0.634
FCER2_integrin_aXb2_complex,simple:P06734,complex:integrin_aXb2_complex,FCER2,,Receptor-Receptor,Signaling by FC receptor,Plasma cell|cDC1,0.557
LTC4_byLTC4S_CYSLTR2,complex:LTC4_byLTC4S,simple:Q9NS75,,CYSLTR2,Ligand-Receptor,Signaling by Lipoxin/Leukotriene,Plasma cell|cDC2,0.595
LeukotrieneC4_byLTC4S_CYSLTR2,complex:LeukotrieneC4_byLTC4S,simple:Q9NS75,,CYSLTR2,Ligand-Receptor,Signaling by Lipoxin/Leukotriene,Plasma cell|cDC2,0.539
LeukotrieneE4_byDPEP1_CYSLTR2,complex:LeukotrieneE4_byDPEP1,simple:Q9NS75,,CYSLTR2,Ligand-Receptor,Signaling by Lipoxin/Leukotriene,Plasma cell|cDC2,0.691
fibrinogen_integrin_aXb2_complex,complex:fibrinogen,complex:integrin_aXb2_complex,,,Ligand-Receptor,Adhesion by Fibribogen,Plasma cell|cDC2,0.595
DLK1_NOTCH2,simple:P80370,simple:Q04721,DLK1,NOTCH2,Ligand-Receptor,Signaling by Notch,Plasma cell|cDC2,0.639
WNT5B_WIF1,simple:Q9H1J7,simple:Q9Y5W5,WNT5B,WIF1,Ligand-Ligand,Signaling by WNT inhibition,Plasma cell|cDC2,0.542
WNT5B_SFRP5,simple:Q9H1J7,simple:Q5T4F7,WNT5B,SFRP5,Ligand-Ligand,Signaling by WNT inhibition,Plasma cell|cDC2,0.547
CTSG_FPR1,simple:P08311,simple:P21462,CTSG,FPR1,Ligand-Receptor,Signaling by Cathepsin,Plasma cell|cDC2,0.592
FCER2_integrin_aXb2_complex,simple:P06734,complex:integrin_aXb2_complex,FCER2,,Receptor-Receptor,Signaling by FC receptor,Plasma cell|cDC2,0.575
LCK_CD8_receptor,simple:P06239,complex:CD8_receptor,LCK,,Receptor-Receptor,,T cell CD4 dividing|Plasma cell,0.6
CALCB_RAMP1_complex,simple:P10092,complex:RAMP1_complex,CALCB,,Ligand-Receptor,Signaling by Calcitonin,T cell CD4 dividing|Plasma cell,0.612
LTA_TNFRSF1B,simple:P01374,simple:P20333,LTA,TNFRSF1B,Ligand-Receptor,Signaling by Tumor necrosis factor,T cell CD4 dividing|Plasma cell,0.595
CD70_CD27,simple:P32970,simple:P26842,CD70,CD27,Ligand-Receptor,,T cell CD4 dividing|Plasma cell,0.696
FGL1_LAG3,simple:Q08830,simple:P18627,FGL1,LAG3,Ligand-Receptor,Signaling by Fibroblast growth factor,T cell CD4 dividing|Plasma cell,0.536
CXCL13_CXCR5,simple:O43927,simple:P32302,CXCL13,CXCR5,Ligand-Receptor,Signaling by Chemokines,T cell CD4 dividing|Plasma cell,0.588
IL13_IL13RA2,simple:P35225,simple:Q14627,IL13,IL13RA2,Ligand-Receptor,Signaling by Interleukin,T cell CD4 dividing|Plasma cell,0.617
IL21_IL21_receptor,simple:Q9HBE4,complex:IL21_receptor,IL21,,Ligand-Receptor,Signaling by Interleukin,T cell CD4 dividing|Plasma cell,0.623
CD40LG_CD40,simple:P29965,simple:P25942,CD40LG,CD40,Ligand-Receptor,,T cell CD4 dividing|Plasma cell,0.608
CCL28_CCR10,simple:Q9NRJ3,simple:P46092,CCL28,CCR10,Ligand-Receptor,Signaling by Chemokines,T cell CD4 dividing|Plasma cell,0.721
CD177_PECAM1,simple:Q8N6Q3,simple:P16284,CD177,PECAM1,Ligand-Receptor,,T cell CD4 dividing|Plasma cell,0.656
IL24_IL20_receptor_Type_I,simple:Q13007,complex:IL20_receptor_Type_I,IL24,,Ligand-Receptor,Signaling by Interleukin,T cell CD4 dividing|Plasma cell,0.591
SerotoninDopamin_byDDC_HTR3C,complex:SerotoninDopamin_byDDC,simple:Q8WXA8,,HTR3C,Ligand-Receptor,Signaling by Serotonin/Dopamine,T cell CD4 dividing|Plasma cell,0.529
XCL2_XCR1,simple:Q9UBD3,simple:P46094,XCL2,XCR1,Ligand-Receptor,Signaling by Lymphotactin,T cell CD8 dividing|Plasma cell,0.621
LCK_CD8_receptor,simple:P06239,complex:CD8_receptor,LCK,,Receptor-Receptor,,T cell CD8 dividing|Plasma cell,0.599
CALCB_RAMP1_complex,simple:P10092,complex:RAMP1_complex,CALCB,,Ligand-Receptor,Signaling by Calcitonin,T cell CD8 dividing|Plasma cell,0.594
CCL3_CCR1,simple:P10147,simple:P32246,CCL3,CCR1,Ligand-Receptor,Signaling by Chemokines,T cell CD8 dividing|Plasma cell,0.597
HLA-C_KIR2DL3,simple:HLAC,simple:P43628,HLA-C,KIR2DL3,Ligand-Receptor,Signaling by HLA,T cell CD8 dividing|Plasma cell,0.568
CRTAM_CADM1,simple:O95727,simple:Q9BY67,CRTAM,CADM1,Adhesion-Adhesion,,T cell CD8 dividing|Plasma cell,0.667
CD70_CD27,simple:P32970,simple:P26842,CD70,CD27,Ligand-Receptor,,T cell CD8 dividing|Plasma cell,0.696
CCL5_ACKR1,simple:P13501,simple:Q16570,CCL5,ACKR1,Ligand-Receptor,Signaling by Chemokines,T cell CD8 dividing|Plasma cell,0.614
CXCL13_CXCR5,simple:O43927,simple:P32302,CXCL13,CXCR5,Ligand-Receptor,Signaling by Chemokines,T cell CD8 dividing|Plasma cell,0.637
IL13_IL13RA2,simple:P35225,simple:Q14627,IL13,IL13RA2,Ligand-Receptor,Signaling by Interleukin,T cell CD8 dividing|Plasma cell,0.62
CCL28_CCR10,simple:Q9NRJ3,simple:P46092,CCL28,CCR10,Ligand-Receptor,Signaling by Chemokines,T cell CD8 dividing|Plasma cell,0.708
ENTPD1_ADORA3,simple:P49961,simple:P0DMS8,ENTPD1,ADORA3,Ligand-Receptor,Signaling by Ectonucleoside,T cell CD8 dividing|Plasma cell,0.587
XCL1_XCR1,simple:P47992,simple:P46094,XCL1,XCR1,Ligand-Receptor,Signaling by Lymphotactin,T cell CD8 dividing|Plasma cell,0.622
XCL2_XCR1,simple:Q9UBD3,simple:P46094,XCL2,XCR1,Ligand-Receptor,Signaling by Lymphotactin,T cell CD8 effector memory|Plasma cell,0.574
CALCB_RAMP1_complex,simple:P10092,complex:RAMP1_complex,CALCB,,Ligand-Receptor,Signaling by Calcitonin,T cell CD8 effector memory|Plasma cell,0.551
CRTAM_CADM1,simple:O95727,simple:Q9BY67,CRTAM,CADM1,Adhesion-Adhesion,,T cell CD8 effector memory|Plasma cell,0.631
IL4_IL4_receptor,simple:P05112,complex:IL4_receptor,IL4,,Ligand-Receptor,Signaling by Interleukin,T cell CD8 effector memory|Plasma cell,0.515
TNFSF9_TNFRSF9,simple:P41273,simple:Q07011,TNFSF9,TNFRSF9,Ligand-Receptor,Signaling by Tumor necrosis factor,T cell CD8 effector memory|Plasma cell,0.558
XCL1_XCR1,simple:P47992,simple:P46094,XCL1,XCR1,Ligand-Receptor,Signaling by Lymphotactin,T cell CD8 effector memory|Plasma cell,0.576
CRTAM_CADM1,simple:O95727,simple:Q9BY67,CRTAM,CADM1,Adhesion-Adhesion,,T cell CD8 terminally exhausted|Plasma cell,0.635
CD70_CD27,simple:P32970,simple:P26842,CD70,CD27,Ligand-Receptor,,T cell CD8 terminally exhausted|Plasma cell,0.642
CXCL13_CXCR5,simple:O43927,simple:P32302,CXCL13,CXCR5,Ligand-Receptor,Signaling by Chemokines,T cell CD8 terminally exhausted|Plasma cell,0.592
IL13_IL13RA2,simple:P35225,simple:Q14627,IL13,IL13RA2,Ligand-Receptor,Signaling by Interleukin,T cell CD8 terminally exhausted|Plasma cell,0.536
CCL28_CCR10,simple:Q9NRJ3,simple:P46092,CCL28,CCR10,Ligand-Receptor,Signaling by Chemokines,T cell CD8 terminally exhausted|Plasma cell,0.625
CCL5_CCR1,simple:P13501,simple:P32246,CCL5,CCR1,Ligand-Receptor,Signaling by Chemokines,T cell NK-like|Plasma cell,0.583
PTPRC_MRC1,simple:P08575,simple:P22897,PTPRC,MRC1,Receptor-Receptor,,T cell NK-like|Plasma cell,0.565
PTPRC_CD22,simple:P08575,simple:P20273,PTPRC,CD22,Receptor-Receptor,,T cell NK-like|Plasma cell,0.568
CRTAM_CADM1,simple:O95727,simple:Q9BY67,CRTAM,CADM1,Adhesion-Adhesion,,T cell NK-like|Plasma cell,0.623
CCL5_ACKR1,simple:P13501,simple:Q16570,CCL5,ACKR1,Ligand-Receptor,Signaling by Chemokines,T cell NK-like|Plasma cell,0.6
CD70_CD27,simple:P32970,simple:P26842,CD70,CD27,Ligand-Receptor,,T cell regulatory|Plasma cell,0.626
IL21_IL21_receptor,simple:Q9HBE4,complex:IL21_receptor,IL21,,Ligand-Receptor,Signaling by Interleukin,T cell regulatory|Plasma cell,0.562
CD177_PECAM1,simple:Q8N6Q3,simple:P16284,CD177,PECAM1,Ligand-Receptor,,T cell regulatory|Plasma cell,0.607
TNFSF13_TNFRSF17,simple:O75888,simple:Q02223,TNFSF13,TNFRSF17,Ligand-Receptor,Signaling by Tumor necrosis factor,Tumor Tumor ImmunoSup|Plasma cell,0.604
TNFSF13B_TNFRSF13C,simple:Q9Y275,simple:Q96RJ3,TNFSF13B,TNFRSF13C,Ligand-Receptor,Signaling by Tumor necrosis factor,cDC1|Plasma cell,0.585
ULBP1_NKG2D_II_receptor,simple:Q9BZM6,complex:NKG2D_II_receptor,ULBP1,,Ligand-Receptor,Signaling by Killer Cell Lectin Like Receptor K1,cDC1|Plasma cell,0.57
TNFSF13B_TNFRSF17,simple:Q9Y275,simple:Q02223,TNFSF13B,TNFRSF17,Ligand-Receptor,Signaling by Tumor necrosis factor,cDC1|Plasma cell,0.676
TNFSF13_TNFRSF17,simple:O75888,simple:Q02223,TNFSF13,TNFRSF17,Ligand-Receptor,Signaling by Tumor necrosis factor,cDC1|Plasma cell,0.585
CDH2_FCER2,simple:P19022,simple:P06734,CDH2,FCER2,Ligand-Receptor,Adhesion by Cadherin,cDC1|Plasma cell,0.657
ProstaglandinE2_byPTGES2_PTGER4,complex:ProstaglandinE2_byPTGES2,simple:P35408,,PTGER4,Ligand-Receptor,Signaling by Prostaglandin,cDC1|Plasma cell,0.568
TNFSF18_TNFRSF18,simple:Q9UNG2,simple:Q9Y5U5,TNFSF18,TNFRSF18,Ligand-Receptor,Signaling by Tumor necrosis factor,cDC1|Plasma cell,0.6
CXCL9_CXCR3,simple:Q07325,simple:P49682,CXCL9,CXCR3,Ligand-Receptor,Signaling by Chemokines,cDC1|Plasma cell,0.604
TNF_TNFRSF1B,simple:P01375,simple:P20333,TNF,TNFRSF1B,Ligand-Receptor,Signaling by Tumor necrosis factor,cDC1|Plasma cell,0.568
CXCL16_CXCR6,simple:Q9H2A7,simple:O00574,CXCL16,CXCR6,Ligand-Receptor,Signaling by Chemokines,cDC1|Plasma cell,0.603
CADM1_CADM1,simple:Q9BY67,simple:Q9BY67,CADM1,CADM1,Adhesion-Adhesion,Adhesion by CADM,cDC1|Plasma cell,0.703
CALCA_RAMP1_complex,simple:P01258,complex:RAMP1_complex,CALCA,,Ligand-Receptor,Signaling by Calcitonin,cDC1|Plasma cell,0.606
CD86_CTLA4,simple:P42081,simple:P16410,CD86,CTLA4,Ligand-Receptor,,cDC1|Plasma cell,0.621
APOB_TREM2_receptor,simple:P04114,complex:TREM2_receptor,APOB,,Ligand-Receptor,Signaling by Apolipoprotein,cDC1|Plasma cell,0.56
TNFSF13_TNFRSF13B,simple:O75888,simple:O14836,TNFSF13,TNFRSF13B,Ligand-Receptor,Signaling by Tumor necrosis factor,cDC2|Plasma cell,0.611
LipoxinA4_byALOX5_FPR2,complex:LipoxinA4_byALOX5,simple:P25090,,FPR2,Ligand-Receptor,Signaling by Lipoxin/Leukotriene,cDC2|Plasma cell,0.536
TNFSF13B_TNFRSF17,simple:Q9Y275,simple:Q02223,TNFSF13B,TNFRSF17,Ligand-Receptor,Signaling by Tumor necrosis factor,cDC2|Plasma cell,0.685
TNFSF13_TNFRSF17,simple:O75888,simple:Q02223,TNFSF13,TNFRSF17,Ligand-Receptor,Signaling by Tumor necrosis factor,cDC2|Plasma cell,0.692
TNFSF18_TNFRSF18,simple:Q9UNG2,simple:Q9Y5U5,TNFSF18,TNFRSF18,Ligand-Receptor,Signaling by Tumor necrosis factor,cDC2|Plasma cell,0.602
CCL19_CCR7,simple:Q99731,simple:P32248,CCL19,CCR7,Ligand-Receptor,Signaling by Chemokines,DC mature|T cell CD8 effector memory,0.684
C10orf99_SUSD2,simple:Q6UWK7,simple:Q9UGT4,C10orf99,SUSD2,Ligand-Receptor,,DC mature|T cell CD8 effector memory,0.655
ULBP1_NKG2D_II_receptor,simple:Q9BZM6,complex:NKG2D_II_receptor,ULBP1,,Ligand-Receptor,Signaling by Killer Cell Lectin Like Receptor K1,DC mature|T cell CD8 effector memory,0.68
ULBP2_NKG2D_II_receptor,simple:Q9BZM5,complex:NKG2D_II_receptor,ULBP2,,Ligand-Receptor,Signaling by Killer Cell Lectin Like Receptor K1,DC mature|T cell CD8 effector memory,0.598
LipoxinA4_byALOX12_FPR2,complex:LipoxinA4_byALOX12,simple:P25090,,FPR2,Ligand-Receptor,Signaling by Lipoxin/Leukotriene,DC mature|T cell CD8 effector memory,0.643
CCL19_CCRL2,simple:Q99731,simple:O00421,CCL19,CCRL2,Ligand-Receptor,Signaling by Chemokines,DC mature|T cell CD8 effector memory,0.651
PVR_TIGIT,simple:P15151,simple:Q495A1,PVR,TIGIT,Ligand-Receptor,Signaling by Poliovirus receptor,DC mature|T cell CD8 effector memory,0.646
PVR_CD96,simple:P15151,simple:P40200,PVR,CD96,Ligand-Receptor,Signaling by Poliovirus receptor,DC mature|T cell CD8 effector memory,0.675
CD200_CD200R1,simple:P41217,simple:Q8TD46,CD200,CD200R1,Ligand-Receptor,,DC mature|T cell CD8 effector memory,0.708
SAA1_FPR2,simple:P0DJI8,simple:P25090,SAA1,FPR2,Ligand-Receptor,,DC mature|T cell CD8 effector memory,0.599
ProstaglandinE2_byPTGES2_PTGER4,complex:ProstaglandinE2_byPTGES2,simple:P35408,,PTGER4,Ligand-Receptor,Signaling by Prostaglandin,DC mature|T cell CD8 effector memory,0.691
TNFSF18_TNFRSF18,simple:Q9UNG2,simple:Q9Y5U5,TNFSF18,TNFRSF18,Ligand-Receptor,Signaling by Tumor necrosis factor,DC mature|T cell CD8 effector memory,0.657
WNT5B_SFRP1,simple:Q9H1J7,simple:Q8N474,WNT5B,SFRP1,Ligand-Ligand,Signaling by WNT inhibition,DC mature|T cell CD8 effector memory,0.646
CD70_CD27,simple:P32970,simple:P26842,CD70,CD27,Ligand-Receptor,,DC mature|T cell CD8 effector memory,0.665
PVR_CD226,simple:P15151,simple:Q15762,PVR,CD226,Ligand-Receptor,Signaling by Poliovirus receptor,DC mature|T cell CD8 effector memory,0.649
NECTIN2_TIGIT,simple:Q92692,simple:Q495A1,NECTIN2,TIGIT,Ligand-Receptor,Signaling by Nectin,DC mature|T cell CD8 effector memory,0.672
CXCL9_CXCR3,simple:Q07325,simple:P49682,CXCL9,CXCR3,Ligand-Receptor,Signaling by Chemokines,DC mature|T cell CD8 effector memory,0.721
CXCL10_CXCR3,simple:P02778,simple:P49682,CXCL10,CXCR3,Ligand-Receptor,Signaling by Chemokines,DC mature|T cell CD8 effector memory,0.71
CRLF2_TSLPR,simple:Q9HC73,complex:TSLPR,CRLF2,,Receptor-Receptor,,DC mature|T cell CD8 effector memory,0.658
CEACAM5_CD8A,simple:P06731,simple:P01732,CEACAM5,CD8A,Adhesion-Adhesion,Adhesion by CEAM,DC mature|T cell CD8 effector memory,0.573
CXCL10_DPP4,simple:P02778,simple:P27487,CXCL10,DPP4,Ligand-Receptor,Signaling by Chemokines,DC mature|T cell CD8 effector memory,0.653
CXCL11_CXCR3,simple:O14625,simple:P49682,CXCL11,CXCR3,Ligand-Receptor,Signaling by Chemokines,DC mature|T cell CD8 effector memory,0.717
CXCL9_DPP4,simple:Q07325,simple:P27487,CXCL9,DPP4,Ligand-Receptor,Signaling by Chemokines,DC mature|T cell CD8 effector memory,0.663
CXCL16_CXCR6,simple:Q9H2A7,simple:O00574,CXCL16,CXCR6,Ligand-Receptor,Signaling by Chemokines,DC mature|T cell CD8 effector memory,0.666
CALCA_RAMP1_complex,simple:P01258,complex:RAMP1_complex,CALCA,,Ligand-Receptor,Signaling by Calcitonin,DC mature|T cell CD8 effector memory,0.619
CXCL11_ACKR3,simple:O14625,simple:P25106,CXCL11,ACKR3,Ligand-Receptor,Signaling by Chemokines,DC mature|T cell CD8 effector memory,0.641
CD86_CTLA4,simple:P42081,simple:P16410,CD86,CTLA4,Ligand-Receptor,,DC mature|T cell CD8 effector memory,0.658
CXCL11_DPP4,simple:O14625,simple:P27487,CXCL11,DPP4,Ligand-Receptor,Signaling by Chemokines,DC mature|T cell CD8 effector memory,0.659
WNT5B_WIF1,simple:Q9H1J7,simple:Q9Y5W5,WNT5B,WIF1,Ligand-Ligand,Signaling by WNT inhibition,DC mature|T cell CD8 effector memory,0.651
WNT5B_SFRP5,simple:Q9H1J7,simple:Q5T4F7,WNT5B,SFRP5,Ligand-Ligand,Signaling by WNT inhibition,DC mature|T cell CD8 effector memory,0.662
CCL22_DPP4,simple:O00626,simple:P27487,CCL22,DPP4,Ligand-Receptor,Signaling by Chemokines,DC mature|T cell CD8 effector memory,0.677
CXCL5_CXCR1,simple:P42830,simple:P25024,CXCL5,CXCR1,Ligand-Receptor,Signaling by Chemokines,Macrophage alveolar|T cell CD8 effector memory,0.598
PPBP_CXCR1,simple:P02775,simple:P25024,PPBP,CXCR1,Ligand-Receptor,Signaling by Chemokines,Macrophage alveolar|T cell CD8 effector memory,0.584
MICA_NKG2D_II_receptor,simple:Q29983,complex:NKG2D_II_receptor,MICA,,Ligand-Receptor,,Macrophage alveolar|T cell CD8 effector memory,0.608
TNFSF13_TNFRSF13B,simple:O75888,simple:O14836,TNFSF13,TNFRSF13B,Ligand-Receptor,Signaling by Tumor necrosis factor,Macrophage alveolar|T cell CD8 effector memory,0.58
PVR_TIGIT,simple:P15151,simple:Q495A1,PVR,TIGIT,Ligand-Receptor,Signaling by Poliovirus receptor,Macrophage alveolar|T cell CD8 effector memory,0.629
CXCL5_CXCR2,simple:P42830,simple:P25025,CXCL5,CXCR2,Ligand-Receptor,Signaling by Chemokines,Macrophage alveolar|T cell CD8 effector memory,0.595
PVR_CD96,simple:P15151,simple:P40200,PVR,CD96,Ligand-Receptor,Signaling by Poliovirus receptor,Macrophage alveolar|T cell CD8 effector memory,0.657
TNFSF13_TNFRSF17,simple:O75888,simple:Q02223,TNFSF13,TNFRSF17,Ligand-Receptor,Signaling by Tumor necrosis factor,Macrophage alveolar|T cell CD8 effector memory,0.579
MICB_NKG2D_II_receptor,simple:Q29980,complex:NKG2D_II_receptor,MICB,,Ligand-Receptor,,Macrophage alveolar|T cell CD8 effector memory,0.604
ProstaglandinE2_byPTGES2_PTGER4,complex:ProstaglandinE2_byPTGES2,simple:P35408,,PTGER4,Ligand-Receptor,Signaling by Prostaglandin,Macrophage alveolar|T cell CD8 effector memory,0.587
CCL23_CCR1,simple:P55773,simple:P32246,CCL23,CCR1,Ligand-Receptor,Signaling by Chemokines,Macrophage alveolar|T cell CD8 effector memory,0.581
LAIR1_LILRB4,simple:Q6GTX8,simple:Q8NHJ6,LAIR1,LILRB4,Receptor-Receptor,,Macrophage alveolar|T cell CD8 effector memory,0.57
CXCL3_CXCR2,simple:P19876,simple:P25025,CXCL3,CXCR2,Ligand-Receptor,Signaling by Chemokines,Macrophage alveolar|T cell CD8 effector memory,0.586
FGL1_LAG3,simple:Q08830,simple:P18627,FGL1,LAG3,Ligand-Receptor,Signaling by Fibroblast growth factor,Macrophage alveolar|T cell CD8 effector memory,0.562
PVR_CD226,simple:P15151,simple:Q15762,PVR,CD226,Ligand-Receptor,Signaling by Poliovirus receptor,Macrophage alveolar|T cell CD8 effector memory,0.631
APOE_TREM2_receptor,simple:P02649,complex:TREM2_receptor,APOE,,Ligand-Receptor,Signaling by Apolipoprotein,Macrophage alveolar|T cell CD8 effector memory,0.553
CEACAM8_CEACAM6,simple:P31997,simple:P40199,CEACAM8,CEACAM6,Adhesion-Adhesion,Adhesion by CEAM,Macrophage alveolar|T cell CD8 effector memory,0.595
CEACAM5_CD8A,simple:P06731,simple:P01732,CEACAM5,CD8A,Adhesion-Adhesion,Adhesion by CEAM,Macrophage alveolar|T cell CD8 effector memory,0.577
TNF_TNFRSF1B,simple:P01375,simple:P20333,TNF,TNFRSF1B,Ligand-Receptor,Signaling by Tumor necrosis factor,Macrophage alveolar|T cell CD8 effector memory,0.583
CXCL16_CXCR6,simple:Q9H2A7,simple:O00574,CXCL16,CXCR6,Ligand-Receptor,Signaling by Chemokines,Macrophage alveolar|T cell CD8 effector memory,0.658
Dehydroepiandrosterone_bySTS_NR1I2,complex:Dehydroepiandrosterone_bySTS,simple:O75469,,NR1I2,Ligand-Receptor,Signaling by Dehydroepiandrosterone,Macrophage alveolar|T cell CD8 effector memory,0.591
ULBP1_NKG2D_II_receptor,simple:Q9BZM6,complex:NKG2D_II_receptor,ULBP1,,Ligand-Receptor,Signaling by Killer Cell Lectin Like Receptor K1,Monocyte classical|T cell CD8 effector memory,0.612
CXCL8_CXCR2,simple:P10145,simple:P25025,CXCL8,CXCR2,Ligand-Receptor,Signaling by Chemokines,Monocyte classical|T cell CD8 effector memory,0.561
CXCL8_CXCR1,simple:P10145,simple:P25024,CXCL8,CXCR1,Ligand-Receptor,Signaling by Chemokines,Monocyte classical|T cell CD8 effector memory,0.564
RAET1L_NKG2D_II_receptor,simple:Q5VY80,complex:NKG2D_II_receptor,RAET1L,,Ligand-Receptor,Signaling by Killer Cell Lectin Like Receptor K1,Monocyte classical|T cell CD8 effector memory,0.647
CXCL3_CXCR2,simple:P19876,simple:P25025,CXCL3,CXCR2,Ligand-Receptor,Signaling by Chemokines,Monocyte classical|T cell CD8 effector memory,0.589
CXCL2_CXCR2,simple:P19875,simple:P25025,CXCL2,CXCR2,Ligand-Receptor,Signaling by Chemokines,Monocyte classical|T cell CD8 effector memory,0.59
CXCL10_CXCR3,simple:P02778,simple:P49682,CXCL10,CXCR3,Ligand-Receptor,Signaling by Chemokines,Monocyte classical|T cell CD8 effector memory,0.614
CXCL11_CXCR3,simple:O14625,simple:P49682,CXCL11,CXCR3,Ligand-Receptor,Signaling by Chemokines,Monocyte classical|T cell CD8 effector memory,0.63
CXCL16_CXCR6,simple:Q9H2A7,simple:O00574,CXCL16,CXCR6,Ligand-Receptor,Signaling by Chemokines,Monocyte classical|T cell CD8 effector memory,0.636
CD86_CTLA4,simple:P42081,simple:P16410,CD86,CTLA4,Ligand-Receptor,,Monocyte classical|T cell CD8 effector memory,0.593
EREG_ERBB4,simple:O14944,simple:Q15303,EREG,ERBB4,Ligand-Receptor,Signaling by Epidermal growth factor,Monocyte classical|T cell CD8 effector memory,0.6
XCL2_XCR1,simple:Q9UBD3,simple:P46094,XCL2,XCR1,Ligand-Receptor,Signaling by Lymphotactin,NK cell|T cell CD8 effector memory,0.594
LCK_CD8_receptor,simple:P06239,complex:CD8_receptor,LCK,,Receptor-Receptor,,NK cell|T cell CD8 effector memory,0.641
HLA-E_KLRC1,simple:P13747,simple:P26715,HLA-E,KLRC1,Ligand-Receptor,Signaling by HLA,NK cell|T cell CD8 effector memory,0.634
ULBP2_NKG2D_II_receptor,simple:Q9BZM5,complex:NKG2D_II_receptor,ULBP2,,Ligand-Receptor,Signaling by Killer Cell Lectin Like Receptor K1,NK cell|T cell CD8 effector memory,0.583
HLA-E_CD94:NKG2E,simple:P13747,complex:CD94:NKG2E,HLA-E,,Ligand-Receptor,Signaling by HLA,NK cell|T cell CD8 effector memory,0.592
HLA-E_CD94:NKG2A,simple:P13747,complex:CD94:NKG2A,HLA-E,,Ligand-Receptor,Signaling by HLA,NK cell|T cell CD8 effector memory,0.592
HLA-E_KLRK1,simple:P13747,simple:P26718,HLA-E,KLRK1,Ligand-Receptor,Signaling by HLA,NK cell|T cell CD8 effector memory,0.635
HLA-E_KLRC2,simple:P13747,simple:P26717,HLA-E,KLRC2,Ligand-Receptor,Signaling by HLA,NK cell|T cell CD8 effector memory,0.63
HLA-E_CD94:NKG2C,simple:P13747,complex:CD94:NKG2C,HLA-E,,Ligand-Receptor,Signaling by HLA,NK cell|T cell CD8 effector memory,0.592
CCL5_ACKR1,simple:P13501,simple:Q16570,CCL5,ACKR1,Ligand-Receptor,Signaling by Chemokines,NK cell|T cell CD8 effector memory,0.577
XCL1_XCR1,simple:P47992,simple:P46094,XCL1,XCR1,Ligand-Receptor,Signaling by Lymphotactin,NK cell|T cell CD8 effector memory,0.59
LCK_CD8_receptor,simple:P06239,complex:CD8_receptor,LCK,,Receptor-Receptor,,T cell CD4 dividing|T cell CD8 effector memory,0.703
CALCB_RAMP1_complex,simple:P10092,complex:RAMP1_complex,CALCB,,Ligand-Receptor,Signaling by Calcitonin,T cell CD4 dividing|T cell CD8 effector memory,0.613
LTA_TNFRSF1B,simple:P01374,simple:P20333,LTA,TNFRSF1B,Ligand-Receptor,Signaling by Tumor necrosis factor,T cell CD4 dividing|T cell CD8 effector memory,0.653
ULBP1_NKG2D_II_receptor,simple:Q9BZM6,complex:NKG2D_II_receptor,ULBP1,,Ligand-Receptor,Signaling by Killer Cell Lectin Like Receptor K1,T cell CD4 dividing|T cell CD8 effector memory,0.641
ULBP2_NKG2D_II_receptor,simple:Q9BZM5,complex:NKG2D_II_receptor,ULBP2,,Ligand-Receptor,Signaling by Killer Cell Lectin Like Receptor K1,T cell CD4 dividing|T cell CD8 effector memory,0.595
MICA_NKG2D_II_receptor,simple:Q29983,complex:NKG2D_II_receptor,MICA,,Ligand-Receptor,,T cell CD4 dividing|T cell CD8 effector memory,0.596
CD200_CD200R1,simple:P41217,simple:Q8TD46,CD200,CD200R1,Ligand-Receptor,,T cell CD4 dividing|T cell CD8 effector memory,0.649
MICB_NKG2D_II_receptor,simple:Q29980,complex:NKG2D_II_receptor,MICB,,Ligand-Receptor,,T cell CD4 dividing|T cell CD8 effector memory,0.689
RAET1L_NKG2D_II_receptor,simple:Q5VY80,complex:NKG2D_II_receptor,RAET1L,,Ligand-Receptor,Signaling by Killer Cell Lectin Like Receptor K1,T cell CD4 dividing|T cell CD8 effector memory,0.684
CD70_CD27,simple:P32970,simple:P26842,CD70,CD27,Ligand-Receptor,,T cell CD4 dividing|T cell CD8 effector memory,0.687
FGL1_LAG3,simple:Q08830,simple:P18627,FGL1,LAG3,Ligand-Receptor,Signaling by Fibroblast growth factor,T cell CD4 dividing|T cell CD8 effector memory,0.593
CXCL13_CXCR5,simple:O43927,simple:P32302,CXCL13,CXCR5,Ligand-Receptor,Signaling by Chemokines,T cell CD4 dividing|T cell CD8 effector memory,0.606
CD320_JAML,simple:Q9NPF0,simple:Q86YT9,CD320,JAML,Ligand-Receptor,,T cell CD4 dividing|T cell CD8 effector memory,0.64
IL13_IL13RA2,simple:P35225,simple:Q14627,IL13,IL13RA2,Ligand-Receptor,Signaling by Interleukin,T cell CD4 dividing|T cell CD8 effector memory,0.618
IL21_IL21_receptor,simple:Q9HBE4,complex:IL21_receptor,IL21,,Ligand-Receptor,Signaling by Interleukin,T cell CD4 dividing|T cell CD8 effector memory,0.697
CEACAM5_CD8A,simple:P06731,simple:P01732,CEACAM5,CD8A,Adhesion-Adhesion,Adhesion by CEAM,T cell CD4 dividing|T cell CD8 effector memory,0.579
CALCA_RAMP1_complex,simple:P01258,complex:RAMP1_complex,CALCA,,Ligand-Receptor,Signaling by Calcitonin,T cell CD4 dividing|T cell CD8 effector memory,0.562
CCL28_CCR10,simple:Q9NRJ3,simple:P46092,CCL28,CCR10,Ligand-Receptor,Signaling by Chemokines,T cell CD4 dividing|T cell CD8 effector memory,0.602
IL24_IL20_receptor_Type_I,simple:Q13007,complex:IL20_receptor_Type_I,IL24,,Ligand-Receptor,Signaling by Interleukin,T cell CD4 dividing|T cell CD8 effector memory,0.606
XCL2_XCR1,simple:Q9UBD3,simple:P46094,XCL2,XCR1,Ligand-Receptor,Signaling by Lymphotactin,T cell CD8 dividing|T cell CD8 effector memory,0.615
LCK_CD8_receptor,simple:P06239,complex:CD8_receptor,LCK,,Receptor-Receptor,,T cell CD8 dividing|T cell CD8 effector memory,0.702
CALCB_RAMP1_complex,simple:P10092,complex:RAMP1_complex,CALCB,,Ligand-Receptor,Signaling by Calcitonin,T cell CD8 dividing|T cell CD8 effector memory,0.595
CCL3_CCR1,simple:P10147,simple:P32246,CCL3,CCR1,Ligand-Receptor,Signaling by Chemokines,T cell CD8 dividing|T cell CD8 effector memory,0.601
ULBP1_NKG2D_II_receptor,simple:Q9BZM6,complex:NKG2D_II_receptor,ULBP1,,Ligand-Receptor,Signaling by Killer Cell Lectin Like Receptor K1,T cell CD8 dividing|T cell CD8 effector memory,0.627
HLA-E_KLRC1,simple:P13747,simple:P26715,HLA-E,KLRC1,Ligand-Receptor,Signaling by HLA,T cell CD8 dividing|T cell CD8 effector memory,0.595
MICA_NKG2D_II_receptor,simple:Q29983,complex:NKG2D_II_receptor,MICA,,Ligand-Receptor,,T cell CD8 dividing|T cell CD8 effector memory,0.595
HLA-C_KIR2DL3,simple:HLAC,simple:P43628,HLA-C,KIR2DL3,Ligand-Receptor,Signaling by HLA,T cell CD8 dividing|T cell CD8 effector memory,0.58
HLA-E_CD94:NKG2E,simple:P13747,complex:CD94:NKG2E,HLA-E,,Ligand-Receptor,Signaling by HLA,T cell CD8 dividing|T cell CD8 effector memory,0.554
HLA-E_CD94:NKG2A,simple:P13747,complex:CD94:NKG2A,HLA-E,,Ligand-Receptor,Signaling by HLA,T cell CD8 dividing|T cell CD8 effector memory,0.554
CRTAM_CADM1,simple:O95727,simple:Q9BY67,CRTAM,CADM1,Adhesion-Adhesion,,T cell CD8 dividing|T cell CD8 effector memory,0.601
HLA-E_KLRK1,simple:P13747,simple:P26718,HLA-E,KLRK1,Ligand-Receptor,Signaling by HLA,T cell CD8 dividing|T cell CD8 effector memory,0.596
HLA-E_KLRC2,simple:P13747,simple:P26717,HLA-E,KLRC2,Ligand-Receptor,Signaling by HLA,T cell CD8 dividing|T cell CD8 effector memory,0.591
MICB_NKG2D_II_receptor,simple:Q29980,complex:NKG2D_II_receptor,MICB,,Ligand-Receptor,,T cell CD8 dividing|T cell CD8 effector memory,0.686
HLA-E_CD94:NKG2C,simple:P13747,complex:CD94:NKG2C,HLA-E,,Ligand-Receptor,Signaling by HLA,T cell CD8 dividing|T cell CD8 effector memory,0.554
CD70_CD27,simple:P32970,simple:P26842,CD70,CD27,Ligand-Receptor,,T cell CD8 dividing|T cell CD8 effector memory,0.688
CCL5_ACKR1,simple:P13501,simple:Q16570,CCL5,ACKR1,Ligand-Receptor,Signaling by Chemokines,T cell CD8 dividing|T cell CD8 effector memory,0.612
TNFSF9_TNFRSF9,simple:P41273,simple:Q07011,TNFSF9,TNFRSF9,Ligand-Receptor,Signaling by Tumor necrosis factor,T cell CD8 dividing|T cell CD8 effector memory,0.599
CXCL13_CXCR5,simple:O43927,simple:P32302,CXCL13,CXCR5,Ligand-Receptor,Signaling by Chemokines,T cell CD8 dividing|T cell CD8 effector memory,0.655
CD320_JAML,simple:Q9NPF0,simple:Q86YT9,CD320,JAML,Ligand-Receptor,,T cell CD8 dividing|T cell CD8 effector memory,0.612
IL13_IL13RA2,simple:P35225,simple:Q14627,IL13,IL13RA2,Ligand-Receptor,Signaling by Interleukin,T cell CD8 dividing|T cell CD8 effector memory,0.621
CEACAM5_CD8A,simple:P06731,simple:P01732,CEACAM5,CD8A,Adhesion-Adhesion,Adhesion by CEAM,T cell CD8 dividing|T cell CD8 effector memory,0.568
ENTPD1_ADORA3,simple:P49961,simple:P0DMS8,ENTPD1,ADORA3,Ligand-Receptor,Signaling by Ectonucleoside,T cell CD8 dividing|T cell CD8 effector memory,0.587
XCL1_XCR1,simple:P47992,simple:P46094,XCL1,XCR1,Ligand-Receptor,Signaling by Lymphotactin,T cell CD8 dividing|T cell CD8 effector memory,0.617
CCL19_CCR7,simple:Q99731,simple:P32248,CCL19,CCR7,Ligand-Receptor,Signaling by Chemokines,T cell CD8 effector memory|DC mature,0.655
CCL21_CCR7,simple:O00585,simple:P32248,CCL21,CCR7,Ligand-Receptor,Signaling by Chemokines,T cell CD8 effector memory|DC mature,0.658
CALCB_RAMP1_complex,simple:P10092,complex:RAMP1_complex,CALCB,,Ligand-Receptor,Signaling by Calcitonin,T cell CD8 effector memory|DC mature,0.583
CD44_TYROBP,simple:P16070,simple:O43914,CD44,TYROBP,Ligand-Receptor,,T cell CD8 effector memory|DC mature,0.676
CCL20_CCR6,simple:P78556,simple:P51684,CCL20,CCR6,Ligand-Receptor,Signaling by Chemokines,T cell CD8 effector memory|DC mature,0.608
IL4_IL4_receptor,simple:P05112,complex:IL4_receptor,IL4,,Ligand-Receptor,Signaling by Interleukin,T cell CD8 effector memory|DC mature,0.654
CD226_NECTIN2,simple:Q15762,simple:Q92692,CD226,NECTIN2,Adhesion-Adhesion,,T cell CD8 effector memory|DC mature,0.675
TNFSF9_TNFRSF9,simple:P41273,simple:Q07011,TNFSF9,TNFRSF9,Ligand-Receptor,Signaling by Tumor necrosis factor,T cell CD8 effector memory|DC mature,0.724
TSLP_TSLPR,simple:Q969D9,complex:TSLPR,TSLP,,Ligand-Receptor,,T cell CD8 effector memory|DC mature,0.6
CRLF2_TSLPR,simple:Q9HC73,complex:TSLPR,CRLF2,,Receptor-Receptor,,T cell CD8 effector memory|DC mature,0.612
IL21_IL21_receptor,simple:Q9HBE4,complex:IL21_receptor,IL21,,Ligand-Receptor,Signaling by Interleukin,T cell CD8 effector memory|DC mature,0.561
CD40LG_CD40,simple:P29965,simple:P25942,CD40LG,CD40,Ligand-Receptor,,T cell CD8 effector memory|DC mature,0.673
NLGN2_NRXN2,simple:Q8NFZ4,simple:P58401,NLGN2,NRXN2,Ligand-Receptor,Signaling by Neuroligin,T cell CD8 effector memory|DC mature,0.641
XCL2_XCR1,simple:Q9UBD3,simple:P46094,XCL2,XCR1,Ligand-Receptor,Signaling by Lymphotactin,T cell CD8 effector memory|Macrophage alveolar,0.568
DHEAsulfate_bySULT1E1_PPARG,complex:DHEAsulfate_bySULT1E1,simple:P37231,,PPARG,Ligand-Receptor,Signaling by Dehydroepiandrosterone,T cell CD8 effector memory|Macrophage alveolar,0.584
CCL5_CCR1,simple:P13501,simple:P32246,CCL5,CCR1,Ligand-Receptor,Signaling by Chemokines,T cell CD8 effector memory|Macrophage alveolar,0.652
LipoxinA4_byALOX12_FPR2,complex:LipoxinA4_byALOX12,simple:P25090,,FPR2,Ligand-Receptor,Signaling by Lipoxin/Leukotriene,T cell CD8 effector memory|Macrophage alveolar,0.625
PTPRC_MRC1,simple:P08575,simple:P22897,PTPRC,MRC1,Receptor-Receptor,,T cell CD8 effector memory|Macrophage alveolar,0.665
CD44_TYROBP,simple:P16070,simple:O43914,CD44,TYROBP,Ligand-Receptor,,T cell CD8 effector memory|Macrophage alveolar,0.642
PTPRC_CD22,simple:P08575,simple:P20273,PTPRC,CD22,Receptor-Receptor,,T cell CD8 effector memory|Macrophage alveolar,0.567
CCL7_CCR1,simple:P80098,simple:P32246,CCL7,CCR1,Ligand-Receptor,Signaling by Chemokines,T cell CD8 effector memory|Macrophage alveolar,0.564
IL4_IL4_receptor,simple:P05112,complex:IL4_receptor,IL4,,Ligand-Receptor,Signaling by Interleukin,T cell CD8 effector memory|Macrophage alveolar,0.561
CD44_SELE,simple:P16070,simple:P16581,CD44,SELE,Ligand-Receptor,,T cell CD8 effector memory|Macrophage alveolar,0.553
HLA-G_LILRB1,simple:P17693,simple:Q8NHL6,HLA-G,LILRB1,Ligand-Receptor,Signaling by HLA,T cell CD8 effector memory|Macrophage alveolar,0.644
APOE_TREM2_receptor,simple:P02649,complex:TREM2_receptor,APOE,,Ligand-Receptor,Signaling by Apolipoprotein,T cell CD8 effector memory|Macrophage alveolar,0.558
HLA-G_LILRB2,simple:P17693,simple:Q8N423,HLA-G,LILRB2,Ligand-Receptor,Signaling by HLA,T cell CD8 effector memory|Macrophage alveolar,0.606
Desmosterol_byDHCR7_NR1H3,complex:Desmosterol_byDHCR7,simple:Q13133,,NR1H3,Ligand-Receptor,Signaling by Cholesterol/Desmosterol,T cell CD8 effector memory|Macrophage alveolar,0.602
CD99_PILRA,simple:P14209,simple:Q9UKJ1,CD99,PILRA,Ligand-Receptor,,T cell CD8 effector memory|Macrophage alveolar,0.628
fibrinogen_integrin_aXb2_complex,complex:fibrinogen,complex:integrin_aXb2_complex,,,Ligand-Receptor,Adhesion by Fibribogen,T cell CD8 effector memory|Macrophage alveolar,0.567
ANXA1_FPR1,simple:P04083,simple:P21462,ANXA1,FPR1,Ligand-Receptor,Signaling by Annexin,T cell CD8 effector memory|Macrophage alveolar,0.586
ANXA1_FPR2,simple:P04083,simple:P25090,ANXA1,FPR2,Ligand-Receptor,Signaling by Annexin,T cell CD8 effector memory|Macrophage alveolar,0.579
ANXA1_FPR3,simple:P04083,simple:P25089,ANXA1,FPR3,Ligand-Receptor,Signaling by Annexin,T cell CD8 effector memory|Macrophage alveolar,0.605
XCL1_XCR1,simple:P47992,simple:P46094,XCL1,XCR1,Ligand-Receptor,Signaling by Lymphotactin,T cell CD8 effector memory|Macrophage alveolar,0.57
CEACAM1_CEACAM8,simple:P13688,simple:P31997,CEACAM1,CEACAM8,Adhesion-Adhesion,Adhesion by CEAM,T cell CD8 effector memory|Macrophage alveolar,0.588
CTSG_FPR1,simple:P08311,simple:P21462,CTSG,FPR1,Ligand-Receptor,Signaling by Cathepsin,T cell CD8 effector memory|Macrophage alveolar,0.541
XCL2_XCR1,simple:Q9UBD3,simple:P46094,XCL2,XCR1,Ligand-Receptor,Signaling by Lymphotactin,T cell CD8 effector memory|Monocyte classical,0.569
CCL5_CCR1,simple:P13501,simple:P32246,CCL5,CCR1,Ligand-Receptor,Signaling by Chemokines,T cell CD8 effector memory|Monocyte classical,0.659
LipoxinA4_byALOX12_FPR2,complex:LipoxinA4_byALOX12,simple:P25090,,FPR2,Ligand-Receptor,Signaling by Lipoxin/Leukotriene,T cell CD8 effector memory|Monocyte classical,0.66
PTPRC_MRC1,simple:P08575,simple:P22897,PTPRC,MRC1,Receptor-Receptor,,T cell CD8 effector memory|Monocyte classical,0.602
CD44_TYROBP,simple:P16070,simple:O43914,CD44,TYROBP,Ligand-Receptor,,T cell CD8 effector memory|Monocyte classical,0.645
LipoxinA4_byALOX5_FPR2,complex:LipoxinA4_byALOX5,simple:P25090,,FPR2,Ligand-Receptor,Signaling by Lipoxin/Leukotriene,T cell CD8 effector memory|Monocyte classical,0.545
IL4_IL4_receptor,simple:P05112,complex:IL4_receptor,IL4,,Ligand-Receptor,Signaling by Interleukin,T cell CD8 effector memory|Monocyte classical,0.538
CD44_SELE,simple:P16070,simple:P16581,CD44,SELE,Ligand-Receptor,,T cell CD8 effector memory|Monocyte classical,0.554
HLA-G_LILRB1,simple:P17693,simple:Q8NHL6,HLA-G,LILRB1,Ligand-Receptor,Signaling by HLA,T cell CD8 effector memory|Monocyte classical,0.668
LeukotrieneC4_byLTC4S_CYSLTR2,complex:LeukotrieneC4_byLTC4S,simple:Q9NS75,,CYSLTR2,Ligand-Receptor,Signaling by Lipoxin/Leukotriene,T cell CD8 effector memory|Monocyte classical,0.55
HLA-G_LILRB2,simple:P17693,simple:Q8N423,HLA-G,LILRB2,Ligand-Receptor,Signaling by HLA,T cell CD8 effector memory|Monocyte classical,0.678
TNF_TNFRSF1B,simple:P01375,simple:P20333,TNF,TNFRSF1B,Ligand-Receptor,Signaling by Tumor necrosis factor,T cell CD8 effector memory|Monocyte classical,0.613
CD99_PILRA,simple:P14209,simple:Q9UKJ1,CD99,PILRA,Ligand-Receptor,,T cell CD8 effector memory|Monocyte classical,0.633
fibrinogen_integrin_aXb2_complex,complex:fibrinogen,complex:integrin_aXb2_complex,,,Ligand-Receptor,Adhesion by Fibribogen,T cell CD8 effector memory|Monocyte classical,0.599
CD52_SIGLEC10,simple:P31358,simple:Q96LC7,CD52,SIGLEC10,Ligand-Receptor,,T cell CD8 effector memory|Monocyte classical,0.632
ANXA1_FPR1,simple:P04083,simple:P21462,ANXA1,FPR1,Ligand-Receptor,Signaling by Annexin,T cell CD8 effector memory|Monocyte classical,0.636
ANXA1_FPR2,simple:P04083,simple:P25090,ANXA1,FPR2,Ligand-Receptor,Signaling by Annexin,T cell CD8 effector memory|Monocyte classical,0.615
ANXA1_FPR3,simple:P04083,simple:P25089,ANXA1,FPR3,Ligand-Receptor,Signaling by Annexin,T cell CD8 effector memory|Monocyte classical,0.609
XCL1_XCR1,simple:P47992,simple:P46094,XCL1,XCR1,Ligand-Receptor,Signaling by Lymphotactin,T cell CD8 effector memory|Monocyte classical,0.571
CALCB_RAMP1_complex,simple:P10092,complex:RAMP1_complex,CALCB,,Ligand-Receptor,Signaling by Calcitonin,T cell CD8 effector memory|NK cell,0.56
HLA-E_KLRC1,simple:P13747,simple:P26715,HLA-E,KLRC1,Ligand-Receptor,Signaling by HLA,T cell CD8 effector memory|NK cell,0.65
ULBP2_NKG2D_II_receptor,simple:Q9BZM5,complex:NKG2D_II_receptor,ULBP2,,Ligand-Receptor,Signaling by Killer Cell Lectin Like Receptor K1,T cell CD8 effector memory|NK cell,0.64
HLA-C_KIR2DL3,simple:HLAC,simple:P43628,HLA-C,KIR2DL3,Ligand-Receptor,Signaling by HLA,T cell CD8 effector memory|NK cell,0.659
HLA-E_CD94:NKG2E,simple:P13747,complex:CD94:NKG2E,HLA-E,,Ligand-Receptor,Signaling by HLA,T cell CD8 effector memory|NK cell,0.651
HLA-E_CD94:NKG2A,simple:P13747,complex:CD94:NKG2A,HLA-E,,Ligand-Receptor,Signaling by HLA,T cell CD8 effector memory|NK cell,0.65
HLA-E_KLRK1,simple:P13747,simple:P26718,HLA-E,KLRK1,Ligand-Receptor,Signaling by HLA,T cell CD8 effector memory|NK cell,0.633
HLA-E_KLRC2,simple:P13747,simple:P26717,HLA-E,KLRC2,Ligand-Receptor,Signaling by HLA,T cell CD8 effector memory|NK cell,0.648
HLA-E_CD94:NKG2C,simple:P13747,complex:CD94:NKG2C,HLA-E,,Ligand-Receptor,Signaling by HLA,T cell CD8 effector memory|NK cell,0.648
XCL2_XCR1,simple:Q9UBD3,simple:P46094,XCL2,XCR1,Ligand-Receptor,Signaling by Lymphotactin,T cell CD8 effector memory|T cell CD4 dividing,0.568
PVR_TIGIT,simple:P15151,simple:Q495A1,PVR,TIGIT,Ligand-Receptor,Signaling by Poliovirus receptor,T cell CD8 effector memory|T cell CD4 dividing,0.599
CCL20_CCR6,simple:P78556,simple:P51684,CCL20,CCR6,Ligand-Receptor,Signaling by Chemokines,T cell CD8 effector memory|T cell CD4 dividing,0.606
TNFSF18_TNFRSF18,simple:Q9UNG2,simple:Q9Y5U5,TNFSF18,TNFRSF18,Ligand-Receptor,Signaling by Tumor necrosis factor,T cell CD8 effector memory|T cell CD4 dividing,0.626
CD70_CD27,simple:P32970,simple:P26842,CD70,CD27,Ligand-Receptor,,T cell CD8 effector memory|T cell CD4 dividing,0.645
IL4_IL4_receptor,simple:P05112,complex:IL4_receptor,IL4,,Ligand-Receptor,Signaling by Interleukin,T cell CD8 effector memory|T cell CD4 dividing,0.65
TNFSF9_TNFRSF9,simple:P41273,simple:Q07011,TNFSF9,TNFRSF9,Ligand-Receptor,Signaling by Tumor necrosis factor,T cell CD8 effector memory|T cell CD4 dividing,0.71
IL21_IL21_receptor,simple:Q9HBE4,complex:IL21_receptor,IL21,,Ligand-Receptor,Signaling by Interleukin,T cell CD8 effector memory|T cell CD4 dividing,0.59
TNF_TNFRSF1B,simple:P01375,simple:P20333,TNF,TNFRSF1B,Ligand-Receptor,Signaling by Tumor necrosis factor,T cell CD8 effector memory|T cell CD4 dividing,0.626
CD86_CTLA4,simple:P42081,simple:P16410,CD86,CTLA4,Ligand-Receptor,,T cell CD8 effector memory|T cell CD4 dividing,0.615
XCL1_XCR1,simple:P47992,simple:P46094,XCL1,XCR1,Ligand-Receptor,Signaling by Lymphotactin,T cell CD8 effector memory|T cell CD4 dividing,0.57
XCL2_XCR1,simple:Q9UBD3,simple:P46094,XCL2,XCR1,Ligand-Receptor,Signaling by Lymphotactin,T cell CD8 effector memory|T cell CD8 dividing,0.568
LCK_CD8_receptor,simple:P06239,complex:CD8_receptor,LCK,,Receptor-Receptor,,T cell CD8 effector memory|T cell CD8 dividing,0.7
CCL5_CCR1,simple:P13501,simple:P32246,CCL5,CCR1,Ligand-Receptor,Signaling by Chemokines,T cell CD8 effector memory|T cell CD8 dividing,0.625
HLA-E_KLRC1,simple:P13747,simple:P26715,HLA-E,KLRC1,Ligand-Receptor,Signaling by HLA,T cell CD8 effector memory|T cell CD8 dividing,0.671
ULBP2_NKG2D_II_receptor,simple:Q9BZM5,complex:NKG2D_II_receptor,ULBP2,,Ligand-Receptor,Signaling by Killer Cell Lectin Like Receptor K1,T cell CD8 effector memory|T cell CD8 dividing,0.659
HLA-E_CD94:NKG2E,simple:P13747,complex:CD94:NKG2E,HLA-E,,Ligand-Receptor,Signaling by HLA,T cell CD8 effector memory|T cell CD8 dividing,0.64
HLA-E_CD94:NKG2A,simple:P13747,complex:CD94:NKG2A,HLA-E,,Ligand-Receptor,Signaling by HLA,T cell CD8 effector memory|T cell CD8 dividing,0.64
HLA-E_KLRK1,simple:P13747,simple:P26718,HLA-E,KLRK1,Ligand-Receptor,Signaling by HLA,T cell CD8 effector memory|T cell CD8 dividing,0.683
HLA-E_KLRC2,simple:P13747,simple:P26717,HLA-E,KLRC2,Ligand-Receptor,Signaling by HLA,T cell CD8 effector memory|T cell CD8 dividing,0.683
MICB_NKG2D_II_receptor,simple:Q29980,complex:NKG2D_II_receptor,MICB,,Ligand-Receptor,,T cell CD8 effector memory|T cell CD8 dividing,0.606
HLA-E_CD94:NKG2C,simple:P13747,complex:CD94:NKG2C,HLA-E,,Ligand-Receptor,Signaling by HLA,T cell CD8 effector memory|T cell CD8 dividing,0.64
CD70_CD27,simple:P32970,simple:P26842,CD70,CD27,Ligand-Receptor,,T cell CD8 effector memory|T cell CD8 dividing,0.648
IL4_IL4_receptor,simple:P05112,complex:IL4_receptor,IL4,,Ligand-Receptor,Signaling by Interleukin,T cell CD8 effector memory|T cell CD8 dividing,0.619
CD44_SELE,simple:P16070,simple:P16581,CD44,SELE,Ligand-Receptor,,T cell CD8 effector memory|T cell CD8 dividing,0.554
FGL1_LAG3,simple:Q08830,simple:P18627,FGL1,LAG3,Ligand-Receptor,Signaling by Fibroblast growth factor,T cell CD8 effector memory|T cell CD8 dividing,0.632
TNFSF9_TNFRSF9,simple:P41273,simple:Q07011,TNFSF9,TNFRSF9,Ligand-Receptor,Signaling by Tumor necrosis factor,T cell CD8 effector memory|T cell CD8 dividing,0.71
IL21_IL21_receptor,simple:Q9HBE4,complex:IL21_receptor,IL21,,Ligand-Receptor,Signaling by Interleukin,T cell CD8 effector memory|T cell CD8 dividing,0.584
CEACAM5_CD8A,simple:P06731,simple:P01732,CEACAM5,CD8A,Adhesion-Adhesion,Adhesion by CEAM,T cell CD8 effector memory|T cell CD8 dividing,0.626
TNF_TNFRSF1B,simple:P01375,simple:P20333,TNF,TNFRSF1B,Ligand-Receptor,Signaling by Tumor necrosis factor,T cell CD8 effector memory|T cell CD8 dividing,0.592
CXCL16_CXCR6,simple:Q9H2A7,simple:O00574,CXCL16,CXCR6,Ligand-Receptor,Signaling by Chemokines,T cell CD8 effector memory|T cell CD8 dividing,0.595
XCL1_XCR1,simple:P47992,simple:P46094,XCL1,XCR1,Ligand-Receptor,Signaling by Lymphotactin,T cell CD8 effector memory|T cell CD8 dividing,0.57
XCL2_XCR1,simple:Q9UBD3,simple:P46094,XCL2,XCR1,Ligand-Receptor,Signaling by Lymphotactin,T cell CD8 effector memory|T cell CD8 effector memory,0.568
LCK_CD8_receptor,simple:P06239,complex:CD8_receptor,LCK,,Receptor-Receptor,,T cell CD8 effector memory|T cell CD8 effector memory,0.646
CALCB_RAMP1_complex,simple:P10092,complex:RAMP1_complex,CALCB,,Ligand-Receptor,Signaling by Calcitonin,T cell CD8 effector memory|T cell CD8 effector memory,0.552
ULBP2_NKG2D_II_receptor,simple:Q9BZM5,complex:NKG2D_II_receptor,ULBP2,,Ligand-Receptor,Signaling by Killer Cell Lectin Like Receptor K1,T cell CD8 effector memory|T cell CD8 effector memory,0.619
CRTAM_CADM1,simple:O95727,simple:Q9BY67,CRTAM,CADM1,Adhesion-Adhesion,,T cell CD8 effector memory|T cell CD8 effector memory,0.565
IL4_IL4_receptor,simple:P05112,complex:IL4_receptor,IL4,,Ligand-Receptor,Signaling by Interleukin,T cell CD8 effector memory|T cell CD8 effector memory,0.541
CD44_SELE,simple:P16070,simple:P16581,CD44,SELE,Ligand-Receptor,,T cell CD8 effector memory|T cell CD8 effector memory,0.553
TNFSF9_TNFRSF9,simple:P41273,simple:Q07011,TNFSF9,TNFRSF9,Ligand-Receptor,Signaling by Tumor necrosis factor,T cell CD8 effector memory|T cell CD8 effector memory,0.616
CEACAM5_CD8A,simple:P06731,simple:P01732,CEACAM5,CD8A,Adhesion-Adhesion,Adhesion by CEAM,T cell CD8 effector memory|T cell CD8 effector memory,0.571
XCL1_XCR1,simple:P47992,simple:P46094,XCL1,XCR1,Ligand-Receptor,Signaling by Lymphotactin,T cell CD8 effector memory|T cell CD8 effector memory,0.57
LCK_CD8_receptor,simple:P06239,complex:CD8_receptor,LCK,,Receptor-Receptor,,T cell CD8 effector memory|T cell CD8 terminally exhausted,0.66
CCL5_CCR1,simple:P13501,simple:P32246,CCL5,CCR1,Ligand-Receptor,Signaling by Chemokines,T cell CD8 effector memory|T cell CD8 terminally exhausted,0.572
ULBP2_NKG2D_II_receptor,simple:Q9BZM5,complex:NKG2D_II_receptor,ULBP2,,Ligand-Receptor,Signaling by Killer Cell Lectin Like Receptor K1,T cell CD8 effector memory|T cell CD8 terminally exhausted,0.647
HLA-E_KLRK1,simple:P13747,simple:P26718,HLA-E,KLRK1,Ligand-Receptor,Signaling by HLA,T cell CD8 effector memory|T cell CD8 terminally exhausted,0.641
CD70_CD27,simple:P32970,simple:P26842,CD70,CD27,Ligand-Receptor,,T cell CD8 effector memory|T cell CD8 terminally exhausted,0.622
IL4_IL4_receptor,simple:P05112,complex:IL4_receptor,IL4,,Ligand-Receptor,Signaling by Interleukin,T cell CD8 effector memory|T cell CD8 terminally exhausted,0.535
FGL1_LAG3,simple:Q08830,simple:P18627,FGL1,LAG3,Ligand-Receptor,Signaling by Fibroblast growth factor,T cell CD8 effector memory|T cell CD8 terminally exhausted,0.589
TNFSF9_TNFRSF9,simple:P41273,simple:Q07011,TNFSF9,TNFRSF9,Ligand-Receptor,Signaling by Tumor necrosis factor,T cell CD8 effector memory|T cell CD8 terminally exhausted,0.676
CEACAM5_CD8A,simple:P06731,simple:P01732,CEACAM5,CD8A,Adhesion-Adhesion,Adhesion by CEAM,T cell CD8 effector memory|T cell CD8 terminally exhausted,0.586
LCK_CD8_receptor,simple:P06239,complex:CD8_receptor,LCK,,Receptor-Receptor,,T cell CD8 effector memory|T cell NK-like,0.668
ULBP2_NKG2D_II_receptor,simple:Q9BZM5,complex:NKG2D_II_receptor,ULBP2,,Ligand-Receptor,Signaling by Killer Cell Lectin Like Receptor K1,T cell CD8 effector memory|T cell NK-like,0.65
HLA-C_KIR2DL3,simple:HLAC,simple:P43628,HLA-C,KIR2DL3,Ligand-Receptor,Signaling by HLA,T cell CD8 effector memory|T cell NK-like,0.599
HLA-E_KLRK1,simple:P13747,simple:P26718,HLA-E,KLRK1,Ligand-Receptor,Signaling by HLA,T cell CD8 effector memory|T cell NK-like,0.647
HLA-E_KLRC2,simple:P13747,simple:P26717,HLA-E,KLRC2,Ligand-Receptor,Signaling by HLA,T cell CD8 effector memory|T cell NK-like,0.64
HLA-E_CD94:NKG2C,simple:P13747,complex:CD94:NKG2C,HLA-E,,Ligand-Receptor,Signaling by HLA,T cell CD8 effector memory|T cell NK-like,0.64
CD44_SELE,simple:P16070,simple:P16581,CD44,SELE,Ligand-Receptor,,T cell CD8 effector memory|T cell NK-like,0.552
CEACAM5_CD8A,simple:P06731,simple:P01732,CEACAM5,CD8A,Adhesion-Adhesion,Adhesion by CEAM,T cell CD8 effector memory|T cell NK-like,0.594
XCL2_XCR1,simple:Q9UBD3,simple:P46094,XCL2,XCR1,Ligand-Receptor,Signaling by Lymphotactin,T cell CD8 effector memory|T cell regulatory,0.568
CALCB_RAMP1_complex,simple:P10092,complex:RAMP1_complex,CALCB,,Ligand-Receptor,Signaling by Calcitonin,T cell CD8 effector memory|T cell regulatory,0.552
CD70_CD27,simple:P32970,simple:P26842,CD70,CD27,Ligand-Receptor,,T cell CD8 effector memory|T cell regulatory,0.611
IL4_IL4_receptor,simple:P05112,complex:IL4_receptor,IL4,,Ligand-Receptor,Signaling by Interleukin,T cell CD8 effector memory|T cell regulatory,0.581
TNFSF9_TNFRSF9,simple:P41273,simple:Q07011,TNFSF9,TNFRSF9,Ligand-Receptor,Signaling by Tumor necrosis factor,T cell CD8 effector memory|T cell regulatory,0.666
IL21_IL21_receptor,simple:Q9HBE4,complex:IL21_receptor,IL21,,Ligand-Receptor,Signaling by Interleukin,T cell CD8 effector memory|T cell regulatory,0.566
TNF_TNFRSF1B,simple:P01375,simple:P20333,TNF,TNFRSF1B,Ligand-Receptor,Signaling by Tumor necrosis factor,T cell CD8 effector memory|T cell regulatory,0.594
XCL1_XCR1,simple:P47992,simple:P46094,XCL1,XCR1,Ligand-Receptor,Signaling by Lymphotactin,T cell CD8 effector memory|T cell regulatory,0.57
XCL2_XCR1,simple:Q9UBD3,simple:P46094,XCL2,XCR1,Ligand-Receptor,Signaling by Lymphotactin,T cell CD8 effector memory|Tumor Tumor ImmunoSup,0.574
CALCB_RAMP1_complex,simple:P10092,complex:RAMP1_complex,CALCB,,Ligand-Receptor,Signaling by Calcitonin,T cell CD8 effector memory|Tumor Tumor ImmunoSup,0.57
CRTAM_CADM1,simple:O95727,simple:Q9BY67,CRTAM,CADM1,Adhesion-Adhesion,,T cell CD8 effector memory|Tumor Tumor ImmunoSup,0.622
IL4_IL4_receptor,simple:P05112,complex:IL4_receptor,IL4,,Ligand-Receptor,Signaling by Interleukin,T cell CD8 effector memory|Tumor Tumor ImmunoSup,0.548
XCL1_XCR1,simple:P47992,simple:P46094,XCL1,XCR1,Ligand-Receptor,Signaling by Lymphotactin,T cell CD8 effector memory|Tumor Tumor ImmunoSup,0.576
XCL2_XCR1,simple:Q9UBD3,simple:P46094,XCL2,XCR1,Ligand-Receptor,Signaling by Lymphotactin,T cell CD8 effector memory|cDC1,0.751
CALCB_RAMP1_complex,simple:P10092,complex:RAMP1_complex,CALCB,,Ligand-Receptor,Signaling by Calcitonin,T cell CD8 effector memory|cDC1,0.589
Histamine_byHDC_HRH2,complex:Histamine_byHDC,simple:P25021,,HRH2,Ligand-Receptor,Signaling by Histamine,T cell CD8 effector memory|cDC1,0.612
CRTAM_CADM1,simple:O95727,simple:Q9BY67,CRTAM,CADM1,Adhesion-Adhesion,,T cell CD8 effector memory|cDC1,0.749
CCL20_CCR6,simple:P78556,simple:P51684,CCL20,CCR6,Ligand-Receptor,Signaling by Chemokines,T cell CD8 effector memory|cDC1,0.601
CD44_SELE,simple:P16070,simple:P16581,CD44,SELE,Ligand-Receptor,,T cell CD8 effector memory|cDC1,0.555
PVR_CD226,simple:P15151,simple:Q15762,PVR,CD226,Ligand-Receptor,Signaling by Poliovirus receptor,T cell CD8 effector memory|cDC1,0.621
CADM3_CADM1,simple:Q8N126,simple:Q9BY67,CADM3,CADM1,Adhesion-Adhesion,Adhesion by CADM,T cell CD8 effector memory|cDC1,0.642
CXCL10_DPP4,simple:P02778,simple:P27487,CXCL10,DPP4,Ligand-Receptor,Signaling by Chemokines,T cell CD8 effector memory|cDC1,0.614
CD40LG_CD40,simple:P29965,simple:P25942,CD40LG,CD40,Ligand-Receptor,,T cell CD8 effector memory|cDC1,0.643
CADM1_CADM1,simple:Q9BY67,simple:Q9BY67,CADM1,CADM1,Adhesion-Adhesion,Adhesion by CADM,T cell CD8 effector memory|cDC1,0.637
fibrinogen_integrin_aXb2_complex,complex:fibrinogen,complex:integrin_aXb2_complex,,,Ligand-Receptor,Adhesion by Fibribogen,T cell CD8 effector memory|cDC1,0.591
CD52_SIGLEC10,simple:P31358,simple:Q96LC7,CD52,SIGLEC10,Ligand-Receptor,,T cell CD8 effector memory|cDC1,0.695
XCL1_XCR1,simple:P47992,simple:P46094,XCL1,XCR1,Ligand-Receptor,Signaling by Lymphotactin,T cell CD8 effector memory|cDC1,0.752
PRNP_ADGRG6,simple:F7VJQ1,simple:Q86SQ4,PRNP,ADGRG6,Ligand-Receptor,,T cell CD8 effector memory|cDC1,0.63
COL4A3_ADGRG6,simple:Q01955,simple:Q86SQ4,COL4A3,ADGRG6,Adhesion-Adhesion,Adhesion by Collagen/Integrin,T cell CD8 effector memory|cDC1,0.635
LAMA2_ADGRG6,simple:P24043,simple:Q86SQ4,LAMA2,ADGRG6,Ligand-Receptor,,T cell CD8 effector memory|cDC1,0.63
CCL22_DPP4,simple:O00626,simple:P27487,CCL22,DPP4,Ligand-Receptor,Signaling by Chemokines,T cell CD8 effector memory|cDC1,0.631
XCL2_XCR1,simple:Q9UBD3,simple:P46094,XCL2,XCR1,Ligand-Receptor,Signaling by Lymphotactin,T cell CD8 effector memory|cDC2,0.569
CCL5_CCR1,simple:P13501,simple:P32246,CCL5,CCR1,Ligand-Receptor,Signaling by Chemokines,T cell CD8 effector memory|cDC2,0.595
CALCB_RAMP1_complex,simple:P10092,complex:RAMP1_complex,CALCB,,Ligand-Receptor,Signaling by Calcitonin,T cell CD8 effector memory|cDC2,0.573
PTPRC_MRC1,simple:P08575,simple:P22897,PTPRC,MRC1,Receptor-Receptor,,T cell CD8 effector memory|cDC2,0.623
CD44_TYROBP,simple:P16070,simple:O43914,CD44,TYROBP,Ligand-Receptor,,T cell CD8 effector memory|cDC2,0.645
CCL20_CCR6,simple:P78556,simple:P51684,CCL20,CCR6,Ligand-Receptor,Signaling by Chemokines,T cell CD8 effector memory|cDC2,0.578
IL4_IL4_receptor,simple:P05112,complex:IL4_receptor,IL4,,Ligand-Receptor,Signaling by Interleukin,T cell CD8 effector memory|cDC2,0.605
LAIR1_LILRB4,simple:Q6GTX8,simple:Q8NHJ6,LAIR1,LILRB4,Receptor-Receptor,,T cell CD8 effector memory|cDC2,0.571
CD226_NECTIN2,simple:Q15762,simple:Q92692,CD226,NECTIN2,Adhesion-Adhesion,,T cell CD8 effector memory|cDC2,0.625
HLA-G_LILRB1,simple:P17693,simple:Q8NHL6,HLA-G,LILRB1,Ligand-Receptor,Signaling by HLA,T cell CD8 effector memory|cDC2,0.66
LeukotrieneC4_byLTC4S_CYSLTR2,complex:LeukotrieneC4_byLTC4S,simple:Q9NS75,,CYSLTR2,Ligand-Receptor,Signaling by Lipoxin/Leukotriene,T cell CD8 effector memory|cDC2,0.56
HLA-G_LILRB2,simple:P17693,simple:Q8N423,HLA-G,LILRB2,Ligand-Receptor,Signaling by HLA,T cell CD8 effector memory|cDC2,0.637
CD40LG_CD40,simple:P29965,simple:P25942,CD40LG,CD40,Ligand-Receptor,,T cell CD8 effector memory|cDC2,0.603
CD99_PILRA,simple:P14209,simple:Q9UKJ1,CD99,PILRA,Ligand-Receptor,,T cell CD8 effector memory|cDC2,0.617
fibrinogen_integrin_aXb2_complex,complex:fibrinogen,complex:integrin_aXb2_complex,,,Ligand-Receptor,Adhesion by Fibribogen,T cell CD8 effector memory|cDC2,0.609
CD52_SIGLEC10,simple:P31358,simple:Q96LC7,CD52,SIGLEC10,Ligand-Receptor,,T cell CD8 effector memory|cDC2,0.64
ANXA1_FPR1,simple:P04083,simple:P21462,ANXA1,FPR1,Ligand-Receptor,Signaling by Annexin,T cell CD8 effector memory|cDC2,0.626
ANXA1_FPR3,simple:P04083,simple:P25089,ANXA1,FPR3,Ligand-Receptor,Signaling by Annexin,T cell CD8 effector memory|cDC2,0.637
XCL1_XCR1,simple:P47992,simple:P46094,XCL1,XCR1,Ligand-Receptor,Signaling by Lymphotactin,T cell CD8 effector memory|cDC2,0.571
LCK_CD8_receptor,simple:P06239,complex:CD8_receptor,LCK,,Receptor-Receptor,,T cell CD8 terminally exhausted|T cell CD8 effector memory,0.664
HLA-E_KLRC1,simple:P13747,simple:P26715,HLA-E,KLRC1,Ligand-Receptor,Signaling by HLA,T cell CD8 terminally exhausted|T cell CD8 effector memory,0.612
HLA-E_KLRK1,simple:P13747,simple:P26718,HLA-E,KLRK1,Ligand-Receptor,Signaling by HLA,T cell CD8 terminally exhausted|T cell CD8 effector memory,0.612
CD70_CD27,simple:P32970,simple:P26842,CD70,CD27,Ligand-Receptor,,T cell CD8 terminally exhausted|T cell CD8 effector memory,0.633
CXCL13_CXCR5,simple:O43927,simple:P32302,CXCL13,CXCR5,Ligand-Receptor,Signaling by Chemokines,T cell CD8 terminally exhausted|T cell CD8 effector memory,0.61
LCK_CD8_receptor,simple:P06239,complex:CD8_receptor,LCK,,Receptor-Receptor,,T cell NK-like|T cell CD8 effector memory,0.665
CCL5_CCR1,simple:P13501,simple:P32246,CCL5,CCR1,Ligand-Receptor,Signaling by Chemokines,T cell NK-like|T cell CD8 effector memory,0.587
HLA-E_KLRC1,simple:P13747,simple:P26715,HLA-E,KLRC1,Ligand-Receptor,Signaling by HLA,T cell NK-like|T cell CD8 effector memory,0.632
PTPRC_MRC1,simple:P08575,simple:P22897,PTPRC,MRC1,Receptor-Receptor,,T cell NK-like|T cell CD8 effector memory,0.563
HLA-C_KIR2DL3,simple:HLAC,simple:P43628,HLA-C,KIR2DL3,Ligand-Receptor,Signaling by HLA,T cell NK-like|T cell CD8 effector memory,0.574
HLA-E_CD94:NKG2E,simple:P13747,complex:CD94:NKG2E,HLA-E,,Ligand-Receptor,Signaling by HLA,T cell NK-like|T cell CD8 effector memory,0.591
HLA-E_CD94:NKG2A,simple:P13747,complex:CD94:NKG2A,HLA-E,,Ligand-Receptor,Signaling by HLA,T cell NK-like|T cell CD8 effector memory,0.591
HLA-E_KLRK1,simple:P13747,simple:P26718,HLA-E,KLRK1,Ligand-Receptor,Signaling by HLA,T cell NK-like|T cell CD8 effector memory,0.633
HLA-E_KLRC2,simple:P13747,simple:P26717,HLA-E,KLRC2,Ligand-Receptor,Signaling by HLA,T cell NK-like|T cell CD8 effector memory,0.628
RAET1L_NKG2D_II_receptor,simple:Q5VY80,complex:NKG2D_II_receptor,RAET1L,,Ligand-Receptor,Signaling by Killer Cell Lectin Like Receptor K1,T cell NK-like|T cell CD8 effector memory,0.641
HLA-E_CD94:NKG2C,simple:P13747,complex:CD94:NKG2C,HLA-E,,Ligand-Receptor,Signaling by HLA,T cell NK-like|T cell CD8 effector memory,0.591
CCL5_ACKR1,simple:P13501,simple:Q16570,CCL5,ACKR1,Ligand-Receptor,Signaling by Chemokines,T cell NK-like|T cell CD8 effector memory,0.598
CEACAM5_CD8A,simple:P06731,simple:P01732,CEACAM5,CD8A,Adhesion-Adhesion,Adhesion by CEAM,T cell NK-like|T cell CD8 effector memory,0.573
LCK_CD8_receptor,simple:P06239,complex:CD8_receptor,LCK,,Receptor-Receptor,,T cell regulatory|T cell CD8 effector memory,0.653
HLA-E_KLRC1,simple:P13747,simple:P26715,HLA-E,KLRC1,Ligand-Receptor,Signaling by HLA,T cell regulatory|T cell CD8 effector memory,0.608
HLA-E_CD94:NKG2E,simple:P13747,complex:CD94:NKG2E,HLA-E,,Ligand-Receptor,Signaling by HLA,T cell regulatory|T cell CD8 effector memory,0.567
HLA-E_CD94:NKG2A,simple:P13747,complex:CD94:NKG2A,HLA-E,,Ligand-Receptor,Signaling by HLA,T cell regulatory|T cell CD8 effector memory,0.567
CD200_CD200R1,simple:P41217,simple:Q8TD46,CD200,CD200R1,Ligand-Receptor,,T cell regulatory|T cell CD8 effector memory,0.614
HLA-E_KLRK1,simple:P13747,simple:P26718,HLA-E,KLRK1,Ligand-Receptor,Signaling by HLA,T cell regulatory|T cell CD8 effector memory,0.609
HLA-E_KLRC2,simple:P13747,simple:P26717,HLA-E,KLRC2,Ligand-Receptor,Signaling by HLA,T cell regulatory|T cell CD8 effector memory,0.604
HLA-E_CD94:NKG2C,simple:P13747,complex:CD94:NKG2C,HLA-E,,Ligand-Receptor,Signaling by HLA,T cell regulatory|T cell CD8 effector memory,0.567
CD70_CD27,simple:P32970,simple:P26842,CD70,CD27,Ligand-Receptor,,T cell regulatory|T cell CD8 effector memory,0.618
IL21_IL21_receptor,simple:Q9HBE4,complex:IL21_receptor,IL21,,Ligand-Receptor,Signaling by Interleukin,T cell regulatory|T cell CD8 effector memory,0.636
CEACAM5_CD8A,simple:P06731,simple:P01732,CEACAM5,CD8A,Adhesion-Adhesion,Adhesion by CEAM,T cell regulatory|T cell CD8 effector memory,0.573
FGL1_LAG3,simple:Q08830,simple:P18627,FGL1,LAG3,Ligand-Receptor,Signaling by Fibroblast growth factor,Tumor Tumor ImmunoSup|T cell CD8 effector memory,0.547
CXCL14_CXCR4,simple:O95715,simple:P61073,CXCL14,CXCR4,Ligand-Receptor,Signaling by Chemokines,Tumor Tumor ImmunoSup|T cell CD8 effector memory,0.576
CEACAM5_CD8A,simple:P06731,simple:P01732,CEACAM5,CD8A,Adhesion-Adhesion,Adhesion by CEAM,Tumor Tumor ImmunoSup|T cell CD8 effector memory,0.594
ULBP1_NKG2D_II_receptor,simple:Q9BZM6,complex:NKG2D_II_receptor,ULBP1,,Ligand-Receptor,Signaling by Killer Cell Lectin Like Receptor K1,cDC1|T cell CD8 effector memory,0.69
MICB_NKG2D_II_receptor,simple:Q29980,complex:NKG2D_II_receptor,MICB,,Ligand-Receptor,,cDC1|T cell CD8 effector memory,0.621
ProstaglandinE2_byPTGES2_PTGER4,complex:ProstaglandinE2_byPTGES2,simple:P35408,,PTGER4,Ligand-Receptor,Signaling by Prostaglandin,cDC1|T cell CD8 effector memory,0.68
TNFSF18_TNFRSF18,simple:Q9UNG2,simple:Q9Y5U5,TNFSF18,TNFRSF18,Ligand-Receptor,Signaling by Tumor necrosis factor,cDC1|T cell CD8 effector memory,0.597
FGL1_LAG3,simple:Q08830,simple:P18627,FGL1,LAG3,Ligand-Receptor,Signaling by Fibroblast growth factor,cDC1|T cell CD8 effector memory,0.558
CXCL9_CXCR3,simple:Q07325,simple:P49682,CXCL9,CXCR3,Ligand-Receptor,Signaling by Chemokines,cDC1|T cell CD8 effector memory,0.695
CEACAM5_CD8A,simple:P06731,simple:P01732,CEACAM5,CD8A,Adhesion-Adhesion,Adhesion by CEAM,cDC1|T cell CD8 effector memory,0.598
TNF_TNFRSF1B,simple:P01375,simple:P20333,TNF,TNFRSF1B,Ligand-Receptor,Signaling by Tumor necrosis factor,cDC1|T cell CD8 effector memory,0.626
CXCL9_DPP4,simple:Q07325,simple:P27487,CXCL9,DPP4,Ligand-Receptor,Signaling by Chemokines,cDC1|T cell CD8 effector memory,0.637
CXCL16_CXCR6,simple:Q9H2A7,simple:O00574,CXCL16,CXCR6,Ligand-Receptor,Signaling by Chemokines,cDC1|T cell CD8 effector memory,0.699
CADM1_CADM1,simple:Q9BY67,simple:Q9BY67,CADM1,CADM1,Adhesion-Adhesion,Adhesion by CADM,cDC1|T cell CD8 effector memory,0.637
CALCA_RAMP1_complex,simple:P01258,complex:RAMP1_complex,CALCA,,Ligand-Receptor,Signaling by Calcitonin,cDC1|T cell CD8 effector memory,0.607
CD86_CTLA4,simple:P42081,simple:P16410,CD86,CTLA4,Ligand-Receptor,,cDC1|T cell CD8 effector memory,0.641
ENTPD1_ADORA3,simple:P49961,simple:P0DMS8,ENTPD1,ADORA3,Ligand-Receptor,Signaling by Ectonucleoside,cDC1|T cell CD8 effector memory,0.585
Dehydroepiandrosterone_bySTS_NR1I2,complex:Dehydroepiandrosterone_bySTS,simple:O75469,,NR1I2,Ligand-Receptor,Signaling by Dehydroepiandrosterone,cDC1|T cell CD8 effector memory,0.587
APOB_TREM2_receptor,simple:P04114,complex:TREM2_receptor,APOB,,Ligand-Receptor,Signaling by Apolipoprotein,cDC1|T cell CD8 effector memory,0.556
ULBP1_NKG2D_II_receptor,simple:Q9BZM6,complex:NKG2D_II_receptor,ULBP1,,Ligand-Receptor,Signaling by Killer Cell Lectin Like Receptor K1,cDC2|T cell CD8 effector memory,0.601
LipoxinA4_byALOX5_FPR2,complex:LipoxinA4_byALOX5,simple:P25090,,FPR2,Ligand-Receptor,Signaling by Lipoxin/Leukotriene,cDC2|T cell CD8 effector memory,0.534
TNFSF13_TNFRSF17,simple:O75888,simple:Q02223,TNFSF13,TNFRSF17,Ligand-Receptor,Signaling by Tumor necrosis factor,cDC2|T cell CD8 effector memory,0.58
ProstaglandinE2_byPTGES2_PTGER4,complex:ProstaglandinE2_byPTGES2,simple:P35408,,PTGER4,Ligand-Receptor,Signaling by Prostaglandin,cDC2|T cell CD8 effector memory,0.619
TNFSF18_TNFRSF18,simple:Q9UNG2,simple:Q9Y5U5,TNFSF18,TNFRSF18,Ligand-Receptor,Signaling by Tumor necrosis factor,cDC2|T cell CD8 effector memory,0.599
NECTIN2_TIGIT,simple:Q92692,simple:Q495A1,NECTIN2,TIGIT,Ligand-Receptor,Signaling by Nectin,cDC2|T cell CD8 effector memory,0.623
CXCL9_CXCR3,simple:Q07325,simple:P49682,CXCL9,CXCR3,Ligand-Receptor,Signaling by Chemokines,cDC2|T cell CD8 effector memory,0.652
CXCL10_CXCR3,simple:P02778,simple:P49682,CXCL10,CXCR3,Ligand-Receptor,Signaling by Chemokines,cDC2|T cell CD8 effector memory,0.644
CEACAM5_CD8A,simple:P06731,simple:P01732,CEACAM5,CD8A,Adhesion-Adhesion,Adhesion by CEAM,cDC2|T cell CD8 effector memory,0.575
CXCL11_CXCR3,simple:O14625,simple:P49682,CXCL11,CXCR3,Ligand-Receptor,Signaling by Chemokines,cDC2|T cell CD8 effector memory,0.652
CXCL16_CXCR6,simple:Q9H2A7,simple:O00574,CXCL16,CXCR6,Ligand-Receptor,Signaling by Chemokines,cDC2|T cell CD8 effector memory,0.649
CCL19_CCR7,simple:Q99731,simple:P32248,CCL19,CCR7,Ligand-Receptor,Signaling by Chemokines,DC mature|T cell regulatory,0.72
C10orf99_SUSD2,simple:Q6UWK7,simple:Q9UGT4,C10orf99,SUSD2,Ligand-Receptor,,DC mature|T cell regulatory,0.654
TNFSF13B_TNFRSF13C,simple:Q9Y275,simple:Q96RJ3,TNFSF13B,TNFRSF13C,Ligand-Receptor,Signaling by Tumor necrosis factor,DC mature|T cell regulatory,0.609
TENM2_ADGRL2,simple:Q9NT68,simple:O95490,TENM2,ADGRL2,Ligand-Receptor,Signaling by Teneurin,DC mature|T cell regulatory,0.628
LipoxinA4_byALOX12_FPR2,complex:LipoxinA4_byALOX12,simple:P25090,,FPR2,Ligand-Receptor,Signaling by Lipoxin/Leukotriene,DC mature|T cell regulatory,0.642
CCL19_CCRL2,simple:Q99731,simple:O00421,CCL19,CCRL2,Ligand-Receptor,Signaling by Chemokines,DC mature|T cell regulatory,0.65
PVR_TIGIT,simple:P15151,simple:Q495A1,PVR,TIGIT,Ligand-Receptor,Signaling by Poliovirus receptor,DC mature|T cell regulatory,0.69
PVR_CD96,simple:P15151,simple:P40200,PVR,CD96,Ligand-Receptor,Signaling by Poliovirus receptor,DC mature|T cell regulatory,0.666
CD200_CD200R1,simple:P41217,simple:Q8TD46,CD200,CD200R1,Ligand-Receptor,,DC mature|T cell regulatory,0.646
WNT5B_SFRP4,simple:Q9H1J7,simple:Q6FHJ7,WNT5B,SFRP4,Ligand-Ligand,Signaling by WNT inhibition,DC mature|T cell regulatory,0.646
SAA1_FPR2,simple:P0DJI8,simple:P25090,SAA1,FPR2,Ligand-Receptor,,DC mature|T cell regulatory,0.599
ProstaglandinE2_byPTGES2_PTGER4,complex:ProstaglandinE2_byPTGES2,simple:P35408,,PTGER4,Ligand-Receptor,Signaling by Prostaglandin,DC mature|T cell regulatory,0.627
TNFSF18_TNFRSF18,simple:Q9UNG2,simple:Q9Y5U5,TNFSF18,TNFRSF18,Ligand-Receptor,Signaling by Tumor necrosis factor,DC mature|T cell regulatory,0.756
TNFSF13B_TNFRSF13B,simple:Q9Y275,simple:O14836,TNFSF13B,TNFRSF13B,Ligand-Receptor,Signaling by Tumor necrosis factor,DC mature|T cell regulatory,0.623
WNT5B_SFRP1,simple:Q9H1J7,simple:Q8N474,WNT5B,SFRP1,Ligand-Ligand,Signaling by WNT inhibition,DC mature|T cell regulatory,0.646
WNT5B_SFRP2,simple:Q9H1J7,simple:Q96HF1,WNT5B,SFRP2,Ligand-Ligand,Signaling by WNT inhibition,DC mature|T cell regulatory,0.651
CD70_CD27,simple:P32970,simple:P26842,CD70,CD27,Ligand-Receptor,,DC mature|T cell regulatory,0.69
PVR_CD226,simple:P15151,simple:Q15762,PVR,CD226,Ligand-Receptor,Signaling by Poliovirus receptor,DC mature|T cell regulatory,0.651
NECTIN2_TIGIT,simple:Q92692,simple:Q495A1,NECTIN2,TIGIT,Ligand-Receptor,Signaling by Nectin,DC mature|T cell regulatory,0.716
TNFSF9_TNFRSF9,simple:P41273,simple:Q07011,TNFSF9,TNFRSF9,Ligand-Receptor,Signaling by Tumor necrosis factor,DC mature|T cell regulatory,0.592
CXCL9_CXCR3,simple:Q07325,simple:P49682,CXCL9,CXCR3,Ligand-Receptor,Signaling by Chemokines,DC mature|T cell regulatory,0.718
CXCL10_CXCR3,simple:P02778,simple:P49682,CXCL10,CXCR3,Ligand-Receptor,Signaling by Chemokines,DC mature|T cell regulatory,0.708
CRLF2_TSLPR,simple:Q9HC73,complex:TSLPR,CRLF2,,Receptor-Receptor,,DC mature|T cell regulatory,0.675
CXCL10_DPP4,simple:P02778,simple:P27487,CXCL10,DPP4,Ligand-Receptor,Signaling by Chemokines,DC mature|T cell regulatory,0.64
CXCL11_CXCR3,simple:O14625,simple:P49682,CXCL11,CXCR3,Ligand-Receptor,Signaling by Chemokines,DC mature|T cell regulatory,0.714
CXCL9_DPP4,simple:Q07325,simple:P27487,CXCL9,DPP4,Ligand-Receptor,Signaling by Chemokines,DC mature|T cell regulatory,0.65
CXCL16_CXCR6,simple:Q9H2A7,simple:O00574,CXCL16,CXCR6,Ligand-Receptor,Signaling by Chemokines,DC mature|T cell regulatory,0.668
CALCA_RAMP1_complex,simple:P01258,complex:RAMP1_complex,CALCA,,Ligand-Receptor,Signaling by Calcitonin,DC mature|T cell regulatory,0.619
CXCL11_ACKR3,simple:O14625,simple:P25106,CXCL11,ACKR3,Ligand-Receptor,Signaling by Chemokines,DC mature|T cell regulatory,0.641
CD86_CTLA4,simple:P42081,simple:P16410,CD86,CTLA4,Ligand-Receptor,,DC mature|T cell regulatory,0.74
CXCL11_DPP4,simple:O14625,simple:P27487,CXCL11,DPP4,Ligand-Receptor,Signaling by Chemokines,DC mature|T cell regulatory,0.646
WNT5B_WIF1,simple:Q9H1J7,simple:Q9Y5W5,WNT5B,WIF1,Ligand-Ligand,Signaling by WNT inhibition,DC mature|T cell regulatory,0.651
WNT5B_SFRP5,simple:Q9H1J7,simple:Q5T4F7,WNT5B,SFRP5,Ligand-Ligand,Signaling by WNT inhibition,DC mature|T cell regulatory,0.655
CCL22_DPP4,simple:O00626,simple:P27487,CCL22,DPP4,Ligand-Receptor,Signaling by Chemokines,DC mature|T cell regulatory,0.664
CXCL5_CXCR1,simple:P42830,simple:P25024,CXCL5,CXCR1,Ligand-Receptor,Signaling by Chemokines,Macrophage alveolar|T cell regulatory,0.597
TNFSF13_TNFRSF13B,simple:O75888,simple:O14836,TNFSF13,TNFRSF13B,Ligand-Receptor,Signaling by Tumor necrosis factor,Macrophage alveolar|T cell regulatory,0.598
PVR_TIGIT,simple:P15151,simple:Q495A1,PVR,TIGIT,Ligand-Receptor,Signaling by Poliovirus receptor,Macrophage alveolar|T cell regulatory,0.673
CXCL5_CXCR2,simple:P42830,simple:P25025,CXCL5,CXCR2,Ligand-Receptor,Signaling by Chemokines,Macrophage alveolar|T cell regulatory,0.594
PVR_CD96,simple:P15151,simple:P40200,PVR,CD96,Ligand-Receptor,Signaling by Poliovirus receptor,Macrophage alveolar|T cell regulatory,0.648
TNFSF13_TNFRSF17,simple:O75888,simple:Q02223,TNFSF13,TNFRSF17,Ligand-Receptor,Signaling by Tumor necrosis factor,Macrophage alveolar|T cell regulatory,0.58
CCL23_FPR2,simple:P55773,simple:P25090,CCL23,FPR2,Ligand-Receptor,Signaling by Chemokines,Macrophage alveolar|T cell regulatory,0.585
CCL20_CCR6,simple:P78556,simple:P51684,CCL20,CCR6,Ligand-Receptor,Signaling by Chemokines,Macrophage alveolar|T cell regulatory,0.668
LAIR1_LILRB4,simple:Q6GTX8,simple:Q8NHJ6,LAIR1,LILRB4,Receptor-Receptor,,Macrophage alveolar|T cell regulatory,0.569
CXCL3_CXCR2,simple:P19876,simple:P25025,CXCL3,CXCR2,Ligand-Receptor,Signaling by Chemokines,Macrophage alveolar|T cell regulatory,0.586
TNFSF9_TNFRSF9,simple:P41273,simple:Q07011,TNFSF9,TNFRSF9,Ligand-Receptor,Signaling by Tumor necrosis factor,Macrophage alveolar|T cell regulatory,0.566
IL21_IL21_receptor,simple:Q9HBE4,complex:IL21_receptor,IL21,,Ligand-Receptor,Signaling by Interleukin,Macrophage alveolar|T cell regulatory,0.56
ANGPT4_TEK,simple:Q9Y264,simple:Q02763,ANGPT4,TEK,Ligand-Receptor,Signaling by Angiopoietin,Macrophage alveolar|T cell regulatory,0.589
TNF_TNFRSF1B,simple:P01375,simple:P20333,TNF,TNFRSF1B,Ligand-Receptor,Signaling by Tumor necrosis factor,Macrophage alveolar|T cell regulatory,0.635
CXCL16_CXCR6,simple:Q9H2A7,simple:O00574,CXCL16,CXCR6,Ligand-Receptor,Signaling by Chemokines,Macrophage alveolar|T cell regulatory,0.66
RBP4_STRA6,simple:P02753,simple:Q9BX79,RBP4,STRA6,Ligand-Receptor,,Macrophage alveolar|T cell regulatory,0.596
CD86_CTLA4,simple:P42081,simple:P16410,CD86,CTLA4,Ligand-Receptor,,Macrophage alveolar|T cell regulatory,0.655
Dehydroepiandrosterone_bySTS_NR1I2,complex:Dehydroepiandrosterone_bySTS,simple:O75469,,NR1I2,Ligand-Receptor,Signaling by Dehydroepiandrosterone,Macrophage alveolar|T cell regulatory,0.578
CXCL8_CXCR2,simple:P10145,simple:P25025,CXCL8,CXCR2,Ligand-Receptor,Signaling by Chemokines,Monocyte classical|T cell regulatory,0.56
CXCL8_CXCR1,simple:P10145,simple:P25024,CXCL8,CXCR1,Ligand-Receptor,Signaling by Chemokines,Monocyte classical|T cell regulatory,0.563
CXCL8_ACKR1,simple:P10145,simple:Q16570,CXCL8,ACKR1,Ligand-Receptor,Signaling by Chemokines,Monocyte classical|T cell regulatory,0.562
CCL20_CCR6,simple:P78556,simple:P51684,CCL20,CCR6,Ligand-Receptor,Signaling by Chemokines,Monocyte classical|T cell regulatory,0.685
TNFSF18_TNFRSF18,simple:Q9UNG2,simple:Q9Y5U5,TNFSF18,TNFRSF18,Ligand-Receptor,Signaling by Tumor necrosis factor,Monocyte classical|T cell regulatory,0.582
CXCL3_CXCR2,simple:P19876,simple:P25025,CXCL3,CXCR2,Ligand-Receptor,Signaling by Chemokines,Monocyte classical|T cell regulatory,0.588
CXCL2_CXCR2,simple:P19875,simple:P25025,CXCL2,CXCR2,Ligand-Receptor,Signaling by Chemokines,Monocyte classical|T cell regulatory,0.589
CXCL10_CXCR3,simple:P02778,simple:P49682,CXCL10,CXCR3,Ligand-Receptor,Signaling by Chemokines,Monocyte classical|T cell regulatory,0.611
CRLF2_TSLPR,simple:Q9HC73,complex:TSLPR,CRLF2,,Receptor-Receptor,,Monocyte classical|T cell regulatory,0.497
IL21_IL21_receptor,simple:Q9HBE4,complex:IL21_receptor,IL21,,Ligand-Receptor,Signaling by Interleukin,Monocyte classical|T cell regulatory,0.558
TNF_TNFRSF1B,simple:P01375,simple:P20333,TNF,TNFRSF1B,Ligand-Receptor,Signaling by Tumor necrosis factor,Monocyte classical|T cell regulatory,0.604
CXCL11_CXCR3,simple:O14625,simple:P49682,CXCL11,CXCR3,Ligand-Receptor,Signaling by Chemokines,Monocyte classical|T cell regulatory,0.627
CXCL16_CXCR6,simple:Q9H2A7,simple:O00574,CXCL16,CXCR6,Ligand-Receptor,Signaling by Chemokines,Monocyte classical|T cell regulatory,0.638
CD86_CTLA4,simple:P42081,simple:P16410,CD86,CTLA4,Ligand-Receptor,,Monocyte classical|T cell regulatory,0.676
EREG_ERBB4,simple:O14944,simple:Q15303,EREG,ERBB4,Ligand-Receptor,Signaling by Epidermal growth factor,Monocyte classical|T cell regulatory,0.602
XCL2_XCR1,simple:Q9UBD3,simple:P46094,XCL2,XCR1,Ligand-Receptor,Signaling by Lymphotactin,NK cell|T cell regulatory,0.593
CCL5_ACKR1,simple:P13501,simple:Q16570,CCL5,ACKR1,Ligand-Receptor,Signaling by Chemokines,NK cell|T cell regulatory,0.577
TNFSF9_TNFRSF9,simple:P41273,simple:Q07011,TNFSF9,TNFRSF9,Ligand-Receptor,Signaling by Tumor necrosis factor,NK cell|T cell regulatory,0.595
IL21_IL21_receptor,simple:Q9HBE4,complex:IL21_receptor,IL21,,Ligand-Receptor,Signaling by Interleukin,NK cell|T cell regulatory,0.558
XCL1_XCR1,simple:P47992,simple:P46094,XCL1,XCR1,Ligand-Receptor,Signaling by Lymphotactin,NK cell|T cell regulatory,0.59
LCK_CD8_receptor,simple:P06239,complex:CD8_receptor,LCK,,Receptor-Receptor,,T cell CD4 dividing|T cell regulatory,0.601
CALCB_RAMP1_complex,simple:P10092,complex:RAMP1_complex,CALCB,,Ligand-Receptor,Signaling by Calcitonin,T cell CD4 dividing|T cell regulatory,0.613
LTA_TNFRSF1B,simple:P01374,simple:P20333,LTA,TNFRSF1B,Ligand-Receptor,Signaling by Tumor necrosis factor,T cell CD4 dividing|T cell regulatory,0.705
MICB_NKG2D_II_receptor,simple:Q29980,complex:NKG2D_II_receptor,MICB,,Ligand-Receptor,,T cell CD4 dividing|T cell regulatory,0.608
CCL20_CCR6,simple:P78556,simple:P51684,CCL20,CCR6,Ligand-Receptor,Signaling by Chemokines,T cell CD4 dividing|T cell regulatory,0.649
RAET1L_NKG2D_II_receptor,simple:Q5VY80,complex:NKG2D_II_receptor,RAET1L,,Ligand-Receptor,Signaling by Killer Cell Lectin Like Receptor K1,T cell CD4 dividing|T cell regulatory,0.603
CD70_CD27,simple:P32970,simple:P26842,CD70,CD27,Ligand-Receptor,,T cell CD4 dividing|T cell regulatory,0.712
IL4_IL4_receptor,simple:P05112,complex:IL4_receptor,IL4,,Ligand-Receptor,Signaling by Interleukin,T cell CD4 dividing|T cell regulatory,0.575
FGL1_LAG3,simple:Q08830,simple:P18627,FGL1,LAG3,Ligand-Receptor,Signaling by Fibroblast growth factor,T cell CD4 dividing|T cell regulatory,0.555
CXCL13_CXCR5,simple:O43927,simple:P32302,CXCL13,CXCR5,Ligand-Receptor,Signaling by Chemokines,T cell CD4 dividing|T cell regulatory,0.606
CRLF2_TSLPR,simple:Q9HC73,complex:TSLPR,CRLF2,,Receptor-Receptor,,T cell CD4 dividing|T cell regulatory,0.508
IL13_IL13RA2,simple:P35225,simple:Q14627,IL13,IL13RA2,Ligand-Receptor,Signaling by Interleukin,T cell CD4 dividing|T cell regulatory,0.618
IL21_IL21_receptor,simple:Q9HBE4,complex:IL21_receptor,IL21,,Ligand-Receptor,Signaling by Interleukin,T cell CD4 dividing|T cell regulatory,0.727
TNF_TNFRSF1B,simple:P01375,simple:P20333,TNF,TNFRSF1B,Ligand-Receptor,Signaling by Tumor necrosis factor,T cell CD4 dividing|T cell regulatory,0.62
CD40LG_CD40,simple:P29965,simple:P25942,CD40LG,CD40,Ligand-Receptor,,T cell CD4 dividing|T cell regulatory,0.59
CALCA_RAMP1_complex,simple:P01258,complex:RAMP1_complex,CALCA,,Ligand-Receptor,Signaling by Calcitonin,T cell CD4 dividing|T cell regulatory,0.562
CCL28_CCR10,simple:Q9NRJ3,simple:P46092,CCL28,CCR10,Ligand-Receptor,Signaling by Chemokines,T cell CD4 dividing|T cell regulatory,0.604
CD177_PECAM1,simple:Q8N6Q3,simple:P16284,CD177,PECAM1,Ligand-Receptor,,T cell CD4 dividing|T cell regulatory,0.603
IL24_IL20_receptor_Type_I,simple:Q13007,complex:IL20_receptor_Type_I,IL24,,Ligand-Receptor,Signaling by Interleukin,T cell CD4 dividing|T cell regulatory,0.604
XCL2_XCR1,simple:Q9UBD3,simple:P46094,XCL2,XCR1,Ligand-Receptor,Signaling by Lymphotactin,T cell CD8 dividing|T cell regulatory,0.615
LCK_CD8_receptor,simple:P06239,complex:CD8_receptor,LCK,,Receptor-Receptor,,T cell CD8 dividing|T cell regulatory,0.6
CCL5_CCR1,simple:P13501,simple:P32246,CCL5,CCR1,Ligand-Receptor,Signaling by Chemokines,T cell CD8 dividing|T cell regulatory,0.597
CALCB_RAMP1_complex,simple:P10092,complex:RAMP1_complex,CALCB,,Ligand-Receptor,Signaling by Calcitonin,T cell CD8 dividing|T cell regulatory,0.595
CCL3_CCR1,simple:P10147,simple:P32246,CCL3,CCR1,Ligand-Receptor,Signaling by Chemokines,T cell CD8 dividing|T cell regulatory,0.598
LTA_TNFRSF1B,simple:P01374,simple:P20333,LTA,TNFRSF1B,Ligand-Receptor,Signaling by Tumor necrosis factor,T cell CD8 dividing|T cell regulatory,0.613
HLA-C_KIR2DL3,simple:HLAC,simple:P43628,HLA-C,KIR2DL3,Ligand-Receptor,Signaling by HLA,T cell CD8 dividing|T cell regulatory,0.567
MICB_NKG2D_II_receptor,simple:Q29980,complex:NKG2D_II_receptor,MICB,,Ligand-Receptor,,T cell CD8 dividing|T cell regulatory,0.605
TNFSF18_TNFRSF18,simple:Q9UNG2,simple:Q9Y5U5,TNFSF18,TNFRSF18,Ligand-Receptor,Signaling by Tumor necrosis factor,T cell CD8 dividing|T cell regulatory,0.62
CD70_CD27,simple:P32970,simple:P26842,CD70,CD27,Ligand-Receptor,,T cell CD8 dividing|T cell regulatory,0.712
CCL5_ACKR1,simple:P13501,simple:Q16570,CCL5,ACKR1,Ligand-Receptor,Signaling by Chemokines,T cell CD8 dividing|T cell regulatory,0.612
TNFSF9_TNFRSF9,simple:P41273,simple:Q07011,TNFSF9,TNFRSF9,Ligand-Receptor,Signaling by Tumor necrosis factor,T cell CD8 dividing|T cell regulatory,0.649
CXCL13_CXCR5,simple:O43927,simple:P32302,CXCL13,CXCR5,Ligand-Receptor,Signaling by Chemokines,T cell CD8 dividing|T cell regulatory,0.655
IL13_IL13RA2,simple:P35225,simple:Q14627,IL13,IL13RA2,Ligand-Receptor,Signaling by Interleukin,T cell CD8 dividing|T cell regulatory,0.621
IL21_IL21_receptor,simple:Q9HBE4,complex:IL21_receptor,IL21,,Ligand-Receptor,Signaling by Interleukin,T cell CD8 dividing|T cell regulatory,0.595
ENTPD1_ADORA3,simple:P49961,simple:P0DMS8,ENTPD1,ADORA3,Ligand-Receptor,Signaling by Ectonucleoside,T cell CD8 dividing|T cell regulatory,0.587
XCL1_XCR1,simple:P47992,simple:P46094,XCL1,XCR1,Ligand-Receptor,Signaling by Lymphotactin,T cell CD8 dividing|T cell regulatory,0.617
LTA_TNFRSF1B,simple:P01374,simple:P20333,LTA,TNFRSF1B,Ligand-Receptor,Signaling by Tumor necrosis factor,T cell CD8 terminally exhausted|T cell regulatory,0.606
TNFSF18_TNFRSF18,simple:Q9UNG2,simple:Q9Y5U5,TNFSF18,TNFRSF18,Ligand-Receptor,Signaling by Tumor necrosis factor,T cell CD8 terminally exhausted|T cell regulatory,0.577
CD70_CD27,simple:P32970,simple:P26842,CD70,CD27,Ligand-Receptor,,T cell CD8 terminally exhausted|T cell regulatory,0.658
TNFSF9_TNFRSF9,simple:P41273,simple:Q07011,TNFSF9,TNFRSF9,Ligand-Receptor,Signaling by Tumor necrosis factor,T cell CD8 terminally exhausted|T cell regulatory,0.621
CXCL13_CXCR5,simple:O43927,simple:P32302,CXCL13,CXCR5,Ligand-Receptor,Signaling by Chemokines,T cell CD8 terminally exhausted|T cell regulatory,0.611
CRLF2_TSLPR,simple:Q9HC73,complex:TSLPR,CRLF2,,Receptor-Receptor,,T cell CD8 terminally exhausted|T cell regulatory,0.487
IL21_IL21_receptor,simple:Q9HBE4,complex:IL21_receptor,IL21,,Ligand-Receptor,Signaling by Interleukin,T cell CD8 terminally exhausted|T cell regulatory,0.585
PTPRC_MRC1,simple:P08575,simple:P22897,PTPRC,MRC1,Receptor-Receptor,,T cell NK-like|T cell regulatory,0.565
IL4_IL4_receptor,simple:P05112,complex:IL4_receptor,IL4,,Ligand-Receptor,Signaling by Interleukin,T cell NK-like|T cell regulatory,0.513
TNFSF9_TNFRSF9,simple:P41273,simple:Q07011,TNFSF9,TNFRSF9,Ligand-Receptor,Signaling by Tumor necrosis factor,T cell NK-like|T cell regulatory,0.653
TNF_TNFRSF1B,simple:P01375,simple:P20333,TNF,TNFRSF1B,Ligand-Receptor,Signaling by Tumor necrosis factor,T cell NK-like|T cell regulatory,0.577
CCL19_CCR7,simple:Q99731,simple:P32248,CCL19,CCR7,Ligand-Receptor,Signaling by Chemokines,T cell regulatory|DC mature,0.658
CCL21_CCR7,simple:O00585,simple:P32248,CCL21,CCR7,Ligand-Receptor,Signaling by Chemokines,T cell regulatory|DC mature,0.658
LTA_TNFRSF1B,simple:P01374,simple:P20333,LTA,TNFRSF1B,Ligand-Receptor,Signaling by Tumor necrosis factor,T cell regulatory|DC mature,0.63
CD44_TYROBP,simple:P16070,simple:O43914,CD44,TYROBP,Ligand-Receptor,,T cell regulatory|DC mature,0.656
CCL20_CCR6,simple:P78556,simple:P51684,CCL20,CCR6,Ligand-Receptor,Signaling by Chemokines,T cell regulatory|DC mature,0.636
SEMA3C_NRP2,simple:Q99985,simple:O60462,SEMA3C,NRP2,Ligand-Receptor,Signaling by Semaphorin,T cell regulatory|DC mature,0.63
IL4_IL4_receptor,simple:P05112,complex:IL4_receptor,IL4,,Ligand-Receptor,Signaling by Interleukin,T cell regulatory|DC mature,0.574
CD226_NECTIN2,simple:Q15762,simple:Q92692,CD226,NECTIN2,Adhesion-Adhesion,,T cell regulatory|DC mature,0.677
TNFSF9_TNFRSF9,simple:P41273,simple:Q07011,TNFSF9,TNFRSF9,Ligand-Receptor,Signaling by Tumor necrosis factor,T cell regulatory|DC mature,0.604
TSLP_TSLPR,simple:Q969D9,complex:TSLPR,TSLP,,Ligand-Receptor,,T cell regulatory|DC mature,0.599
CRLF2_TSLPR,simple:Q9HC73,complex:TSLPR,CRLF2,,Receptor-Receptor,,T cell regulatory|DC mature,0.629
IL21_IL21_receptor,simple:Q9HBE4,complex:IL21_receptor,IL21,,Ligand-Receptor,Signaling by Interleukin,T cell regulatory|DC mature,0.661
CD40LG_CD40,simple:P29965,simple:P25942,CD40LG,CD40,Ligand-Receptor,,T cell regulatory|DC mature,0.735
AVP_OXTR,simple:P01185,simple:P30559,AVP,OXTR,Ligand-Receptor,Signaling by Vasopressin,T cell regulatory|DC mature,0.621
TNFSF10_TNFRSF11B,simple:P50591,simple:O00300,TNFSF10,TNFRSF11B,Ligand-Receptor,Signaling by Tumor necrosis factor,T cell regulatory|DC mature,0.632
DHEAsulfate_bySULT1E1_PPARG,complex:DHEAsulfate_bySULT1E1,simple:P37231,,PPARG,Ligand-Receptor,Signaling by Dehydroepiandrosterone,T cell regulatory|Macrophage alveolar,0.585
LipoxinA4_byALOX12_FPR2,complex:LipoxinA4_byALOX12,simple:P25090,,FPR2,Ligand-Receptor,Signaling by Lipoxin/Leukotriene,T cell regulatory|Macrophage alveolar,0.578
PTPRC_MRC1,simple:P08575,simple:P22897,PTPRC,MRC1,Receptor-Receptor,,T cell regulatory|Macrophage alveolar,0.663
CD44_TYROBP,simple:P16070,simple:O43914,CD44,TYROBP,Ligand-Receptor,,T cell regulatory|Macrophage alveolar,0.622
PTPRC_CD22,simple:P08575,simple:P20273,PTPRC,CD22,Receptor-Receptor,,T cell regulatory|Macrophage alveolar,0.565
SAA1_FPR2,simple:P0DJI8,simple:P25090,SAA1,FPR2,Ligand-Receptor,,T cell regulatory|Macrophage alveolar,0.559
TF_TFRC,simple:P02787,simple:P02786,TF,TFRC,Ligand-Receptor,Signaling by Transferrin,T cell regulatory|Macrophage alveolar,0.613
HLA-G_LILRB1,simple:P17693,simple:Q8NHL6,HLA-G,LILRB1,Ligand-Receptor,Signaling by HLA,T cell regulatory|Macrophage alveolar,0.607
APOE_TREM2_receptor,simple:P02649,complex:TREM2_receptor,APOE,,Ligand-Receptor,Signaling by Apolipoprotein,T cell regulatory|Macrophage alveolar,0.559
CRLF2_TSLPR,simple:Q9HC73,complex:TSLPR,CRLF2,,Receptor-Receptor,,T cell regulatory|Macrophage alveolar,0.489
CD40LG_CD40,simple:P29965,simple:P25942,CD40LG,CD40,Ligand-Receptor,,T cell regulatory|Macrophage alveolar,0.627
CD177_PECAM1,simple:Q8N6Q3,simple:P16284,CD177,PECAM1,Ligand-Receptor,,T cell regulatory|Macrophage alveolar,0.674
APOB_TREM2_receptor,simple:P04114,complex:TREM2_receptor,APOB,,Ligand-Receptor,Signaling by Apolipoprotein,T cell regulatory|Macrophage alveolar,0.564
CEACAM1_CEACAM8,simple:P13688,simple:P31997,CEACAM1,CEACAM8,Adhesion-Adhesion,Adhesion by CEAM,T cell regulatory|Macrophage alveolar,0.625
LTA_TNFRSF1B,simple:P01374,simple:P20333,LTA,TNFRSF1B,Ligand-Receptor,Signaling by Tumor necrosis factor,T cell regulatory|Monocyte classical,0.661
LipoxinA4_byALOX12_FPR2,complex:LipoxinA4_byALOX12,simple:P25090,,FPR2,Ligand-Receptor,Signaling by Lipoxin/Leukotriene,T cell regulatory|Monocyte classical,0.613
CCL19_CCRL2,simple:Q99731,simple:O00421,CCL19,CCRL2,Ligand-Receptor,Signaling by Chemokines,T cell regulatory|Monocyte classical,0.579
PTPRC_MRC1,simple:P08575,simple:P22897,PTPRC,MRC1,Receptor-Receptor,,T cell regulatory|Monocyte classical,0.6
CD44_TYROBP,simple:P16070,simple:O43914,CD44,TYROBP,Ligand-Receptor,,T cell regulatory|Monocyte classical,0.625
LipoxinA4_byALOX5_FPR2,complex:LipoxinA4_byALOX5,simple:P25090,,FPR2,Ligand-Receptor,Signaling by Lipoxin/Leukotriene,T cell regulatory|Monocyte classical,0.546
SAA1_FPR2,simple:P0DJI8,simple:P25090,SAA1,FPR2,Ligand-Receptor,,T cell regulatory|Monocyte classical,0.594
HLA-G_LILRB1,simple:P17693,simple:Q8NHL6,HLA-G,LILRB1,Ligand-Receptor,Signaling by HLA,T cell regulatory|Monocyte classical,0.631
LeukotrieneC4_byLTC4S_CYSLTR2,complex:LeukotrieneC4_byLTC4S,simple:Q9NS75,,CYSLTR2,Ligand-Receptor,Signaling by Lipoxin/Leukotriene,T cell regulatory|Monocyte classical,0.55
CXCL13_CXCR5,simple:O43927,simple:P32302,CXCL13,CXCR5,Ligand-Receptor,Signaling by Chemokines,T cell regulatory|Monocyte classical,0.534
HLA-G_LILRB2,simple:P17693,simple:Q8N423,HLA-G,LILRB2,Ligand-Receptor,Signaling by HLA,T cell regulatory|Monocyte classical,0.641
CD320_JAML,simple:Q9NPF0,simple:Q86YT9,CD320,JAML,Ligand-Receptor,,T cell regulatory|Monocyte classical,0.584
CD52_SIGLEC10,simple:P31358,simple:Q96LC7,CD52,SIGLEC10,Ligand-Receptor,,T cell regulatory|Monocyte classical,0.626
CD177_PECAM1,simple:Q8N6Q3,simple:P16284,CD177,PECAM1,Ligand-Receptor,,T cell regulatory|Monocyte classical,0.638
CTSG_FPR1,simple:P08311,simple:P21462,CTSG,FPR1,Ligand-Receptor,Signaling by Cathepsin,T cell regulatory|Monocyte classical,0.591
FCER2_integrin_aXb2_complex,simple:P06734,complex:integrin_aXb2_complex,FCER2,,Receptor-Receptor,Signaling by FC receptor,T cell regulatory|Monocyte classical,0.561
LTA_TNFRSF1B,simple:P01374,simple:P20333,LTA,TNFRSF1B,Ligand-Receptor,Signaling by Tumor necrosis factor,T cell regulatory|NK cell,0.62
HLA-E_KLRC1,simple:P13747,simple:P26715,HLA-E,KLRC1,Ligand-Receptor,Signaling by HLA,T cell regulatory|NK cell,0.641
HLA-C_KIR2DL3,simple:HLAC,simple:P43628,HLA-C,KIR2DL3,Ligand-Receptor,Signaling by HLA,T cell regulatory|NK cell,0.648
HLA-E_CD94:NKG2E,simple:P13747,complex:CD94:NKG2E,HLA-E,,Ligand-Receptor,Signaling by HLA,T cell regulatory|NK cell,0.642
HLA-E_CD94:NKG2A,simple:P13747,complex:CD94:NKG2A,HLA-E,,Ligand-Receptor,Signaling by HLA,T cell regulatory|NK cell,0.641
HLA-E_KLRK1,simple:P13747,simple:P26718,HLA-E,KLRK1,Ligand-Receptor,Signaling by HLA,T cell regulatory|NK cell,0.624
HLA-E_KLRC2,simple:P13747,simple:P26717,HLA-E,KLRC2,Ligand-Receptor,Signaling by HLA,T cell regulatory|NK cell,0.639
HLA-E_CD94:NKG2C,simple:P13747,complex:CD94:NKG2C,HLA-E,,Ligand-Receptor,Signaling by HLA,T cell regulatory|NK cell,0.639
IL21_IL21_receptor,simple:Q9HBE4,complex:IL21_receptor,IL21,,Ligand-Receptor,Signaling by Interleukin,T cell regulatory|NK cell,0.602
LTA_TNFRSF1B,simple:P01374,simple:P20333,LTA,TNFRSF1B,Ligand-Receptor,Signaling by Tumor necrosis factor,T cell regulatory|T cell CD4 dividing,0.675
PVR_TIGIT,simple:P15151,simple:Q495A1,PVR,TIGIT,Ligand-Receptor,Signaling by Poliovirus receptor,T cell regulatory|T cell CD4 dividing,0.598
CD200_CD200R1,simple:P41217,simple:Q8TD46,CD200,CD200R1,Ligand-Receptor,,T cell regulatory|T cell CD4 dividing,0.622
CCL20_CCR6,simple:P78556,simple:P51684,CCL20,CCR6,Ligand-Receptor,Signaling by Chemokines,T cell regulatory|T cell CD4 dividing,0.634
TNFSF18_TNFRSF18,simple:Q9UNG2,simple:Q9Y5U5,TNFSF18,TNFRSF18,Ligand-Receptor,Signaling by Tumor necrosis factor,T cell regulatory|T cell CD4 dividing,0.627
CD70_CD27,simple:P32970,simple:P26842,CD70,CD27,Ligand-Receptor,,T cell regulatory|T cell CD4 dividing,0.676
IL4_IL4_receptor,simple:P05112,complex:IL4_receptor,IL4,,Ligand-Receptor,Signaling by Interleukin,T cell regulatory|T cell CD4 dividing,0.57
CXCL9_CXCR3,simple:Q07325,simple:P49682,CXCL9,CXCR3,Ligand-Receptor,Signaling by Chemokines,T cell regulatory|T cell CD4 dividing,0.594
CXCL10_CXCR3,simple:P02778,simple:P49682,CXCL10,CXCR3,Ligand-Receptor,Signaling by Chemokines,T cell regulatory|T cell CD4 dividing,0.592
CRLF2_TSLPR,simple:Q9HC73,complex:TSLPR,CRLF2,,Receptor-Receptor,,T cell regulatory|T cell CD4 dividing,0.508
IL21_IL21_receptor,simple:Q9HBE4,complex:IL21_receptor,IL21,,Ligand-Receptor,Signaling by Interleukin,T cell regulatory|T cell CD4 dividing,0.69
CXCL11_CXCR3,simple:O14625,simple:P49682,CXCL11,CXCR3,Ligand-Receptor,Signaling by Chemokines,T cell regulatory|T cell CD4 dividing,0.59
CXCL16_CXCR6,simple:Q9H2A7,simple:O00574,CXCL16,CXCR6,Ligand-Receptor,Signaling by Chemokines,T cell regulatory|T cell CD4 dividing,0.588
CD86_CTLA4,simple:P42081,simple:P16410,CD86,CTLA4,Ligand-Receptor,,T cell regulatory|T cell CD4 dividing,0.614
LCK_CD8_receptor,simple:P06239,complex:CD8_receptor,LCK,,Receptor-Receptor,,T cell regulatory|T cell CD8 dividing,0.708
LTA_TNFRSF1B,simple:P01374,simple:P20333,LTA,TNFRSF1B,Ligand-Receptor,Signaling by Tumor necrosis factor,T cell regulatory|T cell CD8 dividing,0.64
HLA-E_KLRC1,simple:P13747,simple:P26715,HLA-E,KLRC1,Ligand-Receptor,Signaling by HLA,T cell regulatory|T cell CD8 dividing,0.662
HLA-E_CD94:NKG2E,simple:P13747,complex:CD94:NKG2E,HLA-E,,Ligand-Receptor,Signaling by HLA,T cell regulatory|T cell CD8 dividing,0.631
HLA-E_CD94:NKG2A,simple:P13747,complex:CD94:NKG2A,HLA-E,,Ligand-Receptor,Signaling by HLA,T cell regulatory|T cell CD8 dividing,0.631
CD200_CD200R1,simple:P41217,simple:Q8TD46,CD200,CD200R1,Ligand-Receptor,,T cell regulatory|T cell CD8 dividing,0.68
HLA-E_KLRK1,simple:P13747,simple:P26718,HLA-E,KLRK1,Ligand-Receptor,Signaling by HLA,T cell regulatory|T cell CD8 dividing,0.675
HLA-E_KLRC2,simple:P13747,simple:P26717,HLA-E,KLRC2,Ligand-Receptor,Signaling by HLA,T cell regulatory|T cell CD8 dividing,0.674
RAET1L_NKG2D_II_receptor,simple:Q5VY80,complex:NKG2D_II_receptor,RAET1L,,Ligand-Receptor,Signaling by Killer Cell Lectin Like Receptor K1,T cell regulatory|T cell CD8 dividing,0.594
HLA-E_CD94:NKG2C,simple:P13747,complex:CD94:NKG2C,HLA-E,,Ligand-Receptor,Signaling by HLA,T cell regulatory|T cell CD8 dividing,0.631
CD70_CD27,simple:P32970,simple:P26842,CD70,CD27,Ligand-Receptor,,T cell regulatory|T cell CD8 dividing,0.679
IL4_IL4_receptor,simple:P05112,complex:IL4_receptor,IL4,,Ligand-Receptor,Signaling by Interleukin,T cell regulatory|T cell CD8 dividing,0.539
FGL1_LAG3,simple:Q08830,simple:P18627,FGL1,LAG3,Ligand-Receptor,Signaling by Fibroblast growth factor,T cell regulatory|T cell CD8 dividing,0.636
CXCL9_CXCR3,simple:Q07325,simple:P49682,CXCL9,CXCR3,Ligand-Receptor,Signaling by Chemokines,T cell regulatory|T cell CD8 dividing,0.598
CXCL10_CXCR3,simple:P02778,simple:P49682,CXCL10,CXCR3,Ligand-Receptor,Signaling by Chemokines,T cell regulatory|T cell CD8 dividing,0.596
IL21_IL21_receptor,simple:Q9HBE4,complex:IL21_receptor,IL21,,Ligand-Receptor,Signaling by Interleukin,T cell regulatory|T cell CD8 dividing,0.684
CEACAM5_CD8A,simple:P06731,simple:P01732,CEACAM5,CD8A,Adhesion-Adhesion,Adhesion by CEAM,T cell regulatory|T cell CD8 dividing,0.627
CXCL11_CXCR3,simple:O14625,simple:P49682,CXCL11,CXCR3,Ligand-Receptor,Signaling by Chemokines,T cell regulatory|T cell CD8 dividing,0.594
CXCL16_CXCR6,simple:Q9H2A7,simple:O00574,CXCL16,CXCR6,Ligand-Receptor,Signaling by Chemokines,T cell regulatory|T cell CD8 dividing,0.593
CD86_CTLA4,simple:P42081,simple:P16410,CD86,CTLA4,Ligand-Receptor,,T cell regulatory|T cell CD8 dividing,0.597
CD177_PECAM1,simple:Q8N6Q3,simple:P16284,CD177,PECAM1,Ligand-Receptor,,T cell regulatory|T cell CD8 dividing,0.57
LCK_CD8_receptor,simple:P06239,complex:CD8_receptor,LCK,,Receptor-Receptor,,T cell regulatory|T cell CD8 terminally exhausted,0.668
LTA_TNFRSF1B,simple:P01374,simple:P20333,LTA,TNFRSF1B,Ligand-Receptor,Signaling by Tumor necrosis factor,T cell regulatory|T cell CD8 terminally exhausted,0.606
HLA-E_KLRC1,simple:P13747,simple:P26715,HLA-E,KLRC1,Ligand-Receptor,Signaling by HLA,T cell regulatory|T cell CD8 terminally exhausted,0.619
HLA-E_CD94:NKG2E,simple:P13747,complex:CD94:NKG2E,HLA-E,,Ligand-Receptor,Signaling by HLA,T cell regulatory|T cell CD8 terminally exhausted,0.623
HLA-E_CD94:NKG2A,simple:P13747,complex:CD94:NKG2A,HLA-E,,Ligand-Receptor,Signaling by HLA,T cell regulatory|T cell CD8 terminally exhausted,0.619
CD200_CD200R1,simple:P41217,simple:Q8TD46,CD200,CD200R1,Ligand-Receptor,,T cell regulatory|T cell CD8 terminally exhausted,0.642
HLA-E_KLRK1,simple:P13747,simple:P26718,HLA-E,KLRK1,Ligand-Receptor,Signaling by HLA,T cell regulatory|T cell CD8 terminally exhausted,0.632
HLA-E_KLRC2,simple:P13747,simple:P26717,HLA-E,KLRC2,Ligand-Receptor,Signaling by HLA,T cell regulatory|T cell CD8 terminally exhausted,0.623
RAET1L_NKG2D_II_receptor,simple:Q5VY80,complex:NKG2D_II_receptor,RAET1L,,Ligand-Receptor,Signaling by Killer Cell Lectin Like Receptor K1,T cell regulatory|T cell CD8 terminally exhausted,0.582
HLA-E_CD94:NKG2C,simple:P13747,complex:CD94:NKG2C,HLA-E,,Ligand-Receptor,Signaling by HLA,T cell regulatory|T cell CD8 terminally exhausted,0.623
CD70_CD27,simple:P32970,simple:P26842,CD70,CD27,Ligand-Receptor,,T cell regulatory|T cell CD8 terminally exhausted,0.653
FGL1_LAG3,simple:Q08830,simple:P18627,FGL1,LAG3,Ligand-Receptor,Signaling by Fibroblast growth factor,T cell regulatory|T cell CD8 terminally exhausted,0.593
IL21_IL21_receptor,simple:Q9HBE4,complex:IL21_receptor,IL21,,Ligand-Receptor,Signaling by Interleukin,T cell regulatory|T cell CD8 terminally exhausted,0.639
CEACAM5_CD8A,simple:P06731,simple:P01732,CEACAM5,CD8A,Adhesion-Adhesion,Adhesion by CEAM,T cell regulatory|T cell CD8 terminally exhausted,0.587
LCK_CD8_receptor,simple:P06239,complex:CD8_receptor,LCK,,Receptor-Receptor,,T cell regulatory|T cell NK-like,0.676
LTA_TNFRSF1B,simple:P01374,simple:P20333,LTA,TNFRSF1B,Ligand-Receptor,Signaling by Tumor necrosis factor,T cell regulatory|T cell NK-like,0.583
HLA-C_KIR2DL3,simple:HLAC,simple:P43628,HLA-C,KIR2DL3,Ligand-Receptor,Signaling by HLA,T cell regulatory|T cell NK-like,0.588
HLA-E_CD94:NKG2E,simple:P13747,complex:CD94:NKG2E,HLA-E,,Ligand-Receptor,Signaling by HLA,T cell regulatory|T cell NK-like,0.603
HLA-E_KLRK1,simple:P13747,simple:P26718,HLA-E,KLRK1,Ligand-Receptor,Signaling by HLA,T cell regulatory|T cell NK-like,0.638
HLA-E_KLRC2,simple:P13747,simple:P26717,HLA-E,KLRC2,Ligand-Receptor,Signaling by HLA,T cell regulatory|T cell NK-like,0.632
RAET1L_NKG2D_II_receptor,simple:Q5VY80,complex:NKG2D_II_receptor,RAET1L,,Ligand-Receptor,Signaling by Killer Cell Lectin Like Receptor K1,T cell regulatory|T cell NK-like,0.585
HLA-E_CD94:NKG2C,simple:P13747,complex:CD94:NKG2C,HLA-E,,Ligand-Receptor,Signaling by HLA,T cell regulatory|T cell NK-like,0.632
CXCL13_CXCR5,simple:O43927,simple:P32302,CXCL13,CXCR5,Ligand-Receptor,Signaling by Chemokines,T cell regulatory|T cell NK-like,0.539
IL21_IL21_receptor,simple:Q9HBE4,complex:IL21_receptor,IL21,,Ligand-Receptor,Signaling by Interleukin,T cell regulatory|T cell NK-like,0.587
CEACAM5_CD8A,simple:P06731,simple:P01732,CEACAM5,CD8A,Adhesion-Adhesion,Adhesion by CEAM,T cell regulatory|T cell NK-like,0.595
LTA_TNFRSF1B,simple:P01374,simple:P20333,LTA,TNFRSF1B,Ligand-Receptor,Signaling by Tumor necrosis factor,T cell regulatory|T cell regulatory,0.643
CCL20_CCR6,simple:P78556,simple:P51684,CCL20,CCR6,Ligand-Receptor,Signaling by Chemokines,T cell regulatory|T cell regulatory,0.588
CRLF2_TSLPR,simple:Q9HC73,complex:TSLPR,CRLF2,,Receptor-Receptor,,T cell regulatory|T cell regulatory,0.506
IL21_IL21_receptor,simple:Q9HBE4,complex:IL21_receptor,IL21,,Ligand-Receptor,Signaling by Interleukin,T cell regulatory|T cell regulatory,0.666
CXCL13_CXCR5,simple:O43927,simple:P32302,CXCL13,CXCR5,Ligand-Receptor,Signaling by Chemokines,T cell regulatory|Tumor Tumor ImmunoSup,0.543
XCL2_XCR1,simple:Q9UBD3,simple:P46094,XCL2,XCR1,Ligand-Receptor,Signaling by Lymphotactin,T cell regulatory|cDC1,0.654
CALCB_RAMP1_complex,simple:P10092,complex:RAMP1_complex,CALCB,,Ligand-Receptor,Signaling by Calcitonin,T cell regulatory|cDC1,0.579
Histamine_byHDC_HRH2,complex:Histamine_byHDC,simple:P25021,,HRH2,Ligand-Receptor,Signaling by Histamine,T cell regulatory|cDC1,0.612
CRTAM_CADM1,simple:O95727,simple:Q9BY67,CRTAM,CADM1,Adhesion-Adhesion,,T cell regulatory|cDC1,0.636
CD200_CD200R1,simple:P41217,simple:Q8TD46,CD200,CD200R1,Ligand-Receptor,,T cell regulatory|cDC1,0.674
ProstaglandinE2_byPTGES2_PTGER3,complex:ProstaglandinE2_byPTGES2,simple:P43115,,PTGER3,Ligand-Receptor,Signaling by Prostaglandin,T cell regulatory|cDC1,0.582
CCL20_CCR6,simple:P78556,simple:P51684,CCL20,CCR6,Ligand-Receptor,Signaling by Chemokines,T cell regulatory|cDC1,0.629
CCL11_DPP4,simple:P51671,simple:P27487,CCL11,DPP4,Ligand-Receptor,Signaling by Chemokines,T cell regulatory|cDC1,0.632
PVR_CD226,simple:P15151,simple:Q15762,PVR,CD226,Ligand-Receptor,Signaling by Poliovirus receptor,T cell regulatory|cDC1,0.62
CADM3_CADM1,simple:Q8N126,simple:Q9BY67,CADM3,CADM1,Adhesion-Adhesion,Adhesion by CADM,T cell regulatory|cDC1,0.643
IL21_IL21_receptor,simple:Q9HBE4,complex:IL21_receptor,IL21,,Ligand-Receptor,Signaling by Interleukin,T cell regulatory|cDC1,0.588
CXCL10_DPP4,simple:P02778,simple:P27487,CXCL10,DPP4,Ligand-Receptor,Signaling by Chemokines,T cell regulatory|cDC1,0.616
CXCL2_DPP4,simple:P19875,simple:P27487,CXCL2,DPP4,Ligand-Receptor,Signaling by Chemokines,T cell regulatory|cDC1,0.613
CD40LG_CD40,simple:P29965,simple:P25942,CD40LG,CD40,Ligand-Receptor,,T cell regulatory|cDC1,0.705
CXCL9_DPP4,simple:Q07325,simple:P27487,CXCL9,DPP4,Ligand-Receptor,Signaling by Chemokines,T cell regulatory|cDC1,0.618
CADM1_CADM1,simple:Q9BY67,simple:Q9BY67,CADM1,CADM1,Adhesion-Adhesion,Adhesion by CADM,T cell regulatory|cDC1,0.662
CD52_SIGLEC10,simple:P31358,simple:Q96LC7,CD52,SIGLEC10,Ligand-Receptor,,T cell regulatory|cDC1,0.689
ProstaglandinE2_byPTGES_PTGER3,complex:ProstaglandinE2_byPTGES,simple:P43115,,PTGER3,Ligand-Receptor,Signaling by Prostaglandin,T cell regulatory|cDC1,0.597
CXCL11_DPP4,simple:O14625,simple:P27487,CXCL11,DPP4,Ligand-Receptor,Signaling by Chemokines,T cell regulatory|cDC1,0.614
ENTPD1_ADORA3,simple:P49961,simple:P0DMS8,ENTPD1,ADORA3,Ligand-Receptor,Signaling by Ectonucleoside,T cell regulatory|cDC1,0.594
XCL1_XCR1,simple:P47992,simple:P46094,XCL1,XCR1,Ligand-Receptor,Signaling by Lymphotactin,T cell regulatory|cDC1,0.655
PRNP_ADGRG6,simple:F7VJQ1,simple:Q86SQ4,PRNP,ADGRG6,Ligand-Receptor,,T cell regulatory|cDC1,0.648
COL4A3_ADGRG6,simple:Q01955,simple:Q86SQ4,COL4A3,ADGRG6,Adhesion-Adhesion,Adhesion by Collagen/Integrin,T cell regulatory|cDC1,0.634
LAMA2_ADGRG6,simple:P24043,simple:Q86SQ4,LAMA2,ADGRG6,Ligand-Receptor,,T cell regulatory|cDC1,0.63
CCL22_DPP4,simple:O00626,simple:P27487,CCL22,DPP4,Ligand-Receptor,Signaling by Chemokines,T cell regulatory|cDC1,0.646
CALCB_RAMP1_complex,simple:P10092,complex:RAMP1_complex,CALCB,,Ligand-Receptor,Signaling by Calcitonin,T cell regulatory|cDC2,0.562
LTA_TNFRSF1B,simple:P01374,simple:P20333,LTA,TNFRSF1B,Ligand-Receptor,Signaling by Tumor necrosis factor,T cell regulatory|cDC2,0.61
PTPRC_MRC1,simple:P08575,simple:P22897,PTPRC,MRC1,Receptor-Receptor,,T cell regulatory|cDC2,0.621
CD44_TYROBP,simple:P16070,simple:O43914,CD44,TYROBP,Ligand-Receptor,,T cell regulatory|cDC2,0.625
CD200_CD200R1,simple:P41217,simple:Q8TD46,CD200,CD200R1,Ligand-Receptor,,T cell regulatory|cDC2,0.651
CCL20_CCR6,simple:P78556,simple:P51684,CCL20,CCR6,Ligand-Receptor,Signaling by Chemokines,T cell regulatory|cDC2,0.606
CD226_NECTIN2,simple:Q15762,simple:Q92692,CD226,NECTIN2,Adhesion-Adhesion,,T cell regulatory|cDC2,0.628
HLA-G_LILRB1,simple:P17693,simple:Q8NHL6,HLA-G,LILRB1,Ligand-Receptor,Signaling by HLA,T cell regulatory|cDC2,0.624
LeukotrieneC4_byLTC4S_CYSLTR2,complex:LeukotrieneC4_byLTC4S,simple:Q9NS75,,CYSLTR2,Ligand-Receptor,Signaling by Lipoxin/Leukotriene,T cell regulatory|cDC2,0.56
HLA-G_LILRB2,simple:P17693,simple:Q8N423,HLA-G,LILRB2,Ligand-Receptor,Signaling by HLA,T cell regulatory|cDC2,0.601
CRLF2_TSLPR,simple:Q9HC73,complex:TSLPR,CRLF2,,Receptor-Receptor,,T cell regulatory|cDC2,0.504
IL21_IL21_receptor,simple:Q9HBE4,complex:IL21_receptor,IL21,,Ligand-Receptor,Signaling by Interleukin,T cell regulatory|cDC2,0.612
CD40LG_CD40,simple:P29965,simple:P25942,CD40LG,CD40,Ligand-Receptor,,T cell regulatory|cDC2,0.665
CD52_SIGLEC10,simple:P31358,simple:Q96LC7,CD52,SIGLEC10,Ligand-Receptor,,T cell regulatory|cDC2,0.633
CTSG_FPR1,simple:P08311,simple:P21462,CTSG,FPR1,Ligand-Receptor,Signaling by Cathepsin,T cell regulatory|cDC2,0.581
FCER2_integrin_aXb2_complex,simple:P06734,complex:integrin_aXb2_complex,FCER2,,Receptor-Receptor,Signaling by FC receptor,T cell regulatory|cDC2,0.571
CCL20_CCR6,simple:P78556,simple:P51684,CCL20,CCR6,Ligand-Receptor,Signaling by Chemokines,Tumor Tumor ImmunoSup|T cell regulatory,0.582
TNFSF18_TNFRSF18,simple:Q9UNG2,simple:Q9Y5U5,TNFSF18,TNFRSF18,Ligand-Receptor,Signaling by Tumor necrosis factor,Tumor Tumor ImmunoSup|T cell regulatory,0.59
TNFSF9_TNFRSF9,simple:P41273,simple:Q07011,TNFSF9,TNFRSF9,Ligand-Receptor,Signaling by Tumor necrosis factor,Tumor Tumor ImmunoSup|T cell regulatory,0.583
CRLF2_TSLPR,simple:Q9HC73,complex:TSLPR,CRLF2,,Receptor-Receptor,,Tumor Tumor ImmunoSup|T cell regulatory,0.501
IL21_IL21_receptor,simple:Q9HBE4,complex:IL21_receptor,IL21,,Ligand-Receptor,Signaling by Interleukin,Tumor Tumor ImmunoSup|T cell regulatory,0.571
ULBP1_NKG2D_II_receptor,simple:Q9BZM6,complex:NKG2D_II_receptor,ULBP1,,Ligand-Receptor,Signaling by Killer Cell Lectin Like Receptor K1,cDC1|T cell regulatory,0.609
CDH2_FCER2,simple:P19022,simple:P06734,CDH2,FCER2,Ligand-Receptor,Adhesion by Cadherin,cDC1|T cell regulatory,0.653
ProstaglandinE2_byPTGES2_PTGER4,complex:ProstaglandinE2_byPTGES2,simple:P35408,,PTGER4,Ligand-Receptor,Signaling by Prostaglandin,cDC1|T cell regulatory,0.615
TNFSF18_TNFRSF18,simple:Q9UNG2,simple:Q9Y5U5,TNFSF18,TNFRSF18,Ligand-Receptor,Signaling by Tumor necrosis factor,cDC1|T cell regulatory,0.697
TNFSF9_TNFRSF9,simple:P41273,simple:Q07011,TNFSF9,TNFRSF9,Ligand-Receptor,Signaling by Tumor necrosis factor,cDC1|T cell regulatory,0.588
CXCL9_CXCR3,simple:Q07325,simple:P49682,CXCL9,CXCR3,Ligand-Receptor,Signaling by Chemokines,cDC1|T cell regulatory,0.692
CRLF2_TSLPR,simple:Q9HC73,complex:TSLPR,CRLF2,,Receptor-Receptor,,cDC1|T cell regulatory,0.503
IL21_IL21_receptor,simple:Q9HBE4,complex:IL21_receptor,IL21,,Ligand-Receptor,Signaling by Interleukin,cDC1|T cell regulatory,0.565
TNF_TNFRSF1B,simple:P01375,simple:P20333,TNF,TNFRSF1B,Ligand-Receptor,Signaling by Tumor necrosis factor,cDC1|T cell regulatory,0.678
CXCL9_DPP4,simple:Q07325,simple:P27487,CXCL9,DPP4,Ligand-Receptor,Signaling by Chemokines,cDC1|T cell regulatory,0.624
CXCL16_CXCR6,simple:Q9H2A7,simple:O00574,CXCL16,CXCR6,Ligand-Receptor,Signaling by Chemokines,cDC1|T cell regulatory,0.7
CADM1_CADM1,simple:Q9BY67,simple:Q9BY67,CADM1,CADM1,Adhesion-Adhesion,Adhesion by CADM,cDC1|T cell regulatory,0.662
CALCA_RAMP1_complex,simple:P01258,complex:RAMP1_complex,CALCA,,Ligand-Receptor,Signaling by Calcitonin,cDC1|T cell regulatory,0.607
CD86_CTLA4,simple:P42081,simple:P16410,CD86,CTLA4,Ligand-Receptor,,cDC1|T cell regulatory,0.723
Dehydroepiandrosterone_bySTS_NR1I2,complex:Dehydroepiandrosterone_bySTS,simple:O75469,,NR1I2,Ligand-Receptor,Signaling by Dehydroepiandrosterone,cDC1|T cell regulatory,0.574
APOB_TREM2_receptor,simple:P04114,complex:TREM2_receptor,APOB,,Ligand-Receptor,Signaling by Apolipoprotein,cDC1|T cell regulatory,0.555
TNFSF13_TNFRSF13B,simple:O75888,simple:O14836,TNFSF13,TNFRSF13B,Ligand-Receptor,Signaling by Tumor necrosis factor,cDC2|T cell regulatory,0.598
PVR_TIGIT,simple:P15151,simple:Q495A1,PVR,TIGIT,Ligand-Receptor,Signaling by Poliovirus receptor,cDC2|T cell regulatory,0.613
LipoxinA4_byALOX5_FPR2,complex:LipoxinA4_byALOX5,simple:P25090,,FPR2,Ligand-Receptor,Signaling by Lipoxin/Leukotriene,cDC2|T cell regulatory,0.533
TNFSF13_TNFRSF17,simple:O75888,simple:Q02223,TNFSF13,TNFRSF17,Ligand-Receptor,Signaling by Tumor necrosis factor,cDC2|T cell regulatory,0.58
TNFSF18_TNFRSF18,simple:Q9UNG2,simple:Q9Y5U5,TNFSF18,TNFRSF18,Ligand-Receptor,Signaling by Tumor necrosis factor,cDC2|T cell regulatory,0.698
NECTIN2_TIGIT,simple:Q92692,simple:Q495A1,NECTIN2,TIGIT,Ligand-Receptor,Signaling by Nectin,cDC2|T cell regulatory,0.667
TNFSF9_TNFRSF9,simple:P41273,simple:Q07011,TNFSF9,TNFRSF9,Ligand-Receptor,Signaling by Tumor necrosis factor,cDC2|T cell regulatory,0.609
CXCL9_CXCR3,simple:Q07325,simple:P49682,CXCL9,CXCR3,Ligand-Receptor,Signaling by Chemokines,cDC2|T cell regulatory,0.649
CXCL10_CXCR3,simple:P02778,simple:P49682,CXCL10,CXCR3,Ligand-Receptor,Signaling by Chemokines,cDC2|T cell regulatory,0.642
CRLF2_TSLPR,simple:Q9HC73,complex:TSLPR,CRLF2,,Receptor-Receptor,,cDC2|T cell regulatory,0.504
TNF_TNFRSF1B,simple:P01375,simple:P20333,TNF,TNFRSF1B,Ligand-Receptor,Signaling by Tumor necrosis factor,cDC2|T cell regulatory,0.619
CXCL11_CXCR3,simple:O14625,simple:P49682,CXCL11,CXCR3,Ligand-Receptor,Signaling by Chemokines,cDC2|T cell regulatory,0.649
CXCL16_CXCR6,simple:Q9H2A7,simple:O00574,CXCL16,CXCR6,Ligand-Receptor,Signaling by Chemokines,cDC2|T cell regulatory,0.651
CD86_CTLA4,simple:P42081,simple:P16410,CD86,CTLA4,Ligand-Receptor,,cDC2|T cell regulatory,0.692
CCL19_CCR7,simple:Q99731,simple:P32248,CCL19,CCR7,Ligand-Receptor,Signaling by Chemokines,DC mature|NK cell,0.645
ProstaglandinE2_byPTGES2_PTGER1,complex:ProstaglandinE2_byPTGES2,simple:P34995,,PTGER1,Ligand-Receptor,Signaling by Prostaglandin,DC mature|NK cell,0.631
C10orf99_SUSD2,simple:Q6UWK7,simple:Q9UGT4,C10orf99,SUSD2,Ligand-Receptor,,DC mature|NK cell,0.654
TNFSF13B_TNFRSF13C,simple:Q9Y275,simple:Q96RJ3,TNFSF13B,TNFRSF13C,Ligand-Receptor,Signaling by Tumor necrosis factor,DC mature|NK cell,0.607
TENM2_ADGRL2,simple:Q9NT68,simple:O95490,TENM2,ADGRL2,Ligand-Receptor,Signaling by Teneurin,DC mature|NK cell,0.628
ULBP1_NKG2D_II_receptor,simple:Q9BZM6,complex:NKG2D_II_receptor,ULBP1,,Ligand-Receptor,Signaling by Killer Cell Lectin Like Receptor K1,DC mature|NK cell,0.701
ULBP2_NKG2D_II_receptor,simple:Q9BZM5,complex:NKG2D_II_receptor,ULBP2,,Ligand-Receptor,Signaling by Killer Cell Lectin Like Receptor K1,DC mature|NK cell,0.619
MICA_NKG2D_II_receptor,simple:Q29983,complex:NKG2D_II_receptor,MICA,,Ligand-Receptor,,DC mature|NK cell,0.585
LipoxinA4_byALOX12_FPR2,complex:LipoxinA4_byALOX12,simple:P25090,,FPR2,Ligand-Receptor,Signaling by Lipoxin/Leukotriene,DC mature|NK cell,0.643
CCL19_CCRL2,simple:Q99731,simple:O00421,CCL19,CCRL2,Ligand-Receptor,Signaling by Chemokines,DC mature|NK cell,0.649
PVR_TIGIT,simple:P15151,simple:Q495A1,PVR,TIGIT,Ligand-Receptor,Signaling by Poliovirus receptor,DC mature|NK cell,0.62
PVR_CD96,simple:P15151,simple:P40200,PVR,CD96,Ligand-Receptor,Signaling by Poliovirus receptor,DC mature|NK cell,0.673
HLA-C_KIR2DL3,simple:HLAC,simple:P43628,HLA-C,KIR2DL3,Ligand-Receptor,Signaling by HLA,DC mature|NK cell,0.626
TENM2_ADGRL3,simple:Q9NT68,simple:Q9HAR2,TENM2,ADGRL3,Ligand-Receptor,Signaling by Teneurin,DC mature|NK cell,0.626
WNT5B_SFRP4,simple:Q9H1J7,simple:Q6FHJ7,WNT5B,SFRP4,Ligand-Ligand,Signaling by WNT inhibition,DC mature|NK cell,0.645
SAA1_FPR2,simple:P0DJI8,simple:P25090,SAA1,FPR2,Ligand-Receptor,,DC mature|NK cell,0.599
ProstaglandinE2_byPTGES2_PTGER4,complex:ProstaglandinE2_byPTGES2,simple:P35408,,PTGER4,Ligand-Receptor,Signaling by Prostaglandin,DC mature|NK cell,0.699
TNFSF18_TNFRSF18,simple:Q9UNG2,simple:Q9Y5U5,TNFSF18,TNFRSF18,Ligand-Receptor,Signaling by Tumor necrosis factor,DC mature|NK cell,0.695
PVR_CD226,simple:P15151,simple:Q15762,PVR,CD226,Ligand-Receptor,Signaling by Poliovirus receptor,DC mature|NK cell,0.687
NECTIN2_TIGIT,simple:Q92692,simple:Q495A1,NECTIN2,TIGIT,Ligand-Receptor,Signaling by Nectin,DC mature|NK cell,0.646
CXCL9_CXCR3,simple:Q07325,simple:P49682,CXCL9,CXCR3,Ligand-Receptor,Signaling by Chemokines,DC mature|NK cell,0.641
CXCL10_CXCR3,simple:P02778,simple:P49682,CXCL10,CXCR3,Ligand-Receptor,Signaling by Chemokines,DC mature|NK cell,0.631
CRLF2_TSLPR,simple:Q9HC73,complex:TSLPR,CRLF2,,Receptor-Receptor,,DC mature|NK cell,0.641
CXCL10_DPP4,simple:P02778,simple:P27487,CXCL10,DPP4,Ligand-Receptor,Signaling by Chemokines,DC mature|NK cell,0.632
CXCL11_CXCR3,simple:O14625,simple:P49682,CXCL11,CXCR3,Ligand-Receptor,Signaling by Chemokines,DC mature|NK cell,0.637
CXCL9_DPP4,simple:Q07325,simple:P27487,CXCL9,DPP4,Ligand-Receptor,Signaling by Chemokines,DC mature|NK cell,0.642
CALCA_RAMP1_complex,simple:P01258,complex:RAMP1_complex,CALCA,,Ligand-Receptor,Signaling by Calcitonin,DC mature|NK cell,0.628
CD86_CTLA4,simple:P42081,simple:P16410,CD86,CTLA4,Ligand-Receptor,,DC mature|NK cell,0.631
CXCL11_DPP4,simple:O14625,simple:P27487,CXCL11,DPP4,Ligand-Receptor,Signaling by Chemokines,DC mature|NK cell,0.638
ICAM1_integrin_aXb2_complex,simple:P05362,complex:integrin_aXb2_complex,ICAM1,,Ligand-Receptor,Adhesion by ICAM,DC mature|NK cell,0.579
WNT5B_WIF1,simple:Q9H1J7,simple:Q9Y5W5,WNT5B,WIF1,Ligand-Ligand,Signaling by WNT inhibition,DC mature|NK cell,0.649
WNT5B_SFRP5,simple:Q9H1J7,simple:Q5T4F7,WNT5B,SFRP5,Ligand-Ligand,Signaling by WNT inhibition,DC mature|NK cell,0.652
CCL22_DPP4,simple:O00626,simple:P27487,CCL22,DPP4,Ligand-Receptor,Signaling by Chemokines,DC mature|NK cell,0.656
CXCL5_CXCR1,simple:P42830,simple:P25024,CXCL5,CXCR1,Ligand-Receptor,Signaling by Chemokines,Macrophage alveolar|NK cell,0.618
PPBP_CXCR1,simple:P02775,simple:P25024,PPBP,CXCR1,Ligand-Receptor,Signaling by Chemokines,Macrophage alveolar|NK cell,0.603
PPBP_CXCR2,simple:P02775,simple:P25025,PPBP,CXCR2,Ligand-Receptor,Signaling by Chemokines,Macrophage alveolar|NK cell,0.614
ULBP2_NKG2D_II_receptor,simple:Q9BZM5,complex:NKG2D_II_receptor,ULBP2,,Ligand-Receptor,Signaling by Killer Cell Lectin Like Receptor K1,Macrophage alveolar|NK cell,0.585
MICA_NKG2D_II_receptor,simple:Q29983,complex:NKG2D_II_receptor,MICA,,Ligand-Receptor,,Macrophage alveolar|NK cell,0.629
TNFSF13_TNFRSF13B,simple:O75888,simple:O14836,TNFSF13,TNFRSF13B,Ligand-Receptor,Signaling by Tumor necrosis factor,Macrophage alveolar|NK cell,0.579
PVR_TIGIT,simple:P15151,simple:Q495A1,PVR,TIGIT,Ligand-Receptor,Signaling by Poliovirus receptor,Macrophage alveolar|NK cell,0.603
CXCL5_CXCR2,simple:P42830,simple:P25025,CXCL5,CXCR2,Ligand-Receptor,Signaling by Chemokines,Macrophage alveolar|NK cell,0.628
PVR_CD96,simple:P15151,simple:P40200,PVR,CD96,Ligand-Receptor,Signaling by Poliovirus receptor,Macrophage alveolar|NK cell,0.655
HLA-C_KIR2DL3,simple:HLAC,simple:P43628,HLA-C,KIR2DL3,Ligand-Receptor,Signaling by HLA,Macrophage alveolar|NK cell,0.611
TNFSF13_TNFRSF17,simple:O75888,simple:Q02223,TNFSF13,TNFRSF17,Ligand-Receptor,Signaling by Tumor necrosis factor,Macrophage alveolar|NK cell,0.578
MICB_NKG2D_II_receptor,simple:Q29980,complex:NKG2D_II_receptor,MICB,,Ligand-Receptor,,Macrophage alveolar|NK cell,0.625
ProstaglandinE2_byPTGES2_PTGER4,complex:ProstaglandinE2_byPTGES2,simple:P35408,,PTGER4,Ligand-Receptor,Signaling by Prostaglandin,Macrophage alveolar|NK cell,0.595
RAET1L_NKG2D_II_receptor,simple:Q5VY80,complex:NKG2D_II_receptor,RAET1L,,Ligand-Receptor,Signaling by Killer Cell Lectin Like Receptor K1,Macrophage alveolar|NK cell,0.577
PECAM1_CD38,simple:P16284,simple:P28907,PECAM1,CD38,Receptor-Receptor,,Macrophage alveolar|NK cell,0.649
CXCL3_CXCR2,simple:P19876,simple:P25025,CXCL3,CXCR2,Ligand-Receptor,Signaling by Chemokines,Macrophage alveolar|NK cell,0.619
PVR_CD226,simple:P15151,simple:Q15762,PVR,CD226,Ligand-Receptor,Signaling by Poliovirus receptor,Macrophage alveolar|NK cell,0.669
TGFB1_TGFBR3,simple:P01137,simple:Q03167,TGFB1,TGFBR3,Ligand-Receptor,Signaling by Transforming growth factor,Macrophage alveolar|NK cell,0.645
APOE_TREM2_receptor,simple:P02649,complex:TREM2_receptor,APOE,,Ligand-Receptor,Signaling by Apolipoprotein,Macrophage alveolar|NK cell,0.576
CEACAM8_CEACAM6,simple:P31997,simple:P40199,CEACAM8,CEACAM6,Adhesion-Adhesion,Adhesion by CEAM,Macrophage alveolar|NK cell,0.595
TGM2_ADGRG1,simple:P21980,simple:Q9Y653,TGM2,ADGRG1,Ligand-Receptor,,Macrophage alveolar|NK cell,0.669
ANGPT4_TEK,simple:Q9Y264,simple:Q02763,ANGPT4,TEK,Ligand-Receptor,Signaling by Angiopoietin,Macrophage alveolar|NK cell,0.589
TNF_TNFRSF1B,simple:P01375,simple:P20333,TNF,TNFRSF1B,Ligand-Receptor,Signaling by Tumor necrosis factor,Macrophage alveolar|NK cell,0.613
Dehydroepiandrosterone_bySTS_NR1I2,complex:Dehydroepiandrosterone_bySTS,simple:O75469,,NR1I2,Ligand-Receptor,Signaling by Dehydroepiandrosterone,Macrophage alveolar|NK cell,0.593
PPBP_CXCR1,simple:P02775,simple:P25024,PPBP,CXCR1,Ligand-Receptor,Signaling by Chemokines,Monocyte classical|NK cell,0.596
PPBP_CXCR2,simple:P02775,simple:P25025,PPBP,CXCR2,Ligand-Receptor,Signaling by Chemokines,Monocyte classical|NK cell,0.606
ULBP1_NKG2D_II_receptor,simple:Q9BZM6,complex:NKG2D_II_receptor,ULBP1,,Ligand-Receptor,Signaling by Killer Cell Lectin Like Receptor K1,Monocyte classical|NK cell,0.633
HLA-E_KLRC1,simple:P13747,simple:P26715,HLA-E,KLRC1,Ligand-Receptor,Signaling by HLA,Monocyte classical|NK cell,0.576
CXCL8_CXCR2,simple:P10145,simple:P25025,CXCL8,CXCR2,Ligand-Receptor,Signaling by Chemokines,Monocyte classical|NK cell,0.594
CXCL8_CXCR1,simple:P10145,simple:P25024,CXCL8,CXCR1,Ligand-Receptor,Signaling by Chemokines,Monocyte classical|NK cell,0.584
CXCL8_ACKR1,simple:P10145,simple:Q16570,CXCL8,ACKR1,Ligand-Receptor,Signaling by Chemokines,Monocyte classical|NK cell,0.562
CXCL5_CXCR2,simple:P42830,simple:P25025,CXCL5,CXCR2,Ligand-Receptor,Signaling by Chemokines,Monocyte classical|NK cell,0.548
HLA-E_CD94:NKG2E,simple:P13747,complex:CD94:NKG2E,HLA-E,,Ligand-Receptor,Signaling by HLA,Monocyte classical|NK cell,0.578
HLA-E_CD94:NKG2A,simple:P13747,complex:CD94:NKG2A,HLA-E,,Ligand-Receptor,Signaling by HLA,Monocyte classical|NK cell,0.576
NRG1_integrin_a6b4_complex,simple:Q02297,complex:integrin_a6b4_complex,NRG1,,Ligand-Receptor,Signaling by Neuregulin,Monocyte classical|NK cell,0.596
HLA-E_KLRK1,simple:P13747,simple:P26718,HLA-E,KLRK1,Ligand-Receptor,Signaling by HLA,Monocyte classical|NK cell,0.56
HLA-E_KLRC2,simple:P13747,simple:P26717,HLA-E,KLRC2,Ligand-Receptor,Signaling by HLA,Monocyte classical|NK cell,0.574
RAET1L_NKG2D_II_receptor,simple:Q5VY80,complex:NKG2D_II_receptor,RAET1L,,Ligand-Receptor,Signaling by Killer Cell Lectin Like Receptor K1,Monocyte classical|NK cell,0.668
HLA-E_CD94:NKG2C,simple:P13747,complex:CD94:NKG2C,HLA-E,,Ligand-Receptor,Signaling by HLA,Monocyte classical|NK cell,0.574
CXCL3_CXCR2,simple:P19876,simple:P25025,CXCL3,CXCR2,Ligand-Receptor,Signaling by Chemokines,Monocyte classical|NK cell,0.622
TGFB1_TGFBR3,simple:P01137,simple:Q03167,TGFB1,TGFBR3,Ligand-Receptor,Signaling by Transforming growth factor,Monocyte classical|NK cell,0.63
CXCL2_CXCR2,simple:P19875,simple:P25025,CXCL2,CXCR2,Ligand-Receptor,Signaling by Chemokines,Monocyte classical|NK cell,0.623
TGM2_ADGRG1,simple:P21980,simple:Q9Y653,TGM2,ADGRG1,Ligand-Receptor,,Monocyte classical|NK cell,0.611
TNF_TNFRSF1B,simple:P01375,simple:P20333,TNF,TNFRSF1B,Ligand-Receptor,Signaling by Tumor necrosis factor,Monocyte classical|NK cell,0.582
HBEGF_ERBB2,simple:Q99075,simple:P04626,HBEGF,ERBB2,Ligand-Receptor,Signaling by Epidermal growth factor,Monocyte classical|NK cell,0.608
EREG_ERBB4,simple:O14944,simple:Q15303,EREG,ERBB4,Ligand-Receptor,Signaling by Epidermal growth factor,Monocyte classical|NK cell,0.601
CCL19_CCR7,simple:Q99731,simple:P32248,CCL19,CCR7,Ligand-Receptor,Signaling by Chemokines,NK cell|DC mature,0.655
XCL2_XCR1,simple:Q9UBD3,simple:P46094,XCL2,XCR1,Ligand-Receptor,Signaling by Lymphotactin,NK cell|DC mature,0.6
CCL21_CCR7,simple:O00585,simple:P32248,CCL21,CCR7,Ligand-Receptor,Signaling by Chemokines,NK cell|DC mature,0.657
CCL20_CCR6,simple:P78556,simple:P51684,CCL20,CCR6,Ligand-Receptor,Signaling by Chemokines,NK cell|DC mature,0.596
IL4_IL4_receptor,simple:P05112,complex:IL4_receptor,IL4,,Ligand-Receptor,Signaling by Interleukin,NK cell|DC mature,0.553
CD226_NECTIN2,simple:Q15762,simple:Q92692,CD226,NECTIN2,Adhesion-Adhesion,,NK cell|DC mature,0.713
CCL5_ACKR1,simple:P13501,simple:Q16570,CCL5,ACKR1,Ligand-Receptor,Signaling by Chemokines,NK cell|DC mature,0.583
TNFSF9_TNFRSF9,simple:P41273,simple:Q07011,TNFSF9,TNFRSF9,Ligand-Receptor,Signaling by Tumor necrosis factor,NK cell|DC mature,0.653
TSLP_TSLPR,simple:Q969D9,complex:TSLPR,TSLP,,Ligand-Receptor,,NK cell|DC mature,0.6
CRLF2_TSLPR,simple:Q9HC73,complex:TSLPR,CRLF2,,Receptor-Receptor,,NK cell|DC mature,0.61
CD40LG_CD40,simple:P29965,simple:P25942,CD40LG,CD40,Ligand-Receptor,,NK cell|DC mature,0.63
TNFSF10_TNFRSF11B,simple:P50591,simple:O00300,TNFSF10,TNFRSF11B,Ligand-Receptor,Signaling by Tumor necrosis factor,NK cell|DC mature,0.611
XCL1_XCR1,simple:P47992,simple:P46094,XCL1,XCR1,Ligand-Receptor,Signaling by Lymphotactin,NK cell|DC mature,0.596
XCL2_XCR1,simple:Q9UBD3,simple:P46094,XCL2,XCR1,Ligand-Receptor,Signaling by Lymphotactin,NK cell|Macrophage alveolar,0.594
DHEAsulfate_bySULT1E1_PPARG,complex:DHEAsulfate_bySULT1E1,simple:P37231,,PPARG,Ligand-Receptor,Signaling by Dehydroepiandrosterone,NK cell|Macrophage alveolar,0.578
CCL5_CCR1,simple:P13501,simple:P32246,CCL5,CCR1,Ligand-Receptor,Signaling by Chemokines,NK cell|Macrophage alveolar,0.661
CCL3_CCR1,simple:P10147,simple:P32246,CCL3,CCR1,Ligand-Receptor,Signaling by Chemokines,NK cell|Macrophage alveolar,0.653
PTPRC_MRC1,simple:P08575,simple:P22897,PTPRC,MRC1,Receptor-Receptor,,NK cell|Macrophage alveolar,0.67
PTPRC_CD22,simple:P08575,simple:P20273,PTPRC,CD22,Receptor-Receptor,,NK cell|Macrophage alveolar,0.572
CD99_PILRA,simple:P14209,simple:Q9UKJ1,CD99,PILRA,Ligand-Receptor,,NK cell|Macrophage alveolar,0.634
ANXA1_FPR3,simple:P04083,simple:P25089,ANXA1,FPR3,Ligand-Receptor,Signaling by Annexin,NK cell|Macrophage alveolar,0.591
XCL1_XCR1,simple:P47992,simple:P46094,XCL1,XCR1,Ligand-Receptor,Signaling by Lymphotactin,NK cell|Macrophage alveolar,0.59
CEACAM1_CEACAM8,simple:P13688,simple:P31997,CEACAM1,CEACAM8,Adhesion-Adhesion,Adhesion by CEAM,NK cell|Macrophage alveolar,0.584
XCL2_XCR1,simple:Q9UBD3,simple:P46094,XCL2,XCR1,Ligand-Receptor,Signaling by Lymphotactin,NK cell|Monocyte classical,0.595
CCL5_CCR1,simple:P13501,simple:P32246,CCL5,CCR1,Ligand-Receptor,Signaling by Chemokines,NK cell|Monocyte classical,0.669
CCL3_CCR1,simple:P10147,simple:P32246,CCL3,CCR1,Ligand-Receptor,Signaling by Chemokines,NK cell|Monocyte classical,0.66
LTA_TNFRSF1B,simple:P01374,simple:P20333,LTA,TNFRSF1B,Ligand-Receptor,Signaling by Tumor necrosis factor,NK cell|Monocyte classical,0.566
PTPRC_MRC1,simple:P08575,simple:P22897,PTPRC,MRC1,Receptor-Receptor,,NK cell|Monocyte classical,0.607
LipoxinA4_byALOX5_FPR2,complex:LipoxinA4_byALOX5,simple:P25090,,FPR2,Ligand-Receptor,Signaling by Lipoxin/Leukotriene,NK cell|Monocyte classical,0.544
CCL5_ACKR1,simple:P13501,simple:Q16570,CCL5,ACKR1,Ligand-Receptor,Signaling by Chemokines,NK cell|Monocyte classical,0.577
LeukotrieneC4_byLTC4S_CYSLTR2,complex:LeukotrieneC4_byLTC4S,simple:Q9NS75,,CYSLTR2,Ligand-Receptor,Signaling by Lipoxin/Leukotriene,NK cell|Monocyte classical,0.549
HLA-G_LILRB2,simple:P17693,simple:Q8N423,HLA-G,LILRB2,Ligand-Receptor,Signaling by HLA,NK cell|Monocyte classical,0.57
CD99_PILRA,simple:P14209,simple:Q9UKJ1,CD99,PILRA,Ligand-Receptor,,NK cell|Monocyte classical,0.638
ANXA1_FPR1,simple:P04083,simple:P21462,ANXA1,FPR1,Ligand-Receptor,Signaling by Annexin,NK cell|Monocyte classical,0.622
ANXA1_FPR2,simple:P04083,simple:P25090,ANXA1,FPR2,Ligand-Receptor,Signaling by Annexin,NK cell|Monocyte classical,0.601
XCL1_XCR1,simple:P47992,simple:P46094,XCL1,XCR1,Ligand-Receptor,Signaling by Lymphotactin,NK cell|Monocyte classical,0.591
FCER2_integrin_aXb2_complex,simple:P06734,complex:integrin_aXb2_complex,FCER2,,Receptor-Receptor,Signaling by FC receptor,NK cell|Monocyte classical,0.561
XCL2_XCR1,simple:Q9UBD3,simple:P46094,XCL2,XCR1,Ligand-Receptor,Signaling by Lymphotactin,NK cell|NK cell,0.594
CCL5_CCR1,simple:P13501,simple:P32246,CCL5,CCR1,Ligand-Receptor,Signaling by Chemokines,NK cell|NK cell,0.564
HLA-E_KLRC1,simple:P13747,simple:P26715,HLA-E,KLRC1,Ligand-Receptor,Signaling by HLA,NK cell|NK cell,0.667
ULBP2_NKG2D_II_receptor,simple:Q9BZM5,complex:NKG2D_II_receptor,ULBP2,,Ligand-Receptor,Signaling by Killer Cell Lectin Like Receptor K1,NK cell|NK cell,0.604
HLA-C_KIR2DL3,simple:HLAC,simple:P43628,HLA-C,KIR2DL3,Ligand-Receptor,Signaling by HLA,NK cell|NK cell,0.672
HLA-E_CD94:NKG2E,simple:P13747,complex:CD94:NKG2E,HLA-E,,Ligand-Receptor,Signaling by HLA,NK cell|NK cell,0.668
HLA-E_CD94:NKG2A,simple:P13747,complex:CD94:NKG2A,HLA-E,,Ligand-Receptor,Signaling by HLA,NK cell|NK cell,0.667
HLA-E_KLRK1,simple:P13747,simple:P26718,HLA-E,KLRK1,Ligand-Receptor,Signaling by HLA,NK cell|NK cell,0.65
HLA-E_KLRC2,simple:P13747,simple:P26717,HLA-E,KLRC2,Ligand-Receptor,Signaling by HLA,NK cell|NK cell,0.665
FGFR4_TGFBR3,simple:P22455,simple:Q03167,FGFR4,TGFBR3,Receptor-Receptor,,NK cell|NK cell,0.583
HLA-E_CD94:NKG2C,simple:P13747,complex:CD94:NKG2C,HLA-E,,Ligand-Receptor,Signaling by HLA,NK cell|NK cell,0.665
CCL5_ACKR1,simple:P13501,simple:Q16570,CCL5,ACKR1,Ligand-Receptor,Signaling by Chemokines,NK cell|NK cell,0.577
TGFB1_TGFBR3,simple:P01137,simple:Q03167,TGFB1,TGFBR3,Ligand-Receptor,Signaling by Transforming growth factor,NK cell|NK cell,0.657
XCL1_XCR1,simple:P47992,simple:P46094,XCL1,XCR1,Ligand-Receptor,Signaling by Lymphotactin,NK cell|NK cell,0.59
XCL2_XCR1,simple:Q9UBD3,simple:P46094,XCL2,XCR1,Ligand-Receptor,Signaling by Lymphotactin,NK cell|T cell CD4 dividing,0.594
CCL5_CCR1,simple:P13501,simple:P32246,CCL5,CCR1,Ligand-Receptor,Signaling by Chemokines,NK cell|T cell CD4 dividing,0.563
LTA_TNFRSF1B,simple:P01374,simple:P20333,LTA,TNFRSF1B,Ligand-Receptor,Signaling by Tumor necrosis factor,NK cell|T cell CD4 dividing,0.58
CCL20_CCR6,simple:P78556,simple:P51684,CCL20,CCR6,Ligand-Receptor,Signaling by Chemokines,NK cell|T cell CD4 dividing,0.594
TNFSF18_TNFRSF18,simple:Q9UNG2,simple:Q9Y5U5,TNFSF18,TNFRSF18,Ligand-Receptor,Signaling by Tumor necrosis factor,NK cell|T cell CD4 dividing,0.624
IL4_IL4_receptor,simple:P05112,complex:IL4_receptor,IL4,,Ligand-Receptor,Signaling by Interleukin,NK cell|T cell CD4 dividing,0.549
TNFSF9_TNFRSF9,simple:P41273,simple:Q07011,TNFSF9,TNFRSF9,Ligand-Receptor,Signaling by Tumor necrosis factor,NK cell|T cell CD4 dividing,0.639
IL21_IL21_receptor,simple:Q9HBE4,complex:IL21_receptor,IL21,,Ligand-Receptor,Signaling by Interleukin,NK cell|T cell CD4 dividing,0.582
XCL1_XCR1,simple:P47992,simple:P46094,XCL1,XCR1,Ligand-Receptor,Signaling by Lymphotactin,NK cell|T cell CD4 dividing,0.59
XCL2_XCR1,simple:Q9UBD3,simple:P46094,XCL2,XCR1,Ligand-Receptor,Signaling by Lymphotactin,NK cell|T cell CD8 dividing,0.594
LCK_CD8_receptor,simple:P06239,complex:CD8_receptor,LCK,,Receptor-Receptor,,NK cell|T cell CD8 dividing,0.696
CCL5_CCR1,simple:P13501,simple:P32246,CCL5,CCR1,Ligand-Receptor,Signaling by Chemokines,NK cell|T cell CD8 dividing,0.634
CCL3_CCR1,simple:P10147,simple:P32246,CCL3,CCR1,Ligand-Receptor,Signaling by Chemokines,NK cell|T cell CD8 dividing,0.626
HLA-E_KLRC1,simple:P13747,simple:P26715,HLA-E,KLRC1,Ligand-Receptor,Signaling by HLA,NK cell|T cell CD8 dividing,0.688
ULBP2_NKG2D_II_receptor,simple:Q9BZM5,complex:NKG2D_II_receptor,ULBP2,,Ligand-Receptor,Signaling by Killer Cell Lectin Like Receptor K1,NK cell|T cell CD8 dividing,0.623
HLA-C_KIR2DL3,simple:HLAC,simple:P43628,HLA-C,KIR2DL3,Ligand-Receptor,Signaling by HLA,NK cell|T cell CD8 dividing,0.582
HLA-E_CD94:NKG2E,simple:P13747,complex:CD94:NKG2E,HLA-E,,Ligand-Receptor,Signaling by HLA,NK cell|T cell CD8 dividing,0.657
HLA-E_CD94:NKG2A,simple:P13747,complex:CD94:NKG2A,HLA-E,,Ligand-Receptor,Signaling by HLA,NK cell|T cell CD8 dividing,0.657
PF4_CXCR3,simple:P02776,simple:P49682,PF4,CXCR3,Ligand-Receptor,,NK cell|T cell CD8 dividing,0.595
HLA-E_KLRK1,simple:P13747,simple:P26718,HLA-E,KLRK1,Ligand-Receptor,Signaling by HLA,NK cell|T cell CD8 dividing,0.7
HLA-E_KLRC2,simple:P13747,simple:P26717,HLA-E,KLRC2,Ligand-Receptor,Signaling by HLA,NK cell|T cell CD8 dividing,0.7
HLA-E_CD94:NKG2C,simple:P13747,complex:CD94:NKG2C,HLA-E,,Ligand-Receptor,Signaling by HLA,NK cell|T cell CD8 dividing,0.657
CCL5_ACKR1,simple:P13501,simple:Q16570,CCL5,ACKR1,Ligand-Receptor,Signaling by Chemokines,NK cell|T cell CD8 dividing,0.576
FGL1_LAG3,simple:Q08830,simple:P18627,FGL1,LAG3,Ligand-Receptor,Signaling by Fibroblast growth factor,NK cell|T cell CD8 dividing,0.632
TNFSF9_TNFRSF9,simple:P41273,simple:Q07011,TNFSF9,TNFRSF9,Ligand-Receptor,Signaling by Tumor necrosis factor,NK cell|T cell CD8 dividing,0.638
IL21_IL21_receptor,simple:Q9HBE4,complex:IL21_receptor,IL21,,Ligand-Receptor,Signaling by Interleukin,NK cell|T cell CD8 dividing,0.576
CEACAM5_CD8A,simple:P06731,simple:P01732,CEACAM5,CD8A,Adhesion-Adhesion,Adhesion by CEAM,NK cell|T cell CD8 dividing,0.626
XCL1_XCR1,simple:P47992,simple:P46094,XCL1,XCR1,Ligand-Receptor,Signaling by Lymphotactin,NK cell|T cell CD8 dividing,0.59
XCL2_XCR1,simple:Q9UBD3,simple:P46094,XCL2,XCR1,Ligand-Receptor,Signaling by Lymphotactin,NK cell|T cell CD8 terminally exhausted,0.593
LCK_CD8_receptor,simple:P06239,complex:CD8_receptor,LCK,,Receptor-Receptor,,NK cell|T cell CD8 terminally exhausted,0.655
CCL5_CCR1,simple:P13501,simple:P32246,CCL5,CCR1,Ligand-Receptor,Signaling by Chemokines,NK cell|T cell CD8 terminally exhausted,0.582
HLA-E_KLRC1,simple:P13747,simple:P26715,HLA-E,KLRC1,Ligand-Receptor,Signaling by HLA,NK cell|T cell CD8 terminally exhausted,0.645
ULBP2_NKG2D_II_receptor,simple:Q9BZM5,complex:NKG2D_II_receptor,ULBP2,,Ligand-Receptor,Signaling by Killer Cell Lectin Like Receptor K1,NK cell|T cell CD8 terminally exhausted,0.611
HLA-E_CD94:NKG2E,simple:P13747,complex:CD94:NKG2E,HLA-E,,Ligand-Receptor,Signaling by HLA,NK cell|T cell CD8 terminally exhausted,0.649
HLA-E_CD94:NKG2A,simple:P13747,complex:CD94:NKG2A,HLA-E,,Ligand-Receptor,Signaling by HLA,NK cell|T cell CD8 terminally exhausted,0.645
HLA-E_KLRK1,simple:P13747,simple:P26718,HLA-E,KLRK1,Ligand-Receptor,Signaling by HLA,NK cell|T cell CD8 terminally exhausted,0.658
HLA-E_KLRC2,simple:P13747,simple:P26717,HLA-E,KLRC2,Ligand-Receptor,Signaling by HLA,NK cell|T cell CD8 terminally exhausted,0.649
HLA-E_CD94:NKG2C,simple:P13747,complex:CD94:NKG2C,HLA-E,,Ligand-Receptor,Signaling by HLA,NK cell|T cell CD8 terminally exhausted,0.649
CCL5_ACKR1,simple:P13501,simple:Q16570,CCL5,ACKR1,Ligand-Receptor,Signaling by Chemokines,NK cell|T cell CD8 terminally exhausted,0.577
FGL1_LAG3,simple:Q08830,simple:P18627,FGL1,LAG3,Ligand-Receptor,Signaling by Fibroblast growth factor,NK cell|T cell CD8 terminally exhausted,0.589
TNFSF9_TNFRSF9,simple:P41273,simple:Q07011,TNFSF9,TNFRSF9,Ligand-Receptor,Signaling by Tumor necrosis factor,NK cell|T cell CD8 terminally exhausted,0.605
XCL1_XCR1,simple:P47992,simple:P46094,XCL1,XCR1,Ligand-Receptor,Signaling by Lymphotactin,NK cell|T cell CD8 terminally exhausted,0.59
XCL2_XCR1,simple:Q9UBD3,simple:P46094,XCL2,XCR1,Ligand-Receptor,Signaling by Lymphotactin,NK cell|T cell NK-like,0.594
LCK_CD8_receptor,simple:P06239,complex:CD8_receptor,LCK,,Receptor-Receptor,,NK cell|T cell NK-like,0.664
ULBP2_NKG2D_II_receptor,simple:Q9BZM5,complex:NKG2D_II_receptor,ULBP2,,Ligand-Receptor,Signaling by Killer Cell Lectin Like Receptor K1,NK cell|T cell NK-like,0.614
HLA-C_KIR2DL3,simple:HLAC,simple:P43628,HLA-C,KIR2DL3,Ligand-Receptor,Signaling by HLA,NK cell|T cell NK-like,0.613
HLA-E_CD94:NKG2E,simple:P13747,complex:CD94:NKG2E,HLA-E,,Ligand-Receptor,Signaling by HLA,NK cell|T cell NK-like,0.629
HLA-E_CD94:NKG2A,simple:P13747,complex:CD94:NKG2A,HLA-E,,Ligand-Receptor,Signaling by HLA,NK cell|T cell NK-like,0.575
HLA-E_KLRK1,simple:P13747,simple:P26718,HLA-E,KLRK1,Ligand-Receptor,Signaling by HLA,NK cell|T cell NK-like,0.664
HLA-E_KLRC2,simple:P13747,simple:P26717,HLA-E,KLRC2,Ligand-Receptor,Signaling by HLA,NK cell|T cell NK-like,0.657
HLA-E_CD94:NKG2C,simple:P13747,complex:CD94:NKG2C,HLA-E,,Ligand-Receptor,Signaling by HLA,NK cell|T cell NK-like,0.657
CCL5_ACKR1,simple:P13501,simple:Q16570,CCL5,ACKR1,Ligand-Receptor,Signaling by Chemokines,NK cell|T cell NK-like,0.577
TGFB1_TGFBR3,simple:P01137,simple:Q03167,TGFB1,TGFBR3,Ligand-Receptor,Signaling by Transforming growth factor,NK cell|T cell NK-like,0.665
CEACAM5_CD8A,simple:P06731,simple:P01732,CEACAM5,CD8A,Adhesion-Adhesion,Adhesion by CEAM,NK cell|T cell NK-like,0.594
XCL1_XCR1,simple:P47992,simple:P46094,XCL1,XCR1,Ligand-Receptor,Signaling by Lymphotactin,NK cell|T cell NK-like,0.59
XCL2_XCR1,simple:Q9UBD3,simple:P46094,XCL2,XCR1,Ligand-Receptor,Signaling by Lymphotactin,NK cell|Tumor Tumor ImmunoSup,0.599
CCL5_CCR1,simple:P13501,simple:P32246,CCL5,CCR1,Ligand-Receptor,Signaling by Chemokines,NK cell|Tumor Tumor ImmunoSup,0.578
PTPRC_CD22,simple:P08575,simple:P20273,PTPRC,CD22,Receptor-Receptor,,NK cell|Tumor Tumor ImmunoSup,0.564
HLA-E_KLRC2,simple:P13747,simple:P26717,HLA-E,KLRC2,Ligand-Receptor,Signaling by HLA,NK cell|Tumor Tumor ImmunoSup,0.56
XCL1_XCR1,simple:P47992,simple:P46094,XCL1,XCR1,Ligand-Receptor,Signaling by Lymphotactin,NK cell|Tumor Tumor ImmunoSup,0.596
XCL2_XCR1,simple:Q9UBD3,simple:P46094,XCL2,XCR1,Ligand-Receptor,Signaling by Lymphotactin,NK cell|cDC1,0.776
Histamine_byHDC_HRH2,complex:Histamine_byHDC,simple:P25021,,HRH2,Ligand-Receptor,Signaling by Histamine,NK cell|cDC1,0.612
CRTAM_CADM1,simple:O95727,simple:Q9BY67,CRTAM,CADM1,Adhesion-Adhesion,,NK cell|cDC1,0.673
CCL11_DPP4,simple:P51671,simple:P27487,CCL11,DPP4,Ligand-Receptor,Signaling by Chemokines,NK cell|cDC1,0.632
CCL5_ACKR1,simple:P13501,simple:Q16570,CCL5,ACKR1,Ligand-Receptor,Signaling by Chemokines,NK cell|cDC1,0.577
CADM3_CADM1,simple:Q8N126,simple:Q9BY67,CADM3,CADM1,Adhesion-Adhesion,Adhesion by CADM,NK cell|cDC1,0.643
CXCL2_DPP4,simple:P19875,simple:P27487,CXCL2,DPP4,Ligand-Receptor,Signaling by Chemokines,NK cell|cDC1,0.611
CD40LG_CD40,simple:P29965,simple:P25942,CD40LG,CD40,Ligand-Receptor,,NK cell|cDC1,0.6
CD52_SIGLEC10,simple:P31358,simple:Q96LC7,CD52,SIGLEC10,Ligand-Receptor,,NK cell|cDC1,0.635
ProstaglandinE2_byPTGES_PTGER3,complex:ProstaglandinE2_byPTGES,simple:P43115,,PTGER3,Ligand-Receptor,Signaling by Prostaglandin,NK cell|cDC1,0.599
CXCL11_DPP4,simple:O14625,simple:P27487,CXCL11,DPP4,Ligand-Receptor,Signaling by Chemokines,NK cell|cDC1,0.61
XCL1_XCR1,simple:P47992,simple:P46094,XCL1,XCR1,Ligand-Receptor,Signaling by Lymphotactin,NK cell|cDC1,0.772
COL4A3_ADGRG6,simple:Q01955,simple:Q86SQ4,COL4A3,ADGRG6,Adhesion-Adhesion,Adhesion by Collagen/Integrin,NK cell|cDC1,0.633
LAMA2_ADGRG6,simple:P24043,simple:Q86SQ4,LAMA2,ADGRG6,Ligand-Receptor,,NK cell|cDC1,0.631
CCL22_DPP4,simple:O00626,simple:P27487,CCL22,DPP4,Ligand-Receptor,Signaling by Chemokines,NK cell|cDC1,0.631
FCER2_integrin_aXb2_complex,simple:P06734,complex:integrin_aXb2_complex,FCER2,,Receptor-Receptor,Signaling by FC receptor,NK cell|cDC1,0.552
XCL2_XCR1,simple:Q9UBD3,simple:P46094,XCL2,XCR1,Ligand-Receptor,Signaling by Lymphotactin,NK cell|cDC2,0.595
CCL5_CCR1,simple:P13501,simple:P32246,CCL5,CCR1,Ligand-Receptor,Signaling by Chemokines,NK cell|cDC2,0.605
CCL3_CCR1,simple:P10147,simple:P32246,CCL3,CCR1,Ligand-Receptor,Signaling by Chemokines,NK cell|cDC2,0.596
PTPRC_MRC1,simple:P08575,simple:P22897,PTPRC,MRC1,Receptor-Receptor,,NK cell|cDC2,0.628
PTPRC_CD22,simple:P08575,simple:P20273,PTPRC,CD22,Receptor-Receptor,,NK cell|cDC2,0.561
LAIR1_LILRB4,simple:Q6GTX8,simple:Q8NHJ6,LAIR1,LILRB4,Receptor-Receptor,,NK cell|cDC2,0.591
CD226_NECTIN2,simple:Q15762,simple:Q92692,CD226,NECTIN2,Adhesion-Adhesion,,NK cell|cDC2,0.664
CCL5_ACKR1,simple:P13501,simple:Q16570,CCL5,ACKR1,Ligand-Receptor,Signaling by Chemokines,NK cell|cDC2,0.578
LeukotrieneC4_byLTC4S_CYSLTR2,complex:LeukotrieneC4_byLTC4S,simple:Q9NS75,,CYSLTR2,Ligand-Receptor,Signaling by Lipoxin/Leukotriene,NK cell|cDC2,0.559
CD99_PILRA,simple:P14209,simple:Q9UKJ1,CD99,PILRA,Ligand-Receptor,,NK cell|cDC2,0.622
CD52_SIGLEC10,simple:P31358,simple:Q96LC7,CD52,SIGLEC10,Ligand-Receptor,,NK cell|cDC2,0.58
ANXA1_FPR1,simple:P04083,simple:P21462,ANXA1,FPR1,Ligand-Receptor,Signaling by Annexin,NK cell|cDC2,0.612
ANXA1_FPR3,simple:P04083,simple:P25089,ANXA1,FPR3,Ligand-Receptor,Signaling by Annexin,NK cell|cDC2,0.623
XCL1_XCR1,simple:P47992,simple:P46094,XCL1,XCR1,Ligand-Receptor,Signaling by Lymphotactin,NK cell|cDC2,0.591
CTSG_FPR1,simple:P08311,simple:P21462,CTSG,FPR1,Ligand-Receptor,Signaling by Cathepsin,NK cell|cDC2,0.582
FCER2_integrin_aXb2_complex,simple:P06734,complex:integrin_aXb2_complex,FCER2,,Receptor-Receptor,Signaling by FC receptor,NK cell|cDC2,0.571
LCK_CD8_receptor,simple:P06239,complex:CD8_receptor,LCK,,Receptor-Receptor,,T cell CD4 dividing|NK cell,0.6
CALCB_RAMP1_complex,simple:P10092,complex:RAMP1_complex,CALCB,,Ligand-Receptor,Signaling by Calcitonin,T cell CD4 dividing|NK cell,0.622
LTA_TNFRSF1B,simple:P01374,simple:P20333,LTA,TNFRSF1B,Ligand-Receptor,Signaling by Tumor necrosis factor,T cell CD4 dividing|NK cell,0.683
ULBP1_NKG2D_II_receptor,simple:Q9BZM6,complex:NKG2D_II_receptor,ULBP1,,Ligand-Receptor,Signaling by Killer Cell Lectin Like Receptor K1,T cell CD4 dividing|NK cell,0.662
HLA-E_KLRC1,simple:P13747,simple:P26715,HLA-E,KLRC1,Ligand-Receptor,Signaling by HLA,T cell CD4 dividing|NK cell,0.594
ULBP2_NKG2D_II_receptor,simple:Q9BZM5,complex:NKG2D_II_receptor,ULBP2,,Ligand-Receptor,Signaling by Killer Cell Lectin Like Receptor K1,T cell CD4 dividing|NK cell,0.616
MICA_NKG2D_II_receptor,simple:Q29983,complex:NKG2D_II_receptor,MICA,,Ligand-Receptor,,T cell CD4 dividing|NK cell,0.617
HLA-C_KIR2DL3,simple:HLAC,simple:P43628,HLA-C,KIR2DL3,Ligand-Receptor,Signaling by HLA,T cell CD4 dividing|NK cell,0.647
HLA-E_CD94:NKG2E,simple:P13747,complex:CD94:NKG2E,HLA-E,,Ligand-Receptor,Signaling by HLA,T cell CD4 dividing|NK cell,0.596
HLA-E_CD94:NKG2A,simple:P13747,complex:CD94:NKG2A,HLA-E,,Ligand-Receptor,Signaling by HLA,T cell CD4 dividing|NK cell,0.594
HLA-E_KLRK1,simple:P13747,simple:P26718,HLA-E,KLRK1,Ligand-Receptor,Signaling by HLA,T cell CD4 dividing|NK cell,0.578
HLA-E_KLRC2,simple:P13747,simple:P26717,HLA-E,KLRC2,Ligand-Receptor,Signaling by HLA,T cell CD4 dividing|NK cell,0.592
MICB_NKG2D_II_receptor,simple:Q29980,complex:NKG2D_II_receptor,MICB,,Ligand-Receptor,,T cell CD4 dividing|NK cell,0.71
RAET1L_NKG2D_II_receptor,simple:Q5VY80,complex:NKG2D_II_receptor,RAET1L,,Ligand-Receptor,Signaling by Killer Cell Lectin Like Receptor K1,T cell CD4 dividing|NK cell,0.705
HLA-E_CD94:NKG2C,simple:P13747,complex:CD94:NKG2C,HLA-E,,Ligand-Receptor,Signaling by HLA,T cell CD4 dividing|NK cell,0.592
CD70_CD27,simple:P32970,simple:P26842,CD70,CD27,Ligand-Receptor,,T cell CD4 dividing|NK cell,0.6
FGL1_LAG3,simple:Q08830,simple:P18627,FGL1,LAG3,Ligand-Receptor,Signaling by Fibroblast growth factor,T cell CD4 dividing|NK cell,0.545
TGFB1_TGFBR3,simple:P01137,simple:Q03167,TGFB1,TGFBR3,Ligand-Receptor,Signaling by Transforming growth factor,T cell CD4 dividing|NK cell,0.626
CXCL13_CXCR5,simple:O43927,simple:P32302,CXCL13,CXCR5,Ligand-Receptor,Signaling by Chemokines,T cell CD4 dividing|NK cell,0.586
IL13_IL13RA2,simple:P35225,simple:Q14627,IL13,IL13RA2,Ligand-Receptor,Signaling by Interleukin,T cell CD4 dividing|NK cell,0.617
IL21_IL21_receptor,simple:Q9HBE4,complex:IL21_receptor,IL21,,Ligand-Receptor,Signaling by Interleukin,T cell CD4 dividing|NK cell,0.663
TNF_TNFRSF1B,simple:P01375,simple:P20333,TNF,TNFRSF1B,Ligand-Receptor,Signaling by Tumor necrosis factor,T cell CD4 dividing|NK cell,0.598
CALCA_RAMP1_complex,simple:P01258,complex:RAMP1_complex,CALCA,,Ligand-Receptor,Signaling by Calcitonin,T cell CD4 dividing|NK cell,0.571
CD177_PECAM1,simple:Q8N6Q3,simple:P16284,CD177,PECAM1,Ligand-Receptor,,T cell CD4 dividing|NK cell,0.609
IL24_IL20_receptor_Type_I,simple:Q13007,complex:IL20_receptor_Type_I,IL24,,Ligand-Receptor,Signaling by Interleukin,T cell CD4 dividing|NK cell,0.597
XCL2_XCR1,simple:Q9UBD3,simple:P46094,XCL2,XCR1,Ligand-Receptor,Signaling by Lymphotactin,T cell CD8 dividing|NK cell,0.615
C10orf99_SUSD2,simple:Q6UWK7,simple:Q9UGT4,C10orf99,SUSD2,Ligand-Receptor,,T cell CD8 dividing|NK cell,0.619
LCK_CD8_receptor,simple:P06239,complex:CD8_receptor,LCK,,Receptor-Receptor,,T cell CD8 dividing|NK cell,0.599
CALCB_RAMP1_complex,simple:P10092,complex:RAMP1_complex,CALCB,,Ligand-Receptor,Signaling by Calcitonin,T cell CD8 dividing|NK cell,0.604
LTA_TNFRSF1B,simple:P01374,simple:P20333,LTA,TNFRSF1B,Ligand-Receptor,Signaling by Tumor necrosis factor,T cell CD8 dividing|NK cell,0.591
ULBP1_NKG2D_II_receptor,simple:Q9BZM6,complex:NKG2D_II_receptor,ULBP1,,Ligand-Receptor,Signaling by Killer Cell Lectin Like Receptor K1,T cell CD8 dividing|NK cell,0.648
HLA-E_KLRC1,simple:P13747,simple:P26715,HLA-E,KLRC1,Ligand-Receptor,Signaling by HLA,T cell CD8 dividing|NK cell,0.628
ULBP2_NKG2D_II_receptor,simple:Q9BZM5,complex:NKG2D_II_receptor,ULBP2,,Ligand-Receptor,Signaling by Killer Cell Lectin Like Receptor K1,T cell CD8 dividing|NK cell,0.579
MICA_NKG2D_II_receptor,simple:Q29983,complex:NKG2D_II_receptor,MICA,,Ligand-Receptor,,T cell CD8 dividing|NK cell,0.616
HLA-C_KIR2DL3,simple:HLAC,simple:P43628,HLA-C,KIR2DL3,Ligand-Receptor,Signaling by HLA,T cell CD8 dividing|NK cell,0.689
HLA-E_CD94:NKG2E,simple:P13747,complex:CD94:NKG2E,HLA-E,,Ligand-Receptor,Signaling by HLA,T cell CD8 dividing|NK cell,0.629
HLA-E_CD94:NKG2A,simple:P13747,complex:CD94:NKG2A,HLA-E,,Ligand-Receptor,Signaling by HLA,T cell CD8 dividing|NK cell,0.628
HLA-E_KLRK1,simple:P13747,simple:P26718,HLA-E,KLRK1,Ligand-Receptor,Signaling by HLA,T cell CD8 dividing|NK cell,0.611
HLA-E_KLRC2,simple:P13747,simple:P26717,HLA-E,KLRC2,Ligand-Receptor,Signaling by HLA,T cell CD8 dividing|NK cell,0.626
MICB_NKG2D_II_receptor,simple:Q29980,complex:NKG2D_II_receptor,MICB,,Ligand-Receptor,,T cell CD8 dividing|NK cell,0.707
HLA-E_CD94:NKG2C,simple:P13747,complex:CD94:NKG2C,HLA-E,,Ligand-Receptor,Signaling by HLA,T cell CD8 dividing|NK cell,0.626
CCL5_ACKR1,simple:P13501,simple:Q16570,CCL5,ACKR1,Ligand-Receptor,Signaling by Chemokines,T cell CD8 dividing|NK cell,0.611
CXCL13_CXCR5,simple:O43927,simple:P32302,CXCL13,CXCR5,Ligand-Receptor,Signaling by Chemokines,T cell CD8 dividing|NK cell,0.635
IL13_IL13RA2,simple:P35225,simple:Q14627,IL13,IL13RA2,Ligand-Receptor,Signaling by Interleukin,T cell CD8 dividing|NK cell,0.621
XCL1_XCR1,simple:P47992,simple:P46094,XCL1,XCR1,Ligand-Receptor,Signaling by Lymphotactin,T cell CD8 dividing|NK cell,0.617
LTA_TNFRSF1B,simple:P01374,simple:P20333,LTA,TNFRSF1B,Ligand-Receptor,Signaling by Tumor necrosis factor,T cell CD8 terminally exhausted|NK cell,0.584
HLA-E_KLRC1,simple:P13747,simple:P26715,HLA-E,KLRC1,Ligand-Receptor,Signaling by HLA,T cell CD8 terminally exhausted|NK cell,0.644
HLA-C_KIR2DL3,simple:HLAC,simple:P43628,HLA-C,KIR2DL3,Ligand-Receptor,Signaling by HLA,T cell CD8 terminally exhausted|NK cell,0.675
HLA-E_CD94:NKG2E,simple:P13747,complex:CD94:NKG2E,HLA-E,,Ligand-Receptor,Signaling by HLA,T cell CD8 terminally exhausted|NK cell,0.646
HLA-E_CD94:NKG2A,simple:P13747,complex:CD94:NKG2A,HLA-E,,Ligand-Receptor,Signaling by HLA,T cell CD8 terminally exhausted|NK cell,0.644
HLA-E_KLRK1,simple:P13747,simple:P26718,HLA-E,KLRK1,Ligand-Receptor,Signaling by HLA,T cell CD8 terminally exhausted|NK cell,0.628
HLA-E_KLRC2,simple:P13747,simple:P26717,HLA-E,KLRC2,Ligand-Receptor,Signaling by HLA,T cell CD8 terminally exhausted|NK cell,0.642
HLA-E_CD94:NKG2C,simple:P13747,complex:CD94:NKG2C,HLA-E,,Ligand-Receptor,Signaling by HLA,T cell CD8 terminally exhausted|NK cell,0.642
CXCL13_CXCR5,simple:O43927,simple:P32302,CXCL13,CXCR5,Ligand-Receptor,Signaling by Chemokines,T cell CD8 terminally exhausted|NK cell,0.59
HLA-E_KLRC1,simple:P13747,simple:P26715,HLA-E,KLRC1,Ligand-Receptor,Signaling by HLA,T cell NK-like|NK cell,0.665
HLA-C_KIR2DL3,simple:HLAC,simple:P43628,HLA-C,KIR2DL3,Ligand-Receptor,Signaling by HLA,T cell NK-like|NK cell,0.683
HLA-E_CD94:NKG2E,simple:P13747,complex:CD94:NKG2E,HLA-E,,Ligand-Receptor,Signaling by HLA,T cell NK-like|NK cell,0.667
HLA-E_CD94:NKG2A,simple:P13747,complex:CD94:NKG2A,HLA-E,,Ligand-Receptor,Signaling by HLA,T cell NK-like|NK cell,0.665
HLA-E_KLRK1,simple:P13747,simple:P26718,HLA-E,KLRK1,Ligand-Receptor,Signaling by HLA,T cell NK-like|NK cell,0.649
HLA-E_KLRC2,simple:P13747,simple:P26717,HLA-E,KLRC2,Ligand-Receptor,Signaling by HLA,T cell NK-like|NK cell,0.663
RAET1L_NKG2D_II_receptor,simple:Q5VY80,complex:NKG2D_II_receptor,RAET1L,,Ligand-Receptor,Signaling by Killer Cell Lectin Like Receptor K1,T cell NK-like|NK cell,0.662
HLA-E_CD94:NKG2C,simple:P13747,complex:CD94:NKG2C,HLA-E,,Ligand-Receptor,Signaling by HLA,T cell NK-like|NK cell,0.663
MICA_NKG2D_II_receptor,simple:Q29983,complex:NKG2D_II_receptor,MICA,,Ligand-Receptor,,Tumor Tumor ImmunoSup|NK cell,0.583
CX3CL1_CX3CR1,simple:P78423,simple:P49238,CX3CL1,CX3CR1,Ligand-Receptor,Signaling by Chemokines,Tumor Tumor ImmunoSup|NK cell,0.624
HLA-C_KIR2DL3,simple:HLAC,simple:P43628,HLA-C,KIR2DL3,Ligand-Receptor,Signaling by HLA,Tumor Tumor ImmunoSup|NK cell,0.576
HLA-E_CD94:NKG2E,simple:P13747,complex:CD94:NKG2E,HLA-E,,Ligand-Receptor,Signaling by HLA,Tumor Tumor ImmunoSup|NK cell,0.57
HLA-E_CD94:NKG2A,simple:P13747,complex:CD94:NKG2A,HLA-E,,Ligand-Receptor,Signaling by HLA,Tumor Tumor ImmunoSup|NK cell,0.569
HLA-E_KLRC2,simple:P13747,simple:P26717,HLA-E,KLRC2,Ligand-Receptor,Signaling by HLA,Tumor Tumor ImmunoSup|NK cell,0.567
FGFR4_TGFBR3,simple:P22455,simple:Q03167,FGFR4,TGFBR3,Receptor-Receptor,,Tumor Tumor ImmunoSup|NK cell,0.59
RAET1L_NKG2D_II_receptor,simple:Q5VY80,complex:NKG2D_II_receptor,RAET1L,,Ligand-Receptor,Signaling by Killer Cell Lectin Like Receptor K1,Tumor Tumor ImmunoSup|NK cell,0.58
HLA-E_CD94:NKG2C,simple:P13747,complex:CD94:NKG2C,HLA-E,,Ligand-Receptor,Signaling by HLA,Tumor Tumor ImmunoSup|NK cell,0.567
CXCL1_CXCR2,simple:P09341,simple:P25025,CXCL1,CXCR2,Ligand-Receptor,Signaling by Chemokines,Tumor Tumor ImmunoSup|NK cell,0.548
CXCL1_CXCR1,simple:P09341,simple:P25024,CXCL1,CXCR1,Ligand-Receptor,Signaling by Chemokines,Tumor Tumor ImmunoSup|NK cell,0.537
ULBP1_NKG2D_II_receptor,simple:Q9BZM6,complex:NKG2D_II_receptor,ULBP1,,Ligand-Receptor,Signaling by Killer Cell Lectin Like Receptor K1,cDC1|NK cell,0.711
MICA_NKG2D_II_receptor,simple:Q29983,complex:NKG2D_II_receptor,MICA,,Ligand-Receptor,,cDC1|NK cell,0.589
HLA-C_KIR2DL3,simple:HLAC,simple:P43628,HLA-C,KIR2DL3,Ligand-Receptor,Signaling by HLA,cDC1|NK cell,0.619
CDH2_FCER2,simple:P19022,simple:P06734,CDH2,FCER2,Ligand-Receptor,Adhesion by Cadherin,cDC1|NK cell,0.653
MICB_NKG2D_II_receptor,simple:Q29980,complex:NKG2D_II_receptor,MICB,,Ligand-Receptor,,cDC1|NK cell,0.643
ProstaglandinE2_byPTGES2_PTGER4,complex:ProstaglandinE2_byPTGES2,simple:P35408,,PTGER4,Ligand-Receptor,Signaling by Prostaglandin,cDC1|NK cell,0.687
TNFSF18_TNFRSF18,simple:Q9UNG2,simple:Q9Y5U5,TNFSF18,TNFRSF18,Ligand-Receptor,Signaling by Tumor necrosis factor,cDC1|NK cell,0.635
TGFB1_TGFBR3,simple:P01137,simple:Q03167,TGFB1,TGFBR3,Ligand-Receptor,Signaling by Transforming growth factor,cDC1|NK cell,0.625
TNF_TNFRSF1B,simple:P01375,simple:P20333,TNF,TNFRSF1B,Ligand-Receptor,Signaling by Tumor necrosis factor,cDC1|NK cell,0.656
CXCL16_CXCR6,simple:Q9H2A7,simple:O00574,CXCL16,CXCR6,Ligand-Receptor,Signaling by Chemokines,cDC1|NK cell,0.62
CALCA_RAMP1_complex,simple:P01258,complex:RAMP1_complex,CALCA,,Ligand-Receptor,Signaling by Calcitonin,cDC1|NK cell,0.615
CD86_CTLA4,simple:P42081,simple:P16410,CD86,CTLA4,Ligand-Receptor,,cDC1|NK cell,0.614
ICAM1_integrin_aXb2_complex,simple:P05362,complex:integrin_aXb2_complex,ICAM1,,Ligand-Receptor,Adhesion by ICAM,cDC1|NK cell,0.567
APOB_TREM2_receptor,simple:P04114,complex:TREM2_receptor,APOB,,Ligand-Receptor,Signaling by Apolipoprotein,cDC1|NK cell,0.579
ULBP1_NKG2D_II_receptor,simple:Q9BZM6,complex:NKG2D_II_receptor,ULBP1,,Ligand-Receptor,Signaling by Killer Cell Lectin Like Receptor K1,cDC2|NK cell,0.622
CXCL8_CXCR2,simple:P10145,simple:P25025,CXCL8,CXCR2,Ligand-Receptor,Signaling by Chemokines,cDC2|NK cell,0.543
MICA_NKG2D_II_receptor,simple:Q29983,complex:NKG2D_II_receptor,MICA,,Ligand-Receptor,,cDC2|NK cell,0.6
HLA-C_KIR2DL3,simple:HLAC,simple:P43628,HLA-C,KIR2DL3,Ligand-Receptor,Signaling by HLA,cDC2|NK cell,0.573
LipoxinA4_byALOX5_FPR2,complex:LipoxinA4_byALOX5,simple:P25090,,FPR2,Ligand-Receptor,Signaling by Lipoxin/Leukotriene,cDC2|NK cell,0.534
MICB_NKG2D_II_receptor,simple:Q29980,complex:NKG2D_II_receptor,MICB,,Ligand-Receptor,,cDC2|NK cell,0.608
ProstaglandinE2_byPTGES2_PTGER4,complex:ProstaglandinE2_byPTGES2,simple:P35408,,PTGER4,Ligand-Receptor,Signaling by Prostaglandin,cDC2|NK cell,0.627
TNFSF18_TNFRSF18,simple:Q9UNG2,simple:Q9Y5U5,TNFSF18,TNFRSF18,Ligand-Receptor,Signaling by Tumor necrosis factor,cDC2|NK cell,0.636
RAET1L_NKG2D_II_receptor,simple:Q5VY80,complex:NKG2D_II_receptor,RAET1L,,Ligand-Receptor,Signaling by Killer Cell Lectin Like Receptor K1,cDC2|NK cell,0.583
PVR_CD226,simple:P15151,simple:Q15762,PVR,CD226,Ligand-Receptor,Signaling by Poliovirus receptor,cDC2|NK cell,0.609
TGFB1_TGFBR3,simple:P01137,simple:Q03167,TGFB1,TGFBR3,Ligand-Receptor,Signaling by Transforming growth factor,cDC2|NK cell,0.657
LeukotrieneC4_byLTC4S_CYSLTR2,complex:LeukotrieneC4_byLTC4S,simple:Q9NS75,,CYSLTR2,Ligand-Receptor,Signaling by Lipoxin/Leukotriene,cDC2|NK cell,0.56
AVP_AVPR1A,simple:P01185,simple:P37288,AVP,AVPR1A,Ligand-Receptor,Signaling by Vasopressin,cDC2|NK cell,0.514
TNF_TNFRSF1B,simple:P01375,simple:P20333,TNF,TNFRSF1B,Ligand-Receptor,Signaling by Tumor necrosis factor,cDC2|NK cell,0.596
CCL19_CCR7,simple:Q99731,simple:P32248,CCL19,CCR7,Ligand-Receptor,Signaling by Chemokines,DC mature|cDC2,0.669
ProstaglandinE2_byPTGES2_PTGER1,complex:ProstaglandinE2_byPTGES2,simple:P34995,,PTGER1,Ligand-Receptor,Signaling by Prostaglandin,DC mature|cDC2,0.629
C10orf99_SUSD2,simple:Q6UWK7,simple:Q9UGT4,C10orf99,SUSD2,Ligand-Receptor,,DC mature|cDC2,0.656
ULBP1_NKG2D_II_receptor,simple:Q9BZM6,complex:NKG2D_II_receptor,ULBP1,,Ligand-Receptor,Signaling by Killer Cell Lectin Like Receptor K1,DC mature|cDC2,0.596
LipoxinA4_byALOX12_FPR2,complex:LipoxinA4_byALOX12,simple:P25090,,FPR2,Ligand-Receptor,Signaling by Lipoxin/Leukotriene,DC mature|cDC2,0.654
CCL19_CCRL2,simple:Q99731,simple:O00421,CCL19,CCRL2,Ligand-Receptor,Signaling by Chemokines,DC mature|cDC2,0.695
CD44_TYROBP,simple:P16070,simple:O43914,CD44,TYROBP,Ligand-Receptor,,DC mature|cDC2,0.628
TENM2_ADGRL3,simple:Q9NT68,simple:Q9HAR2,TENM2,ADGRL3,Ligand-Receptor,Signaling by Teneurin,DC mature|cDC2,0.645
CD200_CD200R1,simple:P41217,simple:Q8TD46,CD200,CD200R1,Ligand-Receptor,,DC mature|cDC2,0.745
ProstaglandinE2_byPTGES2_PTGER3,complex:ProstaglandinE2_byPTGES2,simple:P43115,,PTGER3,Ligand-Receptor,Signaling by Prostaglandin,DC mature|cDC2,0.725
SAA1_FPR2,simple:P0DJI8,simple:P25090,SAA1,FPR2,Ligand-Receptor,,DC mature|cDC2,0.61
ProstaglandinE2_byPTGES2_PTGER4,complex:ProstaglandinE2_byPTGES2,simple:P35408,,PTGER4,Ligand-Receptor,Signaling by Prostaglandin,DC mature|cDC2,0.687
WNT5B_FRZB,simple:Q9H1J7,simple:Q92765,WNT5B,FRZB,Ligand-Ligand,Signaling by WNT inhibition,DC mature|cDC2,0.646
TNFSF18_TNFRSF18,simple:Q9UNG2,simple:Q9Y5U5,TNFSF18,TNFRSF18,Ligand-Receptor,Signaling by Tumor necrosis factor,DC mature|cDC2,0.655
WNT5B_SFRP1,simple:Q9H1J7,simple:Q8N474,WNT5B,SFRP1,Ligand-Ligand,Signaling by WNT inhibition,DC mature|cDC2,0.647
WNT5B_SFRP2,simple:Q9H1J7,simple:Q96HF1,WNT5B,SFRP2,Ligand-Ligand,Signaling by WNT inhibition,DC mature|cDC2,0.651
HLA-G_LILRB1,simple:P17693,simple:Q8NHL6,HLA-G,LILRB1,Ligand-Receptor,Signaling by HLA,DC mature|cDC2,0.636
PVR_CD226,simple:P15151,simple:Q15762,PVR,CD226,Ligand-Receptor,Signaling by Poliovirus receptor,DC mature|cDC2,0.637
LeukotrieneC4_byLTC4S_CYSLTR2,complex:LeukotrieneC4_byLTC4S,simple:Q9NS75,,CYSLTR2,Ligand-Receptor,Signaling by Lipoxin/Leukotriene,DC mature|cDC2,0.556
CXCL9_CXCR3,simple:Q07325,simple:P49682,CXCL9,CXCR3,Ligand-Receptor,Signaling by Chemokines,DC mature|cDC2,0.634
CXCL10_CXCR3,simple:P02778,simple:P49682,CXCL10,CXCR3,Ligand-Receptor,Signaling by Chemokines,DC mature|cDC2,0.624
HLA-G_LILRB2,simple:P17693,simple:Q8N423,HLA-G,LILRB2,Ligand-Receptor,Signaling by HLA,DC mature|cDC2,0.613
CRLF2_TSLPR,simple:Q9HC73,complex:TSLPR,CRLF2,,Receptor-Receptor,,DC mature|cDC2,0.673
GAS6_AXL,simple:Q14393,simple:P30530,GAS6,AXL,Ligand-Receptor,Signaling by Growth arrest,DC mature|cDC2,0.631
CXCL10_DPP4,simple:P02778,simple:P27487,CXCL10,DPP4,Ligand-Receptor,Signaling by Chemokines,DC mature|cDC2,0.634
CXCL11_CXCR3,simple:O14625,simple:P49682,CXCL11,CXCR3,Ligand-Receptor,Signaling by Chemokines,DC mature|cDC2,0.63
CXCL9_DPP4,simple:Q07325,simple:P27487,CXCL9,DPP4,Ligand-Receptor,Signaling by Chemokines,DC mature|cDC2,0.645
CALCA_RAMP1_complex,simple:P01258,complex:RAMP1_complex,CALCA,,Ligand-Receptor,Signaling by Calcitonin,DC mature|cDC2,0.64
CXCL11_ACKR3,simple:O14625,simple:P25106,CXCL11,ACKR3,Ligand-Receptor,Signaling by Chemokines,DC mature|cDC2,0.647
CD86_CTLA4,simple:P42081,simple:P16410,CD86,CTLA4,Ligand-Receptor,,DC mature|cDC2,0.635
CXCL11_DPP4,simple:O14625,simple:P27487,CXCL11,DPP4,Ligand-Receptor,Signaling by Chemokines,DC mature|cDC2,0.641
ICAM1_integrin_aXb2_complex,simple:P05362,complex:integrin_aXb2_complex,ICAM1,,Ligand-Receptor,Adhesion by ICAM,DC mature|cDC2,0.664
SerotoninDopamin_byDDC_HTR3C,complex:SerotoninDopamin_byDDC,simple:Q8WXA8,,HTR3C,Ligand-Receptor,Signaling by Serotonin/Dopamine,DC mature|cDC2,0.53
WNT5B_WIF1,simple:Q9H1J7,simple:Q9Y5W5,WNT5B,WIF1,Ligand-Ligand,Signaling by WNT inhibition,DC mature|cDC2,0.652
WNT5B_SFRP5,simple:Q9H1J7,simple:Q5T4F7,WNT5B,SFRP5,Ligand-Ligand,Signaling by WNT inhibition,DC mature|cDC2,0.657
CCL22_DPP4,simple:O00626,simple:P27487,CCL22,DPP4,Ligand-Receptor,Signaling by Chemokines,DC mature|cDC2,0.658
CTSG_FPR1,simple:P08311,simple:P21462,CTSG,FPR1,Ligand-Receptor,Signaling by Cathepsin,DC mature|cDC2,0.583
FCER2_integrin_aXb2_complex,simple:P06734,complex:integrin_aXb2_complex,FCER2,,Receptor-Receptor,Signaling by FC receptor,DC mature|cDC2,0.568
CXCL5_CXCR1,simple:P42830,simple:P25024,CXCL5,CXCR1,Ligand-Receptor,Signaling by Chemokines,Macrophage alveolar|cDC2,0.599
PPBP_CXCR1,simple:P02775,simple:P25024,PPBP,CXCR1,Ligand-Receptor,Signaling by Chemokines,Macrophage alveolar|cDC2,0.585
PPBP_CXCR2,simple:P02775,simple:P25025,PPBP,CXCR2,Ligand-Receptor,Signaling by Chemokines,Macrophage alveolar|cDC2,0.596
CXCL8_CXCR2,simple:P10145,simple:P25025,CXCL8,CXCR2,Ligand-Receptor,Signaling by Chemokines,Macrophage alveolar|cDC2,0.538
TNFSF13_TNFRSF13B,simple:O75888,simple:O14836,TNFSF13,TNFRSF13B,Ligand-Receptor,Signaling by Tumor necrosis factor,Macrophage alveolar|cDC2,0.58
PTPRC_MRC1,simple:P08575,simple:P22897,PTPRC,MRC1,Receptor-Receptor,,Macrophage alveolar|cDC2,0.549
CXCL5_CXCR2,simple:P42830,simple:P25025,CXCL5,CXCR2,Ligand-Receptor,Signaling by Chemokines,Macrophage alveolar|cDC2,0.61
CD44_TYROBP,simple:P16070,simple:O43914,CD44,TYROBP,Ligand-Receptor,,Macrophage alveolar|cDC2,0.629
TNFSF13_TNFRSF17,simple:O75888,simple:Q02223,TNFSF13,TNFRSF17,Ligand-Receptor,Signaling by Tumor necrosis factor,Macrophage alveolar|cDC2,0.579
ProstaglandinE2_byPTGES2_PTGER3,complex:ProstaglandinE2_byPTGES2,simple:P43115,,PTGER3,Ligand-Receptor,Signaling by Prostaglandin,Macrophage alveolar|cDC2,0.621
CCL23_FPR2,simple:P55773,simple:P25090,CCL23,FPR2,Ligand-Receptor,Signaling by Chemokines,Macrophage alveolar|cDC2,0.596
CCL20_CCR6,simple:P78556,simple:P51684,CCL20,CCR6,Ligand-Receptor,Signaling by Chemokines,Macrophage alveolar|cDC2,0.686
CCL23_CCR1,simple:P55773,simple:P32246,CCL23,CCR1,Ligand-Receptor,Signaling by Chemokines,Macrophage alveolar|cDC2,0.62
CSF1_CSF1R,simple:P09603,simple:P07333,CSF1,CSF1R,Ligand-Receptor,Signaling by Colony-Stimulating factor,Macrophage alveolar|cDC2,0.623
LAIR1_LILRB4,simple:Q6GTX8,simple:Q8NHJ6,LAIR1,LILRB4,Receptor-Receptor,,Macrophage alveolar|cDC2,0.679
CXCL3_CXCR2,simple:P19876,simple:P25025,CXCL3,CXCR2,Ligand-Receptor,Signaling by Chemokines,Macrophage alveolar|cDC2,0.601
APOE_TREM2_receptor,simple:P02649,complex:TREM2_receptor,APOE,,Ligand-Receptor,Signaling by Apolipoprotein,Macrophage alveolar|cDC2,0.648
LeukotrieneC4_byLTC4S_CYSLTR2,complex:LeukotrieneC4_byLTC4S,simple:Q9NS75,,CYSLTR2,Ligand-Receptor,Signaling by Lipoxin/Leukotriene,Macrophage alveolar|cDC2,0.578
CEACAM8_CEACAM6,simple:P31997,simple:P40199,CEACAM8,CEACAM6,Adhesion-Adhesion,Adhesion by CEAM,Macrophage alveolar|cDC2,0.605
atRetinoicAcid_byALDH1A2_RAreceptor_RXRB,complex:atRetinoicAcid_byALDH1A2,complex:RAreceptor_RXRB,,,Ligand-Receptor,Signaling by Retinoic Acid,Macrophage alveolar|cDC2,0.595
ANGPT4_TEK,simple:Q9Y264,simple:Q02763,ANGPT4,TEK,Ligand-Receptor,Signaling by Angiopoietin,Macrophage alveolar|cDC2,0.589
TNF_TNFRSF1B,simple:P01375,simple:P20333,TNF,TNFRSF1B,Ligand-Receptor,Signaling by Tumor necrosis factor,Macrophage alveolar|cDC2,0.602
RBP4_STRA6,simple:P02753,simple:Q9BX79,RBP4,STRA6,Ligand-Receptor,,Macrophage alveolar|cDC2,0.6
CD52_SIGLEC10,simple:P31358,simple:Q96LC7,CD52,SIGLEC10,Ligand-Receptor,,Macrophage alveolar|cDC2,0.646
ANXA1_FPR1,simple:P04083,simple:P21462,ANXA1,FPR1,Ligand-Receptor,Signaling by Annexin,Macrophage alveolar|cDC2,0.639
DLK1_NOTCH2,simple:P80370,simple:Q04721,DLK1,NOTCH2,Ligand-Receptor,Signaling by Notch,Macrophage alveolar|cDC2,0.626
PLAU_PLAUR,simple:P00749,simple:Q03405,PLAU,PLAUR,Ligand-Receptor,Signaling by Plasminogen Activator,Macrophage alveolar|cDC2,0.606
Dehydroepiandrosterone_bySTS_NR1I2,complex:Dehydroepiandrosterone_bySTS,simple:O75469,,NR1I2,Ligand-Receptor,Signaling by Dehydroepiandrosterone,Macrophage alveolar|cDC2,0.577
ANXA1_FPR3,simple:P04083,simple:P25089,ANXA1,FPR3,Ligand-Receptor,Signaling by Annexin,Macrophage alveolar|cDC2,0.649
APOB_TREM2_receptor,simple:P04114,complex:TREM2_receptor,APOB,,Ligand-Receptor,Signaling by Apolipoprotein,Macrophage alveolar|cDC2,0.612
CTSG_FPR1,simple:P08311,simple:P21462,CTSG,FPR1,Ligand-Receptor,Signaling by Cathepsin,Macrophage alveolar|cDC2,0.586
FCER2_integrin_aXb2_complex,simple:P06734,complex:integrin_aXb2_complex,FCER2,,Receptor-Receptor,Signaling by FC receptor,Macrophage alveolar|cDC2,0.572
CCL3_CCR1,simple:P10147,simple:P32246,CCL3,CCR1,Ligand-Receptor,Signaling by Chemokines,Monocyte classical|cDC2,0.601
PPBP_CXCR1,simple:P02775,simple:P25024,PPBP,CXCR1,Ligand-Receptor,Signaling by Chemokines,Monocyte classical|cDC2,0.577
PPBP_CXCR2,simple:P02775,simple:P25025,PPBP,CXCR2,Ligand-Receptor,Signaling by Chemokines,Monocyte classical|cDC2,0.588
CXCL8_CXCR2,simple:P10145,simple:P25025,CXCL8,CXCR2,Ligand-Receptor,Signaling by Chemokines,Monocyte classical|cDC2,0.576
LTC4_byLTC4S_CYSLTR2,complex:LTC4_byLTC4S,simple:Q9NS75,,CYSLTR2,Ligand-Receptor,Signaling by Lipoxin/Leukotriene,Monocyte classical|cDC2,0.585
PTPRC_MRC1,simple:P08575,simple:P22897,PTPRC,MRC1,Receptor-Receptor,,Monocyte classical|cDC2,0.572
CXCL8_CXCR1,simple:P10145,simple:P25024,CXCL8,CXCR1,Ligand-Receptor,Signaling by Chemokines,Monocyte classical|cDC2,0.565
CXCL5_CXCR2,simple:P42830,simple:P25025,CXCL5,CXCR2,Ligand-Receptor,Signaling by Chemokines,Monocyte classical|cDC2,0.53
CD44_TYROBP,simple:P16070,simple:O43914,CD44,TYROBP,Ligand-Receptor,,Monocyte classical|cDC2,0.663
NRG1_integrin_a6b4_complex,simple:Q02297,complex:integrin_a6b4_complex,NRG1,,Ligand-Receptor,Signaling by Neuregulin,Monocyte classical|cDC2,0.602
CCL7_CCR1,simple:P80098,simple:P32246,CCL7,CCR1,Ligand-Receptor,Signaling by Chemokines,Monocyte classical|cDC2,0.578
CCL20_CCR6,simple:P78556,simple:P51684,CCL20,CCR6,Ligand-Receptor,Signaling by Chemokines,Monocyte classical|cDC2,0.703
LAIR1_LILRB4,simple:Q6GTX8,simple:Q8NHJ6,LAIR1,LILRB4,Receptor-Receptor,,Monocyte classical|cDC2,0.657
CXCL3_CXCR2,simple:P19876,simple:P25025,CXCL3,CXCR2,Ligand-Receptor,Signaling by Chemokines,Monocyte classical|cDC2,0.604
APOE_TREM2_receptor,simple:P02649,complex:TREM2_receptor,APOE,,Ligand-Receptor,Signaling by Apolipoprotein,Monocyte classical|cDC2,0.564
LeukotrieneC4_byLTC4S_CYSLTR2,complex:LeukotrieneC4_byLTC4S,simple:Q9NS75,,CYSLTR2,Ligand-Receptor,Signaling by Lipoxin/Leukotriene,Monocyte classical|cDC2,0.585
CXCL2_CXCR2,simple:P19875,simple:P25025,CXCL2,CXCR2,Ligand-Receptor,Signaling by Chemokines,Monocyte classical|cDC2,0.605
CRLF2_TSLPR,simple:Q9HC73,complex:TSLPR,CRLF2,,Receptor-Receptor,,Monocyte classical|cDC2,0.495
ICAM1_integrin_aXb2_complex,simple:P05362,complex:integrin_aXb2_complex,ICAM1,,Ligand-Receptor,Adhesion by ICAM,Monocyte classical|cDC2,0.655
HBEGF_ERBB2,simple:Q99075,simple:P04626,HBEGF,ERBB2,Ligand-Receptor,Signaling by Epidermal growth factor,Monocyte classical|cDC2,0.593
ANXA1_FPR3,simple:P04083,simple:P25089,ANXA1,FPR3,Ligand-Receptor,Signaling by Annexin,Monocyte classical|cDC2,0.64
VEGFA_FLT1,simple:P15692,simple:P17948,VEGFA,FLT1,Ligand-Receptor,Signaling by Vascular endothelial growth factor,Monocyte classical|cDC2,0.636
EREG_ERBB4,simple:O14944,simple:Q15303,EREG,ERBB4,Ligand-Receptor,Signaling by Epidermal growth factor,Monocyte classical|cDC2,0.6
CTSG_FPR1,simple:P08311,simple:P21462,CTSG,FPR1,Ligand-Receptor,Signaling by Cathepsin,Monocyte classical|cDC2,0.583
FCER2_integrin_aXb2_complex,simple:P06734,complex:integrin_aXb2_complex,FCER2,,Receptor-Receptor,Signaling by FC receptor,Monocyte classical|cDC2,0.583
LCK_CD8_receptor,simple:P06239,complex:CD8_receptor,LCK,,Receptor-Receptor,,T cell CD4 dividing|cDC2,0.598
CALCB_RAMP1_complex,simple:P10092,complex:RAMP1_complex,CALCB,,Ligand-Receptor,Signaling by Calcitonin,T cell CD4 dividing|cDC2,0.634
LTA_TNFRSF1B,simple:P01374,simple:P20333,LTA,TNFRSF1B,Ligand-Receptor,Signaling by Tumor necrosis factor,T cell CD4 dividing|cDC2,0.673
PTPRC_MRC1,simple:P08575,simple:P22897,PTPRC,MRC1,Receptor-Receptor,,T cell CD4 dividing|cDC2,0.631
CD200_CD200R1,simple:P41217,simple:Q8TD46,CD200,CD200R1,Ligand-Receptor,,T cell CD4 dividing|cDC2,0.686
MICB_NKG2D_II_receptor,simple:Q29980,complex:NKG2D_II_receptor,MICB,,Ligand-Receptor,,T cell CD4 dividing|cDC2,0.606
CCL20_CCR6,simple:P78556,simple:P51684,CCL20,CCR6,Ligand-Receptor,Signaling by Chemokines,T cell CD4 dividing|cDC2,0.667
CSF1_CSF1R,simple:P09603,simple:P07333,CSF1,CSF1R,Ligand-Receptor,Signaling by Colony-Stimulating factor,T cell CD4 dividing|cDC2,0.628
RAET1L_NKG2D_II_receptor,simple:Q5VY80,complex:NKG2D_II_receptor,RAET1L,,Ligand-Receptor,Signaling by Killer Cell Lectin Like Receptor K1,T cell CD4 dividing|cDC2,0.601
IL4_IL4_receptor,simple:P05112,complex:IL4_receptor,IL4,,Ligand-Receptor,Signaling by Interleukin,T cell CD4 dividing|cDC2,0.599
CD226_NECTIN2,simple:Q15762,simple:Q92692,CD226,NECTIN2,Adhesion-Adhesion,,T cell CD4 dividing|cDC2,0.666
HLA-G_LILRB1,simple:P17693,simple:Q8NHL6,HLA-G,LILRB1,Ligand-Receptor,Signaling by HLA,T cell CD4 dividing|cDC2,0.67
LeukotrieneC4_byLTC4S_CYSLTR2,complex:LeukotrieneC4_byLTC4S,simple:Q9NS75,,CYSLTR2,Ligand-Receptor,Signaling by Lipoxin/Leukotriene,T cell CD4 dividing|cDC2,0.554
CXCL13_CXCR5,simple:O43927,simple:P32302,CXCL13,CXCR5,Ligand-Receptor,Signaling by Chemokines,T cell CD4 dividing|cDC2,0.59
HLA-G_LILRB2,simple:P17693,simple:Q8N423,HLA-G,LILRB2,Ligand-Receptor,Signaling by HLA,T cell CD4 dividing|cDC2,0.648
CD320_JAML,simple:Q9NPF0,simple:Q86YT9,CD320,JAML,Ligand-Receptor,,T cell CD4 dividing|cDC2,0.696
CRLF2_TSLPR,simple:Q9HC73,complex:TSLPR,CRLF2,,Receptor-Receptor,,T cell CD4 dividing|cDC2,0.505
IL13_IL13RA2,simple:P35225,simple:Q14627,IL13,IL13RA2,Ligand-Receptor,Signaling by Interleukin,T cell CD4 dividing|cDC2,0.617
IL21_IL21_receptor,simple:Q9HBE4,complex:IL21_receptor,IL21,,Ligand-Receptor,Signaling by Interleukin,T cell CD4 dividing|cDC2,0.673
TNF_TNFRSF1B,simple:P01375,simple:P20333,TNF,TNFRSF1B,Ligand-Receptor,Signaling by Tumor necrosis factor,T cell CD4 dividing|cDC2,0.587
CD40LG_CD40,simple:P29965,simple:P25942,CD40LG,CD40,Ligand-Receptor,,T cell CD4 dividing|cDC2,0.72
CALCA_RAMP1_complex,simple:P01258,complex:RAMP1_complex,CALCA,,Ligand-Receptor,Signaling by Calcitonin,T cell CD4 dividing|cDC2,0.583
CD99_PILRA,simple:P14209,simple:Q9UKJ1,CD99,PILRA,Ligand-Receptor,,T cell CD4 dividing|cDC2,0.615
CD52_SIGLEC10,simple:P31358,simple:Q96LC7,CD52,SIGLEC10,Ligand-Receptor,,T cell CD4 dividing|cDC2,0.655
CCL28_CCR10,simple:Q9NRJ3,simple:P46092,CCL28,CCR10,Ligand-Receptor,Signaling by Chemokines,T cell CD4 dividing|cDC2,0.61
CD177_PECAM1,simple:Q8N6Q3,simple:P16284,CD177,PECAM1,Ligand-Receptor,,T cell CD4 dividing|cDC2,0.652
IL24_IL20_receptor_Type_I,simple:Q13007,complex:IL20_receptor_Type_I,IL24,,Ligand-Receptor,Signaling by Interleukin,T cell CD4 dividing|cDC2,0.588
ENTPD1_ADORA3,simple:P49961,simple:P0DMS8,ENTPD1,ADORA3,Ligand-Receptor,Signaling by Ectonucleoside,T cell CD4 dividing|cDC2,0.623
APOB_TREM2_receptor,simple:P04114,complex:TREM2_receptor,APOB,,Ligand-Receptor,Signaling by Apolipoprotein,T cell CD4 dividing|cDC2,0.592
CTSG_FPR1,simple:P08311,simple:P21462,CTSG,FPR1,Ligand-Receptor,Signaling by Cathepsin,T cell CD4 dividing|cDC2,0.581
FCER2_integrin_aXb2_complex,simple:P06734,complex:integrin_aXb2_complex,FCER2,,Receptor-Receptor,Signaling by FC receptor,T cell CD4 dividing|cDC2,0.57
XCL2_XCR1,simple:Q9UBD3,simple:P46094,XCL2,XCR1,Ligand-Receptor,Signaling by Lymphotactin,T cell CD8 dividing|cDC2,0.616
C10orf99_SUSD2,simple:Q6UWK7,simple:Q9UGT4,C10orf99,SUSD2,Ligand-Receptor,,T cell CD8 dividing|cDC2,0.62
LCK_CD8_receptor,simple:P06239,complex:CD8_receptor,LCK,,Receptor-Receptor,,T cell CD8 dividing|cDC2,0.596
CCL5_CCR1,simple:P13501,simple:P32246,CCL5,CCR1,Ligand-Receptor,Signaling by Chemokines,T cell CD8 dividing|cDC2,0.639
CALCB_RAMP1_complex,simple:P10092,complex:RAMP1_complex,CALCB,,Ligand-Receptor,Signaling by Calcitonin,T cell CD8 dividing|cDC2,0.616
CCL3_CCR1,simple:P10147,simple:P32246,CCL3,CCR1,Ligand-Receptor,Signaling by Chemokines,T cell CD8 dividing|cDC2,0.64
LTA_TNFRSF1B,simple:P01374,simple:P20333,LTA,TNFRSF1B,Ligand-Receptor,Signaling by Tumor necrosis factor,T cell CD8 dividing|cDC2,0.58
PTPRC_MRC1,simple:P08575,simple:P22897,PTPRC,MRC1,Receptor-Receptor,,T cell CD8 dividing|cDC2,0.631
HLA-C_KIR2DL3,simple:HLAC,simple:P43628,HLA-C,KIR2DL3,Ligand-Receptor,Signaling by HLA,T cell CD8 dividing|cDC2,0.567
CRTAM_CADM1,simple:O95727,simple:Q9BY67,CRTAM,CADM1,Adhesion-Adhesion,,T cell CD8 dividing|cDC2,0.601
CD200_CD200R1,simple:P41217,simple:Q8TD46,CD200,CD200R1,Ligand-Receptor,,T cell CD8 dividing|cDC2,0.612
MICB_NKG2D_II_receptor,simple:Q29980,complex:NKG2D_II_receptor,MICB,,Ligand-Receptor,,T cell CD8 dividing|cDC2,0.602
CCL20_CCR6,simple:P78556,simple:P51684,CCL20,CCR6,Ligand-Receptor,Signaling by Chemokines,T cell CD8 dividing|cDC2,0.603
CSF1_CSF1R,simple:P09603,simple:P07333,CSF1,CSF1R,Ligand-Receptor,Signaling by Colony-Stimulating factor,T cell CD8 dividing|cDC2,0.649
CD226_NECTIN2,simple:Q15762,simple:Q92692,CD226,NECTIN2,Adhesion-Adhesion,,T cell CD8 dividing|cDC2,0.655
CCL5_ACKR1,simple:P13501,simple:Q16570,CCL5,ACKR1,Ligand-Receptor,Signaling by Chemokines,T cell CD8 dividing|cDC2,0.612
HLA-G_LILRB1,simple:P17693,simple:Q8NHL6,HLA-G,LILRB1,Ligand-Receptor,Signaling by HLA,T cell CD8 dividing|cDC2,0.667
LeukotrieneC4_byLTC4S_CYSLTR2,complex:LeukotrieneC4_byLTC4S,simple:Q9NS75,,CYSLTR2,Ligand-Receptor,Signaling by Lipoxin/Leukotriene,T cell CD8 dividing|cDC2,0.553
CXCL13_CXCR5,simple:O43927,simple:P32302,CXCL13,CXCR5,Ligand-Receptor,Signaling by Chemokines,T cell CD8 dividing|cDC2,0.639
HLA-G_LILRB2,simple:P17693,simple:Q8N423,HLA-G,LILRB2,Ligand-Receptor,Signaling by HLA,T cell CD8 dividing|cDC2,0.644
CD320_JAML,simple:Q9NPF0,simple:Q86YT9,CD320,JAML,Ligand-Receptor,,T cell CD8 dividing|cDC2,0.668
IL13_IL13RA2,simple:P35225,simple:Q14627,IL13,IL13RA2,Ligand-Receptor,Signaling by Interleukin,T cell CD8 dividing|cDC2,0.621
CD99_PILRA,simple:P14209,simple:Q9UKJ1,CD99,PILRA,Ligand-Receptor,,T cell CD8 dividing|cDC2,0.644
fibrinogen_integrin_aXb2_complex,complex:fibrinogen,complex:integrin_aXb2_complex,,,Ligand-Receptor,Adhesion by Fibribogen,T cell CD8 dividing|cDC2,0.59
CD52_SIGLEC10,simple:P31358,simple:Q96LC7,CD52,SIGLEC10,Ligand-Receptor,,T cell CD8 dividing|cDC2,0.679
ENTPD1_ADORA3,simple:P49961,simple:P0DMS8,ENTPD1,ADORA3,Ligand-Receptor,Signaling by Ectonucleoside,T cell CD8 dividing|cDC2,0.637
ANXA1_FPR3,simple:P04083,simple:P25089,ANXA1,FPR3,Ligand-Receptor,Signaling by Annexin,T cell CD8 dividing|cDC2,0.582
XCL1_XCR1,simple:P47992,simple:P46094,XCL1,XCR1,Ligand-Receptor,Signaling by Lymphotactin,T cell CD8 dividing|cDC2,0.618
CTSG_FPR1,simple:P08311,simple:P21462,CTSG,FPR1,Ligand-Receptor,Signaling by Cathepsin,T cell CD8 dividing|cDC2,0.581
FCER2_integrin_aXb2_complex,simple:P06734,complex:integrin_aXb2_complex,FCER2,,Receptor-Receptor,Signaling by FC receptor,T cell CD8 dividing|cDC2,0.569
CCL5_CCR1,simple:P13501,simple:P32246,CCL5,CCR1,Ligand-Receptor,Signaling by Chemokines,T cell CD8 terminally exhausted|cDC2,0.614
CCL3_CCR1,simple:P10147,simple:P32246,CCL3,CCR1,Ligand-Receptor,Signaling by Chemokines,T cell CD8 terminally exhausted|cDC2,0.599
PTPRC_MRC1,simple:P08575,simple:P22897,PTPRC,MRC1,Receptor-Receptor,,T cell CD8 terminally exhausted|cDC2,0.621
CSF1_CSF1R,simple:P09603,simple:P07333,CSF1,CSF1R,Ligand-Receptor,Signaling by Colony-Stimulating factor,T cell CD8 terminally exhausted|cDC2,0.652
CD226_NECTIN2,simple:Q15762,simple:Q92692,CD226,NECTIN2,Adhesion-Adhesion,,T cell CD8 terminally exhausted|cDC2,0.633
HLA-G_LILRB1,simple:P17693,simple:Q8NHL6,HLA-G,LILRB1,Ligand-Receptor,Signaling by HLA,T cell CD8 terminally exhausted|cDC2,0.624
LeukotrieneC4_byLTC4S_CYSLTR2,complex:LeukotrieneC4_byLTC4S,simple:Q9NS75,,CYSLTR2,Ligand-Receptor,Signaling by Lipoxin/Leukotriene,T cell CD8 terminally exhausted|cDC2,0.559
CXCL13_CXCR5,simple:O43927,simple:P32302,CXCL13,CXCR5,Ligand-Receptor,Signaling by Chemokines,T cell CD8 terminally exhausted|cDC2,0.594
HLA-G_LILRB2,simple:P17693,simple:Q8N423,HLA-G,LILRB2,Ligand-Receptor,Signaling by HLA,T cell CD8 terminally exhausted|cDC2,0.601
CD99_PILRA,simple:P14209,simple:Q9UKJ1,CD99,PILRA,Ligand-Receptor,,T cell CD8 terminally exhausted|cDC2,0.623
fibrinogen_integrin_aXb2_complex,complex:fibrinogen,complex:integrin_aXb2_complex,,,Ligand-Receptor,Adhesion by Fibribogen,T cell CD8 terminally exhausted|cDC2,0.572
CD52_SIGLEC10,simple:P31358,simple:Q96LC7,CD52,SIGLEC10,Ligand-Receptor,,T cell CD8 terminally exhausted|cDC2,0.674
ENTPD1_ADORA3,simple:P49961,simple:P0DMS8,ENTPD1,ADORA3,Ligand-Receptor,Signaling by Ectonucleoside,T cell CD8 terminally exhausted|cDC2,0.594
ANXA1_FPR3,simple:P04083,simple:P25089,ANXA1,FPR3,Ligand-Receptor,Signaling by Annexin,T cell CD8 terminally exhausted|cDC2,0.579
CTSG_FPR1,simple:P08311,simple:P21462,CTSG,FPR1,Ligand-Receptor,Signaling by Cathepsin,T cell CD8 terminally exhausted|cDC2,0.581
FCER2_integrin_aXb2_complex,simple:P06734,complex:integrin_aXb2_complex,FCER2,,Receptor-Receptor,Signaling by FC receptor,T cell CD8 terminally exhausted|cDC2,0.571
CCL5_CCR1,simple:P13501,simple:P32246,CCL5,CCR1,Ligand-Receptor,Signaling by Chemokines,T cell NK-like|cDC2,0.626
PTPRC_MRC1,simple:P08575,simple:P22897,PTPRC,MRC1,Receptor-Receptor,,T cell NK-like|cDC2,0.642
PTPRC_CD22,simple:P08575,simple:P20273,PTPRC,CD22,Receptor-Receptor,,T cell NK-like|cDC2,0.575
IL4_IL4_receptor,simple:P05112,complex:IL4_receptor,IL4,,Ligand-Receptor,Signaling by Interleukin,T cell NK-like|cDC2,0.537
CD226_NECTIN2,simple:Q15762,simple:Q92692,CD226,NECTIN2,Adhesion-Adhesion,,T cell NK-like|cDC2,0.66
CCL5_ACKR1,simple:P13501,simple:Q16570,CCL5,ACKR1,Ligand-Receptor,Signaling by Chemokines,T cell NK-like|cDC2,0.599
CD40LG_CD40,simple:P29965,simple:P25942,CD40LG,CD40,Ligand-Receptor,,T cell NK-like|cDC2,0.65
CD99_PILRA,simple:P14209,simple:Q9UKJ1,CD99,PILRA,Ligand-Receptor,,T cell NK-like|cDC2,0.628
fibrinogen_integrin_aXb2_complex,complex:fibrinogen,complex:integrin_aXb2_complex,,,Ligand-Receptor,Adhesion by Fibribogen,T cell NK-like|cDC2,0.597
CD52_SIGLEC10,simple:P31358,simple:Q96LC7,CD52,SIGLEC10,Ligand-Receptor,,T cell NK-like|cDC2,0.677
ANXA1_FPR1,simple:P04083,simple:P21462,ANXA1,FPR1,Ligand-Receptor,Signaling by Annexin,T cell NK-like|cDC2,0.619
ANXA1_FPR3,simple:P04083,simple:P25089,ANXA1,FPR3,Ligand-Receptor,Signaling by Annexin,T cell NK-like|cDC2,0.63
FCER2_integrin_aXb2_complex,simple:P06734,complex:integrin_aXb2_complex,FCER2,,Receptor-Receptor,Signaling by FC receptor,T cell NK-like|cDC2,0.57
CCL20_CCR6,simple:P78556,simple:P51684,CCL20,CCR6,Ligand-Receptor,Signaling by Chemokines,Tumor Tumor ImmunoSup|cDC2,0.6
LeukotrieneC4_byLTC4S_CYSLTR2,complex:LeukotrieneC4_byLTC4S,simple:Q9NS75,,CYSLTR2,Ligand-Receptor,Signaling by Lipoxin/Leukotriene,Tumor Tumor ImmunoSup|cDC2,0.552
CXCL1_CXCR2,simple:P09341,simple:P25025,CXCL1,CXCR2,Ligand-Receptor,Signaling by Chemokines,Tumor Tumor ImmunoSup|cDC2,0.529
fibrinogen_integrin_aXb2_complex,complex:fibrinogen,complex:integrin_aXb2_complex,,,Ligand-Receptor,Adhesion by Fibribogen,Tumor Tumor ImmunoSup|cDC2,0.58
ICAM1_integrin_aXb2_complex,simple:P05362,complex:integrin_aXb2_complex,ICAM1,,Ligand-Receptor,Adhesion by ICAM,Tumor Tumor ImmunoSup|cDC2,0.608
CTSG_FPR1,simple:P08311,simple:P21462,CTSG,FPR1,Ligand-Receptor,Signaling by Cathepsin,Tumor Tumor ImmunoSup|cDC2,0.588
FCER2_integrin_aXb2_complex,simple:P06734,complex:integrin_aXb2_complex,FCER2,,Receptor-Receptor,Signaling by FC receptor,Tumor Tumor ImmunoSup|cDC2,0.579
ULBP1_NKG2D_II_receptor,simple:Q9BZM6,complex:NKG2D_II_receptor,ULBP1,,Ligand-Receptor,Signaling by Killer Cell Lectin Like Receptor K1,cDC1|cDC2,0.606
LTC4_byLTC4S_CYSLTR2,complex:LTC4_byLTC4S,simple:Q9NS75,,CYSLTR2,Ligand-Receptor,Signaling by Lipoxin/Leukotriene,cDC1|cDC2,0.589
PTPRC_MRC1,simple:P08575,simple:P22897,PTPRC,MRC1,Receptor-Receptor,,cDC1|cDC2,0.563
PROC_PROCR,simple:P04070,simple:Q9UNN8,PROC,PROCR,Ligand-Receptor,,cDC1|cDC2,0.689
ProstaglandinE2_byPTGES2_PTGER3,complex:ProstaglandinE2_byPTGES2,simple:P43115,,PTGER3,Ligand-Receptor,Signaling by Prostaglandin,cDC1|cDC2,0.714
CDH2_FCER2,simple:P19022,simple:P06734,CDH2,FCER2,Ligand-Receptor,Adhesion by Cadherin,cDC1|cDC2,0.657
ProstaglandinE2_byPTGES2_PTGER4,complex:ProstaglandinE2_byPTGES2,simple:P35408,,PTGER4,Ligand-Receptor,Signaling by Prostaglandin,cDC1|cDC2,0.675
TNFSF18_TNFRSF18,simple:Q9UNG2,simple:Q9Y5U5,TNFSF18,TNFRSF18,Ligand-Receptor,Signaling by Tumor necrosis factor,cDC1|cDC2,0.595
CDH2_CDH2,simple:P19022,simple:P19022,CDH2,CDH2,Adhesion-Adhesion,Adhesion by Cadherin,cDC1|cDC2,0.643
CD226_NECTIN2,simple:Q15762,simple:Q92692,CD226,NECTIN2,Adhesion-Adhesion,,cDC1|cDC2,0.732
HLA-G_LILRB1,simple:P17693,simple:Q8NHL6,HLA-G,LILRB1,Ligand-Receptor,Signaling by HLA,cDC1|cDC2,0.667
CXCL9_CXCR3,simple:Q07325,simple:P49682,CXCL9,CXCR3,Ligand-Receptor,Signaling by Chemokines,cDC1|cDC2,0.608
HLA-G_LILRB2,simple:P17693,simple:Q8N423,HLA-G,LILRB2,Ligand-Receptor,Signaling by HLA,cDC1|cDC2,0.644
CRLF2_TSLPR,simple:Q9HC73,complex:TSLPR,CRLF2,,Receptor-Receptor,,cDC1|cDC2,0.5
GAS6_AXL,simple:Q14393,simple:P30530,GAS6,AXL,Ligand-Receptor,Signaling by Growth arrest,cDC1|cDC2,0.631
TNF_TNFRSF1B,simple:P01375,simple:P20333,TNF,TNFRSF1B,Ligand-Receptor,Signaling by Tumor necrosis factor,cDC1|cDC2,0.646
CXCL9_DPP4,simple:Q07325,simple:P27487,CXCL9,DPP4,Ligand-Receptor,Signaling by Chemokines,cDC1|cDC2,0.619
CXCL16_CXCR6,simple:Q9H2A7,simple:O00574,CXCL16,CXCR6,Ligand-Receptor,Signaling by Chemokines,cDC1|cDC2,0.602
CADM1_CADM1,simple:Q9BY67,simple:Q9BY67,CADM1,CADM1,Adhesion-Adhesion,Adhesion by CADM,cDC1|cDC2,0.637
CALCA_RAMP1_complex,simple:P01258,complex:RAMP1_complex,CALCA,,Ligand-Receptor,Signaling by Calcitonin,cDC1|cDC2,0.628
CD86_CTLA4,simple:P42081,simple:P16410,CD86,CTLA4,Ligand-Receptor,,cDC1|cDC2,0.618
CD52_SIGLEC10,simple:P31358,simple:Q96LC7,CD52,SIGLEC10,Ligand-Receptor,,cDC1|cDC2,0.623
ICAM1_integrin_aXb2_complex,simple:P05362,complex:integrin_aXb2_complex,ICAM1,,Ligand-Receptor,Adhesion by ICAM,cDC1|cDC2,0.652
ENTPD1_ADORA3,simple:P49961,simple:P0DMS8,ENTPD1,ADORA3,Ligand-Receptor,Signaling by Ectonucleoside,cDC1|cDC2,0.635
Dehydroepiandrosterone_bySTS_NR1I2,complex:Dehydroepiandrosterone_bySTS,simple:O75469,,NR1I2,Ligand-Receptor,Signaling by Dehydroepiandrosterone,cDC1|cDC2,0.573
ANXA1_FPR3,simple:P04083,simple:P25089,ANXA1,FPR3,Ligand-Receptor,Signaling by Annexin,cDC1|cDC2,0.579
APOB_TREM2_receptor,simple:P04114,complex:TREM2_receptor,APOB,,Ligand-Receptor,Signaling by Apolipoprotein,cDC1|cDC2,0.652
CTSG_FPR1,simple:P08311,simple:P21462,CTSG,FPR1,Ligand-Receptor,Signaling by Cathepsin,cDC1|cDC2,0.582
FCER2_integrin_aXb2_complex,simple:P06734,complex:integrin_aXb2_complex,FCER2,,Receptor-Receptor,Signaling by FC receptor,cDC1|cDC2,0.57
CCL19_CCR7,simple:Q99731,simple:P32248,CCL19,CCR7,Ligand-Receptor,Signaling by Chemokines,cDC2|DC mature,0.669
CCL21_CCR7,simple:O00585,simple:P32248,CCL21,CCR7,Ligand-Receptor,Signaling by Chemokines,cDC2|DC mature,0.658
CD44_TYROBP,simple:P16070,simple:O43914,CD44,TYROBP,Ligand-Receptor,,cDC2|DC mature,0.645
CCL20_CCR6,simple:P78556,simple:P51684,CCL20,CCR6,Ligand-Receptor,Signaling by Chemokines,cDC2|DC mature,0.636
SEMA3C_NRP2,simple:Q99985,simple:O60462,SEMA3C,NRP2,Ligand-Receptor,Signaling by Semaphorin,cDC2|DC mature,0.646
TNFSF18_TNFRSF18,simple:Q9UNG2,simple:Q9Y5U5,TNFSF18,TNFRSF18,Ligand-Receptor,Signaling by Tumor necrosis factor,cDC2|DC mature,0.605
VEGFA_NRP2,simple:P15692,simple:O60462,VEGFA,NRP2,Ligand-Receptor,Signaling by Vascular endothelial growth factor,cDC2|DC mature,0.733
IL4_IL4_receptor,simple:P05112,complex:IL4_receptor,IL4,,Ligand-Receptor,Signaling by Interleukin,cDC2|DC mature,0.545
CD226_NECTIN2,simple:Q15762,simple:Q92692,CD226,NECTIN2,Adhesion-Adhesion,,cDC2|DC mature,0.663
AVP_AVPR1A,simple:P01185,simple:P37288,AVP,AVPR1A,Ligand-Receptor,Signaling by Vasopressin,cDC2|DC mature,0.514
TNFSF9_TNFRSF9,simple:P41273,simple:Q07011,TNFSF9,TNFRSF9,Ligand-Receptor,Signaling by Tumor necrosis factor,cDC2|DC mature,0.667
TSLP_TSLPR,simple:Q969D9,complex:TSLPR,TSLP,,Ligand-Receptor,,cDC2|DC mature,0.602
CRLF2_TSLPR,simple:Q9HC73,complex:TSLPR,CRLF2,,Receptor-Receptor,,cDC2|DC mature,0.627
TNF_TNFRSF1B,simple:P01375,simple:P20333,TNF,TNFRSF1B,Ligand-Receptor,Signaling by Tumor necrosis factor,cDC2|DC mature,0.606
CD40LG_CD40,simple:P29965,simple:P25942,CD40LG,CD40,Ligand-Receptor,,cDC2|DC mature,0.632
NLGN2_NRXN2,simple:Q8NFZ4,simple:P58401,NLGN2,NRXN2,Ligand-Receptor,Signaling by Neuroligin,cDC2|DC mature,0.643
CALCA_RAMP1_complex,simple:P01258,complex:RAMP1_complex,CALCA,,Ligand-Receptor,Signaling by Calcitonin,cDC2|DC mature,0.591
HFE_TFRC,simple:Q30201,simple:P02786,HFE,TFRC,Ligand-Receptor,,cDC2|DC mature,0.682
AVP_OXTR,simple:P01185,simple:P30559,AVP,OXTR,Ligand-Receptor,Signaling by Vasopressin,cDC2|DC mature,0.654
TNFSF10_TNFRSF11B,simple:P50591,simple:O00300,TNFSF10,TNFRSF11B,Ligand-Receptor,Signaling by Tumor necrosis factor,cDC2|DC mature,0.71
DHEAsulfate_bySULT1E1_PPARG,complex:DHEAsulfate_bySULT1E1,simple:P37231,,PPARG,Ligand-Receptor,Signaling by Dehydroepiandrosterone,cDC2|Macrophage alveolar,0.587
CCL3_CCR1,simple:P10147,simple:P32246,CCL3,CCR1,Ligand-Receptor,Signaling by Chemokines,cDC2|Macrophage alveolar,0.632
LTC4_byLTC4S_CYSLTR2,complex:LTC4_byLTC4S,simple:Q9NS75,,CYSLTR2,Ligand-Receptor,Signaling by Lipoxin/Leukotriene,cDC2|Macrophage alveolar,0.615
TNFSF13_TNFRSF13B,simple:O75888,simple:O14836,TNFSF13,TNFRSF13B,Ligand-Receptor,Signaling by Tumor necrosis factor,cDC2|Macrophage alveolar,0.581
PTPRC_MRC1,simple:P08575,simple:P22897,PTPRC,MRC1,Receptor-Receptor,,cDC2|Macrophage alveolar,0.615
CD44_TYROBP,simple:P16070,simple:O43914,CD44,TYROBP,Ligand-Receptor,,cDC2|Macrophage alveolar,0.611
LipoxinA4_byALOX5_FPR2,complex:LipoxinA4_byALOX5,simple:P25090,,FPR2,Ligand-Receptor,Signaling by Lipoxin/Leukotriene,cDC2|Macrophage alveolar,0.592
TNFSF13_TNFRSF17,simple:O75888,simple:Q02223,TNFSF13,TNFRSF17,Ligand-Receptor,Signaling by Tumor necrosis factor,cDC2|Macrophage alveolar,0.581
CCL8_CCR1,simple:P80075,simple:P32246,CCL8,CCR1,Ligand-Receptor,Signaling by Chemokines,cDC2|Macrophage alveolar,0.568
ProstaglandinE2_byPTGES2_PTGER3,complex:ProstaglandinE2_byPTGES2,simple:P43115,,PTGER3,Ligand-Receptor,Signaling by Prostaglandin,cDC2|Macrophage alveolar,0.63
SAA1_FPR2,simple:P0DJI8,simple:P25090,SAA1,FPR2,Ligand-Receptor,,cDC2|Macrophage alveolar,0.618
ProstaglandinE2_byPTGES2_PTGER4,complex:ProstaglandinE2_byPTGES2,simple:P35408,,PTGER4,Ligand-Receptor,Signaling by Prostaglandin,cDC2|Macrophage alveolar,0.619
LAIR1_LILRB4,simple:Q6GTX8,simple:Q8NHJ6,LAIR1,LILRB4,Receptor-Receptor,,cDC2|Macrophage alveolar,0.6
APOE_TREM2_receptor,simple:P02649,complex:TREM2_receptor,APOE,,Ligand-Receptor,Signaling by Apolipoprotein,cDC2|Macrophage alveolar,0.596
LeukotrieneC4_byLTC4S_CYSLTR2,complex:LeukotrieneC4_byLTC4S,simple:Q9NS75,,CYSLTR2,Ligand-Receptor,Signaling by Lipoxin/Leukotriene,cDC2|Macrophage alveolar,0.615
GAS6_AXL,simple:Q14393,simple:P30530,GAS6,AXL,Ligand-Receptor,Signaling by Growth arrest,cDC2|Macrophage alveolar,0.635
HFE_TFRC,simple:Q30201,simple:P02786,HFE,TFRC,Ligand-Receptor,,cDC2|Macrophage alveolar,0.681
CXCL11_ACKR3,simple:O14625,simple:P25106,CXCL11,ACKR3,Ligand-Receptor,Signaling by Chemokines,cDC2|Macrophage alveolar,0.692
ICAM1_integrin_aXb2_complex,simple:P05362,complex:integrin_aXb2_complex,ICAM1,,Ligand-Receptor,Adhesion by ICAM,cDC2|Macrophage alveolar,0.593
PLAU_PLAUR,simple:P00749,simple:Q03405,PLAU,PLAUR,Ligand-Receptor,Signaling by Plasminogen Activator,cDC2|Macrophage alveolar,0.624
ENTPD1_ADORA3,simple:P49961,simple:P0DMS8,ENTPD1,ADORA3,Ligand-Receptor,Signaling by Ectonucleoside,cDC2|Macrophage alveolar,0.586
ANXA1_FPR3,simple:P04083,simple:P25089,ANXA1,FPR3,Ligand-Receptor,Signaling by Annexin,cDC2|Macrophage alveolar,0.602
CEACAM1_CEACAM8,simple:P13688,simple:P31997,CEACAM1,CEACAM8,Adhesion-Adhesion,Adhesion by CEAM,cDC2|Macrophage alveolar,0.592
CTSG_FPR1,simple:P08311,simple:P21462,CTSG,FPR1,Ligand-Receptor,Signaling by Cathepsin,cDC2|Macrophage alveolar,0.542
CCL3_CCR1,simple:P10147,simple:P32246,CCL3,CCR1,Ligand-Receptor,Signaling by Chemokines,cDC2|Monocyte classical,0.639
LTC4_byLTC4S_CYSLTR2,complex:LTC4_byLTC4S,simple:Q9NS75,,CYSLTR2,Ligand-Receptor,Signaling by Lipoxin/Leukotriene,cDC2|Monocyte classical,0.632
TNFSF13_TNFRSF13B,simple:O75888,simple:O14836,TNFSF13,TNFRSF13B,Ligand-Receptor,Signaling by Tumor necrosis factor,cDC2|Monocyte classical,0.581
CCL19_CCRL2,simple:Q99731,simple:O00421,CCL19,CCRL2,Ligand-Receptor,Signaling by Chemokines,cDC2|Monocyte classical,0.59
CD44_TYROBP,simple:P16070,simple:O43914,CD44,TYROBP,Ligand-Receptor,,cDC2|Monocyte classical,0.614
LipoxinA4_byALOX5_FPR2,complex:LipoxinA4_byALOX5,simple:P25090,,FPR2,Ligand-Receptor,Signaling by Lipoxin/Leukotriene,cDC2|Monocyte classical,0.628
SAA1_FPR2,simple:P0DJI8,simple:P25090,SAA1,FPR2,Ligand-Receptor,,cDC2|Monocyte classical,0.653
CCL15_CCR1,simple:Q16663,simple:P32246,CCL15,CCR1,Ligand-Receptor,Signaling by Chemokines,cDC2|Monocyte classical,0.582
TNFSF18_TNFRSF18,simple:Q9UNG2,simple:Q9Y5U5,TNFSF18,TNFRSF18,Ligand-Receptor,Signaling by Tumor necrosis factor,cDC2|Monocyte classical,0.587
LAIR1_LILRB4,simple:Q6GTX8,simple:Q8NHJ6,LAIR1,LILRB4,Receptor-Receptor,,cDC2|Monocyte classical,0.657
LeukotrieneC4_byLTC4S_CYSLTR2,complex:LeukotrieneC4_byLTC4S,simple:Q9NS75,,CYSLTR2,Ligand-Receptor,Signaling by Lipoxin/Leukotriene,cDC2|Monocyte classical,0.632
AVP_AVPR1A,simple:P01185,simple:P37288,AVP,AVPR1A,Ligand-Receptor,Signaling by Vasopressin,cDC2|Monocyte classical,0.516
HLA-G_LILRB2,simple:P17693,simple:Q8N423,HLA-G,LILRB2,Ligand-Receptor,Signaling by HLA,cDC2|Monocyte classical,0.601
TNF_TNFRSF1B,simple:P01375,simple:P20333,TNF,TNFRSF1B,Ligand-Receptor,Signaling by Tumor necrosis factor,cDC2|Monocyte classical,0.637
HFE_TFRC,simple:Q30201,simple:P02786,HFE,TFRC,Ligand-Receptor,,cDC2|Monocyte classical,0.65
CXCL11_ACKR3,simple:O14625,simple:P25106,CXCL11,ACKR3,Ligand-Receptor,Signaling by Chemokines,cDC2|Monocyte classical,0.631
ANXA1_FPR1,simple:P04083,simple:P21462,ANXA1,FPR1,Ligand-Receptor,Signaling by Annexin,cDC2|Monocyte classical,0.633
ANXA1_FPR2,simple:P04083,simple:P25090,ANXA1,FPR2,Ligand-Receptor,Signaling by Annexin,cDC2|Monocyte classical,0.612
ICAM1_integrin_aXb2_complex,simple:P05362,complex:integrin_aXb2_complex,ICAM1,,Ligand-Receptor,Adhesion by ICAM,cDC2|Monocyte classical,0.625
PLAU_PLAUR,simple:P00749,simple:Q03405,PLAU,PLAUR,Ligand-Receptor,Signaling by Plasminogen Activator,cDC2|Monocyte classical,0.669
ANXA1_FPR3,simple:P04083,simple:P25089,ANXA1,FPR3,Ligand-Receptor,Signaling by Annexin,cDC2|Monocyte classical,0.606
VEGFA_FLT1,simple:P15692,simple:P17948,VEGFA,FLT1,Ligand-Receptor,Signaling by Vascular endothelial growth factor,cDC2|Monocyte classical,0.59
CTSG_FPR1,simple:P08311,simple:P21462,CTSG,FPR1,Ligand-Receptor,Signaling by Cathepsin,cDC2|Monocyte classical,0.592
FCER2_integrin_aXb2_complex,simple:P06734,complex:integrin_aXb2_complex,FCER2,,Receptor-Receptor,Signaling by FC receptor,cDC2|Monocyte classical,0.565
TNFSF13_TNFRSF13B,simple:O75888,simple:O14836,TNFSF13,TNFRSF13B,Ligand-Receptor,Signaling by Tumor necrosis factor,cDC2|T cell CD4 dividing,0.599
PVR_TIGIT,simple:P15151,simple:Q495A1,PVR,TIGIT,Ligand-Receptor,Signaling by Poliovirus receptor,cDC2|T cell CD4 dividing,0.655
PVR_CD96,simple:P15151,simple:P40200,PVR,CD96,Ligand-Receptor,Signaling by Poliovirus receptor,cDC2|T cell CD4 dividing,0.632
PF4_CXCR3,simple:P02776,simple:P49682,PF4,CXCR3,Ligand-Receptor,,cDC2|T cell CD4 dividing,0.609
CCL20_CCR6,simple:P78556,simple:P51684,CCL20,CCR6,Ligand-Receptor,Signaling by Chemokines,cDC2|T cell CD4 dividing,0.633
ProstaglandinE2_byPTGES2_PTGER4,complex:ProstaglandinE2_byPTGES2,simple:P35408,,PTGER4,Ligand-Receptor,Signaling by Prostaglandin,cDC2|T cell CD4 dividing,0.593
TNFSF18_TNFRSF18,simple:Q9UNG2,simple:Q9Y5U5,TNFSF18,TNFRSF18,Ligand-Receptor,Signaling by Tumor necrosis factor,cDC2|T cell CD4 dividing,0.753
IL4_IL4_receptor,simple:P05112,complex:IL4_receptor,IL4,,Ligand-Receptor,Signaling by Interleukin,cDC2|T cell CD4 dividing,0.542
FGL1_LAG3,simple:Q08830,simple:P18627,FGL1,LAG3,Ligand-Receptor,Signaling by Fibroblast growth factor,cDC2|T cell CD4 dividing,0.539
PVR_CD226,simple:P15151,simple:Q15762,PVR,CD226,Ligand-Receptor,Signaling by Poliovirus receptor,cDC2|T cell CD4 dividing,0.611
NECTIN2_TIGIT,simple:Q92692,simple:Q495A1,NECTIN2,TIGIT,Ligand-Receptor,Signaling by Nectin,cDC2|T cell CD4 dividing,0.71
AVP_AVPR1A,simple:P01185,simple:P37288,AVP,AVPR1A,Ligand-Receptor,Signaling by Vasopressin,cDC2|T cell CD4 dividing,0.516
TNFSF9_TNFRSF9,simple:P41273,simple:Q07011,TNFSF9,TNFRSF9,Ligand-Receptor,Signaling by Tumor necrosis factor,cDC2|T cell CD4 dividing,0.652
CXCL9_CXCR3,simple:Q07325,simple:P49682,CXCL9,CXCR3,Ligand-Receptor,Signaling by Chemokines,cDC2|T cell CD4 dividing,0.713
CXCL10_CXCR3,simple:P02778,simple:P49682,CXCL10,CXCR3,Ligand-Receptor,Signaling by Chemokines,cDC2|T cell CD4 dividing,0.705
CRLF2_TSLPR,simple:Q9HC73,complex:TSLPR,CRLF2,,Receptor-Receptor,,cDC2|T cell CD4 dividing,0.505
IL21_IL21_receptor,simple:Q9HBE4,complex:IL21_receptor,IL21,,Ligand-Receptor,Signaling by Interleukin,cDC2|T cell CD4 dividing,0.584
TNF_TNFRSF1B,simple:P01375,simple:P20333,TNF,TNFRSF1B,Ligand-Receptor,Signaling by Tumor necrosis factor,cDC2|T cell CD4 dividing,0.651
CXCL11_CXCR3,simple:O14625,simple:P49682,CXCL11,CXCR3,Ligand-Receptor,Signaling by Chemokines,cDC2|T cell CD4 dividing,0.713
CXCL16_CXCR6,simple:Q9H2A7,simple:O00574,CXCL16,CXCR6,Ligand-Receptor,Signaling by Chemokines,cDC2|T cell CD4 dividing,0.7
HFE_TFRC,simple:Q30201,simple:P02786,HFE,TFRC,Ligand-Receptor,,cDC2|T cell CD4 dividing,0.666
CD86_CTLA4,simple:P42081,simple:P16410,CD86,CTLA4,Ligand-Receptor,,cDC2|T cell CD4 dividing,0.746
LCK_CD8_receptor,simple:P06239,complex:CD8_receptor,LCK,,Receptor-Receptor,,cDC2|T cell CD8 dividing,0.596
CCL3_CCR1,simple:P10147,simple:P32246,CCL3,CCR1,Ligand-Receptor,Signaling by Chemokines,cDC2|T cell CD8 dividing,0.605
ULBP1_NKG2D_II_receptor,simple:Q9BZM6,complex:NKG2D_II_receptor,ULBP1,,Ligand-Receptor,Signaling by Killer Cell Lectin Like Receptor K1,cDC2|T cell CD8 dividing,0.641
MICA_NKG2D_II_receptor,simple:Q29983,complex:NKG2D_II_receptor,MICA,,Ligand-Receptor,,cDC2|T cell CD8 dividing,0.618
PVR_TIGIT,simple:P15151,simple:Q495A1,PVR,TIGIT,Ligand-Receptor,Signaling by Poliovirus receptor,cDC2|T cell CD8 dividing,0.654
PVR_CD96,simple:P15151,simple:P40200,PVR,CD96,Ligand-Receptor,Signaling by Poliovirus receptor,cDC2|T cell CD8 dividing,0.651
LipoxinA4_byALOX5_FPR2,complex:LipoxinA4_byALOX5,simple:P25090,,FPR2,Ligand-Receptor,Signaling by Lipoxin/Leukotriene,cDC2|T cell CD8 dividing,0.531
PF4_CXCR3,simple:P02776,simple:P49682,PF4,CXCR3,Ligand-Receptor,,cDC2|T cell CD8 dividing,0.612
MICB_NKG2D_II_receptor,simple:Q29980,complex:NKG2D_II_receptor,MICB,,Ligand-Receptor,,cDC2|T cell CD8 dividing,0.627
ProstaglandinE2_byPTGES2_PTGER4,complex:ProstaglandinE2_byPTGES2,simple:P35408,,PTGER4,Ligand-Receptor,Signaling by Prostaglandin,cDC2|T cell CD8 dividing,0.628
TNFSF18_TNFRSF18,simple:Q9UNG2,simple:Q9Y5U5,TNFSF18,TNFRSF18,Ligand-Receptor,Signaling by Tumor necrosis factor,cDC2|T cell CD8 dividing,0.694
RAET1L_NKG2D_II_receptor,simple:Q5VY80,complex:NKG2D_II_receptor,RAET1L,,Ligand-Receptor,Signaling by Killer Cell Lectin Like Receptor K1,cDC2|T cell CD8 dividing,0.602
FGL1_LAG3,simple:Q08830,simple:P18627,FGL1,LAG3,Ligand-Receptor,Signaling by Fibroblast growth factor,cDC2|T cell CD8 dividing,0.637
PVR_CD226,simple:P15151,simple:Q15762,PVR,CD226,Ligand-Receptor,Signaling by Poliovirus receptor,cDC2|T cell CD8 dividing,0.601
NECTIN2_TIGIT,simple:Q92692,simple:Q495A1,NECTIN2,TIGIT,Ligand-Receptor,Signaling by Nectin,cDC2|T cell CD8 dividing,0.708
TNFSF9_TNFRSF9,simple:P41273,simple:Q07011,TNFSF9,TNFRSF9,Ligand-Receptor,Signaling by Tumor necrosis factor,cDC2|T cell CD8 dividing,0.652
CXCL9_CXCR3,simple:Q07325,simple:P49682,CXCL9,CXCR3,Ligand-Receptor,Signaling by Chemokines,cDC2|T cell CD8 dividing,0.716
CXCL10_CXCR3,simple:P02778,simple:P49682,CXCL10,CXCR3,Ligand-Receptor,Signaling by Chemokines,cDC2|T cell CD8 dividing,0.709
IL21_IL21_receptor,simple:Q9HBE4,complex:IL21_receptor,IL21,,Ligand-Receptor,Signaling by Interleukin,cDC2|T cell CD8 dividing,0.578
CEACAM5_CD8A,simple:P06731,simple:P01732,CEACAM5,CD8A,Adhesion-Adhesion,Adhesion by CEAM,cDC2|T cell CD8 dividing,0.63
CXCL10_DPP4,simple:P02778,simple:P27487,CXCL10,DPP4,Ligand-Receptor,Signaling by Chemokines,cDC2|T cell CD8 dividing,0.576
TNF_TNFRSF1B,simple:P01375,simple:P20333,TNF,TNFRSF1B,Ligand-Receptor,Signaling by Tumor necrosis factor,cDC2|T cell CD8 dividing,0.616
CXCL11_CXCR3,simple:O14625,simple:P49682,CXCL11,CXCR3,Ligand-Receptor,Signaling by Chemokines,cDC2|T cell CD8 dividing,0.716
CXCL9_DPP4,simple:Q07325,simple:P27487,CXCL9,DPP4,Ligand-Receptor,Signaling by Chemokines,cDC2|T cell CD8 dividing,0.583
CXCL16_CXCR6,simple:Q9H2A7,simple:O00574,CXCL16,CXCR6,Ligand-Receptor,Signaling by Chemokines,cDC2|T cell CD8 dividing,0.705
CD86_CTLA4,simple:P42081,simple:P16410,CD86,CTLA4,Ligand-Receptor,,cDC2|T cell CD8 dividing,0.728
CXCL11_DPP4,simple:O14625,simple:P27487,CXCL11,DPP4,Ligand-Receptor,Signaling by Chemokines,cDC2|T cell CD8 dividing,0.583
CCL22_DPP4,simple:O00626,simple:P27487,CCL22,DPP4,Ligand-Receptor,Signaling by Chemokines,cDC2|T cell CD8 dividing,0.537
ULBP1_NKG2D_II_receptor,simple:Q9BZM6,complex:NKG2D_II_receptor,ULBP1,,Ligand-Receptor,Signaling by Killer Cell Lectin Like Receptor K1,cDC2|T cell CD8 terminally exhausted,0.629
MICA_NKG2D_II_receptor,simple:Q29983,complex:NKG2D_II_receptor,MICA,,Ligand-Receptor,,cDC2|T cell CD8 terminally exhausted,0.606
TNFSF13_TNFRSF13B,simple:O75888,simple:O14836,TNFSF13,TNFRSF13B,Ligand-Receptor,Signaling by Tumor necrosis factor,cDC2|T cell CD8 terminally exhausted,0.58
PVR_TIGIT,simple:P15151,simple:Q495A1,PVR,TIGIT,Ligand-Receptor,Signaling by Poliovirus receptor,cDC2|T cell CD8 terminally exhausted,0.618
PVR_CD96,simple:P15151,simple:P40200,PVR,CD96,Ligand-Receptor,Signaling by Poliovirus receptor,cDC2|T cell CD8 terminally exhausted,0.611
LipoxinA4_byALOX5_FPR2,complex:LipoxinA4_byALOX5,simple:P25090,,FPR2,Ligand-Receptor,Signaling by Lipoxin/Leukotriene,cDC2|T cell CD8 terminally exhausted,0.533
TNFSF13_TNFRSF17,simple:O75888,simple:Q02223,TNFSF13,TNFRSF17,Ligand-Receptor,Signaling by Tumor necrosis factor,cDC2|T cell CD8 terminally exhausted,0.579
MICB_NKG2D_II_receptor,simple:Q29980,complex:NKG2D_II_receptor,MICB,,Ligand-Receptor,,cDC2|T cell CD8 terminally exhausted,0.615
TNFSF18_TNFRSF18,simple:Q9UNG2,simple:Q9Y5U5,TNFSF18,TNFRSF18,Ligand-Receptor,Signaling by Tumor necrosis factor,cDC2|T cell CD8 terminally exhausted,0.655
RAET1L_NKG2D_II_receptor,simple:Q5VY80,complex:NKG2D_II_receptor,RAET1L,,Ligand-Receptor,Signaling by Killer Cell Lectin Like Receptor K1,cDC2|T cell CD8 terminally exhausted,0.59
FGL1_LAG3,simple:Q08830,simple:P18627,FGL1,LAG3,Ligand-Receptor,Signaling by Fibroblast growth factor,cDC2|T cell CD8 terminally exhausted,0.594
NECTIN2_TIGIT,simple:Q92692,simple:Q495A1,NECTIN2,TIGIT,Ligand-Receptor,Signaling by Nectin,cDC2|T cell CD8 terminally exhausted,0.672
AVP_AVPR1A,simple:P01185,simple:P37288,AVP,AVPR1A,Ligand-Receptor,Signaling by Vasopressin,cDC2|T cell CD8 terminally exhausted,0.514
TNFSF9_TNFRSF9,simple:P41273,simple:Q07011,TNFSF9,TNFRSF9,Ligand-Receptor,Signaling by Tumor necrosis factor,cDC2|T cell CD8 terminally exhausted,0.618
CXCL9_CXCR3,simple:Q07325,simple:P49682,CXCL9,CXCR3,Ligand-Receptor,Signaling by Chemokines,cDC2|T cell CD8 terminally exhausted,0.667
CXCL10_CXCR3,simple:P02778,simple:P49682,CXCL10,CXCR3,Ligand-Receptor,Signaling by Chemokines,cDC2|T cell CD8 terminally exhausted,0.659
CEACAM5_CD8A,simple:P06731,simple:P01732,CEACAM5,CD8A,Adhesion-Adhesion,Adhesion by CEAM,cDC2|T cell CD8 terminally exhausted,0.59
TNF_TNFRSF1B,simple:P01375,simple:P20333,TNF,TNFRSF1B,Ligand-Receptor,Signaling by Tumor necrosis factor,cDC2|T cell CD8 terminally exhausted,0.582
CXCL11_CXCR3,simple:O14625,simple:P49682,CXCL11,CXCR3,Ligand-Receptor,Signaling by Chemokines,cDC2|T cell CD8 terminally exhausted,0.667
CXCL16_CXCR6,simple:Q9H2A7,simple:O00574,CXCL16,CXCR6,Ligand-Receptor,Signaling by Chemokines,cDC2|T cell CD8 terminally exhausted,0.672
CD86_CTLA4,simple:P42081,simple:P16410,CD86,CTLA4,Ligand-Receptor,,cDC2|T cell CD8 terminally exhausted,0.689
ULBP1_NKG2D_II_receptor,simple:Q9BZM6,complex:NKG2D_II_receptor,ULBP1,,Ligand-Receptor,Signaling by Killer Cell Lectin Like Receptor K1,cDC2|T cell NK-like,0.632
MICA_NKG2D_II_receptor,simple:Q29983,complex:NKG2D_II_receptor,MICA,,Ligand-Receptor,,cDC2|T cell NK-like,0.609
TNFSF13_TNFRSF13B,simple:O75888,simple:O14836,TNFSF13,TNFRSF13B,Ligand-Receptor,Signaling by Tumor necrosis factor,cDC2|T cell NK-like,0.58
LipoxinA4_byALOX5_FPR2,complex:LipoxinA4_byALOX5,simple:P25090,,FPR2,Ligand-Receptor,Signaling by Lipoxin/Leukotriene,cDC2|T cell NK-like,0.532
MICB_NKG2D_II_receptor,simple:Q29980,complex:NKG2D_II_receptor,MICB,,Ligand-Receptor,,cDC2|T cell NK-like,0.618
ProstaglandinE2_byPTGES2_PTGER4,complex:ProstaglandinE2_byPTGES2,simple:P35408,,PTGER4,Ligand-Receptor,Signaling by Prostaglandin,cDC2|T cell NK-like,0.584
RAET1L_NKG2D_II_receptor,simple:Q5VY80,complex:NKG2D_II_receptor,RAET1L,,Ligand-Receptor,Signaling by Killer Cell Lectin Like Receptor K1,cDC2|T cell NK-like,0.593
PVR_CD226,simple:P15151,simple:Q15762,PVR,CD226,Ligand-Receptor,Signaling by Poliovirus receptor,cDC2|T cell NK-like,0.606
TGFB1_TGFBR3,simple:P01137,simple:Q03167,TGFB1,TGFBR3,Ligand-Receptor,Signaling by Transforming growth factor,cDC2|T cell NK-like,0.665
CEACAM5_CD8A,simple:P06731,simple:P01732,CEACAM5,CD8A,Adhesion-Adhesion,Adhesion by CEAM,cDC2|T cell NK-like,0.598
TNFSF13_TNFRSF13B,simple:O75888,simple:O14836,TNFSF13,TNFRSF13B,Ligand-Receptor,Signaling by Tumor necrosis factor,cDC2|Tumor Tumor ImmunoSup,0.589
LipoxinA4_byALOX5_FPR2,complex:LipoxinA4_byALOX5,simple:P25090,,FPR2,Ligand-Receptor,Signaling by Lipoxin/Leukotriene,cDC2|Tumor Tumor ImmunoSup,0.546
TNFSF13_TNFRSF17,simple:O75888,simple:Q02223,TNFSF13,TNFRSF17,Ligand-Receptor,Signaling by Tumor necrosis factor,cDC2|Tumor Tumor ImmunoSup,0.588
AVP_AVPR1A,simple:P01185,simple:P37288,AVP,AVPR1A,Ligand-Receptor,Signaling by Vasopressin,cDC2|Tumor Tumor ImmunoSup,0.523
CXCL10_DPP4,simple:P02778,simple:P27487,CXCL10,DPP4,Ligand-Receptor,Signaling by Chemokines,cDC2|Tumor Tumor ImmunoSup,0.608
SCT_SCTR,simple:P09683,simple:P47872,SCT,SCTR,Ligand-Receptor,Signaling by Secretin,cDC2|Tumor Tumor ImmunoSup,0.515
CALCA_RAMP1_complex,simple:P01258,complex:RAMP1_complex,CALCA,,Ligand-Receptor,Signaling by Calcitonin,cDC2|Tumor Tumor ImmunoSup,0.579
CCL22_DPP4,simple:O00626,simple:P27487,CCL22,DPP4,Ligand-Receptor,Signaling by Chemokines,cDC2|Tumor Tumor ImmunoSup,0.569
XCL2_XCR1,simple:Q9UBD3,simple:P46094,XCL2,XCR1,Ligand-Receptor,Signaling by Lymphotactin,cDC2|cDC1,0.651
Histamine_byHDC_HRH2,complex:Histamine_byHDC,simple:P25021,,HRH2,Ligand-Receptor,Signaling by Histamine,cDC2|cDC1,0.612
LipoxinA4_byALOX5_FPR2,complex:LipoxinA4_byALOX5,simple:P25090,,FPR2,Ligand-Receptor,Signaling by Lipoxin/Leukotriene,cDC2|cDC1,0.534
CRTAM_CADM1,simple:O95727,simple:Q9BY67,CRTAM,CADM1,Adhesion-Adhesion,,cDC2|cDC1,0.649
TNFSF13_TNFRSF17,simple:O75888,simple:Q02223,TNFSF13,TNFRSF17,Ligand-Receptor,Signaling by Tumor necrosis factor,cDC2|cDC1,0.579
ProstaglandinE2_byPTGES2_PTGER3,complex:ProstaglandinE2_byPTGES2,simple:P43115,,PTGER3,Ligand-Receptor,Signaling by Prostaglandin,cDC2|cDC1,0.688
CCL20_CCR6,simple:P78556,simple:P51684,CCL20,CCR6,Ligand-Receptor,Signaling by Chemokines,cDC2|cDC1,0.629
ProstaglandinE2_byPTGES2_PTGER4,complex:ProstaglandinE2_byPTGES2,simple:P35408,,PTGER4,Ligand-Receptor,Signaling by Prostaglandin,cDC2|cDC1,0.623
CDH2_CDH2,simple:P19022,simple:P19022,CDH2,CDH2,Adhesion-Adhesion,Adhesion by Cadherin,cDC2|cDC1,0.643
CCL11_DPP4,simple:P51671,simple:P27487,CCL11,DPP4,Ligand-Receptor,Signaling by Chemokines,cDC2|cDC1,0.633
PVR_CD226,simple:P15151,simple:Q15762,PVR,CD226,Ligand-Receptor,Signaling by Poliovirus receptor,cDC2|cDC1,0.677
APP_CD74,simple:P05067,simple:P04233,APP,CD74,Ligand-Receptor,Signaling by Amyloid-beta precursor protein,cDC2|cDC1,0.662
CXCL9_CXCR3,simple:Q07325,simple:P49682,CXCL9,CXCR3,Ligand-Receptor,Signaling by Chemokines,cDC2|cDC1,0.662
CXCL10_CXCR3,simple:P02778,simple:P49682,CXCL10,CXCR3,Ligand-Receptor,Signaling by Chemokines,cDC2|cDC1,0.655
CADM3_CADM1,simple:Q8N126,simple:Q9BY67,CADM3,CADM1,Adhesion-Adhesion,Adhesion by CADM,cDC2|cDC1,0.646
GAS6_AXL,simple:Q14393,simple:P30530,GAS6,AXL,Ligand-Receptor,Signaling by Growth arrest,cDC2|cDC1,0.663
CXCL10_DPP4,simple:P02778,simple:P27487,CXCL10,DPP4,Ligand-Receptor,Signaling by Chemokines,cDC2|cDC1,0.729
CXCL2_DPP4,simple:P19875,simple:P27487,CXCL2,DPP4,Ligand-Receptor,Signaling by Chemokines,cDC2|cDC1,0.653
CXCL11_CXCR3,simple:O14625,simple:P49682,CXCL11,CXCR3,Ligand-Receptor,Signaling by Chemokines,cDC2|cDC1,0.662
CD40LG_CD40,simple:P29965,simple:P25942,CD40LG,CD40,Ligand-Receptor,,cDC2|cDC1,0.602
CXCL9_DPP4,simple:Q07325,simple:P27487,CXCL9,DPP4,Ligand-Receptor,Signaling by Chemokines,cDC2|cDC1,0.737
CADM1_CADM1,simple:Q9BY67,simple:Q9BY67,CADM1,CADM1,Adhesion-Adhesion,Adhesion by CADM,cDC2|cDC1,0.637
CALCA_RAMP1_complex,simple:P01258,complex:RAMP1_complex,CALCA,,Ligand-Receptor,Signaling by Calcitonin,cDC2|cDC1,0.598
COL4A1_ADGRG6,simple:P02462,simple:Q86SQ4,COL4A1,ADGRG6,Adhesion-Adhesion,Adhesion by Collagen/Integrin,cDC2|cDC1,0.619
CD52_SIGLEC10,simple:P31358,simple:Q96LC7,CD52,SIGLEC10,Ligand-Receptor,,cDC2|cDC1,0.655
COL4A2_ADGRG6,simple:P08572,simple:Q86SQ4,COL4A2,ADGRG6,Adhesion-Adhesion,Adhesion by Collagen/Integrin,cDC2|cDC1,0.617
CXCL11_DPP4,simple:O14625,simple:P27487,CXCL11,DPP4,Ligand-Receptor,Signaling by Chemokines,cDC2|cDC1,0.737
ICAM1_integrin_aXb2_complex,simple:P05362,complex:integrin_aXb2_complex,ICAM1,,Ligand-Receptor,Adhesion by ICAM,cDC2|cDC1,0.616
PLAU_PLAUR,simple:P00749,simple:Q03405,PLAU,PLAUR,Ligand-Receptor,Signaling by Plasminogen Activator,cDC2|cDC1,0.616
ENTPD1_ADORA3,simple:P49961,simple:P0DMS8,ENTPD1,ADORA3,Ligand-Receptor,Signaling by Ectonucleoside,cDC2|cDC1,0.643
XCL1_XCR1,simple:P47992,simple:P46094,XCL1,XCR1,Ligand-Receptor,Signaling by Lymphotactin,cDC2|cDC1,0.648
PRNP_ADGRG6,simple:F7VJQ1,simple:Q86SQ4,PRNP,ADGRG6,Ligand-Receptor,,cDC2|cDC1,0.645
COL4A3_ADGRG6,simple:Q01955,simple:Q86SQ4,COL4A3,ADGRG6,Adhesion-Adhesion,Adhesion by Collagen/Integrin,cDC2|cDC1,0.635
EREG_ERBB4,simple:O14944,simple:Q15303,EREG,ERBB4,Ligand-Receptor,Signaling by Epidermal growth factor,cDC2|cDC1,0.549
LAMA2_ADGRG6,simple:P24043,simple:Q86SQ4,LAMA2,ADGRG6,Ligand-Receptor,,cDC2|cDC1,0.63
CCL22_DPP4,simple:O00626,simple:P27487,CCL22,DPP4,Ligand-Receptor,Signaling by Chemokines,cDC2|cDC1,0.691
FCER2_integrin_aXb2_complex,simple:P06734,complex:integrin_aXb2_complex,FCER2,,Receptor-Receptor,Signaling by FC receptor,cDC2|cDC1,0.557
LTC4_byLTC4S_CYSLTR2,complex:LTC4_byLTC4S,simple:Q9NS75,,CYSLTR2,Ligand-Receptor,Signaling by Lipoxin/Leukotriene,cDC2|cDC2,0.642
TNFSF13_TNFRSF13B,simple:O75888,simple:O14836,TNFSF13,TNFRSF13B,Ligand-Receptor,Signaling by Tumor necrosis factor,cDC2|cDC2,0.581
PTPRC_MRC1,simple:P08575,simple:P22897,PTPRC,MRC1,Receptor-Receptor,,cDC2|cDC2,0.574
LipoxinA4_byALOX5_FPR2,complex:LipoxinA4_byALOX5,simple:P25090,,FPR2,Ligand-Receptor,Signaling by Lipoxin/Leukotriene,cDC2|cDC2,0.545
PROC_PROCR,simple:P04070,simple:Q9UNN8,PROC,PROCR,Ligand-Receptor,,cDC2|cDC2,0.612
TNFSF13_TNFRSF17,simple:O75888,simple:Q02223,TNFSF13,TNFRSF17,Ligand-Receptor,Signaling by Tumor necrosis factor,cDC2|cDC2,0.579
ProstaglandinE2_byPTGES2_PTGER3,complex:ProstaglandinE2_byPTGES2,simple:P43115,,PTGER3,Ligand-Receptor,Signaling by Prostaglandin,cDC2|cDC2,0.653
CCL20_CCR6,simple:P78556,simple:P51684,CCL20,CCR6,Ligand-Receptor,Signaling by Chemokines,cDC2|cDC2,0.606
ProstaglandinE2_byPTGES2_PTGER4,complex:ProstaglandinE2_byPTGES2,simple:P35408,,PTGER4,Ligand-Receptor,Signaling by Prostaglandin,cDC2|cDC2,0.615
TNFSF18_TNFRSF18,simple:Q9UNG2,simple:Q9Y5U5,TNFSF18,TNFRSF18,Ligand-Receptor,Signaling by Tumor necrosis factor,cDC2|cDC2,0.597
LAIR1_LILRB4,simple:Q6GTX8,simple:Q8NHJ6,LAIR1,LILRB4,Receptor-Receptor,,cDC2|cDC2,0.663
CD226_NECTIN2,simple:Q15762,simple:Q92692,CD226,NECTIN2,Adhesion-Adhesion,,cDC2|cDC2,0.614
HLA-G_LILRB1,simple:P17693,simple:Q8NHL6,HLA-G,LILRB1,Ligand-Receptor,Signaling by HLA,cDC2|cDC2,0.584
LeukotrieneC4_byLTC4S_CYSLTR2,complex:LeukotrieneC4_byLTC4S,simple:Q9NS75,,CYSLTR2,Ligand-Receptor,Signaling by Lipoxin/Leukotriene,cDC2|cDC2,0.642
AVP_AVPR1A,simple:P01185,simple:P37288,AVP,AVPR1A,Ligand-Receptor,Signaling by Vasopressin,cDC2|cDC2,0.515
CRLF2_TSLPR,simple:Q9HC73,complex:TSLPR,CRLF2,,Receptor-Receptor,,cDC2|cDC2,0.502
TNF_TNFRSF1B,simple:P01375,simple:P20333,TNF,TNFRSF1B,Ligand-Receptor,Signaling by Tumor necrosis factor,cDC2|cDC2,0.586
fibrinogen_integrin_aXb2_complex,complex:fibrinogen,complex:integrin_aXb2_complex,,,Ligand-Receptor,Adhesion by Fibribogen,cDC2|cDC2,0.532
ANXA1_FPR1,simple:P04083,simple:P21462,ANXA1,FPR1,Ligand-Receptor,Signaling by Annexin,cDC2|cDC2,0.623
ICAM1_integrin_aXb2_complex,simple:P05362,complex:integrin_aXb2_complex,ICAM1,,Ligand-Receptor,Adhesion by ICAM,cDC2|cDC2,0.635
PLAU_PLAUR,simple:P00749,simple:Q03405,PLAU,PLAUR,Ligand-Receptor,Signaling by Plasminogen Activator,cDC2|cDC2,0.647
ENTPD1_ADORA3,simple:P49961,simple:P0DMS8,ENTPD1,ADORA3,Ligand-Receptor,Signaling by Ectonucleoside,cDC2|cDC2,0.62
ANXA1_FPR3,simple:P04083,simple:P25089,ANXA1,FPR3,Ligand-Receptor,Signaling by Annexin,cDC2|cDC2,0.634
VEGFA_FLT1,simple:P15692,simple:P17948,VEGFA,FLT1,Ligand-Receptor,Signaling by Vascular endothelial growth factor,cDC2|cDC2,0.614
CTSG_FPR1,simple:P08311,simple:P21462,CTSG,FPR1,Ligand-Receptor,Signaling by Cathepsin,cDC2|cDC2,0.582
FCER2_integrin_aXb2_complex,simple:P06734,complex:integrin_aXb2_complex,FCER2,,Receptor-Receptor,Signaling by FC receptor,cDC2|cDC2,0.575
CCL19_CCR7,simple:Q99731,simple:P32248,CCL19,CCR7,Ligand-Receptor,Signaling by Chemokines,DC mature|T cell CD8 terminally exhausted,0.65
C10orf99_SUSD2,simple:Q6UWK7,simple:Q9UGT4,C10orf99,SUSD2,Ligand-Receptor,,DC mature|T cell CD8 terminally exhausted,0.654
ULBP1_NKG2D_II_receptor,simple:Q9BZM6,complex:NKG2D_II_receptor,ULBP1,,Ligand-Receptor,Signaling by Killer Cell Lectin Like Receptor K1,DC mature|T cell CD8 terminally exhausted,0.707
ULBP2_NKG2D_II_receptor,simple:Q9BZM5,complex:NKG2D_II_receptor,ULBP2,,Ligand-Receptor,Signaling by Killer Cell Lectin Like Receptor K1,DC mature|T cell CD8 terminally exhausted,0.626
LipoxinA4_byALOX12_FPR2,complex:LipoxinA4_byALOX12,simple:P25090,,FPR2,Ligand-Receptor,Signaling by Lipoxin/Leukotriene,DC mature|T cell CD8 terminally exhausted,0.642
CCL19_CCRL2,simple:Q99731,simple:O00421,CCL19,CCRL2,Ligand-Receptor,Signaling by Chemokines,DC mature|T cell CD8 terminally exhausted,0.652
PVR_TIGIT,simple:P15151,simple:Q495A1,PVR,TIGIT,Ligand-Receptor,Signaling by Poliovirus receptor,DC mature|T cell CD8 terminally exhausted,0.695
PVR_CD96,simple:P15151,simple:P40200,PVR,CD96,Ligand-Receptor,Signaling by Poliovirus receptor,DC mature|T cell CD8 terminally exhausted,0.689
CD200_CD200R1,simple:P41217,simple:Q8TD46,CD200,CD200R1,Ligand-Receptor,,DC mature|T cell CD8 terminally exhausted,0.735
SAA1_FPR2,simple:P0DJI8,simple:P25090,SAA1,FPR2,Ligand-Receptor,,DC mature|T cell CD8 terminally exhausted,0.598
ProstaglandinE2_byPTGES2_PTGER4,complex:ProstaglandinE2_byPTGES2,simple:P35408,,PTGER4,Ligand-Receptor,Signaling by Prostaglandin,DC mature|T cell CD8 terminally exhausted,0.669
TNFSF18_TNFRSF18,simple:Q9UNG2,simple:Q9Y5U5,TNFSF18,TNFRSF18,Ligand-Receptor,Signaling by Tumor necrosis factor,DC mature|T cell CD8 terminally exhausted,0.713
WNT5B_SFRP1,simple:Q9H1J7,simple:Q8N474,WNT5B,SFRP1,Ligand-Ligand,Signaling by WNT inhibition,DC mature|T cell CD8 terminally exhausted,0.647
WNT5B_SFRP2,simple:Q9H1J7,simple:Q96HF1,WNT5B,SFRP2,Ligand-Ligand,Signaling by WNT inhibition,DC mature|T cell CD8 terminally exhausted,0.651
CD70_CD27,simple:P32970,simple:P26842,CD70,CD27,Ligand-Receptor,,DC mature|T cell CD8 terminally exhausted,0.701
FGL1_LAG3,simple:Q08830,simple:P18627,FGL1,LAG3,Ligand-Receptor,Signaling by Fibroblast growth factor,DC mature|T cell CD8 terminally exhausted,0.578
PVR_CD226,simple:P15151,simple:Q15762,PVR,CD226,Ligand-Receptor,Signaling by Poliovirus receptor,DC mature|T cell CD8 terminally exhausted,0.657
NECTIN2_TIGIT,simple:Q92692,simple:Q495A1,NECTIN2,TIGIT,Ligand-Receptor,Signaling by Nectin,DC mature|T cell CD8 terminally exhausted,0.721
TNFSF9_TNFRSF9,simple:P41273,simple:Q07011,TNFSF9,TNFRSF9,Ligand-Receptor,Signaling by Tumor necrosis factor,DC mature|T cell CD8 terminally exhausted,0.601
CXCL9_CXCR3,simple:Q07325,simple:P49682,CXCL9,CXCR3,Ligand-Receptor,Signaling by Chemokines,DC mature|T cell CD8 terminally exhausted,0.736
CXCL10_CXCR3,simple:P02778,simple:P49682,CXCL10,CXCR3,Ligand-Receptor,Signaling by Chemokines,DC mature|T cell CD8 terminally exhausted,0.726
CRLF2_TSLPR,simple:Q9HC73,complex:TSLPR,CRLF2,,Receptor-Receptor,,DC mature|T cell CD8 terminally exhausted,0.641
CEACAM5_CD8A,simple:P06731,simple:P01732,CEACAM5,CD8A,Adhesion-Adhesion,Adhesion by CEAM,DC mature|T cell CD8 terminally exhausted,0.587
CXCL10_DPP4,simple:P02778,simple:P27487,CXCL10,DPP4,Ligand-Receptor,Signaling by Chemokines,DC mature|T cell CD8 terminally exhausted,0.634
CXCL11_CXCR3,simple:O14625,simple:P49682,CXCL11,CXCR3,Ligand-Receptor,Signaling by Chemokines,DC mature|T cell CD8 terminally exhausted,0.732
CXCL9_DPP4,simple:Q07325,simple:P27487,CXCL9,DPP4,Ligand-Receptor,Signaling by Chemokines,DC mature|T cell CD8 terminally exhausted,0.645
CXCL16_CXCR6,simple:Q9H2A7,simple:O00574,CXCL16,CXCR6,Ligand-Receptor,Signaling by Chemokines,DC mature|T cell CD8 terminally exhausted,0.689
CALCA_RAMP1_complex,simple:P01258,complex:RAMP1_complex,CALCA,,Ligand-Receptor,Signaling by Calcitonin,DC mature|T cell CD8 terminally exhausted,0.618
CXCL11_ACKR3,simple:O14625,simple:P25106,CXCL11,ACKR3,Ligand-Receptor,Signaling by Chemokines,DC mature|T cell CD8 terminally exhausted,0.639
CD86_CTLA4,simple:P42081,simple:P16410,CD86,CTLA4,Ligand-Receptor,,DC mature|T cell CD8 terminally exhausted,0.737
CXCL11_DPP4,simple:O14625,simple:P27487,CXCL11,DPP4,Ligand-Receptor,Signaling by Chemokines,DC mature|T cell CD8 terminally exhausted,0.641
SerotoninDopamin_byDDC_HTR3C,complex:SerotoninDopamin_byDDC,simple:Q8WXA8,,HTR3C,Ligand-Receptor,Signaling by Serotonin/Dopamine,DC mature|T cell CD8 terminally exhausted,0.524
WNT5B_SFRP5,simple:Q9H1J7,simple:Q5T4F7,WNT5B,SFRP5,Ligand-Ligand,Signaling by WNT inhibition,DC mature|T cell CD8 terminally exhausted,0.652
CCL22_DPP4,simple:O00626,simple:P27487,CCL22,DPP4,Ligand-Receptor,Signaling by Chemokines,DC mature|T cell CD8 terminally exhausted,0.658
CXCL5_CXCR1,simple:P42830,simple:P25024,CXCL5,CXCR1,Ligand-Receptor,Signaling by Chemokines,Macrophage alveolar|T cell CD8 terminally exhausted,0.597
ULBP2_NKG2D_II_receptor,simple:Q9BZM5,complex:NKG2D_II_receptor,ULBP2,,Ligand-Receptor,Signaling by Killer Cell Lectin Like Receptor K1,Macrophage alveolar|T cell CD8 terminally exhausted,0.591
MICA_NKG2D_II_receptor,simple:Q29983,complex:NKG2D_II_receptor,MICA,,Ligand-Receptor,,Macrophage alveolar|T cell CD8 terminally exhausted,0.636
TNFSF13_TNFRSF13B,simple:O75888,simple:O14836,TNFSF13,TNFRSF13B,Ligand-Receptor,Signaling by Tumor necrosis factor,Macrophage alveolar|T cell CD8 terminally exhausted,0.58
PVR_TIGIT,simple:P15151,simple:Q495A1,PVR,TIGIT,Ligand-Receptor,Signaling by Poliovirus receptor,Macrophage alveolar|T cell CD8 terminally exhausted,0.678
CXCL5_CXCR2,simple:P42830,simple:P25025,CXCL5,CXCR2,Ligand-Receptor,Signaling by Chemokines,Macrophage alveolar|T cell CD8 terminally exhausted,0.594
PVR_CD96,simple:P15151,simple:P40200,PVR,CD96,Ligand-Receptor,Signaling by Poliovirus receptor,Macrophage alveolar|T cell CD8 terminally exhausted,0.671
PF4_CXCR3,simple:P02776,simple:P49682,PF4,CXCR3,Ligand-Receptor,,Macrophage alveolar|T cell CD8 terminally exhausted,0.593
MICB_NKG2D_II_receptor,simple:Q29980,complex:NKG2D_II_receptor,MICB,,Ligand-Receptor,,Macrophage alveolar|T cell CD8 terminally exhausted,0.632
CCL23_CCR1,simple:P55773,simple:P32246,CCL23,CCR1,Ligand-Receptor,Signaling by Chemokines,Macrophage alveolar|T cell CD8 terminally exhausted,0.597
RAET1L_NKG2D_II_receptor,simple:Q5VY80,complex:NKG2D_II_receptor,RAET1L,,Ligand-Receptor,Signaling by Killer Cell Lectin Like Receptor K1,Macrophage alveolar|T cell CD8 terminally exhausted,0.584
CXCL3_CXCR2,simple:P19876,simple:P25025,CXCL3,CXCR2,Ligand-Receptor,Signaling by Chemokines,Macrophage alveolar|T cell CD8 terminally exhausted,0.585
FGL1_LAG3,simple:Q08830,simple:P18627,FGL1,LAG3,Ligand-Receptor,Signaling by Fibroblast growth factor,Macrophage alveolar|T cell CD8 terminally exhausted,0.623
PVR_CD226,simple:P15151,simple:Q15762,PVR,CD226,Ligand-Receptor,Signaling by Poliovirus receptor,Macrophage alveolar|T cell CD8 terminally exhausted,0.639
CEACAM5_CD8A,simple:P06731,simple:P01732,CEACAM5,CD8A,Adhesion-Adhesion,Adhesion by CEAM,Macrophage alveolar|T cell CD8 terminally exhausted,0.591
TNF_TNFRSF1B,simple:P01375,simple:P20333,TNF,TNFRSF1B,Ligand-Receptor,Signaling by Tumor necrosis factor,Macrophage alveolar|T cell CD8 terminally exhausted,0.599
CXCL16_CXCR6,simple:Q9H2A7,simple:O00574,CXCL16,CXCR6,Ligand-Receptor,Signaling by Chemokines,Macrophage alveolar|T cell CD8 terminally exhausted,0.68
CD86_CTLA4,simple:P42081,simple:P16410,CD86,CTLA4,Ligand-Receptor,,Macrophage alveolar|T cell CD8 terminally exhausted,0.652
CCL3_CCR1,simple:P10147,simple:P32246,CCL3,CCR1,Ligand-Receptor,Signaling by Chemokines,Monocyte classical|T cell CD8 terminally exhausted,0.578
ULBP1_NKG2D_II_receptor,simple:Q9BZM6,complex:NKG2D_II_receptor,ULBP1,,Ligand-Receptor,Signaling by Killer Cell Lectin Like Receptor K1,Monocyte classical|T cell CD8 terminally exhausted,0.64
CXCL8_CXCR2,simple:P10145,simple:P25025,CXCL8,CXCR2,Ligand-Receptor,Signaling by Chemokines,Monocyte classical|T cell CD8 terminally exhausted,0.56
PVR_TIGIT,simple:P15151,simple:Q495A1,PVR,TIGIT,Ligand-Receptor,Signaling by Poliovirus receptor,Monocyte classical|T cell CD8 terminally exhausted,0.591
CXCL8_CXCR1,simple:P10145,simple:P25024,CXCL8,CXCR1,Ligand-Receptor,Signaling by Chemokines,Monocyte classical|T cell CD8 terminally exhausted,0.563
HLA-E_KLRK1,simple:P13747,simple:P26718,HLA-E,KLRK1,Ligand-Receptor,Signaling by HLA,Monocyte classical|T cell CD8 terminally exhausted,0.567
RAET1L_NKG2D_II_receptor,simple:Q5VY80,complex:NKG2D_II_receptor,RAET1L,,Ligand-Receptor,Signaling by Killer Cell Lectin Like Receptor K1,Monocyte classical|T cell CD8 terminally exhausted,0.675
CXCL3_CXCR2,simple:P19876,simple:P25025,CXCL3,CXCR2,Ligand-Receptor,Signaling by Chemokines,Monocyte classical|T cell CD8 terminally exhausted,0.588
FGL1_LAG3,simple:Q08830,simple:P18627,FGL1,LAG3,Ligand-Receptor,Signaling by Fibroblast growth factor,Monocyte classical|T cell CD8 terminally exhausted,0.589
NECTIN2_TIGIT,simple:Q92692,simple:Q495A1,NECTIN2,TIGIT,Ligand-Receptor,Signaling by Nectin,Monocyte classical|T cell CD8 terminally exhausted,0.608
CXCL2_CXCR2,simple:P19875,simple:P25025,CXCL2,CXCR2,Ligand-Receptor,Signaling by Chemokines,Monocyte classical|T cell CD8 terminally exhausted,0.589
CXCL10_CXCR3,simple:P02778,simple:P49682,CXCL10,CXCR3,Ligand-Receptor,Signaling by Chemokines,Monocyte classical|T cell CD8 terminally exhausted,0.629
CEACAM5_CD8A,simple:P06731,simple:P01732,CEACAM5,CD8A,Adhesion-Adhesion,Adhesion by CEAM,Monocyte classical|T cell CD8 terminally exhausted,0.586
TNF_TNFRSF1B,simple:P01375,simple:P20333,TNF,TNFRSF1B,Ligand-Receptor,Signaling by Tumor necrosis factor,Monocyte classical|T cell CD8 terminally exhausted,0.568
CXCL11_CXCR3,simple:O14625,simple:P49682,CXCL11,CXCR3,Ligand-Receptor,Signaling by Chemokines,Monocyte classical|T cell CD8 terminally exhausted,0.645
CXCL16_CXCR6,simple:Q9H2A7,simple:O00574,CXCL16,CXCR6,Ligand-Receptor,Signaling by Chemokines,Monocyte classical|T cell CD8 terminally exhausted,0.658
CD86_CTLA4,simple:P42081,simple:P16410,CD86,CTLA4,Ligand-Receptor,,Monocyte classical|T cell CD8 terminally exhausted,0.673
EREG_ERBB4,simple:O14944,simple:Q15303,EREG,ERBB4,Ligand-Receptor,Signaling by Epidermal growth factor,Monocyte classical|T cell CD8 terminally exhausted,0.597
LCK_CD8_receptor,simple:P06239,complex:CD8_receptor,LCK,,Receptor-Receptor,,T cell CD4 dividing|T cell CD8 terminally exhausted,0.717
CALCB_RAMP1_complex,simple:P10092,complex:RAMP1_complex,CALCB,,Ligand-Receptor,Signaling by Calcitonin,T cell CD4 dividing|T cell CD8 terminally exhausted,0.612
LTA_TNFRSF1B,simple:P01374,simple:P20333,LTA,TNFRSF1B,Ligand-Receptor,Signaling by Tumor necrosis factor,T cell CD4 dividing|T cell CD8 terminally exhausted,0.669
ULBP1_NKG2D_II_receptor,simple:Q9BZM6,complex:NKG2D_II_receptor,ULBP1,,Ligand-Receptor,Signaling by Killer Cell Lectin Like Receptor K1,T cell CD4 dividing|T cell CD8 terminally exhausted,0.669
ULBP2_NKG2D_II_receptor,simple:Q9BZM5,complex:NKG2D_II_receptor,ULBP2,,Ligand-Receptor,Signaling by Killer Cell Lectin Like Receptor K1,T cell CD4 dividing|T cell CD8 terminally exhausted,0.623
MICA_NKG2D_II_receptor,simple:Q29983,complex:NKG2D_II_receptor,MICA,,Ligand-Receptor,,T cell CD4 dividing|T cell CD8 terminally exhausted,0.624
HLA-E_CD94:NKG2E,simple:P13747,complex:CD94:NKG2E,HLA-E,,Ligand-Receptor,Signaling by HLA,T cell CD4 dividing|T cell CD8 terminally exhausted,0.577
HLA-E_CD94:NKG2A,simple:P13747,complex:CD94:NKG2A,HLA-E,,Ligand-Receptor,Signaling by HLA,T cell CD4 dividing|T cell CD8 terminally exhausted,0.572
CD200_CD200R1,simple:P41217,simple:Q8TD46,CD200,CD200R1,Ligand-Receptor,,T cell CD4 dividing|T cell CD8 terminally exhausted,0.676
HLA-E_KLRK1,simple:P13747,simple:P26718,HLA-E,KLRK1,Ligand-Receptor,Signaling by HLA,T cell CD4 dividing|T cell CD8 terminally exhausted,0.586
MICB_NKG2D_II_receptor,simple:Q29980,complex:NKG2D_II_receptor,MICB,,Ligand-Receptor,,T cell CD4 dividing|T cell CD8 terminally exhausted,0.717
RAET1L_NKG2D_II_receptor,simple:Q5VY80,complex:NKG2D_II_receptor,RAET1L,,Ligand-Receptor,Signaling by Killer Cell Lectin Like Receptor K1,T cell CD4 dividing|T cell CD8 terminally exhausted,0.712
HLA-E_CD94:NKG2C,simple:P13747,complex:CD94:NKG2C,HLA-E,,Ligand-Receptor,Signaling by HLA,T cell CD4 dividing|T cell CD8 terminally exhausted,0.576
CD70_CD27,simple:P32970,simple:P26842,CD70,CD27,Ligand-Receptor,,T cell CD4 dividing|T cell CD8 terminally exhausted,0.722
IL4_IL4_receptor,simple:P05112,complex:IL4_receptor,IL4,,Ligand-Receptor,Signaling by Interleukin,T cell CD4 dividing|T cell CD8 terminally exhausted,0.529
FGL1_LAG3,simple:Q08830,simple:P18627,FGL1,LAG3,Ligand-Receptor,Signaling by Fibroblast growth factor,T cell CD4 dividing|T cell CD8 terminally exhausted,0.654
CXCL13_CXCR5,simple:O43927,simple:P32302,CXCL13,CXCR5,Ligand-Receptor,Signaling by Chemokines,T cell CD4 dividing|T cell CD8 terminally exhausted,0.589
CD320_JAML,simple:Q9NPF0,simple:Q86YT9,CD320,JAML,Ligand-Receptor,,T cell CD4 dividing|T cell CD8 terminally exhausted,0.669
IL13_IL13RA2,simple:P35225,simple:Q14627,IL13,IL13RA2,Ligand-Receptor,Signaling by Interleukin,T cell CD4 dividing|T cell CD8 terminally exhausted,0.617
IL21_IL21_receptor,simple:Q9HBE4,complex:IL21_receptor,IL21,,Ligand-Receptor,Signaling by Interleukin,T cell CD4 dividing|T cell CD8 terminally exhausted,0.7
CEACAM5_CD8A,simple:P06731,simple:P01732,CEACAM5,CD8A,Adhesion-Adhesion,Adhesion by CEAM,T cell CD4 dividing|T cell CD8 terminally exhausted,0.594
TNF_TNFRSF1B,simple:P01375,simple:P20333,TNF,TNFRSF1B,Ligand-Receptor,Signaling by Tumor necrosis factor,T cell CD4 dividing|T cell CD8 terminally exhausted,0.584
CALCA_RAMP1_complex,simple:P01258,complex:RAMP1_complex,CALCA,,Ligand-Receptor,Signaling by Calcitonin,T cell CD4 dividing|T cell CD8 terminally exhausted,0.56
CD177_PECAM1,simple:Q8N6Q3,simple:P16284,CD177,PECAM1,Ligand-Receptor,,T cell CD4 dividing|T cell CD8 terminally exhausted,0.614
XCL2_XCR1,simple:Q9UBD3,simple:P46094,XCL2,XCR1,Ligand-Receptor,Signaling by Lymphotactin,T cell CD8 dividing|T cell CD8 terminally exhausted,0.615
LCK_CD8_receptor,simple:P06239,complex:CD8_receptor,LCK,,Receptor-Receptor,,T cell CD8 dividing|T cell CD8 terminally exhausted,0.716
CCL5_CCR1,simple:P13501,simple:P32246,CCL5,CCR1,Ligand-Receptor,Signaling by Chemokines,T cell CD8 dividing|T cell CD8 terminally exhausted,0.616
CALCB_RAMP1_complex,simple:P10092,complex:RAMP1_complex,CALCB,,Ligand-Receptor,Signaling by Calcitonin,T cell CD8 dividing|T cell CD8 terminally exhausted,0.593
CCL3_CCR1,simple:P10147,simple:P32246,CCL3,CCR1,Ligand-Receptor,Signaling by Chemokines,T cell CD8 dividing|T cell CD8 terminally exhausted,0.617
ULBP1_NKG2D_II_receptor,simple:Q9BZM6,complex:NKG2D_II_receptor,ULBP1,,Ligand-Receptor,Signaling by Killer Cell Lectin Like Receptor K1,T cell CD8 dividing|T cell CD8 terminally exhausted,0.655
HLA-E_KLRC1,simple:P13747,simple:P26715,HLA-E,KLRC1,Ligand-Receptor,Signaling by HLA,T cell CD8 dividing|T cell CD8 terminally exhausted,0.606
ULBP2_NKG2D_II_receptor,simple:Q9BZM5,complex:NKG2D_II_receptor,ULBP2,,Ligand-Receptor,Signaling by Killer Cell Lectin Like Receptor K1,T cell CD8 dividing|T cell CD8 terminally exhausted,0.586
MICA_NKG2D_II_receptor,simple:Q29983,complex:NKG2D_II_receptor,MICA,,Ligand-Receptor,,T cell CD8 dividing|T cell CD8 terminally exhausted,0.623
HLA-C_KIR2DL3,simple:HLAC,simple:P43628,HLA-C,KIR2DL3,Ligand-Receptor,Signaling by HLA,T cell CD8 dividing|T cell CD8 terminally exhausted,0.58
HLA-E_CD94:NKG2E,simple:P13747,complex:CD94:NKG2E,HLA-E,,Ligand-Receptor,Signaling by HLA,T cell CD8 dividing|T cell CD8 terminally exhausted,0.61
HLA-E_CD94:NKG2A,simple:P13747,complex:CD94:NKG2A,HLA-E,,Ligand-Receptor,Signaling by HLA,T cell CD8 dividing|T cell CD8 terminally exhausted,0.606
HLA-E_KLRK1,simple:P13747,simple:P26718,HLA-E,KLRK1,Ligand-Receptor,Signaling by HLA,T cell CD8 dividing|T cell CD8 terminally exhausted,0.619
HLA-E_KLRC2,simple:P13747,simple:P26717,HLA-E,KLRC2,Ligand-Receptor,Signaling by HLA,T cell CD8 dividing|T cell CD8 terminally exhausted,0.61
MICB_NKG2D_II_receptor,simple:Q29980,complex:NKG2D_II_receptor,MICB,,Ligand-Receptor,,T cell CD8 dividing|T cell CD8 terminally exhausted,0.713
TNFSF18_TNFRSF18,simple:Q9UNG2,simple:Q9Y5U5,TNFSF18,TNFRSF18,Ligand-Receptor,Signaling by Tumor necrosis factor,T cell CD8 dividing|T cell CD8 terminally exhausted,0.577
HLA-E_CD94:NKG2C,simple:P13747,complex:CD94:NKG2C,HLA-E,,Ligand-Receptor,Signaling by HLA,T cell CD8 dividing|T cell CD8 terminally exhausted,0.61
CD70_CD27,simple:P32970,simple:P26842,CD70,CD27,Ligand-Receptor,,T cell CD8 dividing|T cell CD8 terminally exhausted,0.723
CCL5_ACKR1,simple:P13501,simple:Q16570,CCL5,ACKR1,Ligand-Receptor,Signaling by Chemokines,T cell CD8 dividing|T cell CD8 terminally exhausted,0.611
FGL1_LAG3,simple:Q08830,simple:P18627,FGL1,LAG3,Ligand-Receptor,Signaling by Fibroblast growth factor,T cell CD8 dividing|T cell CD8 terminally exhausted,0.595
TNFSF9_TNFRSF9,simple:P41273,simple:Q07011,TNFSF9,TNFRSF9,Ligand-Receptor,Signaling by Tumor necrosis factor,T cell CD8 dividing|T cell CD8 terminally exhausted,0.659
CXCL13_CXCR5,simple:O43927,simple:P32302,CXCL13,CXCR5,Ligand-Receptor,Signaling by Chemokines,T cell CD8 dividing|T cell CD8 terminally exhausted,0.638
CD320_JAML,simple:Q9NPF0,simple:Q86YT9,CD320,JAML,Ligand-Receptor,,T cell CD8 dividing|T cell CD8 terminally exhausted,0.642
IL13_IL13RA2,simple:P35225,simple:Q14627,IL13,IL13RA2,Ligand-Receptor,Signaling by Interleukin,T cell CD8 dividing|T cell CD8 terminally exhausted,0.62
IL21_IL21_receptor,simple:Q9HBE4,complex:IL21_receptor,IL21,,Ligand-Receptor,Signaling by Interleukin,T cell CD8 dividing|T cell CD8 terminally exhausted,0.567
CEACAM5_CD8A,simple:P06731,simple:P01732,CEACAM5,CD8A,Adhesion-Adhesion,Adhesion by CEAM,T cell CD8 dividing|T cell CD8 terminally exhausted,0.582
ENTPD1_ADORA3,simple:P49961,simple:P0DMS8,ENTPD1,ADORA3,Ligand-Receptor,Signaling by Ectonucleoside,T cell CD8 dividing|T cell CD8 terminally exhausted,0.586
XCL1_XCR1,simple:P47992,simple:P46094,XCL1,XCR1,Ligand-Receptor,Signaling by Lymphotactin,T cell CD8 dividing|T cell CD8 terminally exhausted,0.617
CCL19_CCR7,simple:Q99731,simple:P32248,CCL19,CCR7,Ligand-Receptor,Signaling by Chemokines,T cell CD8 terminally exhausted|DC mature,0.655
CCL21_CCR7,simple:O00585,simple:P32248,CCL21,CCR7,Ligand-Receptor,Signaling by Chemokines,T cell CD8 terminally exhausted|DC mature,0.656
CCL20_CCR6,simple:P78556,simple:P51684,CCL20,CCR6,Ligand-Receptor,Signaling by Chemokines,T cell CD8 terminally exhausted|DC mature,0.615
Prostacyclin_byPTGIS_PTGIR,complex:Prostacyclin_byPTGIS,simple:P43119,,PTGIR,Ligand-Receptor,,T cell CD8 terminally exhausted|DC mature,0.641
IL4_IL4_receptor,simple:P05112,complex:IL4_receptor,IL4,,Ligand-Receptor,Signaling by Interleukin,T cell CD8 terminally exhausted|DC mature,0.546
CD226_NECTIN2,simple:Q15762,simple:Q92692,CD226,NECTIN2,Adhesion-Adhesion,,T cell CD8 terminally exhausted|DC mature,0.683
TNFSF9_TNFRSF9,simple:P41273,simple:Q07011,TNFSF9,TNFRSF9,Ligand-Receptor,Signaling by Tumor necrosis factor,T cell CD8 terminally exhausted|DC mature,0.678
CXCL13_CXCR5,simple:O43927,simple:P32302,CXCL13,CXCR5,Ligand-Receptor,Signaling by Chemokines,T cell CD8 terminally exhausted|DC mature,0.589
TSLP_TSLPR,simple:Q969D9,complex:TSLPR,TSLP,,Ligand-Receptor,,T cell CD8 terminally exhausted|DC mature,0.599
CRLF2_TSLPR,simple:Q9HC73,complex:TSLPR,CRLF2,,Receptor-Receptor,,T cell CD8 terminally exhausted|DC mature,0.61
IL21_IL21_receptor,simple:Q9HBE4,complex:IL21_receptor,IL21,,Ligand-Receptor,Signaling by Interleukin,T cell CD8 terminally exhausted|DC mature,0.58
CD40LG_CD40,simple:P29965,simple:P25942,CD40LG,CD40,Ligand-Receptor,,T cell CD8 terminally exhausted|DC mature,0.64
TNFSF10_TNFRSF11B,simple:P50591,simple:O00300,TNFSF10,TNFRSF11B,Ligand-Receptor,Signaling by Tumor necrosis factor,T cell CD8 terminally exhausted|DC mature,0.685
DHEAsulfate_bySULT1E1_PPARG,complex:DHEAsulfate_bySULT1E1,simple:P37231,,PPARG,Ligand-Receptor,Signaling by Dehydroepiandrosterone,T cell CD8 terminally exhausted|Macrophage alveolar,0.59
CCL5_CCR1,simple:P13501,simple:P32246,CCL5,CCR1,Ligand-Receptor,Signaling by Chemokines,T cell CD8 terminally exhausted|Macrophage alveolar,0.67
CCL3_CCR1,simple:P10147,simple:P32246,CCL3,CCR1,Ligand-Receptor,Signaling by Chemokines,T cell CD8 terminally exhausted|Macrophage alveolar,0.655
PTPRC_MRC1,simple:P08575,simple:P22897,PTPRC,MRC1,Receptor-Receptor,,T cell CD8 terminally exhausted|Macrophage alveolar,0.662
LipoxinA4_byALOX5_FPR2,complex:LipoxinA4_byALOX5,simple:P25090,,FPR2,Ligand-Receptor,Signaling by Lipoxin/Leukotriene,T cell CD8 terminally exhausted|Macrophage alveolar,0.508
PTPRC_CD22,simple:P08575,simple:P20273,PTPRC,CD22,Receptor-Receptor,,T cell CD8 terminally exhausted|Macrophage alveolar,0.565
CSF1_CSF1R,simple:P09603,simple:P07333,CSF1,CSF1R,Ligand-Receptor,Signaling by Colony-Stimulating factor,T cell CD8 terminally exhausted|Macrophage alveolar,0.601
HLA-G_LILRB1,simple:P17693,simple:Q8NHL6,HLA-G,LILRB1,Ligand-Receptor,Signaling by HLA,T cell CD8 terminally exhausted|Macrophage alveolar,0.608
APOE_TREM2_receptor,simple:P02649,complex:TREM2_receptor,APOE,,Ligand-Receptor,Signaling by Apolipoprotein,T cell CD8 terminally exhausted|Macrophage alveolar,0.559
CXCL13_CXCR5,simple:O43927,simple:P32302,CXCL13,CXCR5,Ligand-Receptor,Signaling by Chemokines,T cell CD8 terminally exhausted|Macrophage alveolar,0.592
HLA-G_LILRB2,simple:P17693,simple:Q8N423,HLA-G,LILRB2,Ligand-Receptor,Signaling by HLA,T cell CD8 terminally exhausted|Macrophage alveolar,0.569
CD99_PILRA,simple:P14209,simple:Q9UKJ1,CD99,PILRA,Ligand-Receptor,,T cell CD8 terminally exhausted|Macrophage alveolar,0.635
CEACAM1_CEACAM8,simple:P13688,simple:P31997,CEACAM1,CEACAM8,Adhesion-Adhesion,Adhesion by CEAM,T cell CD8 terminally exhausted|Macrophage alveolar,0.584
CCL5_CCR1,simple:P13501,simple:P32246,CCL5,CCR1,Ligand-Receptor,Signaling by Chemokines,T cell CD8 terminally exhausted|Monocyte classical,0.678
CCL3_CCR1,simple:P10147,simple:P32246,CCL3,CCR1,Ligand-Receptor,Signaling by Chemokines,T cell CD8 terminally exhausted|Monocyte classical,0.663
LTA_TNFRSF1B,simple:P01374,simple:P20333,LTA,TNFRSF1B,Ligand-Receptor,Signaling by Tumor necrosis factor,T cell CD8 terminally exhausted|Monocyte classical,0.624
PTPRC_MRC1,simple:P08575,simple:P22897,PTPRC,MRC1,Receptor-Receptor,,T cell CD8 terminally exhausted|Monocyte classical,0.599
LipoxinA4_byALOX5_FPR2,complex:LipoxinA4_byALOX5,simple:P25090,,FPR2,Ligand-Receptor,Signaling by Lipoxin/Leukotriene,T cell CD8 terminally exhausted|Monocyte classical,0.544
SAA1_FPR2,simple:P0DJI8,simple:P25090,SAA1,FPR2,Ligand-Receptor,,T cell CD8 terminally exhausted|Monocyte classical,0.604
CSF1_CSF1R,simple:P09603,simple:P07333,CSF1,CSF1R,Ligand-Receptor,Signaling by Colony-Stimulating factor,T cell CD8 terminally exhausted|Monocyte classical,0.646
HLA-G_LILRB1,simple:P17693,simple:Q8NHL6,HLA-G,LILRB1,Ligand-Receptor,Signaling by HLA,T cell CD8 terminally exhausted|Monocyte classical,0.631
LeukotrieneC4_byLTC4S_CYSLTR2,complex:LeukotrieneC4_byLTC4S,simple:Q9NS75,,CYSLTR2,Ligand-Receptor,Signaling by Lipoxin/Leukotriene,T cell CD8 terminally exhausted|Monocyte classical,0.548
CXCL13_CXCR5,simple:O43927,simple:P32302,CXCL13,CXCR5,Ligand-Receptor,Signaling by Chemokines,T cell CD8 terminally exhausted|Monocyte classical,0.593
HLA-G_LILRB2,simple:P17693,simple:Q8N423,HLA-G,LILRB2,Ligand-Receptor,Signaling by HLA,T cell CD8 terminally exhausted|Monocyte classical,0.641
CD99_PILRA,simple:P14209,simple:Q9UKJ1,CD99,PILRA,Ligand-Receptor,,T cell CD8 terminally exhausted|Monocyte classical,0.639
fibrinogen_integrin_aXb2_complex,complex:fibrinogen,complex:integrin_aXb2_complex,,,Ligand-Receptor,Adhesion by Fibribogen,T cell CD8 terminally exhausted|Monocyte classical,0.562
CD52_SIGLEC10,simple:P31358,simple:Q96LC7,CD52,SIGLEC10,Ligand-Receptor,,T cell CD8 terminally exhausted|Monocyte classical,0.666
CTSG_FPR1,simple:P08311,simple:P21462,CTSG,FPR1,Ligand-Receptor,Signaling by Cathepsin,T cell CD8 terminally exhausted|Monocyte classical,0.591
FCER2_integrin_aXb2_complex,simple:P06734,complex:integrin_aXb2_complex,FCER2,,Receptor-Receptor,Signaling by FC receptor,T cell CD8 terminally exhausted|Monocyte classical,0.561
LCK_CD8_receptor,simple:P06239,complex:CD8_receptor,LCK,,Receptor-Receptor,,T cell CD8 terminally exhausted|T cell CD4 dividing,0.582
LTA_TNFRSF1B,simple:P01374,simple:P20333,LTA,TNFRSF1B,Ligand-Receptor,Signaling by Tumor necrosis factor,T cell CD8 terminally exhausted|T cell CD4 dividing,0.638
PVR_TIGIT,simple:P15151,simple:Q495A1,PVR,TIGIT,Ligand-Receptor,Signaling by Poliovirus receptor,T cell CD8 terminally exhausted|T cell CD4 dividing,0.599
CCL20_CCR6,simple:P78556,simple:P51684,CCL20,CCR6,Ligand-Receptor,Signaling by Chemokines,T cell CD8 terminally exhausted|T cell CD4 dividing,0.613
TNFSF18_TNFRSF18,simple:Q9UNG2,simple:Q9Y5U5,TNFSF18,TNFRSF18,Ligand-Receptor,Signaling by Tumor necrosis factor,T cell CD8 terminally exhausted|T cell CD4 dividing,0.632
CD70_CD27,simple:P32970,simple:P26842,CD70,CD27,Ligand-Receptor,,T cell CD8 terminally exhausted|T cell CD4 dividing,0.692
IL4_IL4_receptor,simple:P05112,complex:IL4_receptor,IL4,,Ligand-Receptor,Signaling by Interleukin,T cell CD8 terminally exhausted|T cell CD4 dividing,0.542
TNFSF9_TNFRSF9,simple:P41273,simple:Q07011,TNFSF9,TNFRSF9,Ligand-Receptor,Signaling by Tumor necrosis factor,T cell CD8 terminally exhausted|T cell CD4 dividing,0.664
CXCL13_CXCR5,simple:O43927,simple:P32302,CXCL13,CXCR5,Ligand-Receptor,Signaling by Chemokines,T cell CD8 terminally exhausted|T cell CD4 dividing,0.615
CRLF2_TSLPR,simple:Q9HC73,complex:TSLPR,CRLF2,,Receptor-Receptor,,T cell CD8 terminally exhausted|T cell CD4 dividing,0.489
IL21_IL21_receptor,simple:Q9HBE4,complex:IL21_receptor,IL21,,Ligand-Receptor,Signaling by Interleukin,T cell CD8 terminally exhausted|T cell CD4 dividing,0.609
CD86_CTLA4,simple:P42081,simple:P16410,CD86,CTLA4,Ligand-Receptor,,T cell CD8 terminally exhausted|T cell CD4 dividing,0.615
LCK_CD8_receptor,simple:P06239,complex:CD8_receptor,LCK,,Receptor-Receptor,,T cell CD8 terminally exhausted|T cell CD8 dividing,0.719
CCL5_CCR1,simple:P13501,simple:P32246,CCL5,CCR1,Ligand-Receptor,Signaling by Chemokines,T cell CD8 terminally exhausted|T cell CD8 dividing,0.643
CCL3_CCR1,simple:P10147,simple:P32246,CCL3,CCR1,Ligand-Receptor,Signaling by Chemokines,T cell CD8 terminally exhausted|T cell CD8 dividing,0.628
LTA_TNFRSF1B,simple:P01374,simple:P20333,LTA,TNFRSF1B,Ligand-Receptor,Signaling by Tumor necrosis factor,T cell CD8 terminally exhausted|T cell CD8 dividing,0.603
HLA-E_KLRC1,simple:P13747,simple:P26715,HLA-E,KLRC1,Ligand-Receptor,Signaling by HLA,T cell CD8 terminally exhausted|T cell CD8 dividing,0.666
ULBP2_NKG2D_II_receptor,simple:Q9BZM5,complex:NKG2D_II_receptor,ULBP2,,Ligand-Receptor,Signaling by Killer Cell Lectin Like Receptor K1,T cell CD8 terminally exhausted|T cell CD8 dividing,0.588
PVR_TIGIT,simple:P15151,simple:Q495A1,PVR,TIGIT,Ligand-Receptor,Signaling by Poliovirus receptor,T cell CD8 terminally exhausted|T cell CD8 dividing,0.598
HLA-C_KIR2DL3,simple:HLAC,simple:P43628,HLA-C,KIR2DL3,Ligand-Receptor,Signaling by HLA,T cell CD8 terminally exhausted|T cell CD8 dividing,0.585
HLA-E_CD94:NKG2E,simple:P13747,complex:CD94:NKG2E,HLA-E,,Ligand-Receptor,Signaling by HLA,T cell CD8 terminally exhausted|T cell CD8 dividing,0.635
HLA-E_CD94:NKG2A,simple:P13747,complex:CD94:NKG2A,HLA-E,,Ligand-Receptor,Signaling by HLA,T cell CD8 terminally exhausted|T cell CD8 dividing,0.635
CD200_CD200R1,simple:P41217,simple:Q8TD46,CD200,CD200R1,Ligand-Receptor,,T cell CD8 terminally exhausted|T cell CD8 dividing,0.627
PF4_CXCR3,simple:P02776,simple:P49682,PF4,CXCR3,Ligand-Receptor,,T cell CD8 terminally exhausted|T cell CD8 dividing,0.598
HLA-E_KLRK1,simple:P13747,simple:P26718,HLA-E,KLRK1,Ligand-Receptor,Signaling by HLA,T cell CD8 terminally exhausted|T cell CD8 dividing,0.678
HLA-E_KLRC2,simple:P13747,simple:P26717,HLA-E,KLRC2,Ligand-Receptor,Signaling by HLA,T cell CD8 terminally exhausted|T cell CD8 dividing,0.678
HLA-E_CD94:NKG2C,simple:P13747,complex:CD94:NKG2C,HLA-E,,Ligand-Receptor,Signaling by HLA,T cell CD8 terminally exhausted|T cell CD8 dividing,0.635
CD70_CD27,simple:P32970,simple:P26842,CD70,CD27,Ligand-Receptor,,T cell CD8 terminally exhausted|T cell CD8 dividing,0.694
FGL1_LAG3,simple:Q08830,simple:P18627,FGL1,LAG3,Ligand-Receptor,Signaling by Fibroblast growth factor,T cell CD8 terminally exhausted|T cell CD8 dividing,0.629
TNFSF9_TNFRSF9,simple:P41273,simple:Q07011,TNFSF9,TNFRSF9,Ligand-Receptor,Signaling by Tumor necrosis factor,T cell CD8 terminally exhausted|T cell CD8 dividing,0.664
CXCL13_CXCR5,simple:O43927,simple:P32302,CXCL13,CXCR5,Ligand-Receptor,Signaling by Chemokines,T cell CD8 terminally exhausted|T cell CD8 dividing,0.597
CXCL10_CXCR3,simple:P02778,simple:P49682,CXCL10,CXCR3,Ligand-Receptor,Signaling by Chemokines,T cell CD8 terminally exhausted|T cell CD8 dividing,0.602
IL13_IL13RA2,simple:P35225,simple:Q14627,IL13,IL13RA2,Ligand-Receptor,Signaling by Interleukin,T cell CD8 terminally exhausted|T cell CD8 dividing,0.534
IL21_IL21_receptor,simple:Q9HBE4,complex:IL21_receptor,IL21,,Ligand-Receptor,Signaling by Interleukin,T cell CD8 terminally exhausted|T cell CD8 dividing,0.603
CEACAM5_CD8A,simple:P06731,simple:P01732,CEACAM5,CD8A,Adhesion-Adhesion,Adhesion by CEAM,T cell CD8 terminally exhausted|T cell CD8 dividing,0.623
LCK_CD8_receptor,simple:P06239,complex:CD8_receptor,LCK,,Receptor-Receptor,,T cell CD8 terminally exhausted|T cell CD8 terminally exhausted,0.678
CCL5_CCR1,simple:P13501,simple:P32246,CCL5,CCR1,Ligand-Receptor,Signaling by Chemokines,T cell CD8 terminally exhausted|T cell CD8 terminally exhausted,0.591
LTA_TNFRSF1B,simple:P01374,simple:P20333,LTA,TNFRSF1B,Ligand-Receptor,Signaling by Tumor necrosis factor,T cell CD8 terminally exhausted|T cell CD8 terminally exhausted,0.57
RAET1L_NKG2D_II_receptor,simple:Q5VY80,complex:NKG2D_II_receptor,RAET1L,,Ligand-Receptor,Signaling by Killer Cell Lectin Like Receptor K1,T cell CD8 terminally exhausted|T cell CD8 terminally exhausted,0.568
CD70_CD27,simple:P32970,simple:P26842,CD70,CD27,Ligand-Receptor,,T cell CD8 terminally exhausted|T cell CD8 terminally exhausted,0.668
CCL5_ACKR1,simple:P13501,simple:Q16570,CCL5,ACKR1,Ligand-Receptor,Signaling by Chemokines,T cell CD8 terminally exhausted|T cell CD8 terminally exhausted,0.586
FGL1_LAG3,simple:Q08830,simple:P18627,FGL1,LAG3,Ligand-Receptor,Signaling by Fibroblast growth factor,T cell CD8 terminally exhausted|T cell CD8 terminally exhausted,0.586
TNFSF9_TNFRSF9,simple:P41273,simple:Q07011,TNFSF9,TNFRSF9,Ligand-Receptor,Signaling by Tumor necrosis factor,T cell CD8 terminally exhausted|T cell CD8 terminally exhausted,0.63
CXCL13_CXCR5,simple:O43927,simple:P32302,CXCL13,CXCR5,Ligand-Receptor,Signaling by Chemokines,T cell CD8 terminally exhausted|T cell CD8 terminally exhausted,0.593
IL21_IL21_receptor,simple:Q9HBE4,complex:IL21_receptor,IL21,,Ligand-Receptor,Signaling by Interleukin,T cell CD8 terminally exhausted|T cell CD8 terminally exhausted,0.557
CEACAM5_CD8A,simple:P06731,simple:P01732,CEACAM5,CD8A,Adhesion-Adhesion,Adhesion by CEAM,T cell CD8 terminally exhausted|T cell CD8 terminally exhausted,0.583
LCK_CD8_receptor,simple:P06239,complex:CD8_receptor,LCK,,Receptor-Receptor,,T cell CD8 terminally exhausted|T cell NK-like,0.687
HLA-C_KIR2DL3,simple:HLAC,simple:P43628,HLA-C,KIR2DL3,Ligand-Receptor,Signaling by HLA,T cell CD8 terminally exhausted|T cell NK-like,0.616
HLA-E_CD94:NKG2E,simple:P13747,complex:CD94:NKG2E,HLA-E,,Ligand-Receptor,Signaling by HLA,T cell CD8 terminally exhausted|T cell NK-like,0.606
HLA-E_KLRK1,simple:P13747,simple:P26718,HLA-E,KLRK1,Ligand-Receptor,Signaling by HLA,T cell CD8 terminally exhausted|T cell NK-like,0.641
HLA-E_KLRC2,simple:P13747,simple:P26717,HLA-E,KLRC2,Ligand-Receptor,Signaling by HLA,T cell CD8 terminally exhausted|T cell NK-like,0.635
RAET1L_NKG2D_II_receptor,simple:Q5VY80,complex:NKG2D_II_receptor,RAET1L,,Ligand-Receptor,Signaling by Killer Cell Lectin Like Receptor K1,T cell CD8 terminally exhausted|T cell NK-like,0.571
HLA-E_CD94:NKG2C,simple:P13747,complex:CD94:NKG2C,HLA-E,,Ligand-Receptor,Signaling by HLA,T cell CD8 terminally exhausted|T cell NK-like,0.635
CXCL13_CXCR5,simple:O43927,simple:P32302,CXCL13,CXCR5,Ligand-Receptor,Signaling by Chemokines,T cell CD8 terminally exhausted|T cell NK-like,0.597
CEACAM5_CD8A,simple:P06731,simple:P01732,CEACAM5,CD8A,Adhesion-Adhesion,Adhesion by CEAM,T cell CD8 terminally exhausted|T cell NK-like,0.591
LCK_CD8_receptor,simple:P06239,complex:CD8_receptor,LCK,,Receptor-Receptor,,T cell CD8 terminally exhausted|Tumor Tumor ImmunoSup,0.57
CRTAM_CADM1,simple:O95727,simple:Q9BY67,CRTAM,CADM1,Adhesion-Adhesion,,T cell CD8 terminally exhausted|Tumor Tumor ImmunoSup,0.627
CXCL13_CXCR5,simple:O43927,simple:P32302,CXCL13,CXCR5,Ligand-Receptor,Signaling by Chemokines,T cell CD8 terminally exhausted|Tumor Tumor ImmunoSup,0.601
IL13_IL13RA2,simple:P35225,simple:Q14627,IL13,IL13RA2,Ligand-Receptor,Signaling by Interleukin,T cell CD8 terminally exhausted|Tumor Tumor ImmunoSup,0.546
XCL2_XCR1,simple:Q9UBD3,simple:P46094,XCL2,XCR1,Ligand-Receptor,Signaling by Lymphotactin,T cell CD8 terminally exhausted|cDC1,0.747
Histamine_byHDC_HRH2,complex:Histamine_byHDC,simple:P25021,,HRH2,Ligand-Receptor,Signaling by Histamine,T cell CD8 terminally exhausted|cDC1,0.612
CRTAM_CADM1,simple:O95727,simple:Q9BY67,CRTAM,CADM1,Adhesion-Adhesion,,T cell CD8 terminally exhausted|cDC1,0.753
CD200_CD200R1,simple:P41217,simple:Q8TD46,CD200,CD200R1,Ligand-Receptor,,T cell CD8 terminally exhausted|cDC1,0.621
CCL20_CCR6,simple:P78556,simple:P51684,CCL20,CCR6,Ligand-Receptor,Signaling by Chemokines,T cell CD8 terminally exhausted|cDC1,0.608
PVR_CD226,simple:P15151,simple:Q15762,PVR,CD226,Ligand-Receptor,Signaling by Poliovirus receptor,T cell CD8 terminally exhausted|cDC1,0.621
CXCL13_CXCR5,simple:O43927,simple:P32302,CXCL13,CXCR5,Ligand-Receptor,Signaling by Chemokines,T cell CD8 terminally exhausted|cDC1,0.589
CXCL10_DPP4,simple:P02778,simple:P27487,CXCL10,DPP4,Ligand-Receptor,Signaling by Chemokines,T cell CD8 terminally exhausted|cDC1,0.622
CD40LG_CD40,simple:P29965,simple:P25942,CD40LG,CD40,Ligand-Receptor,,T cell CD8 terminally exhausted|cDC1,0.609
CXCL9_DPP4,simple:Q07325,simple:P27487,CXCL9,DPP4,Ligand-Receptor,Signaling by Chemokines,T cell CD8 terminally exhausted|cDC1,0.616
COL4A1_ADGRG6,simple:P02462,simple:Q86SQ4,COL4A1,ADGRG6,Adhesion-Adhesion,Adhesion by Collagen/Integrin,T cell CD8 terminally exhausted|cDC1,0.618
fibrinogen_integrin_aXb2_complex,complex:fibrinogen,complex:integrin_aXb2_complex,,,Ligand-Receptor,Adhesion by Fibribogen,T cell CD8 terminally exhausted|cDC1,0.554
CD52_SIGLEC10,simple:P31358,simple:Q96LC7,CD52,SIGLEC10,Ligand-Receptor,,T cell CD8 terminally exhausted|cDC1,0.729
COL4A2_ADGRG6,simple:P08572,simple:Q86SQ4,COL4A2,ADGRG6,Adhesion-Adhesion,Adhesion by Collagen/Integrin,T cell CD8 terminally exhausted|cDC1,0.616
CXCL11_DPP4,simple:O14625,simple:P27487,CXCL11,DPP4,Ligand-Receptor,Signaling by Chemokines,T cell CD8 terminally exhausted|cDC1,0.615
ENTPD1_ADORA3,simple:P49961,simple:P0DMS8,ENTPD1,ADORA3,Ligand-Receptor,Signaling by Ectonucleoside,T cell CD8 terminally exhausted|cDC1,0.617
XCL1_XCR1,simple:P47992,simple:P46094,XCL1,XCR1,Ligand-Receptor,Signaling by Lymphotactin,T cell CD8 terminally exhausted|cDC1,0.748
COL4A3_ADGRG6,simple:Q01955,simple:Q86SQ4,COL4A3,ADGRG6,Adhesion-Adhesion,Adhesion by Collagen/Integrin,T cell CD8 terminally exhausted|cDC1,0.634
LAMA2_ADGRG6,simple:P24043,simple:Q86SQ4,LAMA2,ADGRG6,Ligand-Receptor,,T cell CD8 terminally exhausted|cDC1,0.63
CCL22_DPP4,simple:O00626,simple:P27487,CCL22,DPP4,Ligand-Receptor,Signaling by Chemokines,T cell CD8 terminally exhausted|cDC1,0.631
FCER2_integrin_aXb2_complex,simple:P06734,complex:integrin_aXb2_complex,FCER2,,Receptor-Receptor,Signaling by FC receptor,T cell CD8 terminally exhausted|cDC1,0.552
LCK_CD8_receptor,simple:P06239,complex:CD8_receptor,LCK,,Receptor-Receptor,,T cell NK-like|T cell CD8 terminally exhausted,0.68
CCL5_CCR1,simple:P13501,simple:P32246,CCL5,CCR1,Ligand-Receptor,Signaling by Chemokines,T cell NK-like|T cell CD8 terminally exhausted,0.603
HLA-E_KLRC1,simple:P13747,simple:P26715,HLA-E,KLRC1,Ligand-Receptor,Signaling by HLA,T cell NK-like|T cell CD8 terminally exhausted,0.643
PTPRC_MRC1,simple:P08575,simple:P22897,PTPRC,MRC1,Receptor-Receptor,,T cell NK-like|T cell CD8 terminally exhausted,0.562
PTPRC_CD22,simple:P08575,simple:P20273,PTPRC,CD22,Receptor-Receptor,,T cell NK-like|T cell CD8 terminally exhausted,0.564
HLA-E_CD94:NKG2E,simple:P13747,complex:CD94:NKG2E,HLA-E,,Ligand-Receptor,Signaling by HLA,T cell NK-like|T cell CD8 terminally exhausted,0.647
HLA-E_CD94:NKG2A,simple:P13747,complex:CD94:NKG2A,HLA-E,,Ligand-Receptor,Signaling by HLA,T cell NK-like|T cell CD8 terminally exhausted,0.643
HLA-E_KLRK1,simple:P13747,simple:P26718,HLA-E,KLRK1,Ligand-Receptor,Signaling by HLA,T cell NK-like|T cell CD8 terminally exhausted,0.657
HLA-E_KLRC2,simple:P13747,simple:P26717,HLA-E,KLRC2,Ligand-Receptor,Signaling by HLA,T cell NK-like|T cell CD8 terminally exhausted,0.647
RAET1L_NKG2D_II_receptor,simple:Q5VY80,complex:NKG2D_II_receptor,RAET1L,,Ligand-Receptor,Signaling by Killer Cell Lectin Like Receptor K1,T cell NK-like|T cell CD8 terminally exhausted,0.669
HLA-E_CD94:NKG2C,simple:P13747,complex:CD94:NKG2C,HLA-E,,Ligand-Receptor,Signaling by HLA,T cell NK-like|T cell CD8 terminally exhausted,0.647
CCL5_ACKR1,simple:P13501,simple:Q16570,CCL5,ACKR1,Ligand-Receptor,Signaling by Chemokines,T cell NK-like|T cell CD8 terminally exhausted,0.598
FGL1_LAG3,simple:Q08830,simple:P18627,FGL1,LAG3,Ligand-Receptor,Signaling by Fibroblast growth factor,T cell NK-like|T cell CD8 terminally exhausted,0.581
TNFSF9_TNFRSF9,simple:P41273,simple:Q07011,TNFSF9,TNFRSF9,Ligand-Receptor,Signaling by Tumor necrosis factor,T cell NK-like|T cell CD8 terminally exhausted,0.662
FGL1_LAG3,simple:Q08830,simple:P18627,FGL1,LAG3,Ligand-Receptor,Signaling by Fibroblast growth factor,Tumor Tumor ImmunoSup|T cell CD8 terminally exhausted,0.608
TNFSF9_TNFRSF9,simple:P41273,simple:Q07011,TNFSF9,TNFRSF9,Ligand-Receptor,Signaling by Tumor necrosis factor,Tumor Tumor ImmunoSup|T cell CD8 terminally exhausted,0.592
CEACAM5_CD8A,simple:P06731,simple:P01732,CEACAM5,CD8A,Adhesion-Adhesion,Adhesion by CEAM,Tumor Tumor ImmunoSup|T cell CD8 terminally exhausted,0.609
CXCL16_CXCR6,simple:Q9H2A7,simple:O00574,CXCL16,CXCR6,Ligand-Receptor,Signaling by Chemokines,Tumor Tumor ImmunoSup|T cell CD8 terminally exhausted,0.606
ULBP1_NKG2D_II_receptor,simple:Q9BZM6,complex:NKG2D_II_receptor,ULBP1,,Ligand-Receptor,Signaling by Killer Cell Lectin Like Receptor K1,cDC1|T cell CD8 terminally exhausted,0.717
MICA_NKG2D_II_receptor,simple:Q29983,complex:NKG2D_II_receptor,MICA,,Ligand-Receptor,,cDC1|T cell CD8 terminally exhausted,0.596
CDH2_FCER2,simple:P19022,simple:P06734,CDH2,FCER2,Ligand-Receptor,Adhesion by Cadherin,cDC1|T cell CD8 terminally exhausted,0.653
MICB_NKG2D_II_receptor,simple:Q29980,complex:NKG2D_II_receptor,MICB,,Ligand-Receptor,,cDC1|T cell CD8 terminally exhausted,0.649
ProstaglandinE2_byPTGES2_PTGER4,complex:ProstaglandinE2_byPTGES2,simple:P35408,,PTGER4,Ligand-Receptor,Signaling by Prostaglandin,cDC1|T cell CD8 terminally exhausted,0.658
TNFSF18_TNFRSF18,simple:Q9UNG2,simple:Q9Y5U5,TNFSF18,TNFRSF18,Ligand-Receptor,Signaling by Tumor necrosis factor,cDC1|T cell CD8 terminally exhausted,0.654
FGL1_LAG3,simple:Q08830,simple:P18627,FGL1,LAG3,Ligand-Receptor,Signaling by Fibroblast growth factor,cDC1|T cell CD8 terminally exhausted,0.619
TNFSF9_TNFRSF9,simple:P41273,simple:Q07011,TNFSF9,TNFRSF9,Ligand-Receptor,Signaling by Tumor necrosis factor,cDC1|T cell CD8 terminally exhausted,0.597
CXCL9_CXCR3,simple:Q07325,simple:P49682,CXCL9,CXCR3,Ligand-Receptor,Signaling by Chemokines,cDC1|T cell CD8 terminally exhausted,0.71
CEACAM5_CD8A,simple:P06731,simple:P01732,CEACAM5,CD8A,Adhesion-Adhesion,Adhesion by CEAM,cDC1|T cell CD8 terminally exhausted,0.613
TNF_TNFRSF1B,simple:P01375,simple:P20333,TNF,TNFRSF1B,Ligand-Receptor,Signaling by Tumor necrosis factor,cDC1|T cell CD8 terminally exhausted,0.642
CXCL9_DPP4,simple:Q07325,simple:P27487,CXCL9,DPP4,Ligand-Receptor,Signaling by Chemokines,cDC1|T cell CD8 terminally exhausted,0.619
CXCL16_CXCR6,simple:Q9H2A7,simple:O00574,CXCL16,CXCR6,Ligand-Receptor,Signaling by Chemokines,cDC1|T cell CD8 terminally exhausted,0.721
CALCA_RAMP1_complex,simple:P01258,complex:RAMP1_complex,CALCA,,Ligand-Receptor,Signaling by Calcitonin,cDC1|T cell CD8 terminally exhausted,0.605
CD86_CTLA4,simple:P42081,simple:P16410,CD86,CTLA4,Ligand-Receptor,,cDC1|T cell CD8 terminally exhausted,0.72
APOB_TREM2_receptor,simple:P04114,complex:TREM2_receptor,APOB,,Ligand-Receptor,Signaling by Apolipoprotein,cDC1|T cell CD8 terminally exhausted,0.553
CCL19_CCR7,simple:Q99731,simple:P32248,CCL19,CCR7,Ligand-Receptor,Signaling by Chemokines,DC mature|T cell NK-like,0.65
ProstaglandinE2_byPTGES2_PTGER1,complex:ProstaglandinE2_byPTGES2,simple:P34995,,PTGER1,Ligand-Receptor,Signaling by Prostaglandin,DC mature|T cell NK-like,0.626
C10orf99_SUSD2,simple:Q6UWK7,simple:Q9UGT4,C10orf99,SUSD2,Ligand-Receptor,,DC mature|T cell NK-like,0.654
TNFSF13B_TNFRSF13C,simple:Q9Y275,simple:Q96RJ3,TNFSF13B,TNFRSF13C,Ligand-Receptor,Signaling by Tumor necrosis factor,DC mature|T cell NK-like,0.606
ULBP1_NKG2D_II_receptor,simple:Q9BZM6,complex:NKG2D_II_receptor,ULBP1,,Ligand-Receptor,Signaling by Killer Cell Lectin Like Receptor K1,DC mature|T cell NK-like,0.71
ULBP2_NKG2D_II_receptor,simple:Q9BZM5,complex:NKG2D_II_receptor,ULBP2,,Ligand-Receptor,Signaling by Killer Cell Lectin Like Receptor K1,DC mature|T cell NK-like,0.628
LipoxinA4_byALOX12_FPR2,complex:LipoxinA4_byALOX12,simple:P25090,,FPR2,Ligand-Receptor,Signaling by Lipoxin/Leukotriene,DC mature|T cell NK-like,0.641
CCL19_CCRL2,simple:Q99731,simple:O00421,CCL19,CCRL2,Ligand-Receptor,Signaling by Chemokines,DC mature|T cell NK-like,0.645
PVR_TIGIT,simple:P15151,simple:Q495A1,PVR,TIGIT,Ligand-Receptor,Signaling by Poliovirus receptor,DC mature|T cell NK-like,0.624
PVR_CD96,simple:P15151,simple:P40200,PVR,CD96,Ligand-Receptor,Signaling by Poliovirus receptor,DC mature|T cell NK-like,0.679
CD200_CD200R1,simple:P41217,simple:Q8TD46,CD200,CD200R1,Ligand-Receptor,,DC mature|T cell NK-like,0.634
SAA1_FPR2,simple:P0DJI8,simple:P25090,SAA1,FPR2,Ligand-Receptor,,DC mature|T cell NK-like,0.597
ProstaglandinE2_byPTGES2_PTGER4,complex:ProstaglandinE2_byPTGES2,simple:P35408,,PTGER4,Ligand-Receptor,Signaling by Prostaglandin,DC mature|T cell NK-like,0.656
TNFSF18_TNFRSF18,simple:Q9UNG2,simple:Q9Y5U5,TNFSF18,TNFRSF18,Ligand-Receptor,Signaling by Tumor necrosis factor,DC mature|T cell NK-like,0.644
WNT5B_SFRP1,simple:Q9H1J7,simple:Q8N474,WNT5B,SFRP1,Ligand-Ligand,Signaling by WNT inhibition,DC mature|T cell NK-like,0.649
WNT5B_SFRP2,simple:Q9H1J7,simple:Q96HF1,WNT5B,SFRP2,Ligand-Ligand,Signaling by WNT inhibition,DC mature|T cell NK-like,0.65
CD70_CD27,simple:P32970,simple:P26842,CD70,CD27,Ligand-Receptor,,DC mature|T cell NK-like,0.633
PVR_CD226,simple:P15151,simple:Q15762,PVR,CD226,Ligand-Receptor,Signaling by Poliovirus receptor,DC mature|T cell NK-like,0.683
NECTIN2_TIGIT,simple:Q92692,simple:Q495A1,NECTIN2,TIGIT,Ligand-Receptor,Signaling by Nectin,DC mature|T cell NK-like,0.65
CXCL9_CXCR3,simple:Q07325,simple:P49682,CXCL9,CXCR3,Ligand-Receptor,Signaling by Chemokines,DC mature|T cell NK-like,0.676
CXCL10_CXCR3,simple:P02778,simple:P49682,CXCL10,CXCR3,Ligand-Receptor,Signaling by Chemokines,DC mature|T cell NK-like,0.666
CRLF2_TSLPR,simple:Q9HC73,complex:TSLPR,CRLF2,,Receptor-Receptor,,DC mature|T cell NK-like,0.656
CEACAM5_CD8A,simple:P06731,simple:P01732,CEACAM5,CD8A,Adhesion-Adhesion,Adhesion by CEAM,DC mature|T cell NK-like,0.596
CXCL10_DPP4,simple:P02778,simple:P27487,CXCL10,DPP4,Ligand-Receptor,Signaling by Chemokines,DC mature|T cell NK-like,0.631
CXCL11_CXCR3,simple:O14625,simple:P49682,CXCL11,CXCR3,Ligand-Receptor,Signaling by Chemokines,DC mature|T cell NK-like,0.672
CXCL9_DPP4,simple:Q07325,simple:P27487,CXCL9,DPP4,Ligand-Receptor,Signaling by Chemokines,DC mature|T cell NK-like,0.642
CXCL16_CXCR6,simple:Q9H2A7,simple:O00574,CXCL16,CXCR6,Ligand-Receptor,Signaling by Chemokines,DC mature|T cell NK-like,0.611
CALCA_RAMP1_complex,simple:P01258,complex:RAMP1_complex,CALCA,,Ligand-Receptor,Signaling by Calcitonin,DC mature|T cell NK-like,0.611
CXCL11_ACKR3,simple:O14625,simple:P25106,CXCL11,ACKR3,Ligand-Receptor,Signaling by Chemokines,DC mature|T cell NK-like,0.638
CD86_CTLA4,simple:P42081,simple:P16410,CD86,CTLA4,Ligand-Receptor,,DC mature|T cell NK-like,0.634
CXCL11_DPP4,simple:O14625,simple:P27487,CXCL11,DPP4,Ligand-Receptor,Signaling by Chemokines,DC mature|T cell NK-like,0.638
SerotoninDopamin_byDDC_HTR3C,complex:SerotoninDopamin_byDDC,simple:Q8WXA8,,HTR3C,Ligand-Receptor,Signaling by Serotonin/Dopamine,DC mature|T cell NK-like,0.524
WNT5B_WIF1,simple:Q9H1J7,simple:Q9Y5W5,WNT5B,WIF1,Ligand-Ligand,Signaling by WNT inhibition,DC mature|T cell NK-like,0.648
WNT5B_SFRP5,simple:Q9H1J7,simple:Q5T4F7,WNT5B,SFRP5,Ligand-Ligand,Signaling by WNT inhibition,DC mature|T cell NK-like,0.651
CCL22_DPP4,simple:O00626,simple:P27487,CCL22,DPP4,Ligand-Receptor,Signaling by Chemokines,DC mature|T cell NK-like,0.655
CXCL5_CXCR1,simple:P42830,simple:P25024,CXCL5,CXCR1,Ligand-Receptor,Signaling by Chemokines,Macrophage alveolar|T cell NK-like,0.604
PPBP_CXCR1,simple:P02775,simple:P25024,PPBP,CXCR1,Ligand-Receptor,Signaling by Chemokines,Macrophage alveolar|T cell NK-like,0.589
ULBP2_NKG2D_II_receptor,simple:Q9BZM5,complex:NKG2D_II_receptor,ULBP2,,Ligand-Receptor,Signaling by Killer Cell Lectin Like Receptor K1,Macrophage alveolar|T cell NK-like,0.594
MICA_NKG2D_II_receptor,simple:Q29983,complex:NKG2D_II_receptor,MICA,,Ligand-Receptor,,Macrophage alveolar|T cell NK-like,0.639
TNFSF13_TNFRSF13B,simple:O75888,simple:O14836,TNFSF13,TNFRSF13B,Ligand-Receptor,Signaling by Tumor necrosis factor,Macrophage alveolar|T cell NK-like,0.579
CXCL5_CXCR2,simple:P42830,simple:P25025,CXCL5,CXCR2,Ligand-Receptor,Signaling by Chemokines,Macrophage alveolar|T cell NK-like,0.6
PVR_CD96,simple:P15151,simple:P40200,PVR,CD96,Ligand-Receptor,Signaling by Poliovirus receptor,Macrophage alveolar|T cell NK-like,0.662
TNFSF13_TNFRSF17,simple:O75888,simple:Q02223,TNFSF13,TNFRSF17,Ligand-Receptor,Signaling by Tumor necrosis factor,Macrophage alveolar|T cell NK-like,0.577
CCL23_FPR2,simple:P55773,simple:P25090,CCL23,FPR2,Ligand-Receptor,Signaling by Chemokines,Macrophage alveolar|T cell NK-like,0.583
MICB_NKG2D_II_receptor,simple:Q29980,complex:NKG2D_II_receptor,MICB,,Ligand-Receptor,,Macrophage alveolar|T cell NK-like,0.635
RAET1L_NKG2D_II_receptor,simple:Q5VY80,complex:NKG2D_II_receptor,RAET1L,,Ligand-Receptor,Signaling by Killer Cell Lectin Like Receptor K1,Macrophage alveolar|T cell NK-like,0.587
CXCL3_CXCR2,simple:P19876,simple:P25025,CXCL3,CXCR2,Ligand-Receptor,Signaling by Chemokines,Macrophage alveolar|T cell NK-like,0.591
PVR_CD226,simple:P15151,simple:Q15762,PVR,CD226,Ligand-Receptor,Signaling by Poliovirus receptor,Macrophage alveolar|T cell NK-like,0.666
TGFB1_TGFBR3,simple:P01137,simple:Q03167,TGFB1,TGFBR3,Ligand-Receptor,Signaling by Transforming growth factor,Macrophage alveolar|T cell NK-like,0.652
CEACAM8_CEACAM6,simple:P31997,simple:P40199,CEACAM8,CEACAM6,Adhesion-Adhesion,Adhesion by CEAM,Macrophage alveolar|T cell NK-like,0.596
TGM2_ADGRG1,simple:P21980,simple:Q9Y653,TGM2,ADGRG1,Ligand-Receptor,,Macrophage alveolar|T cell NK-like,0.669
CEACAM5_CD8A,simple:P06731,simple:P01732,CEACAM5,CD8A,Adhesion-Adhesion,Adhesion by CEAM,Macrophage alveolar|T cell NK-like,0.6
ANGPT4_TEK,simple:Q9Y264,simple:Q02763,ANGPT4,TEK,Ligand-Receptor,Signaling by Angiopoietin,Macrophage alveolar|T cell NK-like,0.588
TNF_TNFRSF1B,simple:P01375,simple:P20333,TNF,TNFRSF1B,Ligand-Receptor,Signaling by Tumor necrosis factor,Macrophage alveolar|T cell NK-like,0.576
CXCL16_CXCR6,simple:Q9H2A7,simple:O00574,CXCL16,CXCR6,Ligand-Receptor,Signaling by Chemokines,Macrophage alveolar|T cell NK-like,0.603
RBP4_STRA6,simple:P02753,simple:Q9BX79,RBP4,STRA6,Ligand-Receptor,,Macrophage alveolar|T cell NK-like,0.593
LCK_CD8_receptor,simple:P06239,complex:CD8_receptor,LCK,,Receptor-Receptor,,Monocyte classical|T cell NK-like,0.562
ULBP1_NKG2D_II_receptor,simple:Q9BZM6,complex:NKG2D_II_receptor,ULBP1,,Ligand-Receptor,Signaling by Killer Cell Lectin Like Receptor K1,Monocyte classical|T cell NK-like,0.643
CXCL8_CXCR2,simple:P10145,simple:P25025,CXCL8,CXCR2,Ligand-Receptor,Signaling by Chemokines,Monocyte classical|T cell NK-like,0.566
CXCL8_CXCR1,simple:P10145,simple:P25024,CXCL8,CXCR1,Ligand-Receptor,Signaling by Chemokines,Monocyte classical|T cell NK-like,0.57
NRG1_integrin_a6b4_complex,simple:Q02297,complex:integrin_a6b4_complex,NRG1,,Ligand-Receptor,Signaling by Neuregulin,Monocyte classical|T cell NK-like,0.598
HLA-E_KLRK1,simple:P13747,simple:P26718,HLA-E,KLRK1,Ligand-Receptor,Signaling by HLA,Monocyte classical|T cell NK-like,0.573
HLA-E_KLRC2,simple:P13747,simple:P26717,HLA-E,KLRC2,Ligand-Receptor,Signaling by HLA,Monocyte classical|T cell NK-like,0.567
RAET1L_NKG2D_II_receptor,simple:Q5VY80,complex:NKG2D_II_receptor,RAET1L,,Ligand-Receptor,Signaling by Killer Cell Lectin Like Receptor K1,Monocyte classical|T cell NK-like,0.677
HLA-E_CD94:NKG2C,simple:P13747,complex:CD94:NKG2C,HLA-E,,Ligand-Receptor,Signaling by HLA,Monocyte classical|T cell NK-like,0.567
CXCL3_CXCR2,simple:P19876,simple:P25025,CXCL3,CXCR2,Ligand-Receptor,Signaling by Chemokines,Monocyte classical|T cell NK-like,0.594
TGFB1_TGFBR3,simple:P01137,simple:Q03167,TGFB1,TGFBR3,Ligand-Receptor,Signaling by Transforming growth factor,Monocyte classical|T cell NK-like,0.637
CXCL2_CXCR2,simple:P19875,simple:P25025,CXCL2,CXCR2,Ligand-Receptor,Signaling by Chemokines,Monocyte classical|T cell NK-like,0.595
CEACAM5_CD8A,simple:P06731,simple:P01732,CEACAM5,CD8A,Adhesion-Adhesion,Adhesion by CEAM,Monocyte classical|T cell NK-like,0.594
EREG_ERBB4,simple:O14944,simple:Q15303,EREG,ERBB4,Ligand-Receptor,Signaling by Epidermal growth factor,Monocyte classical|T cell NK-like,0.591
LCK_CD8_receptor,simple:P06239,complex:CD8_receptor,LCK,,Receptor-Receptor,,T cell CD4 dividing|T cell NK-like,0.726
CALCB_RAMP1_complex,simple:P10092,complex:RAMP1_complex,CALCB,,Ligand-Receptor,Signaling by Calcitonin,T cell CD4 dividing|T cell NK-like,0.605
LTA_TNFRSF1B,simple:P01374,simple:P20333,LTA,TNFRSF1B,Ligand-Receptor,Signaling by Tumor necrosis factor,T cell CD4 dividing|T cell NK-like,0.646
ULBP1_NKG2D_II_receptor,simple:Q9BZM6,complex:NKG2D_II_receptor,ULBP1,,Ligand-Receptor,Signaling by Killer Cell Lectin Like Receptor K1,T cell CD4 dividing|T cell NK-like,0.672
ULBP2_NKG2D_II_receptor,simple:Q9BZM5,complex:NKG2D_II_receptor,ULBP2,,Ligand-Receptor,Signaling by Killer Cell Lectin Like Receptor K1,T cell CD4 dividing|T cell NK-like,0.625
MICA_NKG2D_II_receptor,simple:Q29983,complex:NKG2D_II_receptor,MICA,,Ligand-Receptor,,T cell CD4 dividing|T cell NK-like,0.627
HLA-C_KIR2DL3,simple:HLAC,simple:P43628,HLA-C,KIR2DL3,Ligand-Receptor,Signaling by HLA,T cell CD4 dividing|T cell NK-like,0.587
HLA-E_KLRK1,simple:P13747,simple:P26718,HLA-E,KLRK1,Ligand-Receptor,Signaling by HLA,T cell CD4 dividing|T cell NK-like,0.591
HLA-E_KLRC2,simple:P13747,simple:P26717,HLA-E,KLRC2,Ligand-Receptor,Signaling by HLA,T cell CD4 dividing|T cell NK-like,0.585
MICB_NKG2D_II_receptor,simple:Q29980,complex:NKG2D_II_receptor,MICB,,Ligand-Receptor,,T cell CD4 dividing|T cell NK-like,0.719
RAET1L_NKG2D_II_receptor,simple:Q5VY80,complex:NKG2D_II_receptor,RAET1L,,Ligand-Receptor,Signaling by Killer Cell Lectin Like Receptor K1,T cell CD4 dividing|T cell NK-like,0.715
HLA-E_CD94:NKG2C,simple:P13747,complex:CD94:NKG2C,HLA-E,,Ligand-Receptor,Signaling by HLA,T cell CD4 dividing|T cell NK-like,0.585
CD70_CD27,simple:P32970,simple:P26842,CD70,CD27,Ligand-Receptor,,T cell CD4 dividing|T cell NK-like,0.655
FGL1_LAG3,simple:Q08830,simple:P18627,FGL1,LAG3,Ligand-Receptor,Signaling by Fibroblast growth factor,T cell CD4 dividing|T cell NK-like,0.577
TGFB1_TGFBR3,simple:P01137,simple:Q03167,TGFB1,TGFBR3,Ligand-Receptor,Signaling by Transforming growth factor,T cell CD4 dividing|T cell NK-like,0.634
CXCL13_CXCR5,simple:O43927,simple:P32302,CXCL13,CXCR5,Ligand-Receptor,Signaling by Chemokines,T cell CD4 dividing|T cell NK-like,0.593
HLA-G_LILRB2,simple:P17693,simple:Q8N423,HLA-G,LILRB2,Ligand-Receptor,Signaling by HLA,T cell CD4 dividing|T cell NK-like,0.559
IL13_IL13RA2,simple:P35225,simple:Q14627,IL13,IL13RA2,Ligand-Receptor,Signaling by Interleukin,T cell CD4 dividing|T cell NK-like,0.616
IL21_IL21_receptor,simple:Q9HBE4,complex:IL21_receptor,IL21,,Ligand-Receptor,Signaling by Interleukin,T cell CD4 dividing|T cell NK-like,0.648
CEACAM5_CD8A,simple:P06731,simple:P01732,CEACAM5,CD8A,Adhesion-Adhesion,Adhesion by CEAM,T cell CD4 dividing|T cell NK-like,0.602
CALCA_RAMP1_complex,simple:P01258,complex:RAMP1_complex,CALCA,,Ligand-Receptor,Signaling by Calcitonin,T cell CD4 dividing|T cell NK-like,0.554
CCL28_CCR10,simple:Q9NRJ3,simple:P46092,CCL28,CCR10,Ligand-Receptor,Signaling by Chemokines,T cell CD4 dividing|T cell NK-like,0.604
CD177_PECAM1,simple:Q8N6Q3,simple:P16284,CD177,PECAM1,Ligand-Receptor,,T cell CD4 dividing|T cell NK-like,0.606
IL24_IL20_receptor_Type_I,simple:Q13007,complex:IL20_receptor_Type_I,IL24,,Ligand-Receptor,Signaling by Interleukin,T cell CD4 dividing|T cell NK-like,0.599
SerotoninDopamin_byDDC_HTR3C,complex:SerotoninDopamin_byDDC,simple:Q8WXA8,,HTR3C,Ligand-Receptor,Signaling by Serotonin/Dopamine,T cell CD4 dividing|T cell NK-like,0.525
XCL2_XCR1,simple:Q9UBD3,simple:P46094,XCL2,XCR1,Ligand-Receptor,Signaling by Lymphotactin,T cell CD8 dividing|T cell NK-like,0.615
LCK_CD8_receptor,simple:P06239,complex:CD8_receptor,LCK,,Receptor-Receptor,,T cell CD8 dividing|T cell NK-like,0.724
CALCB_RAMP1_complex,simple:P10092,complex:RAMP1_complex,CALCB,,Ligand-Receptor,Signaling by Calcitonin,T cell CD8 dividing|T cell NK-like,0.587
ULBP1_NKG2D_II_receptor,simple:Q9BZM6,complex:NKG2D_II_receptor,ULBP1,,Ligand-Receptor,Signaling by Killer Cell Lectin Like Receptor K1,T cell CD8 dividing|T cell NK-like,0.658
ULBP2_NKG2D_II_receptor,simple:Q9BZM5,complex:NKG2D_II_receptor,ULBP2,,Ligand-Receptor,Signaling by Killer Cell Lectin Like Receptor K1,T cell CD8 dividing|T cell NK-like,0.588
MICA_NKG2D_II_receptor,simple:Q29983,complex:NKG2D_II_receptor,MICA,,Ligand-Receptor,,T cell CD8 dividing|T cell NK-like,0.626
HLA-C_KIR2DL3,simple:HLAC,simple:P43628,HLA-C,KIR2DL3,Ligand-Receptor,Signaling by HLA,T cell CD8 dividing|T cell NK-like,0.629
HLA-E_CD94:NKG2E,simple:P13747,complex:CD94:NKG2E,HLA-E,,Ligand-Receptor,Signaling by HLA,T cell CD8 dividing|T cell NK-like,0.59
CRTAM_CADM1,simple:O95727,simple:Q9BY67,CRTAM,CADM1,Adhesion-Adhesion,,T cell CD8 dividing|T cell NK-like,0.599
HLA-E_KLRK1,simple:P13747,simple:P26718,HLA-E,KLRK1,Ligand-Receptor,Signaling by HLA,T cell CD8 dividing|T cell NK-like,0.625
HLA-E_KLRC2,simple:P13747,simple:P26717,HLA-E,KLRC2,Ligand-Receptor,Signaling by HLA,T cell CD8 dividing|T cell NK-like,0.619
MICB_NKG2D_II_receptor,simple:Q29980,complex:NKG2D_II_receptor,MICB,,Ligand-Receptor,,T cell CD8 dividing|T cell NK-like,0.716
HLA-E_CD94:NKG2C,simple:P13747,complex:CD94:NKG2C,HLA-E,,Ligand-Receptor,Signaling by HLA,T cell CD8 dividing|T cell NK-like,0.619
CD70_CD27,simple:P32970,simple:P26842,CD70,CD27,Ligand-Receptor,,T cell CD8 dividing|T cell NK-like,0.656
CCL5_ACKR1,simple:P13501,simple:Q16570,CCL5,ACKR1,Ligand-Receptor,Signaling by Chemokines,T cell CD8 dividing|T cell NK-like,0.611
CXCL13_CXCR5,simple:O43927,simple:P32302,CXCL13,CXCR5,Ligand-Receptor,Signaling by Chemokines,T cell CD8 dividing|T cell NK-like,0.642
IL13_IL13RA2,simple:P35225,simple:Q14627,IL13,IL13RA2,Ligand-Receptor,Signaling by Interleukin,T cell CD8 dividing|T cell NK-like,0.619
CEACAM5_CD8A,simple:P06731,simple:P01732,CEACAM5,CD8A,Adhesion-Adhesion,Adhesion by CEAM,T cell CD8 dividing|T cell NK-like,0.591
ENTPD1_ADORA3,simple:P49961,simple:P0DMS8,ENTPD1,ADORA3,Ligand-Receptor,Signaling by Ectonucleoside,T cell CD8 dividing|T cell NK-like,0.585
XCL1_XCR1,simple:P47992,simple:P46094,XCL1,XCR1,Ligand-Receptor,Signaling by Lymphotactin,T cell CD8 dividing|T cell NK-like,0.617
CCL19_CCR7,simple:Q99731,simple:P32248,CCL19,CCR7,Ligand-Receptor,Signaling by Chemokines,T cell NK-like|DC mature,0.655
CCL21_CCR7,simple:O00585,simple:P32248,CCL21,CCR7,Ligand-Receptor,Signaling by Chemokines,T cell NK-like|DC mature,0.657
PTPRC_MRC1,simple:P08575,simple:P22897,PTPRC,MRC1,Receptor-Receptor,,T cell NK-like|DC mature,0.566
PTPRC_CD22,simple:P08575,simple:P20273,PTPRC,CD22,Receptor-Receptor,,T cell NK-like|DC mature,0.565
CCL20_CCR6,simple:P78556,simple:P51684,CCL20,CCR6,Ligand-Receptor,Signaling by Chemokines,T cell NK-like|DC mature,0.597
IL4_IL4_receptor,simple:P05112,complex:IL4_receptor,IL4,,Ligand-Receptor,Signaling by Interleukin,T cell NK-like|DC mature,0.586
CD226_NECTIN2,simple:Q15762,simple:Q92692,CD226,NECTIN2,Adhesion-Adhesion,,T cell NK-like|DC mature,0.709
CCL5_ACKR1,simple:P13501,simple:Q16570,CCL5,ACKR1,Ligand-Receptor,Signaling by Chemokines,T cell NK-like|DC mature,0.604
TNFSF9_TNFRSF9,simple:P41273,simple:Q07011,TNFSF9,TNFRSF9,Ligand-Receptor,Signaling by Tumor necrosis factor,T cell NK-like|DC mature,0.711
TSLP_TSLPR,simple:Q969D9,complex:TSLPR,TSLP,,Ligand-Receptor,,T cell NK-like|DC mature,0.601
CRLF2_TSLPR,simple:Q9HC73,complex:TSLPR,CRLF2,,Receptor-Receptor,,T cell NK-like|DC mature,0.61
CD40LG_CD40,simple:P29965,simple:P25942,CD40LG,CD40,Ligand-Receptor,,T cell NK-like|DC mature,0.72
TNFSF10_TNFRSF11B,simple:P50591,simple:O00300,TNFSF10,TNFRSF11B,Ligand-Receptor,Signaling by Tumor necrosis factor,T cell NK-like|DC mature,0.611
DHEAsulfate_bySULT1E1_PPARG,complex:DHEAsulfate_bySULT1E1,simple:P37231,,PPARG,Ligand-Receptor,Signaling by Dehydroepiandrosterone,T cell NK-like|Macrophage alveolar,0.579
CCL5_CCR1,simple:P13501,simple:P32246,CCL5,CCR1,Ligand-Receptor,Signaling by Chemokines,T cell NK-like|Macrophage alveolar,0.682
PTPRC_MRC1,simple:P08575,simple:P22897,PTPRC,MRC1,Receptor-Receptor,,T cell NK-like|Macrophage alveolar,0.684
PTPRC_CD22,simple:P08575,simple:P20273,PTPRC,CD22,Receptor-Receptor,,T cell NK-like|Macrophage alveolar,0.586
CCL5_ACKR1,simple:P13501,simple:Q16570,CCL5,ACKR1,Ligand-Receptor,Signaling by Chemokines,T cell NK-like|Macrophage alveolar,0.599
APOE_TREM2_receptor,simple:P02649,complex:TREM2_receptor,APOE,,Ligand-Receptor,Signaling by Apolipoprotein,T cell NK-like|Macrophage alveolar,0.557
CD40LG_CD40,simple:P29965,simple:P25942,CD40LG,CD40,Ligand-Receptor,,T cell NK-like|Macrophage alveolar,0.612
CD99_PILRA,simple:P14209,simple:Q9UKJ1,CD99,PILRA,Ligand-Receptor,,T cell NK-like|Macrophage alveolar,0.64
fibrinogen_integrin_aXb2_complex,complex:fibrinogen,complex:integrin_aXb2_complex,,,Ligand-Receptor,Adhesion by Fibribogen,T cell NK-like|Macrophage alveolar,0.554
ANXA1_FPR3,simple:P04083,simple:P25089,ANXA1,FPR3,Ligand-Receptor,Signaling by Annexin,T cell NK-like|Macrophage alveolar,0.598
CEACAM1_CEACAM8,simple:P13688,simple:P31997,CEACAM1,CEACAM8,Adhesion-Adhesion,Adhesion by CEAM,T cell NK-like|Macrophage alveolar,0.582
CCL5_CCR1,simple:P13501,simple:P32246,CCL5,CCR1,Ligand-Receptor,Signaling by Chemokines,T cell NK-like|Monocyte classical,0.69
LTA_TNFRSF1B,simple:P01374,simple:P20333,LTA,TNFRSF1B,Ligand-Receptor,Signaling by Tumor necrosis factor,T cell NK-like|Monocyte classical,0.566
PTPRC_MRC1,simple:P08575,simple:P22897,PTPRC,MRC1,Receptor-Receptor,,T cell NK-like|Monocyte classical,0.621
PTPRC_CD22,simple:P08575,simple:P20273,PTPRC,CD22,Receptor-Receptor,,T cell NK-like|Monocyte classical,0.574
CCL5_ACKR1,simple:P13501,simple:Q16570,CCL5,ACKR1,Ligand-Receptor,Signaling by Chemokines,T cell NK-like|Monocyte classical,0.598
TNF_TNFRSF1B,simple:P01375,simple:P20333,TNF,TNFRSF1B,Ligand-Receptor,Signaling by Tumor necrosis factor,T cell NK-like|Monocyte classical,0.595
CD99_PILRA,simple:P14209,simple:Q9UKJ1,CD99,PILRA,Ligand-Receptor,,T cell NK-like|Monocyte classical,0.645
fibrinogen_integrin_aXb2_complex,complex:fibrinogen,complex:integrin_aXb2_complex,,,Ligand-Receptor,Adhesion by Fibribogen,T cell NK-like|Monocyte classical,0.587
CD52_SIGLEC10,simple:P31358,simple:Q96LC7,CD52,SIGLEC10,Ligand-Receptor,,T cell NK-like|Monocyte classical,0.67
ANXA1_FPR1,simple:P04083,simple:P21462,ANXA1,FPR1,Ligand-Receptor,Signaling by Annexin,T cell NK-like|Monocyte classical,0.629
ANXA1_FPR2,simple:P04083,simple:P25090,ANXA1,FPR2,Ligand-Receptor,Signaling by Annexin,T cell NK-like|Monocyte classical,0.608
FCER2_integrin_aXb2_complex,simple:P06734,complex:integrin_aXb2_complex,FCER2,,Receptor-Receptor,Signaling by FC receptor,T cell NK-like|Monocyte classical,0.56
PTPRC_MRC1,simple:P08575,simple:P22897,PTPRC,MRC1,Receptor-Receptor,,T cell NK-like|T cell CD4 dividing,0.566
PF4_CXCR3,simple:P02776,simple:P49682,PF4,CXCR3,Ligand-Receptor,,T cell NK-like|T cell CD4 dividing,0.59
CCL20_CCR6,simple:P78556,simple:P51684,CCL20,CCR6,Ligand-Receptor,Signaling by Chemokines,T cell NK-like|T cell CD4 dividing,0.594
TNFSF18_TNFRSF18,simple:Q9UNG2,simple:Q9Y5U5,TNFSF18,TNFRSF18,Ligand-Receptor,Signaling by Tumor necrosis factor,T cell NK-like|T cell CD4 dividing,0.622
RAET1L_NKG2D_II_receptor,simple:Q5VY80,complex:NKG2D_II_receptor,RAET1L,,Ligand-Receptor,Signaling by Killer Cell Lectin Like Receptor K1,T cell NK-like|T cell CD4 dividing,0.579
IL4_IL4_receptor,simple:P05112,complex:IL4_receptor,IL4,,Ligand-Receptor,Signaling by Interleukin,T cell NK-like|T cell CD4 dividing,0.582
CCL5_ACKR1,simple:P13501,simple:Q16570,CCL5,ACKR1,Ligand-Receptor,Signaling by Chemokines,T cell NK-like|T cell CD4 dividing,0.598
TNFSF9_TNFRSF9,simple:P41273,simple:Q07011,TNFSF9,TNFRSF9,Ligand-Receptor,Signaling by Tumor necrosis factor,T cell NK-like|T cell CD4 dividing,0.696
IL21_IL21_receptor,simple:Q9HBE4,complex:IL21_receptor,IL21,,Ligand-Receptor,Signaling by Interleukin,T cell NK-like|T cell CD4 dividing,0.581
TNF_TNFRSF1B,simple:P01375,simple:P20333,TNF,TNFRSF1B,Ligand-Receptor,Signaling by Tumor necrosis factor,T cell NK-like|T cell CD4 dividing,0.609
CD86_CTLA4,simple:P42081,simple:P16410,CD86,CTLA4,Ligand-Receptor,,T cell NK-like|T cell CD4 dividing,0.611
LCK_CD8_receptor,simple:P06239,complex:CD8_receptor,LCK,,Receptor-Receptor,,T cell NK-like|T cell CD8 dividing,0.72
CCL5_CCR1,simple:P13501,simple:P32246,CCL5,CCR1,Ligand-Receptor,Signaling by Chemokines,T cell NK-like|T cell CD8 dividing,0.655
HLA-E_KLRC1,simple:P13747,simple:P26715,HLA-E,KLRC1,Ligand-Receptor,Signaling by HLA,T cell NK-like|T cell CD8 dividing,0.686
HLA-C_KIR2DL3,simple:HLAC,simple:P43628,HLA-C,KIR2DL3,Ligand-Receptor,Signaling by HLA,T cell NK-like|T cell CD8 dividing,0.593
HLA-E_CD94:NKG2E,simple:P13747,complex:CD94:NKG2E,HLA-E,,Ligand-Receptor,Signaling by HLA,T cell NK-like|T cell CD8 dividing,0.656
HLA-E_CD94:NKG2A,simple:P13747,complex:CD94:NKG2A,HLA-E,,Ligand-Receptor,Signaling by HLA,T cell NK-like|T cell CD8 dividing,0.656
PF4_CXCR3,simple:P02776,simple:P49682,PF4,CXCR3,Ligand-Receptor,,T cell NK-like|T cell CD8 dividing,0.593
HLA-E_KLRK1,simple:P13747,simple:P26718,HLA-E,KLRK1,Ligand-Receptor,Signaling by HLA,T cell NK-like|T cell CD8 dividing,0.699
HLA-E_KLRC2,simple:P13747,simple:P26717,HLA-E,KLRC2,Ligand-Receptor,Signaling by HLA,T cell NK-like|T cell CD8 dividing,0.699
RAET1L_NKG2D_II_receptor,simple:Q5VY80,complex:NKG2D_II_receptor,RAET1L,,Ligand-Receptor,Signaling by Killer Cell Lectin Like Receptor K1,T cell NK-like|T cell CD8 dividing,0.681
HLA-E_CD94:NKG2C,simple:P13747,complex:CD94:NKG2C,HLA-E,,Ligand-Receptor,Signaling by HLA,T cell NK-like|T cell CD8 dividing,0.656
IL4_IL4_receptor,simple:P05112,complex:IL4_receptor,IL4,,Ligand-Receptor,Signaling by Interleukin,T cell NK-like|T cell CD8 dividing,0.551
CCL5_ACKR1,simple:P13501,simple:Q16570,CCL5,ACKR1,Ligand-Receptor,Signaling by Chemokines,T cell NK-like|T cell CD8 dividing,0.597
FGL1_LAG3,simple:Q08830,simple:P18627,FGL1,LAG3,Ligand-Receptor,Signaling by Fibroblast growth factor,T cell NK-like|T cell CD8 dividing,0.625
TNFSF9_TNFRSF9,simple:P41273,simple:Q07011,TNFSF9,TNFRSF9,Ligand-Receptor,Signaling by Tumor necrosis factor,T cell NK-like|T cell CD8 dividing,0.696
IL21_IL21_receptor,simple:Q9HBE4,complex:IL21_receptor,IL21,,Ligand-Receptor,Signaling by Interleukin,T cell NK-like|T cell CD8 dividing,0.575
CEACAM5_CD8A,simple:P06731,simple:P01732,CEACAM5,CD8A,Adhesion-Adhesion,Adhesion by CEAM,T cell NK-like|T cell CD8 dividing,0.627
TNF_TNFRSF1B,simple:P01375,simple:P20333,TNF,TNFRSF1B,Ligand-Receptor,Signaling by Tumor necrosis factor,T cell NK-like|T cell CD8 dividing,0.574
LCK_CD8_receptor,simple:P06239,complex:CD8_receptor,LCK,,Receptor-Receptor,,T cell NK-like|T cell NK-like,0.688
HLA-C_KIR2DL3,simple:HLAC,simple:P43628,HLA-C,KIR2DL3,Ligand-Receptor,Signaling by HLA,T cell NK-like|T cell NK-like,0.623
PTPRC_CD22,simple:P08575,simple:P20273,PTPRC,CD22,Receptor-Receptor,,T cell NK-like|T cell NK-like,0.562
HLA-E_CD94:NKG2E,simple:P13747,complex:CD94:NKG2E,HLA-E,,Ligand-Receptor,Signaling by HLA,T cell NK-like|T cell NK-like,0.627
HLA-E_KLRK1,simple:P13747,simple:P26718,HLA-E,KLRK1,Ligand-Receptor,Signaling by HLA,T cell NK-like|T cell NK-like,0.662
RAET1L_NKG2D_II_receptor,simple:Q5VY80,complex:NKG2D_II_receptor,RAET1L,,Ligand-Receptor,Signaling by Killer Cell Lectin Like Receptor K1,T cell NK-like|T cell NK-like,0.672
HLA-E_CD94:NKG2C,simple:P13747,complex:CD94:NKG2C,HLA-E,,Ligand-Receptor,Signaling by HLA,T cell NK-like|T cell NK-like,0.656
CCL5_ACKR1,simple:P13501,simple:Q16570,CCL5,ACKR1,Ligand-Receptor,Signaling by Chemokines,T cell NK-like|T cell NK-like,0.598
CEACAM5_CD8A,simple:P06731,simple:P01732,CEACAM5,CD8A,Adhesion-Adhesion,Adhesion by CEAM,T cell NK-like|T cell NK-like,0.596
CDH7_CDH7,simple:Q9ULB5,simple:Q9ULB5,CDH7,CDH7,Adhesion-Adhesion,Adhesion by Cadherin,T cell NK-like|T cell NK-like,0.594
C10orf99_SUSD2,simple:Q6UWK7,simple:Q9UGT4,C10orf99,SUSD2,Ligand-Receptor,,T cell NK-like|Tumor Tumor ImmunoSup,0.64
CCL5_CCR1,simple:P13501,simple:P32246,CCL5,CCR1,Ligand-Receptor,Signaling by Chemokines,T cell NK-like|Tumor Tumor ImmunoSup,0.599
PTPRC_MRC1,simple:P08575,simple:P22897,PTPRC,MRC1,Receptor-Receptor,,T cell NK-like|Tumor Tumor ImmunoSup,0.569
HLA-C_KIR2DL3,simple:HLAC,simple:P43628,HLA-C,KIR2DL3,Ligand-Receptor,Signaling by HLA,T cell NK-like|Tumor Tumor ImmunoSup,0.57
PTPRC_CD22,simple:P08575,simple:P20273,PTPRC,CD22,Receptor-Receptor,,T cell NK-like|Tumor Tumor ImmunoSup,0.578
HLA-E_CD94:NKG2E,simple:P13747,complex:CD94:NKG2E,HLA-E,,Ligand-Receptor,Signaling by HLA,T cell NK-like|Tumor Tumor ImmunoSup,0.551
HLA-E_CD94:NKG2A,simple:P13747,complex:CD94:NKG2A,HLA-E,,Ligand-Receptor,Signaling by HLA,T cell NK-like|Tumor Tumor ImmunoSup,0.551
CRTAM_CADM1,simple:O95727,simple:Q9BY67,CRTAM,CADM1,Adhesion-Adhesion,,T cell NK-like|Tumor Tumor ImmunoSup,0.615
HLA-E_KLRC2,simple:P13747,simple:P26717,HLA-E,KLRC2,Ligand-Receptor,Signaling by HLA,T cell NK-like|Tumor Tumor ImmunoSup,0.559
HLA-E_CD94:NKG2C,simple:P13747,complex:CD94:NKG2C,HLA-E,,Ligand-Receptor,Signaling by HLA,T cell NK-like|Tumor Tumor ImmunoSup,0.551
CD52_SIGLEC10,simple:P31358,simple:Q96LC7,CD52,SIGLEC10,Ligand-Receptor,,T cell NK-like|Tumor Tumor ImmunoSup,0.578
XCL2_XCR1,simple:Q9UBD3,simple:P46094,XCL2,XCR1,Ligand-Receptor,Signaling by Lymphotactin,T cell NK-like|cDC1,0.769
Histamine_byHDC_HRH2,complex:Histamine_byHDC,simple:P25021,,HRH2,Ligand-Receptor,Signaling by Histamine,T cell NK-like|cDC1,0.612
CRTAM_CADM1,simple:O95727,simple:Q9BY67,CRTAM,CADM1,Adhesion-Adhesion,,T cell NK-like|cDC1,0.741
CCL20_CCR6,simple:P78556,simple:P51684,CCL20,CCR6,Ligand-Receptor,Signaling by Chemokines,T cell NK-like|cDC1,0.59
CCL11_DPP4,simple:P51671,simple:P27487,CCL11,DPP4,Ligand-Receptor,Signaling by Chemokines,T cell NK-like|cDC1,0.632
CCL5_ACKR1,simple:P13501,simple:Q16570,CCL5,ACKR1,Ligand-Receptor,Signaling by Chemokines,T cell NK-like|cDC1,0.599
PVR_CD226,simple:P15151,simple:Q15762,PVR,CD226,Ligand-Receptor,Signaling by Poliovirus receptor,T cell NK-like|cDC1,0.613
CADM3_CADM1,simple:Q8N126,simple:Q9BY67,CADM3,CADM1,Adhesion-Adhesion,Adhesion by CADM,T cell NK-like|cDC1,0.643
CXCL10_DPP4,simple:P02778,simple:P27487,CXCL10,DPP4,Ligand-Receptor,Signaling by Chemokines,T cell NK-like|cDC1,0.612
CXCL2_DPP4,simple:P19875,simple:P27487,CXCL2,DPP4,Ligand-Receptor,Signaling by Chemokines,T cell NK-like|cDC1,0.605
CD40LG_CD40,simple:P29965,simple:P25942,CD40LG,CD40,Ligand-Receptor,,T cell NK-like|cDC1,0.69
CADM1_CADM1,simple:Q9BY67,simple:Q9BY67,CADM1,CADM1,Adhesion-Adhesion,Adhesion by CADM,T cell NK-like|cDC1,0.635
fibrinogen_integrin_aXb2_complex,complex:fibrinogen,complex:integrin_aXb2_complex,,,Ligand-Receptor,Adhesion by Fibribogen,T cell NK-like|cDC1,0.578
CD52_SIGLEC10,simple:P31358,simple:Q96LC7,CD52,SIGLEC10,Ligand-Receptor,,T cell NK-like|cDC1,0.733
ProstaglandinE2_byPTGES_PTGER3,complex:ProstaglandinE2_byPTGES,simple:P43115,,PTGER3,Ligand-Receptor,Signaling by Prostaglandin,T cell NK-like|cDC1,0.598
CXCL11_DPP4,simple:O14625,simple:P27487,CXCL11,DPP4,Ligand-Receptor,Signaling by Chemokines,T cell NK-like|cDC1,0.61
XCL1_XCR1,simple:P47992,simple:P46094,XCL1,XCR1,Ligand-Receptor,Signaling by Lymphotactin,T cell NK-like|cDC1,0.719
CDH7_CDH7,simple:Q9ULB5,simple:Q9ULB5,CDH7,CDH7,Adhesion-Adhesion,Adhesion by Cadherin,T cell NK-like|cDC1,0.626
COL4A3_ADGRG6,simple:Q01955,simple:Q86SQ4,COL4A3,ADGRG6,Adhesion-Adhesion,Adhesion by Collagen/Integrin,T cell NK-like|cDC1,0.635
LAMA2_ADGRG6,simple:P24043,simple:Q86SQ4,LAMA2,ADGRG6,Ligand-Receptor,,T cell NK-like|cDC1,0.63
CCL22_DPP4,simple:O00626,simple:P27487,CCL22,DPP4,Ligand-Receptor,Signaling by Chemokines,T cell NK-like|cDC1,0.632
FCER2_integrin_aXb2_complex,simple:P06734,complex:integrin_aXb2_complex,FCER2,,Receptor-Receptor,Signaling by FC receptor,T cell NK-like|cDC1,0.552
ULBP1_NKG2D_II_receptor,simple:Q9BZM6,complex:NKG2D_II_receptor,ULBP1,,Ligand-Receptor,Signaling by Killer Cell Lectin Like Receptor K1,Tumor Tumor ImmunoSup|T cell NK-like,0.588
ULBP2_NKG2D_II_receptor,simple:Q9BZM5,complex:NKG2D_II_receptor,ULBP2,,Ligand-Receptor,Signaling by Killer Cell Lectin Like Receptor K1,Tumor Tumor ImmunoSup|T cell NK-like,0.587
FGFR4_TGFBR3,simple:P22455,simple:Q03167,FGFR4,TGFBR3,Receptor-Receptor,,Tumor Tumor ImmunoSup|T cell NK-like,0.598
RAET1L_NKG2D_II_receptor,simple:Q5VY80,complex:NKG2D_II_receptor,RAET1L,,Ligand-Receptor,Signaling by Killer Cell Lectin Like Receptor K1,Tumor Tumor ImmunoSup|T cell NK-like,0.589
CEACAM5_CD8A,simple:P06731,simple:P01732,CEACAM5,CD8A,Adhesion-Adhesion,Adhesion by CEAM,Tumor Tumor ImmunoSup|T cell NK-like,0.617
ULBP1_NKG2D_II_receptor,simple:Q9BZM6,complex:NKG2D_II_receptor,ULBP1,,Ligand-Receptor,Signaling by Killer Cell Lectin Like Receptor K1,cDC1|T cell NK-like,0.72
MICA_NKG2D_II_receptor,simple:Q29983,complex:NKG2D_II_receptor,MICA,,Ligand-Receptor,,cDC1|T cell NK-like,0.599
CDH2_FCER2,simple:P19022,simple:P06734,CDH2,FCER2,Ligand-Receptor,Adhesion by Cadherin,cDC1|T cell NK-like,0.652
MICB_NKG2D_II_receptor,simple:Q29980,complex:NKG2D_II_receptor,MICB,,Ligand-Receptor,,cDC1|T cell NK-like,0.652
ProstaglandinE2_byPTGES2_PTGER4,complex:ProstaglandinE2_byPTGES2,simple:P35408,,PTGER4,Ligand-Receptor,Signaling by Prostaglandin,cDC1|T cell NK-like,0.644
TGFB1_TGFBR3,simple:P01137,simple:Q03167,TGFB1,TGFBR3,Ligand-Receptor,Signaling by Transforming growth factor,cDC1|T cell NK-like,0.633
CXCL9_CXCR3,simple:Q07325,simple:P49682,CXCL9,CXCR3,Ligand-Receptor,Signaling by Chemokines,cDC1|T cell NK-like,0.65
CEACAM5_CD8A,simple:P06731,simple:P01732,CEACAM5,CD8A,Adhesion-Adhesion,Adhesion by CEAM,cDC1|T cell NK-like,0.621
TNF_TNFRSF1B,simple:P01375,simple:P20333,TNF,TNFRSF1B,Ligand-Receptor,Signaling by Tumor necrosis factor,cDC1|T cell NK-like,0.619
CXCL16_CXCR6,simple:Q9H2A7,simple:O00574,CXCL16,CXCR6,Ligand-Receptor,Signaling by Chemokines,cDC1|T cell NK-like,0.644
CADM1_CADM1,simple:Q9BY67,simple:Q9BY67,CADM1,CADM1,Adhesion-Adhesion,Adhesion by CADM,cDC1|T cell NK-like,0.635
CALCA_RAMP1_complex,simple:P01258,complex:RAMP1_complex,CALCA,,Ligand-Receptor,Signaling by Calcitonin,cDC1|T cell NK-like,0.598
CD86_CTLA4,simple:P42081,simple:P16410,CD86,CTLA4,Ligand-Receptor,,cDC1|T cell NK-like,0.617
CDH7_CDH7,simple:Q9ULB5,simple:Q9ULB5,CDH7,CDH7,Adhesion-Adhesion,Adhesion by Cadherin,cDC1|T cell NK-like,0.626
CCL19_CCR7,simple:Q99731,simple:P32248,CCL19,CCR7,Ligand-Receptor,Signaling by Chemokines,DC mature|T cell CD4 dividing,0.701
ProstaglandinE2_byPTGES2_PTGER1,complex:ProstaglandinE2_byPTGES2,simple:P34995,,PTGER1,Ligand-Receptor,Signaling by Prostaglandin,DC mature|T cell CD4 dividing,0.627
C10orf99_SUSD2,simple:Q6UWK7,simple:Q9UGT4,C10orf99,SUSD2,Ligand-Receptor,,DC mature|T cell CD4 dividing,0.653
ULBP1_NKG2D_II_receptor,simple:Q9BZM6,complex:NKG2D_II_receptor,ULBP1,,Ligand-Receptor,Signaling by Killer Cell Lectin Like Receptor K1,DC mature|T cell CD4 dividing,0.617
LipoxinA4_byALOX12_FPR2,complex:LipoxinA4_byALOX12,simple:P25090,,FPR2,Ligand-Receptor,Signaling by Lipoxin/Leukotriene,DC mature|T cell CD4 dividing,0.64
CCL19_CCRL2,simple:Q99731,simple:O00421,CCL19,CCRL2,Ligand-Receptor,Signaling by Chemokines,DC mature|T cell CD4 dividing,0.652
PVR_TIGIT,simple:P15151,simple:Q495A1,PVR,TIGIT,Ligand-Receptor,Signaling by Poliovirus receptor,DC mature|T cell CD4 dividing,0.733
PVR_CD96,simple:P15151,simple:P40200,PVR,CD96,Ligand-Receptor,Signaling by Poliovirus receptor,DC mature|T cell CD4 dividing,0.71
CD200_CD200R1,simple:P41217,simple:Q8TD46,CD200,CD200R1,Ligand-Receptor,,DC mature|T cell CD4 dividing,0.715
ProstaglandinE2_byPTGES2_PTGER3,complex:ProstaglandinE2_byPTGES2,simple:P43115,,PTGER3,Ligand-Receptor,Signaling by Prostaglandin,DC mature|T cell CD4 dividing,0.612
SAA1_FPR2,simple:P0DJI8,simple:P25090,SAA1,FPR2,Ligand-Receptor,,DC mature|T cell CD4 dividing,0.596
CCL20_CCR6,simple:P78556,simple:P51684,CCL20,CCR6,Ligand-Receptor,Signaling by Chemokines,DC mature|T cell CD4 dividing,0.603
ProstaglandinE2_byPTGES2_PTGER4,complex:ProstaglandinE2_byPTGES2,simple:P35408,,PTGER4,Ligand-Receptor,Signaling by Prostaglandin,DC mature|T cell CD4 dividing,0.665
TNFSF18_TNFRSF18,simple:Q9UNG2,simple:Q9Y5U5,TNFSF18,TNFRSF18,Ligand-Receptor,Signaling by Tumor necrosis factor,DC mature|T cell CD4 dividing,0.811
TNFSF13B_TNFRSF13B,simple:Q9Y275,simple:O14836,TNFSF13B,TNFRSF13B,Ligand-Receptor,Signaling by Tumor necrosis factor,DC mature|T cell CD4 dividing,0.623
WNT5B_SFRP1,simple:Q9H1J7,simple:Q8N474,WNT5B,SFRP1,Ligand-Ligand,Signaling by WNT inhibition,DC mature|T cell CD4 dividing,0.65
CD70_CD27,simple:P32970,simple:P26842,CD70,CD27,Ligand-Receptor,,DC mature|T cell CD4 dividing,0.724
IL4_IL4_receptor,simple:P05112,complex:IL4_receptor,IL4,,Ligand-Receptor,Signaling by Interleukin,DC mature|T cell CD4 dividing,0.537
PVR_CD226,simple:P15151,simple:Q15762,PVR,CD226,Ligand-Receptor,Signaling by Poliovirus receptor,DC mature|T cell CD4 dividing,0.689
NECTIN2_TIGIT,simple:Q92692,simple:Q495A1,NECTIN2,TIGIT,Ligand-Receptor,Signaling by Nectin,DC mature|T cell CD4 dividing,0.759
TNFSF9_TNFRSF9,simple:P41273,simple:Q07011,TNFSF9,TNFRSF9,Ligand-Receptor,Signaling by Tumor necrosis factor,DC mature|T cell CD4 dividing,0.635
CXCL9_CXCR3,simple:Q07325,simple:P49682,CXCL9,CXCR3,Ligand-Receptor,Signaling by Chemokines,DC mature|T cell CD4 dividing,0.782
CXCL10_CXCR3,simple:P02778,simple:P49682,CXCL10,CXCR3,Ligand-Receptor,Signaling by Chemokines,DC mature|T cell CD4 dividing,0.771
CRLF2_TSLPR,simple:Q9HC73,complex:TSLPR,CRLF2,,Receptor-Receptor,,DC mature|T cell CD4 dividing,0.676
IL21_IL21_receptor,simple:Q9HBE4,complex:IL21_receptor,IL21,,Ligand-Receptor,Signaling by Interleukin,DC mature|T cell CD4 dividing,0.581
CXCL10_DPP4,simple:P02778,simple:P27487,CXCL10,DPP4,Ligand-Receptor,Signaling by Chemokines,DC mature|T cell CD4 dividing,0.657
CXCL11_CXCR3,simple:O14625,simple:P49682,CXCL11,CXCR3,Ligand-Receptor,Signaling by Chemokines,DC mature|T cell CD4 dividing,0.778
CXCL9_DPP4,simple:Q07325,simple:P27487,CXCL9,DPP4,Ligand-Receptor,Signaling by Chemokines,DC mature|T cell CD4 dividing,0.667
CXCL16_CXCR6,simple:Q9H2A7,simple:O00574,CXCL16,CXCR6,Ligand-Receptor,Signaling by Chemokines,DC mature|T cell CD4 dividing,0.717
CALCA_RAMP1_complex,simple:P01258,complex:RAMP1_complex,CALCA,,Ligand-Receptor,Signaling by Calcitonin,DC mature|T cell CD4 dividing,0.609
CXCL11_ACKR3,simple:O14625,simple:P25106,CXCL11,ACKR3,Ligand-Receptor,Signaling by Chemokines,DC mature|T cell CD4 dividing,0.632
CD86_CTLA4,simple:P42081,simple:P16410,CD86,CTLA4,Ligand-Receptor,,DC mature|T cell CD4 dividing,0.794
CXCL11_DPP4,simple:O14625,simple:P27487,CXCL11,DPP4,Ligand-Receptor,Signaling by Chemokines,DC mature|T cell CD4 dividing,0.663
SerotoninDopamin_byDDC_HTR3C,complex:SerotoninDopamin_byDDC,simple:Q8WXA8,,HTR3C,Ligand-Receptor,Signaling by Serotonin/Dopamine,DC mature|T cell CD4 dividing,0.554
WNT5B_WIF1,simple:Q9H1J7,simple:Q9Y5W5,WNT5B,WIF1,Ligand-Ligand,Signaling by WNT inhibition,DC mature|T cell CD4 dividing,0.651
WNT5B_SFRP5,simple:Q9H1J7,simple:Q5T4F7,WNT5B,SFRP5,Ligand-Ligand,Signaling by WNT inhibition,DC mature|T cell CD4 dividing,0.649
CCL22_DPP4,simple:O00626,simple:P27487,CCL22,DPP4,Ligand-Receptor,Signaling by Chemokines,DC mature|T cell CD4 dividing,0.681
CXCL5_CXCR1,simple:P42830,simple:P25024,CXCL5,CXCR1,Ligand-Receptor,Signaling by Chemokines,Macrophage alveolar|T cell CD4 dividing,0.599
TNFSF13_TNFRSF13B,simple:O75888,simple:O14836,TNFSF13,TNFRSF13B,Ligand-Receptor,Signaling by Tumor necrosis factor,Macrophage alveolar|T cell CD4 dividing,0.598
PVR_TIGIT,simple:P15151,simple:Q495A1,PVR,TIGIT,Ligand-Receptor,Signaling by Poliovirus receptor,Macrophage alveolar|T cell CD4 dividing,0.715
CXCL5_CXCR2,simple:P42830,simple:P25025,CXCL5,CXCR2,Ligand-Receptor,Signaling by Chemokines,Macrophage alveolar|T cell CD4 dividing,0.595
PVR_CD96,simple:P15151,simple:P40200,PVR,CD96,Ligand-Receptor,Signaling by Poliovirus receptor,Macrophage alveolar|T cell CD4 dividing,0.692
TNFSF13_TNFRSF17,simple:O75888,simple:Q02223,TNFSF13,TNFRSF17,Ligand-Receptor,Signaling by Tumor necrosis factor,Macrophage alveolar|T cell CD4 dividing,0.578
PF4_CXCR3,simple:P02776,simple:P49682,PF4,CXCR3,Ligand-Receptor,,Macrophage alveolar|T cell CD4 dividing,0.639
CCL20_CCR6,simple:P78556,simple:P51684,CCL20,CCR6,Ligand-Receptor,Signaling by Chemokines,Macrophage alveolar|T cell CD4 dividing,0.714
TNFSF18_TNFRSF18,simple:Q9UNG2,simple:Q9Y5U5,TNFSF18,TNFRSF18,Ligand-Receptor,Signaling by Tumor necrosis factor,Macrophage alveolar|T cell CD4 dividing,0.628
IL4_IL4_receptor,simple:P05112,complex:IL4_receptor,IL4,,Ligand-Receptor,Signaling by Interleukin,Macrophage alveolar|T cell CD4 dividing,0.546
CXCL3_CXCR2,simple:P19876,simple:P25025,CXCL3,CXCR2,Ligand-Receptor,Signaling by Chemokines,Macrophage alveolar|T cell CD4 dividing,0.587
FGL1_LAG3,simple:Q08830,simple:P18627,FGL1,LAG3,Ligand-Receptor,Signaling by Fibroblast growth factor,Macrophage alveolar|T cell CD4 dividing,0.568
PVR_CD226,simple:P15151,simple:Q15762,PVR,CD226,Ligand-Receptor,Signaling by Poliovirus receptor,Macrophage alveolar|T cell CD4 dividing,0.672
NECTIN2_TIGIT,simple:Q92692,simple:Q495A1,NECTIN2,TIGIT,Ligand-Receptor,Signaling by Nectin,Macrophage alveolar|T cell CD4 dividing,0.626
TNFSF9_TNFRSF9,simple:P41273,simple:Q07011,TNFSF9,TNFRSF9,Ligand-Receptor,Signaling by Tumor necrosis factor,Macrophage alveolar|T cell CD4 dividing,0.609
CXCL9_CXCR3,simple:Q07325,simple:P49682,CXCL9,CXCR3,Ligand-Receptor,Signaling by Chemokines,Macrophage alveolar|T cell CD4 dividing,0.61
CXCL10_CXCR3,simple:P02778,simple:P49682,CXCL10,CXCR3,Ligand-Receptor,Signaling by Chemokines,Macrophage alveolar|T cell CD4 dividing,0.624
CRLF2_TSLPR,simple:Q9HC73,complex:TSLPR,CRLF2,,Receptor-Receptor,,Macrophage alveolar|T cell CD4 dividing,0.49
CEACAM8_CEACAM6,simple:P31997,simple:P40199,CEACAM8,CEACAM6,Adhesion-Adhesion,Adhesion by CEAM,Macrophage alveolar|T cell CD4 dividing,0.6
IL21_IL21_receptor,simple:Q9HBE4,complex:IL21_receptor,IL21,,Ligand-Receptor,Signaling by Interleukin,Macrophage alveolar|T cell CD4 dividing,0.584
ANGPT4_TEK,simple:Q9Y264,simple:Q02763,ANGPT4,TEK,Ligand-Receptor,Signaling by Angiopoietin,Macrophage alveolar|T cell CD4 dividing,0.586
TNF_TNFRSF1B,simple:P01375,simple:P20333,TNF,TNFRSF1B,Ligand-Receptor,Signaling by Tumor necrosis factor,Macrophage alveolar|T cell CD4 dividing,0.667
CXCL16_CXCR6,simple:Q9H2A7,simple:O00574,CXCL16,CXCR6,Ligand-Receptor,Signaling by Chemokines,Macrophage alveolar|T cell CD4 dividing,0.708
RBP4_STRA6,simple:P02753,simple:Q9BX79,RBP4,STRA6,Ligand-Receptor,,Macrophage alveolar|T cell CD4 dividing,0.6
HFE_TFRC,simple:Q30201,simple:P02786,HFE,TFRC,Ligand-Receptor,,Macrophage alveolar|T cell CD4 dividing,0.676
CD86_CTLA4,simple:P42081,simple:P16410,CD86,CTLA4,Ligand-Receptor,,Macrophage alveolar|T cell CD4 dividing,0.708
CD34_SELL,simple:P28906,simple:P14151,CD34,SELL,Ligand-Receptor,,Monocyte classical|T cell CD4 dividing,0.587
PVR_TIGIT,simple:P15151,simple:Q495A1,PVR,TIGIT,Ligand-Receptor,Signaling by Poliovirus receptor,Monocyte classical|T cell CD4 dividing,0.629
PVR_CD96,simple:P15151,simple:P40200,PVR,CD96,Ligand-Receptor,Signaling by Poliovirus receptor,Monocyte classical|T cell CD4 dividing,0.606
PF4_CXCR3,simple:P02776,simple:P49682,PF4,CXCR3,Ligand-Receptor,,Monocyte classical|T cell CD4 dividing,0.62
PODXL_SELL,simple:O00592,simple:P14151,PODXL,SELL,Receptor-Receptor,Signaling by Podocalyxin-like protein,Monocyte classical|T cell CD4 dividing,0.588
CCL20_CCR6,simple:P78556,simple:P51684,CCL20,CCR6,Ligand-Receptor,Signaling by Chemokines,Monocyte classical|T cell CD4 dividing,0.731
TNFSF18_TNFRSF18,simple:Q9UNG2,simple:Q9Y5U5,TNFSF18,TNFRSF18,Ligand-Receptor,Signaling by Tumor necrosis factor,Monocyte classical|T cell CD4 dividing,0.637
RAET1L_NKG2D_II_receptor,simple:Q5VY80,complex:NKG2D_II_receptor,RAET1L,,Ligand-Receptor,Signaling by Killer Cell Lectin Like Receptor K1,Monocyte classical|T cell CD4 dividing,0.584
IL4_IL4_receptor,simple:P05112,complex:IL4_receptor,IL4,,Ligand-Receptor,Signaling by Interleukin,Monocyte classical|T cell CD4 dividing,0.541
CXCL3_CXCR2,simple:P19876,simple:P25025,CXCL3,CXCR2,Ligand-Receptor,Signaling by Chemokines,Monocyte classical|T cell CD4 dividing,0.589
PVR_CD226,simple:P15151,simple:Q15762,PVR,CD226,Ligand-Receptor,Signaling by Poliovirus receptor,Monocyte classical|T cell CD4 dividing,0.585
NECTIN2_TIGIT,simple:Q92692,simple:Q495A1,NECTIN2,TIGIT,Ligand-Receptor,Signaling by Nectin,Monocyte classical|T cell CD4 dividing,0.646
TNFSF9_TNFRSF9,simple:P41273,simple:Q07011,TNFSF9,TNFRSF9,Ligand-Receptor,Signaling by Tumor necrosis factor,Monocyte classical|T cell CD4 dividing,0.604
CXCL2_CXCR2,simple:P19875,simple:P25025,CXCL2,CXCR2,Ligand-Receptor,Signaling by Chemokines,Monocyte classical|T cell CD4 dividing,0.59
CXCL9_CXCR3,simple:Q07325,simple:P49682,CXCL9,CXCR3,Ligand-Receptor,Signaling by Chemokines,Monocyte classical|T cell CD4 dividing,0.618
CXCL10_CXCR3,simple:P02778,simple:P49682,CXCL10,CXCR3,Ligand-Receptor,Signaling by Chemokines,Monocyte classical|T cell CD4 dividing,0.675
CRLF2_TSLPR,simple:Q9HC73,complex:TSLPR,CRLF2,,Receptor-Receptor,,Monocyte classical|T cell CD4 dividing,0.499
IL21_IL21_receptor,simple:Q9HBE4,complex:IL21_receptor,IL21,,Ligand-Receptor,Signaling by Interleukin,Monocyte classical|T cell CD4 dividing,0.582
TNF_TNFRSF1B,simple:P01375,simple:P20333,TNF,TNFRSF1B,Ligand-Receptor,Signaling by Tumor necrosis factor,Monocyte classical|T cell CD4 dividing,0.636
CXCL11_CXCR3,simple:O14625,simple:P49682,CXCL11,CXCR3,Ligand-Receptor,Signaling by Chemokines,Monocyte classical|T cell CD4 dividing,0.691
CXCL16_CXCR6,simple:Q9H2A7,simple:O00574,CXCL16,CXCR6,Ligand-Receptor,Signaling by Chemokines,Monocyte classical|T cell CD4 dividing,0.686
HBEGF_ERBB4,simple:Q99075,simple:Q15303,HBEGF,ERBB4,Ligand-Receptor,Signaling by Epidermal growth factor,Monocyte classical|T cell CD4 dividing,0.614
CD86_CTLA4,simple:P42081,simple:P16410,CD86,CTLA4,Ligand-Receptor,,Monocyte classical|T cell CD4 dividing,0.729
NRG1_ERBB4,simple:Q02297,simple:Q15303,NRG1,ERBB4,Ligand-Receptor,Signaling by Neuregulin,Monocyte classical|T cell CD4 dividing,0.628
EREG_ERBB4,simple:O14944,simple:Q15303,EREG,ERBB4,Ligand-Receptor,Signaling by Epidermal growth factor,Monocyte classical|T cell CD4 dividing,0.628
CCL19_CCR7,simple:Q99731,simple:P32248,CCL19,CCR7,Ligand-Receptor,Signaling by Chemokines,T cell CD4 dividing|DC mature,0.657
CCL21_CCR7,simple:O00585,simple:P32248,CCL21,CCR7,Ligand-Receptor,Signaling by Chemokines,T cell CD4 dividing|DC mature,0.659
LCK_CD8_receptor,simple:P06239,complex:CD8_receptor,LCK,,Receptor-Receptor,,T cell CD4 dividing|DC mature,0.592
CALCB_RAMP1_complex,simple:P10092,complex:RAMP1_complex,CALCB,,Ligand-Receptor,Signaling by Calcitonin,T cell CD4 dividing|DC mature,0.644
LTA_TNFRSF1B,simple:P01374,simple:P20333,LTA,TNFRSF1B,Ligand-Receptor,Signaling by Tumor necrosis factor,T cell CD4 dividing|DC mature,0.693
CD44_TYROBP,simple:P16070,simple:O43914,CD44,TYROBP,Ligand-Receptor,,T cell CD4 dividing|DC mature,0.63
MICB_NKG2D_II_receptor,simple:Q29980,complex:NKG2D_II_receptor,MICB,,Ligand-Receptor,,T cell CD4 dividing|DC mature,0.592
CCL20_CCR6,simple:P78556,simple:P51684,CCL20,CCR6,Ligand-Receptor,Signaling by Chemokines,T cell CD4 dividing|DC mature,0.698
RAET1L_NKG2D_II_receptor,simple:Q5VY80,complex:NKG2D_II_receptor,RAET1L,,Ligand-Receptor,Signaling by Killer Cell Lectin Like Receptor K1,T cell CD4 dividing|DC mature,0.587
Prostacyclin_byPTGIS_PTGIR,complex:Prostacyclin_byPTGIS,simple:P43119,,PTGIR,Ligand-Receptor,,T cell CD4 dividing|DC mature,0.63
IL4_IL4_receptor,simple:P05112,complex:IL4_receptor,IL4,,Ligand-Receptor,Signaling by Interleukin,T cell CD4 dividing|DC mature,0.648
CD226_NECTIN2,simple:Q15762,simple:Q92692,CD226,NECTIN2,Adhesion-Adhesion,,T cell CD4 dividing|DC mature,0.715
FGL1_LAG3,simple:Q08830,simple:P18627,FGL1,LAG3,Ligand-Receptor,Signaling by Fibroblast growth factor,T cell CD4 dividing|DC mature,0.549
TNFSF9_TNFRSF9,simple:P41273,simple:Q07011,TNFSF9,TNFRSF9,Ligand-Receptor,Signaling by Tumor necrosis factor,T cell CD4 dividing|DC mature,0.618
CXCL13_CXCR5,simple:O43927,simple:P32302,CXCL13,CXCR5,Ligand-Receptor,Signaling by Chemokines,T cell CD4 dividing|DC mature,0.584
TSLP_TSLPR,simple:Q969D9,complex:TSLPR,TSLP,,Ligand-Receptor,,T cell CD4 dividing|DC mature,0.602
CRLF2_TSLPR,simple:Q9HC73,complex:TSLPR,CRLF2,,Receptor-Receptor,,T cell CD4 dividing|DC mature,0.63
IL13_IL13RA2,simple:P35225,simple:Q14627,IL13,IL13RA2,Ligand-Receptor,Signaling by Interleukin,T cell CD4 dividing|DC mature,0.613
IL21_IL21_receptor,simple:Q9HBE4,complex:IL21_receptor,IL21,,Ligand-Receptor,Signaling by Interleukin,T cell CD4 dividing|DC mature,0.722
TNF_TNFRSF1B,simple:P01375,simple:P20333,TNF,TNFRSF1B,Ligand-Receptor,Signaling by Tumor necrosis factor,T cell CD4 dividing|DC mature,0.607
CD40LG_CD40,simple:P29965,simple:P25942,CD40LG,CD40,Ligand-Receptor,,T cell CD4 dividing|DC mature,0.79
CALCA_RAMP1_complex,simple:P01258,complex:RAMP1_complex,CALCA,,Ligand-Receptor,Signaling by Calcitonin,T cell CD4 dividing|DC mature,0.593
CCL28_CCR10,simple:Q9NRJ3,simple:P46092,CCL28,CCR10,Ligand-Receptor,Signaling by Chemokines,T cell CD4 dividing|DC mature,0.614
CD177_PECAM1,simple:Q8N6Q3,simple:P16284,CD177,PECAM1,Ligand-Receptor,,T cell CD4 dividing|DC mature,0.628
IL24_IL20_receptor_Type_I,simple:Q13007,complex:IL20_receptor_Type_I,IL24,,Ligand-Receptor,Signaling by Interleukin,T cell CD4 dividing|DC mature,0.582
TNFSF10_TNFRSF11B,simple:P50591,simple:O00300,TNFSF10,TNFRSF11B,Ligand-Receptor,Signaling by Tumor necrosis factor,T cell CD4 dividing|DC mature,0.664
SerotoninDopamin_byDDC_HTR3C,complex:SerotoninDopamin_byDDC,simple:Q8WXA8,,HTR3C,Ligand-Receptor,Signaling by Serotonin/Dopamine,T cell CD4 dividing|DC mature,0.526
LCK_CD8_receptor,simple:P06239,complex:CD8_receptor,LCK,,Receptor-Receptor,,T cell CD4 dividing|Macrophage alveolar,0.599
DHEAsulfate_bySULT1E1_PPARG,complex:DHEAsulfate_bySULT1E1,simple:P37231,,PPARG,Ligand-Receptor,Signaling by Dehydroepiandrosterone,T cell CD4 dividing|Macrophage alveolar,0.583
CALCB_RAMP1_complex,simple:P10092,complex:RAMP1_complex,CALCB,,Ligand-Receptor,Signaling by Calcitonin,T cell CD4 dividing|Macrophage alveolar,0.616
LTA_TNFRSF1B,simple:P01374,simple:P20333,LTA,TNFRSF1B,Ligand-Receptor,Signaling by Tumor necrosis factor,T cell CD4 dividing|Macrophage alveolar,0.62
LipoxinA4_byALOX12_FPR2,complex:LipoxinA4_byALOX12,simple:P25090,,FPR2,Ligand-Receptor,Signaling by Lipoxin/Leukotriene,T cell CD4 dividing|Macrophage alveolar,0.633
PTPRC_MRC1,simple:P08575,simple:P22897,PTPRC,MRC1,Receptor-Receptor,,T cell CD4 dividing|Macrophage alveolar,0.672
CD44_TYROBP,simple:P16070,simple:O43914,CD44,TYROBP,Ligand-Receptor,,T cell CD4 dividing|Macrophage alveolar,0.596
PTPRC_CD22,simple:P08575,simple:P20273,PTPRC,CD22,Receptor-Receptor,,T cell CD4 dividing|Macrophage alveolar,0.575
SAA1_FPR2,simple:P0DJI8,simple:P25090,SAA1,FPR2,Ligand-Receptor,,T cell CD4 dividing|Macrophage alveolar,0.573
MICB_NKG2D_II_receptor,simple:Q29980,complex:NKG2D_II_receptor,MICB,,Ligand-Receptor,,T cell CD4 dividing|Macrophage alveolar,0.607
RAET1L_NKG2D_II_receptor,simple:Q5VY80,complex:NKG2D_II_receptor,RAET1L,,Ligand-Receptor,Signaling by Killer Cell Lectin Like Receptor K1,T cell CD4 dividing|Macrophage alveolar,0.603
CD70_CD27,simple:P32970,simple:P26842,CD70,CD27,Ligand-Receptor,,T cell CD4 dividing|Macrophage alveolar,0.6
IL4_IL4_receptor,simple:P05112,complex:IL4_receptor,IL4,,Ligand-Receptor,Signaling by Interleukin,T cell CD4 dividing|Macrophage alveolar,0.555
HLA-G_LILRB1,simple:P17693,simple:Q8NHL6,HLA-G,LILRB1,Ligand-Receptor,Signaling by HLA,T cell CD4 dividing|Macrophage alveolar,0.654
APOE_TREM2_receptor,simple:P02649,complex:TREM2_receptor,APOE,,Ligand-Receptor,Signaling by Apolipoprotein,T cell CD4 dividing|Macrophage alveolar,0.564
CXCL13_CXCR5,simple:O43927,simple:P32302,CXCL13,CXCR5,Ligand-Receptor,Signaling by Chemokines,T cell CD4 dividing|Macrophage alveolar,0.587
HLA-G_LILRB2,simple:P17693,simple:Q8N423,HLA-G,LILRB2,Ligand-Receptor,Signaling by HLA,T cell CD4 dividing|Macrophage alveolar,0.616
CD320_JAML,simple:Q9NPF0,simple:Q86YT9,CD320,JAML,Ligand-Receptor,,T cell CD4 dividing|Macrophage alveolar,0.665
CRLF2_TSLPR,simple:Q9HC73,complex:TSLPR,CRLF2,,Receptor-Receptor,,T cell CD4 dividing|Macrophage alveolar,0.49
IL13_IL13RA2,simple:P35225,simple:Q14627,IL13,IL13RA2,Ligand-Receptor,Signaling by Interleukin,T cell CD4 dividing|Macrophage alveolar,0.617
IL21_IL21_receptor,simple:Q9HBE4,complex:IL21_receptor,IL21,,Ligand-Receptor,Signaling by Interleukin,T cell CD4 dividing|Macrophage alveolar,0.607
Desmosterol_byDHCR7_NR1H3,complex:Desmosterol_byDHCR7,simple:Q13133,,NR1H3,Ligand-Receptor,Signaling by Cholesterol/Desmosterol,T cell CD4 dividing|Macrophage alveolar,0.67
CD40LG_CD40,simple:P29965,simple:P25942,CD40LG,CD40,Ligand-Receptor,,T cell CD4 dividing|Macrophage alveolar,0.682
CALCA_RAMP1_complex,simple:P01258,complex:RAMP1_complex,CALCA,,Ligand-Receptor,Signaling by Calcitonin,T cell CD4 dividing|Macrophage alveolar,0.565
CD99_PILRA,simple:P14209,simple:Q9UKJ1,CD99,PILRA,Ligand-Receptor,,T cell CD4 dividing|Macrophage alveolar,0.627
CCL28_CCR10,simple:Q9NRJ3,simple:P46092,CCL28,CCR10,Ligand-Receptor,Signaling by Chemokines,T cell CD4 dividing|Macrophage alveolar,0.608
CD177_PECAM1,simple:Q8N6Q3,simple:P16284,CD177,PECAM1,Ligand-Receptor,,T cell CD4 dividing|Macrophage alveolar,0.724
IL24_IL20_receptor_Type_I,simple:Q13007,complex:IL20_receptor_Type_I,IL24,,Ligand-Receptor,Signaling by Interleukin,T cell CD4 dividing|Macrophage alveolar,0.621
ENTPD1_ADORA3,simple:P49961,simple:P0DMS8,ENTPD1,ADORA3,Ligand-Receptor,Signaling by Ectonucleoside,T cell CD4 dividing|Macrophage alveolar,0.589
APOB_TREM2_receptor,simple:P04114,complex:TREM2_receptor,APOB,,Ligand-Receptor,Signaling by Apolipoprotein,T cell CD4 dividing|Macrophage alveolar,0.619
CEACAM1_CEACAM8,simple:P13688,simple:P31997,CEACAM1,CEACAM8,Adhesion-Adhesion,Adhesion by CEAM,T cell CD4 dividing|Macrophage alveolar,0.627
LCK_CD8_receptor,simple:P06239,complex:CD8_receptor,LCK,,Receptor-Receptor,,T cell CD4 dividing|Monocyte classical,0.596
CCL5_CCR1,simple:P13501,simple:P32246,CCL5,CCR1,Ligand-Receptor,Signaling by Chemokines,T cell CD4 dividing|Monocyte classical,0.583
CALCB_RAMP1_complex,simple:P10092,complex:RAMP1_complex,CALCB,,Ligand-Receptor,Signaling by Calcitonin,T cell CD4 dividing|Monocyte classical,0.611
LTA_TNFRSF1B,simple:P01374,simple:P20333,LTA,TNFRSF1B,Ligand-Receptor,Signaling by Tumor necrosis factor,T cell CD4 dividing|Monocyte classical,0.724
LipoxinA4_byALOX12_FPR2,complex:LipoxinA4_byALOX12,simple:P25090,,FPR2,Ligand-Receptor,Signaling by Lipoxin/Leukotriene,T cell CD4 dividing|Monocyte classical,0.669
PTPRC_MRC1,simple:P08575,simple:P22897,PTPRC,MRC1,Receptor-Receptor,,T cell CD4 dividing|Monocyte classical,0.609
CD44_TYROBP,simple:P16070,simple:O43914,CD44,TYROBP,Ligand-Receptor,,T cell CD4 dividing|Monocyte classical,0.599
LipoxinA4_byALOX5_FPR2,complex:LipoxinA4_byALOX5,simple:P25090,,FPR2,Ligand-Receptor,Signaling by Lipoxin/Leukotriene,T cell CD4 dividing|Monocyte classical,0.539
SAA1_FPR2,simple:P0DJI8,simple:P25090,SAA1,FPR2,Ligand-Receptor,,T cell CD4 dividing|Monocyte classical,0.608
MICB_NKG2D_II_receptor,simple:Q29980,complex:NKG2D_II_receptor,MICB,,Ligand-Receptor,,T cell CD4 dividing|Monocyte classical,0.605
CSF1_CSF1R,simple:P09603,simple:P07333,CSF1,CSF1R,Ligand-Receptor,Signaling by Colony-Stimulating factor,T cell CD4 dividing|Monocyte classical,0.621
RAET1L_NKG2D_II_receptor,simple:Q5VY80,complex:NKG2D_II_receptor,RAET1L,,Ligand-Receptor,Signaling by Killer Cell Lectin Like Receptor K1,T cell CD4 dividing|Monocyte classical,0.6
IL4_IL4_receptor,simple:P05112,complex:IL4_receptor,IL4,,Ligand-Receptor,Signaling by Interleukin,T cell CD4 dividing|Monocyte classical,0.533
HLA-G_LILRB1,simple:P17693,simple:Q8NHL6,HLA-G,LILRB1,Ligand-Receptor,Signaling by HLA,T cell CD4 dividing|Monocyte classical,0.678
LeukotrieneC4_byLTC4S_CYSLTR2,complex:LeukotrieneC4_byLTC4S,simple:Q9NS75,,CYSLTR2,Ligand-Receptor,Signaling by Lipoxin/Leukotriene,T cell CD4 dividing|Monocyte classical,0.544
CXCL13_CXCR5,simple:O43927,simple:P32302,CXCL13,CXCR5,Ligand-Receptor,Signaling by Chemokines,T cell CD4 dividing|Monocyte classical,0.588
HLA-G_LILRB2,simple:P17693,simple:Q8N423,HLA-G,LILRB2,Ligand-Receptor,Signaling by HLA,T cell CD4 dividing|Monocyte classical,0.688
CD320_JAML,simple:Q9NPF0,simple:Q86YT9,CD320,JAML,Ligand-Receptor,,T cell CD4 dividing|Monocyte classical,0.664
IL13_IL13RA2,simple:P35225,simple:Q14627,IL13,IL13RA2,Ligand-Receptor,Signaling by Interleukin,T cell CD4 dividing|Monocyte classical,0.616
IL21_IL21_receptor,simple:Q9HBE4,complex:IL21_receptor,IL21,,Ligand-Receptor,Signaling by Interleukin,T cell CD4 dividing|Monocyte classical,0.606
TNF_TNFRSF1B,simple:P01375,simple:P20333,TNF,TNFRSF1B,Ligand-Receptor,Signaling by Tumor necrosis factor,T cell CD4 dividing|Monocyte classical,0.638
CD40LG_CD40,simple:P29965,simple:P25942,CD40LG,CD40,Ligand-Receptor,,T cell CD4 dividing|Monocyte classical,0.628
CD99_PILRA,simple:P14209,simple:Q9UKJ1,CD99,PILRA,Ligand-Receptor,,T cell CD4 dividing|Monocyte classical,0.632
CD52_SIGLEC10,simple:P31358,simple:Q96LC7,CD52,SIGLEC10,Ligand-Receptor,,T cell CD4 dividing|Monocyte classical,0.647
CD177_PECAM1,simple:Q8N6Q3,simple:P16284,CD177,PECAM1,Ligand-Receptor,,T cell CD4 dividing|Monocyte classical,0.687
IL24_IL20_receptor_Type_I,simple:Q13007,complex:IL20_receptor_Type_I,IL24,,Ligand-Receptor,Signaling by Interleukin,T cell CD4 dividing|Monocyte classical,0.61
ENTPD1_ADORA3,simple:P49961,simple:P0DMS8,ENTPD1,ADORA3,Ligand-Receptor,Signaling by Ectonucleoside,T cell CD4 dividing|Monocyte classical,0.587
SerotoninDopamin_byDDC_HTR3C,complex:SerotoninDopamin_byDDC,simple:Q8WXA8,,HTR3C,Ligand-Receptor,Signaling by Serotonin/Dopamine,T cell CD4 dividing|Monocyte classical,0.525
CTSG_FPR1,simple:P08311,simple:P21462,CTSG,FPR1,Ligand-Receptor,Signaling by Cathepsin,T cell CD4 dividing|Monocyte classical,0.592
FCER2_integrin_aXb2_complex,simple:P06734,complex:integrin_aXb2_complex,FCER2,,Receptor-Receptor,Signaling by FC receptor,T cell CD4 dividing|Monocyte classical,0.56
CALCB_RAMP1_complex,simple:P10092,complex:RAMP1_complex,CALCB,,Ligand-Receptor,Signaling by Calcitonin,T cell CD4 dividing|T cell CD4 dividing,0.603
LTA_TNFRSF1B,simple:P01374,simple:P20333,LTA,TNFRSF1B,Ligand-Receptor,Signaling by Tumor necrosis factor,T cell CD4 dividing|T cell CD4 dividing,0.737
ULBP1_NKG2D_II_receptor,simple:Q9BZM6,complex:NKG2D_II_receptor,ULBP1,,Ligand-Receptor,Signaling by Killer Cell Lectin Like Receptor K1,T cell CD4 dividing|T cell CD4 dividing,0.579
PVR_TIGIT,simple:P15151,simple:Q495A1,PVR,TIGIT,Ligand-Receptor,Signaling by Poliovirus receptor,T cell CD4 dividing|T cell CD4 dividing,0.599
PVR_CD96,simple:P15151,simple:P40200,PVR,CD96,Ligand-Receptor,Signaling by Poliovirus receptor,T cell CD4 dividing|T cell CD4 dividing,0.576
CD200_CD200R1,simple:P41217,simple:Q8TD46,CD200,CD200R1,Ligand-Receptor,,T cell CD4 dividing|T cell CD4 dividing,0.656
PF4_CXCR3,simple:P02776,simple:P49682,PF4,CXCR3,Ligand-Receptor,,T cell CD4 dividing|T cell CD4 dividing,0.622
MICB_NKG2D_II_receptor,simple:Q29980,complex:NKG2D_II_receptor,MICB,,Ligand-Receptor,,T cell CD4 dividing|T cell CD4 dividing,0.627
CCL20_CCR6,simple:P78556,simple:P51684,CCL20,CCR6,Ligand-Receptor,Signaling by Chemokines,T cell CD4 dividing|T cell CD4 dividing,0.695
TNFSF18_TNFRSF18,simple:Q9UNG2,simple:Q9Y5U5,TNFSF18,TNFRSF18,Ligand-Receptor,Signaling by Tumor necrosis factor,T cell CD4 dividing|T cell CD4 dividing,0.621
RAET1L_NKG2D_II_receptor,simple:Q5VY80,complex:NKG2D_II_receptor,RAET1L,,Ligand-Receptor,Signaling by Killer Cell Lectin Like Receptor K1,T cell CD4 dividing|T cell CD4 dividing,0.622
CD70_CD27,simple:P32970,simple:P26842,CD70,CD27,Ligand-Receptor,,T cell CD4 dividing|T cell CD4 dividing,0.746
IL4_IL4_receptor,simple:P05112,complex:IL4_receptor,IL4,,Ligand-Receptor,Signaling by Interleukin,T cell CD4 dividing|T cell CD4 dividing,0.645
FGL1_LAG3,simple:Q08830,simple:P18627,FGL1,LAG3,Ligand-Receptor,Signaling by Fibroblast growth factor,T cell CD4 dividing|T cell CD4 dividing,0.599
TNFSF9_TNFRSF9,simple:P41273,simple:Q07011,TNFSF9,TNFRSF9,Ligand-Receptor,Signaling by Tumor necrosis factor,T cell CD4 dividing|T cell CD4 dividing,0.603
CXCL13_CXCR5,simple:O43927,simple:P32302,CXCL13,CXCR5,Ligand-Receptor,Signaling by Chemokines,T cell CD4 dividing|T cell CD4 dividing,0.61
CXCL9_CXCR3,simple:Q07325,simple:P49682,CXCL9,CXCR3,Ligand-Receptor,Signaling by Chemokines,T cell CD4 dividing|T cell CD4 dividing,0.59
CXCL10_CXCR3,simple:P02778,simple:P49682,CXCL10,CXCR3,Ligand-Receptor,Signaling by Chemokines,T cell CD4 dividing|T cell CD4 dividing,0.603
HLA-G_LILRB2,simple:P17693,simple:Q8N423,HLA-G,LILRB2,Ligand-Receptor,Signaling by HLA,T cell CD4 dividing|T cell CD4 dividing,0.564
CD320_JAML,simple:Q9NPF0,simple:Q86YT9,CD320,JAML,Ligand-Receptor,,T cell CD4 dividing|T cell CD4 dividing,0.621
CRLF2_TSLPR,simple:Q9HC73,complex:TSLPR,CRLF2,,Receptor-Receptor,,T cell CD4 dividing|T cell CD4 dividing,0.509
IL13_IL13RA2,simple:P35225,simple:Q14627,IL13,IL13RA2,Ligand-Receptor,Signaling by Interleukin,T cell CD4 dividing|T cell CD4 dividing,0.623
IL21_IL21_receptor,simple:Q9HBE4,complex:IL21_receptor,IL21,,Ligand-Receptor,Signaling by Interleukin,T cell CD4 dividing|T cell CD4 dividing,0.751
TNF_TNFRSF1B,simple:P01375,simple:P20333,TNF,TNFRSF1B,Ligand-Receptor,Signaling by Tumor necrosis factor,T cell CD4 dividing|T cell CD4 dividing,0.652
CXCL11_CXCR3,simple:O14625,simple:P49682,CXCL11,CXCR3,Ligand-Receptor,Signaling by Chemokines,T cell CD4 dividing|T cell CD4 dividing,0.591
CD40LG_CD40,simple:P29965,simple:P25942,CD40LG,CD40,Ligand-Receptor,,T cell CD4 dividing|T cell CD4 dividing,0.588
CXCL16_CXCR6,simple:Q9H2A7,simple:O00574,CXCL16,CXCR6,Ligand-Receptor,Signaling by Chemokines,T cell CD4 dividing|T cell CD4 dividing,0.574
CALCA_RAMP1_complex,simple:P01258,complex:RAMP1_complex,CALCA,,Ligand-Receptor,Signaling by Calcitonin,T cell CD4 dividing|T cell CD4 dividing,0.552
CD86_CTLA4,simple:P42081,simple:P16410,CD86,CTLA4,Ligand-Receptor,,T cell CD4 dividing|T cell CD4 dividing,0.61
PODXL2_SELL,simple:Q9NZ53,simple:P14151,PODXL2,SELL,Ligand-Receptor,Signaling by Podocalyxin-like protein,T cell CD4 dividing|T cell CD4 dividing,0.59
CCL28_CCR10,simple:Q9NRJ3,simple:P46092,CCL28,CCR10,Ligand-Receptor,Signaling by Chemokines,T cell CD4 dividing|T cell CD4 dividing,0.606
CD177_PECAM1,simple:Q8N6Q3,simple:P16284,CD177,PECAM1,Ligand-Receptor,,T cell CD4 dividing|T cell CD4 dividing,0.599
IL24_IL20_receptor_Type_I,simple:Q13007,complex:IL20_receptor_Type_I,IL24,,Ligand-Receptor,Signaling by Interleukin,T cell CD4 dividing|T cell CD4 dividing,0.605
SerotoninDopamin_byDDC_HTR3C,complex:SerotoninDopamin_byDDC,simple:Q8WXA8,,HTR3C,Ligand-Receptor,Signaling by Serotonin/Dopamine,T cell CD4 dividing|T cell CD4 dividing,0.555
LCK_CD8_receptor,simple:P06239,complex:CD8_receptor,LCK,,Receptor-Receptor,,T cell CD4 dividing|T cell CD8 dividing,0.758
CALCB_RAMP1_complex,simple:P10092,complex:RAMP1_complex,CALCB,,Ligand-Receptor,Signaling by Calcitonin,T cell CD4 dividing|T cell CD8 dividing,0.607
LTA_TNFRSF1B,simple:P01374,simple:P20333,LTA,TNFRSF1B,Ligand-Receptor,Signaling by Tumor necrosis factor,T cell CD4 dividing|T cell CD8 dividing,0.703
ULBP1_NKG2D_II_receptor,simple:Q9BZM6,complex:NKG2D_II_receptor,ULBP1,,Ligand-Receptor,Signaling by Killer Cell Lectin Like Receptor K1,T cell CD4 dividing|T cell CD8 dividing,0.681
ULBP2_NKG2D_II_receptor,simple:Q9BZM5,complex:NKG2D_II_receptor,ULBP2,,Ligand-Receptor,Signaling by Killer Cell Lectin Like Receptor K1,T cell CD4 dividing|T cell CD8 dividing,0.634
MICA_NKG2D_II_receptor,simple:Q29983,complex:NKG2D_II_receptor,MICA,,Ligand-Receptor,,T cell CD4 dividing|T cell CD8 dividing,0.636
PVR_TIGIT,simple:P15151,simple:Q495A1,PVR,TIGIT,Ligand-Receptor,Signaling by Poliovirus receptor,T cell CD4 dividing|T cell CD8 dividing,0.597
CD200_CD200R1,simple:P41217,simple:Q8TD46,CD200,CD200R1,Ligand-Receptor,,T cell CD4 dividing|T cell CD8 dividing,0.714
PF4_CXCR3,simple:P02776,simple:P49682,PF4,CXCR3,Ligand-Receptor,,T cell CD4 dividing|T cell CD8 dividing,0.625
MICB_NKG2D_II_receptor,simple:Q29980,complex:NKG2D_II_receptor,MICB,,Ligand-Receptor,,T cell CD4 dividing|T cell CD8 dividing,0.729
RAET1L_NKG2D_II_receptor,simple:Q5VY80,complex:NKG2D_II_receptor,RAET1L,,Ligand-Receptor,Signaling by Killer Cell Lectin Like Receptor K1,T cell CD4 dividing|T cell CD8 dividing,0.724
CD70_CD27,simple:P32970,simple:P26842,CD70,CD27,Ligand-Receptor,,T cell CD4 dividing|T cell CD8 dividing,0.748
IL4_IL4_receptor,simple:P05112,complex:IL4_receptor,IL4,,Ligand-Receptor,Signaling by Interleukin,T cell CD4 dividing|T cell CD8 dividing,0.614
FGL1_LAG3,simple:Q08830,simple:P18627,FGL1,LAG3,Ligand-Receptor,Signaling by Fibroblast growth factor,T cell CD4 dividing|T cell CD8 dividing,0.697
TNFSF9_TNFRSF9,simple:P41273,simple:Q07011,TNFSF9,TNFRSF9,Ligand-Receptor,Signaling by Tumor necrosis factor,T cell CD4 dividing|T cell CD8 dividing,0.603
CXCL13_CXCR5,simple:O43927,simple:P32302,CXCL13,CXCR5,Ligand-Receptor,Signaling by Chemokines,T cell CD4 dividing|T cell CD8 dividing,0.592
CXCL10_CXCR3,simple:P02778,simple:P49682,CXCL10,CXCR3,Ligand-Receptor,Signaling by Chemokines,T cell CD4 dividing|T cell CD8 dividing,0.607
CD320_JAML,simple:Q9NPF0,simple:Q86YT9,CD320,JAML,Ligand-Receptor,,T cell CD4 dividing|T cell CD8 dividing,0.677
IL13_IL13RA2,simple:P35225,simple:Q14627,IL13,IL13RA2,Ligand-Receptor,Signaling by Interleukin,T cell CD4 dividing|T cell CD8 dividing,0.614
IL21_IL21_receptor,simple:Q9HBE4,complex:IL21_receptor,IL21,,Ligand-Receptor,Signaling by Interleukin,T cell CD4 dividing|T cell CD8 dividing,0.745
CEACAM5_CD8A,simple:P06731,simple:P01732,CEACAM5,CD8A,Adhesion-Adhesion,Adhesion by CEAM,T cell CD4 dividing|T cell CD8 dividing,0.633
TNF_TNFRSF1B,simple:P01375,simple:P20333,TNF,TNFRSF1B,Ligand-Receptor,Signaling by Tumor necrosis factor,T cell CD4 dividing|T cell CD8 dividing,0.617
CXCL16_CXCR6,simple:Q9H2A7,simple:O00574,CXCL16,CXCR6,Ligand-Receptor,Signaling by Chemokines,T cell CD4 dividing|T cell CD8 dividing,0.579
CALCA_RAMP1_complex,simple:P01258,complex:RAMP1_complex,CALCA,,Ligand-Receptor,Signaling by Calcitonin,T cell CD4 dividing|T cell CD8 dividing,0.555
CD86_CTLA4,simple:P42081,simple:P16410,CD86,CTLA4,Ligand-Receptor,,T cell CD4 dividing|T cell CD8 dividing,0.593
CD177_PECAM1,simple:Q8N6Q3,simple:P16284,CD177,PECAM1,Ligand-Receptor,,T cell CD4 dividing|T cell CD8 dividing,0.62
SerotoninDopamin_byDDC_HTR3C,complex:SerotoninDopamin_byDDC,simple:Q8WXA8,,HTR3C,Ligand-Receptor,Signaling by Serotonin/Dopamine,T cell CD4 dividing|T cell CD8 dividing,0.526
LCK_CD8_receptor,simple:P06239,complex:CD8_receptor,LCK,,Receptor-Receptor,,T cell CD4 dividing|Tumor Tumor ImmunoSup,0.609
CALCB_RAMP1_complex,simple:P10092,complex:RAMP1_complex,CALCB,,Ligand-Receptor,Signaling by Calcitonin,T cell CD4 dividing|Tumor Tumor ImmunoSup,0.632
LTA_TNFRSF1B,simple:P01374,simple:P20333,LTA,TNFRSF1B,Ligand-Receptor,Signaling by Tumor necrosis factor,T cell CD4 dividing|Tumor Tumor ImmunoSup,0.618
PTPRC_CD22,simple:P08575,simple:P20273,PTPRC,CD22,Receptor-Receptor,,T cell CD4 dividing|Tumor Tumor ImmunoSup,0.567
RAET1L_NKG2D_II_receptor,simple:Q5VY80,complex:NKG2D_II_receptor,RAET1L,,Ligand-Receptor,Signaling by Killer Cell Lectin Like Receptor K1,T cell CD4 dividing|Tumor Tumor ImmunoSup,0.582
CD70_CD27,simple:P32970,simple:P26842,CD70,CD27,Ligand-Receptor,,T cell CD4 dividing|Tumor Tumor ImmunoSup,0.621
IL4_IL4_receptor,simple:P05112,complex:IL4_receptor,IL4,,Ligand-Receptor,Signaling by Interleukin,T cell CD4 dividing|Tumor Tumor ImmunoSup,0.542
FGL1_LAG3,simple:Q08830,simple:P18627,FGL1,LAG3,Ligand-Receptor,Signaling by Fibroblast growth factor,T cell CD4 dividing|Tumor Tumor ImmunoSup,0.549
CXCL13_CXCR5,simple:O43927,simple:P32302,CXCL13,CXCR5,Ligand-Receptor,Signaling by Chemokines,T cell CD4 dividing|Tumor Tumor ImmunoSup,0.597
IL13_IL13RA2,simple:P35225,simple:Q14627,IL13,IL13RA2,Ligand-Receptor,Signaling by Interleukin,T cell CD4 dividing|Tumor Tumor ImmunoSup,0.627
IL21_IL21_receptor,simple:Q9HBE4,complex:IL21_receptor,IL21,,Ligand-Receptor,Signaling by Interleukin,T cell CD4 dividing|Tumor Tumor ImmunoSup,0.615
CD40LG_CD40,simple:P29965,simple:P25942,CD40LG,CD40,Ligand-Receptor,,T cell CD4 dividing|Tumor Tumor ImmunoSup,0.636
CALCA_RAMP1_complex,simple:P01258,complex:RAMP1_complex,CALCA,,Ligand-Receptor,Signaling by Calcitonin,T cell CD4 dividing|Tumor Tumor ImmunoSup,0.581
CCL28_CCR10,simple:Q9NRJ3,simple:P46092,CCL28,CCR10,Ligand-Receptor,Signaling by Chemokines,T cell CD4 dividing|Tumor Tumor ImmunoSup,0.622
CD177_PECAM1,simple:Q8N6Q3,simple:P16284,CD177,PECAM1,Ligand-Receptor,,T cell CD4 dividing|Tumor Tumor ImmunoSup,0.626
IL24_IL20_receptor_Type_I,simple:Q13007,complex:IL20_receptor_Type_I,IL24,,Ligand-Receptor,Signaling by Interleukin,T cell CD4 dividing|Tumor Tumor ImmunoSup,0.623
SerotoninDopamin_byDDC_HTR3C,complex:SerotoninDopamin_byDDC,simple:Q8WXA8,,HTR3C,Ligand-Receptor,Signaling by Serotonin/Dopamine,T cell CD4 dividing|Tumor Tumor ImmunoSup,0.538
XCL2_XCR1,simple:Q9UBD3,simple:P46094,XCL2,XCR1,Ligand-Receptor,Signaling by Lymphotactin,T cell CD4 dividing|cDC1,0.688
LCK_CD8_receptor,simple:P06239,complex:CD8_receptor,LCK,,Receptor-Receptor,,T cell CD4 dividing|cDC1,0.595
CALCB_RAMP1_complex,simple:P10092,complex:RAMP1_complex,CALCB,,Ligand-Receptor,Signaling by Calcitonin,T cell CD4 dividing|cDC1,0.651
LTA_TNFRSF1B,simple:P01374,simple:P20333,LTA,TNFRSF1B,Ligand-Receptor,Signaling by Tumor necrosis factor,T cell CD4 dividing|cDC1,0.6
Histamine_byHDC_HRH2,complex:Histamine_byHDC,simple:P25021,,HRH2,Ligand-Receptor,Signaling by Histamine,T cell CD4 dividing|cDC1,0.612
CRTAM_CADM1,simple:O95727,simple:Q9BY67,CRTAM,CADM1,Adhesion-Adhesion,,T cell CD4 dividing|cDC1,0.667
CD200_CD200R1,simple:P41217,simple:Q8TD46,CD200,CD200R1,Ligand-Receptor,,T cell CD4 dividing|cDC1,0.708
ProstaglandinE2_byPTGES2_PTGER3,complex:ProstaglandinE2_byPTGES2,simple:P43115,,PTGER3,Ligand-Receptor,Signaling by Prostaglandin,T cell CD4 dividing|cDC1,0.631
MICB_NKG2D_II_receptor,simple:Q29980,complex:NKG2D_II_receptor,MICB,,Ligand-Receptor,,T cell CD4 dividing|cDC1,0.6
CCL20_CCR6,simple:P78556,simple:P51684,CCL20,CCR6,Ligand-Receptor,Signaling by Chemokines,T cell CD4 dividing|cDC1,0.69
RAET1L_NKG2D_II_receptor,simple:Q5VY80,complex:NKG2D_II_receptor,RAET1L,,Ligand-Receptor,Signaling by Killer Cell Lectin Like Receptor K1,T cell CD4 dividing|cDC1,0.596
CCL11_DPP4,simple:P51671,simple:P27487,CCL11,DPP4,Ligand-Receptor,Signaling by Chemokines,T cell CD4 dividing|cDC1,0.633
FGL1_LAG3,simple:Q08830,simple:P18627,FGL1,LAG3,Ligand-Receptor,Signaling by Fibroblast growth factor,T cell CD4 dividing|cDC1,0.594
PVR_CD226,simple:P15151,simple:Q15762,PVR,CD226,Ligand-Receptor,Signaling by Poliovirus receptor,T cell CD4 dividing|cDC1,0.621
CXCL13_CXCR5,simple:O43927,simple:P32302,CXCL13,CXCR5,Ligand-Receptor,Signaling by Chemokines,T cell CD4 dividing|cDC1,0.584
CADM3_CADM1,simple:Q8N126,simple:Q9BY67,CADM3,CADM1,Adhesion-Adhesion,Adhesion by CADM,T cell CD4 dividing|cDC1,0.646
HLA-G_LILRB2,simple:P17693,simple:Q8N423,HLA-G,LILRB2,Ligand-Receptor,Signaling by HLA,T cell CD4 dividing|cDC1,0.567
CD320_JAML,simple:Q9NPF0,simple:Q86YT9,CD320,JAML,Ligand-Receptor,,T cell CD4 dividing|cDC1,0.622
IL13_IL13RA2,simple:P35225,simple:Q14627,IL13,IL13RA2,Ligand-Receptor,Signaling by Interleukin,T cell CD4 dividing|cDC1,0.613
IL21_IL21_receptor,simple:Q9HBE4,complex:IL21_receptor,IL21,,Ligand-Receptor,Signaling by Interleukin,T cell CD4 dividing|cDC1,0.649
CXCL10_DPP4,simple:P02778,simple:P27487,CXCL10,DPP4,Ligand-Receptor,Signaling by Chemokines,T cell CD4 dividing|cDC1,0.627
CD40LG_CD40,simple:P29965,simple:P25942,CD40LG,CD40,Ligand-Receptor,,T cell CD4 dividing|cDC1,0.759
CXCL9_DPP4,simple:Q07325,simple:P27487,CXCL9,DPP4,Ligand-Receptor,Signaling by Chemokines,T cell CD4 dividing|cDC1,0.614
CADM1_CADM1,simple:Q9BY67,simple:Q9BY67,CADM1,CADM1,Adhesion-Adhesion,Adhesion by CADM,T cell CD4 dividing|cDC1,0.652
CALCA_RAMP1_complex,simple:P01258,complex:RAMP1_complex,CALCA,,Ligand-Receptor,Signaling by Calcitonin,T cell CD4 dividing|cDC1,0.599
CD52_SIGLEC10,simple:P31358,simple:Q96LC7,CD52,SIGLEC10,Ligand-Receptor,,T cell CD4 dividing|cDC1,0.71
CCL28_CCR10,simple:Q9NRJ3,simple:P46092,CCL28,CCR10,Ligand-Receptor,Signaling by Chemokines,T cell CD4 dividing|cDC1,0.609
CD177_PECAM1,simple:Q8N6Q3,simple:P16284,CD177,PECAM1,Ligand-Receptor,,T cell CD4 dividing|cDC1,0.652
ProstaglandinE2_byPTGES_PTGER3,complex:ProstaglandinE2_byPTGES,simple:P43115,,PTGER3,Ligand-Receptor,Signaling by Prostaglandin,T cell CD4 dividing|cDC1,0.597
CXCL11_DPP4,simple:O14625,simple:P27487,CXCL11,DPP4,Ligand-Receptor,Signaling by Chemokines,T cell CD4 dividing|cDC1,0.615
IL24_IL20_receptor_Type_I,simple:Q13007,complex:IL20_receptor_Type_I,IL24,,Ligand-Receptor,Signaling by Interleukin,T cell CD4 dividing|cDC1,0.582
ENTPD1_ADORA3,simple:P49961,simple:P0DMS8,ENTPD1,ADORA3,Ligand-Receptor,Signaling by Ectonucleoside,T cell CD4 dividing|cDC1,0.646
XCL1_XCR1,simple:P47992,simple:P46094,XCL1,XCR1,Ligand-Receptor,Signaling by Lymphotactin,T cell CD4 dividing|cDC1,0.702
PRNP_ADGRG6,simple:F7VJQ1,simple:Q86SQ4,PRNP,ADGRG6,Ligand-Receptor,,T cell CD4 dividing|cDC1,0.651
COL4A3_ADGRG6,simple:Q01955,simple:Q86SQ4,COL4A3,ADGRG6,Adhesion-Adhesion,Adhesion by Collagen/Integrin,T cell CD4 dividing|cDC1,0.633
LAMA2_ADGRG6,simple:P24043,simple:Q86SQ4,LAMA2,ADGRG6,Ligand-Receptor,,T cell CD4 dividing|cDC1,0.632
CCL22_DPP4,simple:O00626,simple:P27487,CCL22,DPP4,Ligand-Receptor,Signaling by Chemokines,T cell CD4 dividing|cDC1,0.651
XCL2_XCR1,simple:Q9UBD3,simple:P46094,XCL2,XCR1,Ligand-Receptor,Signaling by Lymphotactin,T cell CD8 dividing|T cell CD4 dividing,0.615
LCK_CD8_receptor,simple:P06239,complex:CD8_receptor,LCK,,Receptor-Receptor,,T cell CD8 dividing|T cell CD4 dividing,0.619
CCL5_CCR1,simple:P13501,simple:P32246,CCL5,CCR1,Ligand-Receptor,Signaling by Chemokines,T cell CD8 dividing|T cell CD4 dividing,0.597
CD34_SELL,simple:P28906,simple:P14151,CD34,SELL,Ligand-Receptor,,T cell CD8 dividing|T cell CD4 dividing,0.585
CALCB_RAMP1_complex,simple:P10092,complex:RAMP1_complex,CALCB,,Ligand-Receptor,Signaling by Calcitonin,T cell CD8 dividing|T cell CD4 dividing,0.585
CCL3_CCR1,simple:P10147,simple:P32246,CCL3,CCR1,Ligand-Receptor,Signaling by Chemokines,T cell CD8 dividing|T cell CD4 dividing,0.598
LTA_TNFRSF1B,simple:P01374,simple:P20333,LTA,TNFRSF1B,Ligand-Receptor,Signaling by Tumor necrosis factor,T cell CD8 dividing|T cell CD4 dividing,0.645
PVR_TIGIT,simple:P15151,simple:Q495A1,PVR,TIGIT,Ligand-Receptor,Signaling by Poliovirus receptor,T cell CD8 dividing|T cell CD4 dividing,0.601
HLA-C_KIR2DL3,simple:HLAC,simple:P43628,HLA-C,KIR2DL3,Ligand-Receptor,Signaling by HLA,T cell CD8 dividing|T cell CD4 dividing,0.569
CRTAM_CADM1,simple:O95727,simple:Q9BY67,CRTAM,CADM1,Adhesion-Adhesion,,T cell CD8 dividing|T cell CD4 dividing,0.616
PODXL_SELL,simple:O00592,simple:P14151,PODXL,SELL,Receptor-Receptor,Signaling by Podocalyxin-like protein,T cell CD8 dividing|T cell CD4 dividing,0.586
MICB_NKG2D_II_receptor,simple:Q29980,complex:NKG2D_II_receptor,MICB,,Ligand-Receptor,,T cell CD8 dividing|T cell CD4 dividing,0.623
CCL20_CCR6,simple:P78556,simple:P51684,CCL20,CCR6,Ligand-Receptor,Signaling by Chemokines,T cell CD8 dividing|T cell CD4 dividing,0.63
TNFSF18_TNFRSF18,simple:Q9UNG2,simple:Q9Y5U5,TNFSF18,TNFRSF18,Ligand-Receptor,Signaling by Tumor necrosis factor,T cell CD8 dividing|T cell CD4 dividing,0.675
CD70_CD27,simple:P32970,simple:P26842,CD70,CD27,Ligand-Receptor,,T cell CD8 dividing|T cell CD4 dividing,0.747
IL4_IL4_receptor,simple:P05112,complex:IL4_receptor,IL4,,Ligand-Receptor,Signaling by Interleukin,T cell CD8 dividing|T cell CD4 dividing,0.538
CCL5_ACKR1,simple:P13501,simple:Q16570,CCL5,ACKR1,Ligand-Receptor,Signaling by Chemokines,T cell CD8 dividing|T cell CD4 dividing,0.611
TNFSF9_TNFRSF9,simple:P41273,simple:Q07011,TNFSF9,TNFRSF9,Ligand-Receptor,Signaling by Tumor necrosis factor,T cell CD8 dividing|T cell CD4 dividing,0.693
CXCL13_CXCR5,simple:O43927,simple:P32302,CXCL13,CXCR5,Ligand-Receptor,Signaling by Chemokines,T cell CD8 dividing|T cell CD4 dividing,0.659
CXCL10_CXCR3,simple:P02778,simple:P49682,CXCL10,CXCR3,Ligand-Receptor,Signaling by Chemokines,T cell CD8 dividing|T cell CD4 dividing,0.6
CRLF2_TSLPR,simple:Q9HC73,complex:TSLPR,CRLF2,,Receptor-Receptor,,T cell CD8 dividing|T cell CD4 dividing,0.489
IL13_IL13RA2,simple:P35225,simple:Q14627,IL13,IL13RA2,Ligand-Receptor,Signaling by Interleukin,T cell CD8 dividing|T cell CD4 dividing,0.626
IL21_IL21_receptor,simple:Q9HBE4,complex:IL21_receptor,IL21,,Ligand-Receptor,Signaling by Interleukin,T cell CD8 dividing|T cell CD4 dividing,0.619
TNF_TNFRSF1B,simple:P01375,simple:P20333,TNF,TNFRSF1B,Ligand-Receptor,Signaling by Tumor necrosis factor,T cell CD8 dividing|T cell CD4 dividing,0.608
CD86_CTLA4,simple:P42081,simple:P16410,CD86,CTLA4,Ligand-Receptor,,T cell CD8 dividing|T cell CD4 dividing,0.613
SerotoninDopamin_byDDC_HTR3C,complex:SerotoninDopamin_byDDC,simple:Q8WXA8,,HTR3C,Ligand-Receptor,Signaling by Serotonin/Dopamine,T cell CD8 dividing|T cell CD4 dividing,0.545
XCL1_XCR1,simple:P47992,simple:P46094,XCL1,XCR1,Ligand-Receptor,Signaling by Lymphotactin,T cell CD8 dividing|T cell CD4 dividing,0.617
PVR_TIGIT,simple:P15151,simple:Q495A1,PVR,TIGIT,Ligand-Receptor,Signaling by Poliovirus receptor,Tumor Tumor ImmunoSup|T cell CD4 dividing,0.633
PF4_CXCR3,simple:P02776,simple:P49682,PF4,CXCR3,Ligand-Receptor,,Tumor Tumor ImmunoSup|T cell CD4 dividing,0.62
CCL20_CCR6,simple:P78556,simple:P51684,CCL20,CCR6,Ligand-Receptor,Signaling by Chemokines,Tumor Tumor ImmunoSup|T cell CD4 dividing,0.628
TNFSF18_TNFRSF18,simple:Q9UNG2,simple:Q9Y5U5,TNFSF18,TNFRSF18,Ligand-Receptor,Signaling by Tumor necrosis factor,Tumor Tumor ImmunoSup|T cell CD4 dividing,0.645
IL4_IL4_receptor,simple:P05112,complex:IL4_receptor,IL4,,Ligand-Receptor,Signaling by Interleukin,Tumor Tumor ImmunoSup|T cell CD4 dividing,0.563
FGL1_LAG3,simple:Q08830,simple:P18627,FGL1,LAG3,Ligand-Receptor,Signaling by Fibroblast growth factor,Tumor Tumor ImmunoSup|T cell CD4 dividing,0.553
NECTIN2_TIGIT,simple:Q92692,simple:Q495A1,NECTIN2,TIGIT,Ligand-Receptor,Signaling by Nectin,Tumor Tumor ImmunoSup|T cell CD4 dividing,0.646
TNFSF9_TNFRSF9,simple:P41273,simple:Q07011,TNFSF9,TNFRSF9,Ligand-Receptor,Signaling by Tumor necrosis factor,Tumor Tumor ImmunoSup|T cell CD4 dividing,0.627
CXCL9_CXCR3,simple:Q07325,simple:P49682,CXCL9,CXCR3,Ligand-Receptor,Signaling by Chemokines,Tumor Tumor ImmunoSup|T cell CD4 dividing,0.616
CXCL10_CXCR3,simple:P02778,simple:P49682,CXCL10,CXCR3,Ligand-Receptor,Signaling by Chemokines,Tumor Tumor ImmunoSup|T cell CD4 dividing,0.616
CRLF2_TSLPR,simple:Q9HC73,complex:TSLPR,CRLF2,,Receptor-Receptor,,Tumor Tumor ImmunoSup|T cell CD4 dividing,0.503
IL21_IL21_receptor,simple:Q9HBE4,complex:IL21_receptor,IL21,,Ligand-Receptor,Signaling by Interleukin,Tumor Tumor ImmunoSup|T cell CD4 dividing,0.595
CXCL11_CXCR3,simple:O14625,simple:P49682,CXCL11,CXCR3,Ligand-Receptor,Signaling by Chemokines,Tumor Tumor ImmunoSup|T cell CD4 dividing,0.619
CXCL16_CXCR6,simple:Q9H2A7,simple:O00574,CXCL16,CXCR6,Ligand-Receptor,Signaling by Chemokines,Tumor Tumor ImmunoSup|T cell CD4 dividing,0.634
CD86_CTLA4,simple:P42081,simple:P16410,CD86,CTLA4,Ligand-Receptor,,Tumor Tumor ImmunoSup|T cell CD4 dividing,0.626
PODXL2_SELL,simple:Q9NZ53,simple:P14151,PODXL2,SELL,Ligand-Receptor,Signaling by Podocalyxin-like protein,Tumor Tumor ImmunoSup|T cell CD4 dividing,0.604
ULBP1_NKG2D_II_receptor,simple:Q9BZM6,complex:NKG2D_II_receptor,ULBP1,,Ligand-Receptor,Signaling by Killer Cell Lectin Like Receptor K1,cDC1|T cell CD4 dividing,0.627
PVR_TIGIT,simple:P15151,simple:Q495A1,PVR,TIGIT,Ligand-Receptor,Signaling by Poliovirus receptor,cDC1|T cell CD4 dividing,0.631
PVR_CD96,simple:P15151,simple:P40200,PVR,CD96,Ligand-Receptor,Signaling by Poliovirus receptor,cDC1|T cell CD4 dividing,0.607
ProstaglandinE2_byPTGES2_PTGER3,complex:ProstaglandinE2_byPTGES2,simple:P43115,,PTGER3,Ligand-Receptor,Signaling by Prostaglandin,cDC1|T cell CD4 dividing,0.601
CDH2_FCER2,simple:P19022,simple:P06734,CDH2,FCER2,Ligand-Receptor,Adhesion by Cadherin,cDC1|T cell CD4 dividing,0.652
CCL20_CCR6,simple:P78556,simple:P51684,CCL20,CCR6,Ligand-Receptor,Signaling by Chemokines,cDC1|T cell CD4 dividing,0.595
ProstaglandinE2_byPTGES2_PTGER4,complex:ProstaglandinE2_byPTGES2,simple:P35408,,PTGER4,Ligand-Receptor,Signaling by Prostaglandin,cDC1|T cell CD4 dividing,0.654
TNFSF18_TNFRSF18,simple:Q9UNG2,simple:Q9Y5U5,TNFSF18,TNFRSF18,Ligand-Receptor,Signaling by Tumor necrosis factor,cDC1|T cell CD4 dividing,0.752
FGL1_LAG3,simple:Q08830,simple:P18627,FGL1,LAG3,Ligand-Receptor,Signaling by Fibroblast growth factor,cDC1|T cell CD4 dividing,0.563
NECTIN2_TIGIT,simple:Q92692,simple:Q495A1,NECTIN2,TIGIT,Ligand-Receptor,Signaling by Nectin,cDC1|T cell CD4 dividing,0.631
TNFSF9_TNFRSF9,simple:P41273,simple:Q07011,TNFSF9,TNFRSF9,Ligand-Receptor,Signaling by Tumor necrosis factor,cDC1|T cell CD4 dividing,0.631
CXCL9_CXCR3,simple:Q07325,simple:P49682,CXCL9,CXCR3,Ligand-Receptor,Signaling by Chemokines,cDC1|T cell CD4 dividing,0.756
CXCL10_CXCR3,simple:P02778,simple:P49682,CXCL10,CXCR3,Ligand-Receptor,Signaling by Chemokines,cDC1|T cell CD4 dividing,0.627
CRLF2_TSLPR,simple:Q9HC73,complex:TSLPR,CRLF2,,Receptor-Receptor,,cDC1|T cell CD4 dividing,0.504
IL21_IL21_receptor,simple:Q9HBE4,complex:IL21_receptor,IL21,,Ligand-Receptor,Signaling by Interleukin,cDC1|T cell CD4 dividing,0.589
TNF_TNFRSF1B,simple:P01375,simple:P20333,TNF,TNFRSF1B,Ligand-Receptor,Signaling by Tumor necrosis factor,cDC1|T cell CD4 dividing,0.71
CXCL11_CXCR3,simple:O14625,simple:P49682,CXCL11,CXCR3,Ligand-Receptor,Signaling by Chemokines,cDC1|T cell CD4 dividing,0.594
CXCL9_DPP4,simple:Q07325,simple:P27487,CXCL9,DPP4,Ligand-Receptor,Signaling by Chemokines,cDC1|T cell CD4 dividing,0.641
CXCL16_CXCR6,simple:Q9H2A7,simple:O00574,CXCL16,CXCR6,Ligand-Receptor,Signaling by Chemokines,cDC1|T cell CD4 dividing,0.749
CADM1_CADM1,simple:Q9BY67,simple:Q9BY67,CADM1,CADM1,Adhesion-Adhesion,Adhesion by CADM,cDC1|T cell CD4 dividing,0.652
CALCA_RAMP1_complex,simple:P01258,complex:RAMP1_complex,CALCA,,Ligand-Receptor,Signaling by Calcitonin,cDC1|T cell CD4 dividing,0.596
CD86_CTLA4,simple:P42081,simple:P16410,CD86,CTLA4,Ligand-Receptor,,cDC1|T cell CD4 dividing,0.777
APOB_TREM2_receptor,simple:P04114,complex:TREM2_receptor,APOB,,Ligand-Receptor,Signaling by Apolipoprotein,cDC1|T cell CD4 dividing,0.542
CCL19_CCR7,simple:Q99731,simple:P32248,CCL19,CCR7,Ligand-Receptor,Signaling by Chemokines,DC mature|DC mature,0.843
C10orf99_SUSD2,simple:Q6UWK7,simple:Q9UGT4,C10orf99,SUSD2,Ligand-Receptor,,DC mature|DC mature,0.655
CCL21_CCR7,simple:O00585,simple:P32248,CCL21,CCR7,Ligand-Receptor,Signaling by Chemokines,DC mature|DC mature,0.662
ULBP1_NKG2D_II_receptor,simple:Q9BZM6,complex:NKG2D_II_receptor,ULBP1,,Ligand-Receptor,Signaling by Killer Cell Lectin Like Receptor K1,DC mature|DC mature,0.583
CCL19_CCRL2,simple:Q99731,simple:O00421,CCL19,CCRL2,Ligand-Receptor,Signaling by Chemokines,DC mature|DC mature,0.676
TNFSF13B_TNFRSF17,simple:Q9Y275,simple:Q02223,TNFSF13B,TNFRSF17,Ligand-Receptor,Signaling by Tumor necrosis factor,DC mature|DC mature,0.602
CD200_CD200R1,simple:P41217,simple:Q8TD46,CD200,CD200R1,Ligand-Receptor,,DC mature|DC mature,0.604
SAA1_FPR2,simple:P0DJI8,simple:P25090,SAA1,FPR2,Ligand-Receptor,,DC mature|DC mature,0.602
CCL20_CCR6,simple:P78556,simple:P51684,CCL20,CCR6,Ligand-Receptor,Signaling by Chemokines,DC mature|DC mature,0.606
ProstaglandinE2_byPTGES2_PTGER4,complex:ProstaglandinE2_byPTGES2,simple:P35408,,PTGER4,Ligand-Receptor,Signaling by Prostaglandin,DC mature|DC mature,0.637
TNFSF18_TNFRSF18,simple:Q9UNG2,simple:Q9Y5U5,TNFSF18,TNFRSF18,Ligand-Receptor,Signaling by Tumor necrosis factor,DC mature|DC mature,0.664
TNFSF13B_TNFRSF13B,simple:Q9Y275,simple:O14836,TNFSF13B,TNFRSF13B,Ligand-Receptor,Signaling by Tumor necrosis factor,DC mature|DC mature,0.602
VEGFA_NRP2,simple:P15692,simple:O60462,VEGFA,NRP2,Ligand-Receptor,Signaling by Vascular endothelial growth factor,DC mature|DC mature,0.667
IL4_IL4_receptor,simple:P05112,complex:IL4_receptor,IL4,,Ligand-Receptor,Signaling by Interleukin,DC mature|DC mature,0.541
NECTIN2_TIGIT,simple:Q92692,simple:Q495A1,NECTIN2,TIGIT,Ligand-Receptor,Signaling by Nectin,DC mature|DC mature,0.601
TNFSF9_TNFRSF9,simple:P41273,simple:Q07011,TNFSF9,TNFRSF9,Ligand-Receptor,Signaling by Tumor necrosis factor,DC mature|DC mature,0.65
CXCL9_CXCR3,simple:Q07325,simple:P49682,CXCL9,CXCR3,Ligand-Receptor,Signaling by Chemokines,DC mature|DC mature,0.639
CXCL10_CXCR3,simple:P02778,simple:P49682,CXCL10,CXCR3,Ligand-Receptor,Signaling by Chemokines,DC mature|DC mature,0.629
TSLP_TSLPR,simple:Q969D9,complex:TSLPR,TSLP,,Ligand-Receptor,,DC mature|DC mature,0.603
CRLF2_TSLPR,simple:Q9HC73,complex:TSLPR,CRLF2,,Receptor-Receptor,,DC mature|DC mature,0.798
IL21_IL21_receptor,simple:Q9HBE4,complex:IL21_receptor,IL21,,Ligand-Receptor,Signaling by Interleukin,DC mature|DC mature,0.551
OXT_OXTR,simple:P01178,simple:P30559,OXT,OXTR,Ligand-Receptor,Signaling by Oxytocin,DC mature|DC mature,0.691
CXCL10_DPP4,simple:P02778,simple:P27487,CXCL10,DPP4,Ligand-Receptor,Signaling by Chemokines,DC mature|DC mature,0.669
CXCL11_CXCR3,simple:O14625,simple:P49682,CXCL11,CXCR3,Ligand-Receptor,Signaling by Chemokines,DC mature|DC mature,0.635
CD40LG_CD40,simple:P29965,simple:P25942,CD40LG,CD40,Ligand-Receptor,,DC mature|DC mature,0.637
CXCL9_DPP4,simple:Q07325,simple:P27487,CXCL9,DPP4,Ligand-Receptor,Signaling by Chemokines,DC mature|DC mature,0.68
CALCA_RAMP1_complex,simple:P01258,complex:RAMP1_complex,CALCA,,Ligand-Receptor,Signaling by Calcitonin,DC mature|DC mature,0.65
CD86_CTLA4,simple:P42081,simple:P16410,CD86,CTLA4,Ligand-Receptor,,DC mature|DC mature,0.632
CXCL11_DPP4,simple:O14625,simple:P27487,CXCL11,DPP4,Ligand-Receptor,Signaling by Chemokines,DC mature|DC mature,0.676
SerotoninDopamin_byDDC_HTR3C,complex:SerotoninDopamin_byDDC,simple:Q8WXA8,,HTR3C,Ligand-Receptor,Signaling by Serotonin/Dopamine,DC mature|DC mature,0.525
WNT5B_WIF1,simple:Q9H1J7,simple:Q9Y5W5,WNT5B,WIF1,Ligand-Ligand,Signaling by WNT inhibition,DC mature|DC mature,0.652
WNT5B_SFRP5,simple:Q9H1J7,simple:Q5T4F7,WNT5B,SFRP5,Ligand-Ligand,Signaling by WNT inhibition,DC mature|DC mature,0.648
CCL22_DPP4,simple:O00626,simple:P27487,CCL22,DPP4,Ligand-Receptor,Signaling by Chemokines,DC mature|DC mature,0.693
CCL19_CCR7,simple:Q99731,simple:P32248,CCL19,CCR7,Ligand-Receptor,Signaling by Chemokines,DC mature|Macrophage alveolar,0.647
C10orf99_SUSD2,simple:Q6UWK7,simple:Q9UGT4,C10orf99,SUSD2,Ligand-Receptor,,DC mature|Macrophage alveolar,0.656
ULBP1_NKG2D_II_receptor,simple:Q9BZM6,complex:NKG2D_II_receptor,ULBP1,,Ligand-Receptor,Signaling by Killer Cell Lectin Like Receptor K1,DC mature|Macrophage alveolar,0.598
LipoxinA4_byALOX12_FPR2,complex:LipoxinA4_byALOX12,simple:P25090,,FPR2,Ligand-Receptor,Signaling by Lipoxin/Leukotriene,DC mature|Macrophage alveolar,0.701
CCL19_CCRL2,simple:Q99731,simple:O00421,CCL19,CCRL2,Ligand-Receptor,Signaling by Chemokines,DC mature|Macrophage alveolar,0.732
CD44_TYROBP,simple:P16070,simple:O43914,CD44,TYROBP,Ligand-Receptor,,DC mature|Macrophage alveolar,0.625
LipoxinA4_byALOX5_FPR2,complex:LipoxinA4_byALOX5,simple:P25090,,FPR2,Ligand-Receptor,Signaling by Lipoxin/Leukotriene,DC mature|Macrophage alveolar,0.506
ProstaglandinE2_byPTGES2_PTGER3,complex:ProstaglandinE2_byPTGES2,simple:P43115,,PTGER3,Ligand-Receptor,Signaling by Prostaglandin,DC mature|Macrophage alveolar,0.702
SAA1_FPR2,simple:P0DJI8,simple:P25090,SAA1,FPR2,Ligand-Receptor,,DC mature|Macrophage alveolar,0.657
ProstaglandinE2_byPTGES2_PTGER4,complex:ProstaglandinE2_byPTGES2,simple:P35408,,PTGER4,Ligand-Receptor,Signaling by Prostaglandin,DC mature|Macrophage alveolar,0.691
CCL15_CCR1,simple:Q16663,simple:P32246,CCL15,CCR1,Ligand-Receptor,Signaling by Chemokines,DC mature|Macrophage alveolar,0.616
TNFSF18_TNFRSF18,simple:Q9UNG2,simple:Q9Y5U5,TNFSF18,TNFRSF18,Ligand-Receptor,Signaling by Tumor necrosis factor,DC mature|Macrophage alveolar,0.646
HLA-G_LILRB1,simple:P17693,simple:Q8NHL6,HLA-G,LILRB1,Ligand-Receptor,Signaling by HLA,DC mature|Macrophage alveolar,0.619
APOE_TREM2_receptor,simple:P02649,complex:TREM2_receptor,APOE,,Ligand-Receptor,Signaling by Apolipoprotein,DC mature|Macrophage alveolar,0.587
CXCL9_CXCR3,simple:Q07325,simple:P49682,CXCL9,CXCR3,Ligand-Receptor,Signaling by Chemokines,DC mature|Macrophage alveolar,0.614
CXCL10_CXCR3,simple:P02778,simple:P49682,CXCL10,CXCR3,Ligand-Receptor,Signaling by Chemokines,DC mature|Macrophage alveolar,0.603
HLA-G_LILRB2,simple:P17693,simple:Q8N423,HLA-G,LILRB2,Ligand-Receptor,Signaling by HLA,DC mature|Macrophage alveolar,0.581
CRLF2_TSLPR,simple:Q9HC73,complex:TSLPR,CRLF2,,Receptor-Receptor,,DC mature|Macrophage alveolar,0.658
CXCL10_DPP4,simple:P02778,simple:P27487,CXCL10,DPP4,Ligand-Receptor,Signaling by Chemokines,DC mature|Macrophage alveolar,0.633
CXCL11_CXCR3,simple:O14625,simple:P49682,CXCL11,CXCR3,Ligand-Receptor,Signaling by Chemokines,DC mature|Macrophage alveolar,0.61
CXCL9_DPP4,simple:Q07325,simple:P27487,CXCL9,DPP4,Ligand-Receptor,Signaling by Chemokines,DC mature|Macrophage alveolar,0.643
CALCA_RAMP1_complex,simple:P01258,complex:RAMP1_complex,CALCA,,Ligand-Receptor,Signaling by Calcitonin,DC mature|Macrophage alveolar,0.622
CXCL11_ACKR3,simple:O14625,simple:P25106,CXCL11,ACKR3,Ligand-Receptor,Signaling by Chemokines,DC mature|Macrophage alveolar,0.757
CD86_CTLA4,simple:P42081,simple:P16410,CD86,CTLA4,Ligand-Receptor,,DC mature|Macrophage alveolar,0.634
CXCL11_DPP4,simple:O14625,simple:P27487,CXCL11,DPP4,Ligand-Receptor,Signaling by Chemokines,DC mature|Macrophage alveolar,0.639
ICAM1_integrin_aXb2_complex,simple:P05362,complex:integrin_aXb2_complex,ICAM1,,Ligand-Receptor,Adhesion by ICAM,DC mature|Macrophage alveolar,0.622
WNT5B_WIF1,simple:Q9H1J7,simple:Q9Y5W5,WNT5B,WIF1,Ligand-Ligand,Signaling by WNT inhibition,DC mature|Macrophage alveolar,0.652
WNT5B_SFRP5,simple:Q9H1J7,simple:Q5T4F7,WNT5B,SFRP5,Ligand-Ligand,Signaling by WNT inhibition,DC mature|Macrophage alveolar,0.657
CCL22_DPP4,simple:O00626,simple:P27487,CCL22,DPP4,Ligand-Receptor,Signaling by Chemokines,DC mature|Macrophage alveolar,0.657
CCL19_CCR7,simple:Q99731,simple:P32248,CCL19,CCR7,Ligand-Receptor,Signaling by Chemokines,DC mature|Monocyte classical,0.648
C10orf99_SUSD2,simple:Q6UWK7,simple:Q9UGT4,C10orf99,SUSD2,Ligand-Receptor,,DC mature|Monocyte classical,0.654
TENM2_ADGRL2,simple:Q9NT68,simple:O95490,TENM2,ADGRL2,Ligand-Receptor,Signaling by Teneurin,DC mature|Monocyte classical,0.628
ULBP1_NKG2D_II_receptor,simple:Q9BZM6,complex:NKG2D_II_receptor,ULBP1,,Ligand-Receptor,Signaling by Killer Cell Lectin Like Receptor K1,DC mature|Monocyte classical,0.596
LTC4_byLTC4S_CYSLTR2,complex:LTC4_byLTC4S,simple:Q9NS75,,CYSLTR2,Ligand-Receptor,Signaling by Lipoxin/Leukotriene,DC mature|Monocyte classical,0.564
LipoxinA4_byALOX12_FPR2,complex:LipoxinA4_byALOX12,simple:P25090,,FPR2,Ligand-Receptor,Signaling by Lipoxin/Leukotriene,DC mature|Monocyte classical,0.737
CCL19_CCRL2,simple:Q99731,simple:O00421,CCL19,CCRL2,Ligand-Receptor,Signaling by Chemokines,DC mature|Monocyte classical,0.764
CD44_TYROBP,simple:P16070,simple:O43914,CD44,TYROBP,Ligand-Receptor,,DC mature|Monocyte classical,0.628
LipoxinA4_byALOX5_FPR2,complex:LipoxinA4_byALOX5,simple:P25090,,FPR2,Ligand-Receptor,Signaling by Lipoxin/Leukotriene,DC mature|Monocyte classical,0.541
CD200_CD200R1,simple:P41217,simple:Q8TD46,CD200,CD200R1,Ligand-Receptor,,DC mature|Monocyte classical,0.616
WNT5B_SFRP4,simple:Q9H1J7,simple:Q6FHJ7,WNT5B,SFRP4,Ligand-Ligand,Signaling by WNT inhibition,DC mature|Monocyte classical,0.645
SAA1_FPR2,simple:P0DJI8,simple:P25090,SAA1,FPR2,Ligand-Receptor,,DC mature|Monocyte classical,0.693
ProstaglandinE2_byPTGES2_PTGER4,complex:ProstaglandinE2_byPTGES2,simple:P35408,,PTGER4,Ligand-Receptor,Signaling by Prostaglandin,DC mature|Monocyte classical,0.623
CCL15_CCR1,simple:Q16663,simple:P32246,CCL15,CCR1,Ligand-Receptor,Signaling by Chemokines,DC mature|Monocyte classical,0.624
TNFSF18_TNFRSF18,simple:Q9UNG2,simple:Q9Y5U5,TNFSF18,TNFRSF18,Ligand-Receptor,Signaling by Tumor necrosis factor,DC mature|Monocyte classical,0.645
WNT5B_SFRP1,simple:Q9H1J7,simple:Q8N474,WNT5B,SFRP1,Ligand-Ligand,Signaling by WNT inhibition,DC mature|Monocyte classical,0.651
WNT5B_SFRP2,simple:Q9H1J7,simple:Q96HF1,WNT5B,SFRP2,Ligand-Ligand,Signaling by WNT inhibition,DC mature|Monocyte classical,0.65
HLA-G_LILRB1,simple:P17693,simple:Q8NHL6,HLA-G,LILRB1,Ligand-Receptor,Signaling by HLA,DC mature|Monocyte classical,0.643
LeukotrieneC4_byLTC4S_CYSLTR2,complex:LeukotrieneC4_byLTC4S,simple:Q9NS75,,CYSLTR2,Ligand-Receptor,Signaling by Lipoxin/Leukotriene,DC mature|Monocyte classical,0.546
CXCL10_CXCR3,simple:P02778,simple:P49682,CXCL10,CXCR3,Ligand-Receptor,Signaling by Chemokines,DC mature|Monocyte classical,0.606
HLA-G_LILRB2,simple:P17693,simple:Q8N423,HLA-G,LILRB2,Ligand-Receptor,Signaling by HLA,DC mature|Monocyte classical,0.653
CRLF2_TSLPR,simple:Q9HC73,complex:TSLPR,CRLF2,,Receptor-Receptor,,DC mature|Monocyte classical,0.645
CXCL10_DPP4,simple:P02778,simple:P27487,CXCL10,DPP4,Ligand-Receptor,Signaling by Chemokines,DC mature|Monocyte classical,0.631
CXCL11_CXCR3,simple:O14625,simple:P49682,CXCL11,CXCR3,Ligand-Receptor,Signaling by Chemokines,DC mature|Monocyte classical,0.612
CXCL9_DPP4,simple:Q07325,simple:P27487,CXCL9,DPP4,Ligand-Receptor,Signaling by Chemokines,DC mature|Monocyte classical,0.641
CALCA_RAMP1_complex,simple:P01258,complex:RAMP1_complex,CALCA,,Ligand-Receptor,Signaling by Calcitonin,DC mature|Monocyte classical,0.617
CXCL11_ACKR3,simple:O14625,simple:P25106,CXCL11,ACKR3,Ligand-Receptor,Signaling by Chemokines,DC mature|Monocyte classical,0.696
CD86_CTLA4,simple:P42081,simple:P16410,CD86,CTLA4,Ligand-Receptor,,DC mature|Monocyte classical,0.631
CXCL11_DPP4,simple:O14625,simple:P27487,CXCL11,DPP4,Ligand-Receptor,Signaling by Chemokines,DC mature|Monocyte classical,0.637
ICAM1_integrin_aXb2_complex,simple:P05362,complex:integrin_aXb2_complex,ICAM1,,Ligand-Receptor,Adhesion by ICAM,DC mature|Monocyte classical,0.654
SerotoninDopamin_byDDC_HTR3C,complex:SerotoninDopamin_byDDC,simple:Q8WXA8,,HTR3C,Ligand-Receptor,Signaling by Serotonin/Dopamine,DC mature|Monocyte classical,0.524
WNT5B_WIF1,simple:Q9H1J7,simple:Q9Y5W5,WNT5B,WIF1,Ligand-Ligand,Signaling by WNT inhibition,DC mature|Monocyte classical,0.651
WNT5B_SFRP5,simple:Q9H1J7,simple:Q5T4F7,WNT5B,SFRP5,Ligand-Ligand,Signaling by WNT inhibition,DC mature|Monocyte classical,0.652
CCL22_DPP4,simple:O00626,simple:P27487,CCL22,DPP4,Ligand-Receptor,Signaling by Chemokines,DC mature|Monocyte classical,0.655
CTSG_FPR1,simple:P08311,simple:P21462,CTSG,FPR1,Ligand-Receptor,Signaling by Cathepsin,DC mature|Monocyte classical,0.593
FCER2_integrin_aXb2_complex,simple:P06734,complex:integrin_aXb2_complex,FCER2,,Receptor-Receptor,Signaling by FC receptor,DC mature|Monocyte classical,0.558
CCL19_CCR7,simple:Q99731,simple:P32248,CCL19,CCR7,Ligand-Receptor,Signaling by Chemokines,DC mature|T cell CD8 dividing,0.657
ProstaglandinE2_byPTGES2_PTGER1,complex:ProstaglandinE2_byPTGES2,simple:P34995,,PTGER1,Ligand-Receptor,Signaling by Prostaglandin,DC mature|T cell CD8 dividing,0.627
C10orf99_SUSD2,simple:Q6UWK7,simple:Q9UGT4,C10orf99,SUSD2,Ligand-Receptor,,DC mature|T cell CD8 dividing,0.652
LCK_CD8_receptor,simple:P06239,complex:CD8_receptor,LCK,,Receptor-Receptor,,DC mature|T cell CD8 dividing,0.589
ULBP1_NKG2D_II_receptor,simple:Q9BZM6,complex:NKG2D_II_receptor,ULBP1,,Ligand-Receptor,Signaling by Killer Cell Lectin Like Receptor K1,DC mature|T cell CD8 dividing,0.719
ULBP2_NKG2D_II_receptor,simple:Q9BZM5,complex:NKG2D_II_receptor,ULBP2,,Ligand-Receptor,Signaling by Killer Cell Lectin Like Receptor K1,DC mature|T cell CD8 dividing,0.638
LipoxinA4_byALOX12_FPR2,complex:LipoxinA4_byALOX12,simple:P25090,,FPR2,Ligand-Receptor,Signaling by Lipoxin/Leukotriene,DC mature|T cell CD8 dividing,0.64
CCL19_CCRL2,simple:Q99731,simple:O00421,CCL19,CCRL2,Ligand-Receptor,Signaling by Chemokines,DC mature|T cell CD8 dividing,0.661
PVR_TIGIT,simple:P15151,simple:Q495A1,PVR,TIGIT,Ligand-Receptor,Signaling by Poliovirus receptor,DC mature|T cell CD8 dividing,0.731
PVR_CD96,simple:P15151,simple:P40200,PVR,CD96,Ligand-Receptor,Signaling by Poliovirus receptor,DC mature|T cell CD8 dividing,0.729
CD200_CD200R1,simple:P41217,simple:Q8TD46,CD200,CD200R1,Ligand-Receptor,,DC mature|T cell CD8 dividing,0.774
WNT5B_SFRP4,simple:Q9H1J7,simple:Q6FHJ7,WNT5B,SFRP4,Ligand-Ligand,Signaling by WNT inhibition,DC mature|T cell CD8 dividing,0.644
PF4_CXCR3,simple:P02776,simple:P49682,PF4,CXCR3,Ligand-Receptor,,DC mature|T cell CD8 dividing,0.603
ProstaglandinE2_byPTGES2_PTGER3,complex:ProstaglandinE2_byPTGES2,simple:P43115,,PTGER3,Ligand-Receptor,Signaling by Prostaglandin,DC mature|T cell CD8 dividing,0.611
SAA1_FPR2,simple:P0DJI8,simple:P25090,SAA1,FPR2,Ligand-Receptor,,DC mature|T cell CD8 dividing,0.596
ProstaglandinE2_byPTGES2_PTGER4,complex:ProstaglandinE2_byPTGES2,simple:P35408,,PTGER4,Ligand-Receptor,Signaling by Prostaglandin,DC mature|T cell CD8 dividing,0.7
CCL15_CCR1,simple:Q16663,simple:P32246,CCL15,CCR1,Ligand-Receptor,Signaling by Chemokines,DC mature|T cell CD8 dividing,0.589
TNFSF18_TNFRSF18,simple:Q9UNG2,simple:Q9Y5U5,TNFSF18,TNFRSF18,Ligand-Receptor,Signaling by Tumor necrosis factor,DC mature|T cell CD8 dividing,0.753
CD70_CD27,simple:P32970,simple:P26842,CD70,CD27,Ligand-Receptor,,DC mature|T cell CD8 dividing,0.727
FGL1_LAG3,simple:Q08830,simple:P18627,FGL1,LAG3,Ligand-Receptor,Signaling by Fibroblast growth factor,DC mature|T cell CD8 dividing,0.621
PVR_CD226,simple:P15151,simple:Q15762,PVR,CD226,Ligand-Receptor,Signaling by Poliovirus receptor,DC mature|T cell CD8 dividing,0.679
NECTIN2_TIGIT,simple:Q92692,simple:Q495A1,NECTIN2,TIGIT,Ligand-Receptor,Signaling by Nectin,DC mature|T cell CD8 dividing,0.757
TNFSF9_TNFRSF9,simple:P41273,simple:Q07011,TNFSF9,TNFRSF9,Ligand-Receptor,Signaling by Tumor necrosis factor,DC mature|T cell CD8 dividing,0.635
CXCL9_CXCR3,simple:Q07325,simple:P49682,CXCL9,CXCR3,Ligand-Receptor,Signaling by Chemokines,DC mature|T cell CD8 dividing,0.785
CXCL10_CXCR3,simple:P02778,simple:P49682,CXCL10,CXCR3,Ligand-Receptor,Signaling by Chemokines,DC mature|T cell CD8 dividing,0.775
CRLF2_TSLPR,simple:Q9HC73,complex:TSLPR,CRLF2,,Receptor-Receptor,,DC mature|T cell CD8 dividing,0.644
IL21_IL21_receptor,simple:Q9HBE4,complex:IL21_receptor,IL21,,Ligand-Receptor,Signaling by Interleukin,DC mature|T cell CD8 dividing,0.575
CEACAM5_CD8A,simple:P06731,simple:P01732,CEACAM5,CD8A,Adhesion-Adhesion,Adhesion by CEAM,DC mature|T cell CD8 dividing,0.627
CXCL10_DPP4,simple:P02778,simple:P27487,CXCL10,DPP4,Ligand-Receptor,Signaling by Chemokines,DC mature|T cell CD8 dividing,0.642
CXCL11_CXCR3,simple:O14625,simple:P49682,CXCL11,CXCR3,Ligand-Receptor,Signaling by Chemokines,DC mature|T cell CD8 dividing,0.781
CXCL9_DPP4,simple:Q07325,simple:P27487,CXCL9,DPP4,Ligand-Receptor,Signaling by Chemokines,DC mature|T cell CD8 dividing,0.652
CXCL16_CXCR6,simple:Q9H2A7,simple:O00574,CXCL16,CXCR6,Ligand-Receptor,Signaling by Chemokines,DC mature|T cell CD8 dividing,0.722
CALCA_RAMP1_complex,simple:P01258,complex:RAMP1_complex,CALCA,,Ligand-Receptor,Signaling by Calcitonin,DC mature|T cell CD8 dividing,0.613
CXCL11_ACKR3,simple:O14625,simple:P25106,CXCL11,ACKR3,Ligand-Receptor,Signaling by Chemokines,DC mature|T cell CD8 dividing,0.633
CD86_CTLA4,simple:P42081,simple:P16410,CD86,CTLA4,Ligand-Receptor,,DC mature|T cell CD8 dividing,0.776
CXCL11_DPP4,simple:O14625,simple:P27487,CXCL11,DPP4,Ligand-Receptor,Signaling by Chemokines,DC mature|T cell CD8 dividing,0.648
WNT5B_WIF1,simple:Q9H1J7,simple:Q9Y5W5,WNT5B,WIF1,Ligand-Ligand,Signaling by WNT inhibition,DC mature|T cell CD8 dividing,0.65
WNT5B_SFRP5,simple:Q9H1J7,simple:Q5T4F7,WNT5B,SFRP5,Ligand-Ligand,Signaling by WNT inhibition,DC mature|T cell CD8 dividing,0.649
CCL22_DPP4,simple:O00626,simple:P27487,CCL22,DPP4,Ligand-Receptor,Signaling by Chemokines,DC mature|T cell CD8 dividing,0.666
CCL19_CCR7,simple:Q99731,simple:P32248,CCL19,CCR7,Ligand-Receptor,Signaling by Chemokines,DC mature|Tumor Tumor ImmunoSup,0.66
ProstaglandinE2_byPTGES2_PTGER1,complex:ProstaglandinE2_byPTGES2,simple:P34995,,PTGER1,Ligand-Receptor,Signaling by Prostaglandin,DC mature|Tumor Tumor ImmunoSup,0.64
C10orf99_SUSD2,simple:Q6UWK7,simple:Q9UGT4,C10orf99,SUSD2,Ligand-Receptor,,DC mature|Tumor Tumor ImmunoSup,0.707
TNFSF13B_TNFRSF13C,simple:Q9Y275,simple:Q96RJ3,TNFSF13B,TNFRSF13C,Ligand-Receptor,Signaling by Tumor necrosis factor,DC mature|Tumor Tumor ImmunoSup,0.612
TENM2_ADGRL2,simple:Q9NT68,simple:O95490,TENM2,ADGRL2,Ligand-Receptor,Signaling by Teneurin,DC mature|Tumor Tumor ImmunoSup,0.643
LipoxinA4_byALOX12_FPR2,complex:LipoxinA4_byALOX12,simple:P25090,,FPR2,Ligand-Receptor,Signaling by Lipoxin/Leukotriene,DC mature|Tumor Tumor ImmunoSup,0.655
CCL19_CCRL2,simple:Q99731,simple:O00421,CCL19,CCRL2,Ligand-Receptor,Signaling by Chemokines,DC mature|Tumor Tumor ImmunoSup,0.664
TNFSF13B_TNFRSF17,simple:Q9Y275,simple:Q02223,TNFSF13B,TNFRSF17,Ligand-Receptor,Signaling by Tumor necrosis factor,DC mature|Tumor Tumor ImmunoSup,0.612
TENM2_ADGRL3,simple:Q9NT68,simple:Q9HAR2,TENM2,ADGRL3,Ligand-Receptor,Signaling by Teneurin,DC mature|Tumor Tumor ImmunoSup,0.645
CD200_CD200R1,simple:P41217,simple:Q8TD46,CD200,CD200R1,Ligand-Receptor,,DC mature|Tumor Tumor ImmunoSup,0.647
WNT5B_SFRP4,simple:Q9H1J7,simple:Q6FHJ7,WNT5B,SFRP4,Ligand-Ligand,Signaling by WNT inhibition,DC mature|Tumor Tumor ImmunoSup,0.661
ProstaglandinE2_byPTGES2_PTGER3,complex:ProstaglandinE2_byPTGES2,simple:P43115,,PTGER3,Ligand-Receptor,Signaling by Prostaglandin,DC mature|Tumor Tumor ImmunoSup,0.639
SAA1_FPR2,simple:P0DJI8,simple:P25090,SAA1,FPR2,Ligand-Receptor,,DC mature|Tumor Tumor ImmunoSup,0.611
ProstaglandinE2_byPTGES2_PTGER4,complex:ProstaglandinE2_byPTGES2,simple:P35408,,PTGER4,Ligand-Receptor,Signaling by Prostaglandin,DC mature|Tumor Tumor ImmunoSup,0.618
WNT5B_FRZB,simple:Q9H1J7,simple:Q92765,WNT5B,FRZB,Ligand-Ligand,Signaling by WNT inhibition,DC mature|Tumor Tumor ImmunoSup,0.661
TNFSF18_TNFRSF18,simple:Q9UNG2,simple:Q9Y5U5,TNFSF18,TNFRSF18,Ligand-Receptor,Signaling by Tumor necrosis factor,DC mature|Tumor Tumor ImmunoSup,0.655
TNFSF13B_TNFRSF13B,simple:Q9Y275,simple:O14836,TNFSF13B,TNFRSF13B,Ligand-Receptor,Signaling by Tumor necrosis factor,DC mature|Tumor Tumor ImmunoSup,0.613
WNT5B_SFRP1,simple:Q9H1J7,simple:Q8N474,WNT5B,SFRP1,Ligand-Ligand,Signaling by WNT inhibition,DC mature|Tumor Tumor ImmunoSup,0.663
WNT5B_SFRP2,simple:Q9H1J7,simple:Q96HF1,WNT5B,SFRP2,Ligand-Ligand,Signaling by WNT inhibition,DC mature|Tumor Tumor ImmunoSup,0.662
CXCL9_CXCR3,simple:Q07325,simple:P49682,CXCL9,CXCR3,Ligand-Receptor,Signaling by Chemokines,DC mature|Tumor Tumor ImmunoSup,0.653
CXCL10_CXCR3,simple:P02778,simple:P49682,CXCL10,CXCR3,Ligand-Receptor,Signaling by Chemokines,DC mature|Tumor Tumor ImmunoSup,0.643
CRLF2_TSLPR,simple:Q9HC73,complex:TSLPR,CRLF2,,Receptor-Receptor,,DC mature|Tumor Tumor ImmunoSup,0.643
CXCL10_DPP4,simple:P02778,simple:P27487,CXCL10,DPP4,Ligand-Receptor,Signaling by Chemokines,DC mature|Tumor Tumor ImmunoSup,0.674
CXCL11_CXCR3,simple:O14625,simple:P49682,CXCL11,CXCR3,Ligand-Receptor,Signaling by Chemokines,DC mature|Tumor Tumor ImmunoSup,0.649
CXCL9_DPP4,simple:Q07325,simple:P27487,CXCL9,DPP4,Ligand-Receptor,Signaling by Chemokines,DC mature|Tumor Tumor ImmunoSup,0.684
CALCA_RAMP1_complex,simple:P01258,complex:RAMP1_complex,CALCA,,Ligand-Receptor,Signaling by Calcitonin,DC mature|Tumor Tumor ImmunoSup,0.638
CXCL11_ACKR3,simple:O14625,simple:P25106,CXCL11,ACKR3,Ligand-Receptor,Signaling by Chemokines,DC mature|Tumor Tumor ImmunoSup,0.658
CD86_CTLA4,simple:P42081,simple:P16410,CD86,CTLA4,Ligand-Receptor,,DC mature|Tumor Tumor ImmunoSup,0.64
CXCL11_DPP4,simple:O14625,simple:P27487,CXCL11,DPP4,Ligand-Receptor,Signaling by Chemokines,DC mature|Tumor Tumor ImmunoSup,0.68
SerotoninDopamin_byDDC_HTR3C,complex:SerotoninDopamin_byDDC,simple:Q8WXA8,,HTR3C,Ligand-Receptor,Signaling by Serotonin/Dopamine,DC mature|Tumor Tumor ImmunoSup,0.538
WNT5B_WIF1,simple:Q9H1J7,simple:Q9Y5W5,WNT5B,WIF1,Ligand-Ligand,Signaling by WNT inhibition,DC mature|Tumor Tumor ImmunoSup,0.683
WNT5B_SFRP5,simple:Q9H1J7,simple:Q5T4F7,WNT5B,SFRP5,Ligand-Ligand,Signaling by WNT inhibition,DC mature|Tumor Tumor ImmunoSup,0.666
CCL22_DPP4,simple:O00626,simple:P27487,CCL22,DPP4,Ligand-Receptor,Signaling by Chemokines,DC mature|Tumor Tumor ImmunoSup,0.698
CCL19_CCR7,simple:Q99731,simple:P32248,CCL19,CCR7,Ligand-Receptor,Signaling by Chemokines,DC mature|cDC1,0.668
XCL2_XCR1,simple:Q9UBD3,simple:P46094,XCL2,XCR1,Ligand-Receptor,Signaling by Lymphotactin,DC mature|cDC1,0.648
C10orf99_SUSD2,simple:Q6UWK7,simple:Q9UGT4,C10orf99,SUSD2,Ligand-Receptor,,DC mature|cDC1,0.654
Histamine_byHDC_HRH2,complex:Histamine_byHDC,simple:P25021,,HRH2,Ligand-Receptor,Signaling by Histamine,DC mature|cDC1,0.612
LipoxinA4_byALOX12_FPR2,complex:LipoxinA4_byALOX12,simple:P25090,,FPR2,Ligand-Receptor,Signaling by Lipoxin/Leukotriene,DC mature|cDC1,0.643
CCL19_CCRL2,simple:Q99731,simple:O00421,CCL19,CCRL2,Ligand-Receptor,Signaling by Chemokines,DC mature|cDC1,0.651
TENM2_ADGRL3,simple:Q9NT68,simple:Q9HAR2,TENM2,ADGRL3,Ligand-Receptor,Signaling by Teneurin,DC mature|cDC1,0.627
CRTAM_CADM1,simple:O95727,simple:Q9BY67,CRTAM,CADM1,Adhesion-Adhesion,,DC mature|cDC1,0.628
CD200_CD200R1,simple:P41217,simple:Q8TD46,CD200,CD200R1,Ligand-Receptor,,DC mature|cDC1,0.768
WNT5B_SFRP4,simple:Q9H1J7,simple:Q6FHJ7,WNT5B,SFRP4,Ligand-Ligand,Signaling by WNT inhibition,DC mature|cDC1,0.643
ProstaglandinE2_byPTGES2_PTGER3,complex:ProstaglandinE2_byPTGES2,simple:P43115,,PTGER3,Ligand-Receptor,Signaling by Prostaglandin,DC mature|cDC1,0.76
SAA1_FPR2,simple:P0DJI8,simple:P25090,SAA1,FPR2,Ligand-Receptor,,DC mature|cDC1,0.599
CCL20_CCR6,simple:P78556,simple:P51684,CCL20,CCR6,Ligand-Receptor,Signaling by Chemokines,DC mature|cDC1,0.598
ProstaglandinE2_byPTGES2_PTGER4,complex:ProstaglandinE2_byPTGES2,simple:P35408,,PTGER4,Ligand-Receptor,Signaling by Prostaglandin,DC mature|cDC1,0.695
TNFSF18_TNFRSF18,simple:Q9UNG2,simple:Q9Y5U5,TNFSF18,TNFRSF18,Ligand-Receptor,Signaling by Tumor necrosis factor,DC mature|cDC1,0.653
CDH2_CDH2,simple:P19022,simple:P19022,CDH2,CDH2,Adhesion-Adhesion,Adhesion by Cadherin,DC mature|cDC1,0.714
WNT5B_SFRP1,simple:Q9H1J7,simple:Q8N474,WNT5B,SFRP1,Ligand-Ligand,Signaling by WNT inhibition,DC mature|cDC1,0.649
CCL11_DPP4,simple:P51671,simple:P27487,CCL11,DPP4,Ligand-Receptor,Signaling by Chemokines,DC mature|cDC1,0.635
PVR_CD226,simple:P15151,simple:Q15762,PVR,CD226,Ligand-Receptor,Signaling by Poliovirus receptor,DC mature|cDC1,0.755
CXCL9_CXCR3,simple:Q07325,simple:P49682,CXCL9,CXCR3,Ligand-Receptor,Signaling by Chemokines,DC mature|cDC1,0.731
CXCL10_CXCR3,simple:P02778,simple:P49682,CXCL10,CXCR3,Ligand-Receptor,Signaling by Chemokines,DC mature|cDC1,0.721
CADM3_CADM1,simple:Q8N126,simple:Q9BY67,CADM3,CADM1,Adhesion-Adhesion,Adhesion by CADM,DC mature|cDC1,0.706
CRLF2_TSLPR,simple:Q9HC73,complex:TSLPR,CRLF2,,Receptor-Receptor,,DC mature|cDC1,0.637
GAS6_AXL,simple:Q14393,simple:P30530,GAS6,AXL,Ligand-Receptor,Signaling by Growth arrest,DC mature|cDC1,0.644
CXCL10_DPP4,simple:P02778,simple:P27487,CXCL10,DPP4,Ligand-Receptor,Signaling by Chemokines,DC mature|cDC1,0.796
CXCL2_DPP4,simple:P19875,simple:P27487,CXCL2,DPP4,Ligand-Receptor,Signaling by Chemokines,DC mature|cDC1,0.609
CXCL11_CXCR3,simple:O14625,simple:P49682,CXCL11,CXCR3,Ligand-Receptor,Signaling by Chemokines,DC mature|cDC1,0.727
CD40LG_CD40,simple:P29965,simple:P25942,CD40LG,CD40,Ligand-Receptor,,DC mature|cDC1,0.607
CXCL9_DPP4,simple:Q07325,simple:P27487,CXCL9,DPP4,Ligand-Receptor,Signaling by Chemokines,DC mature|cDC1,0.806
CADM1_CADM1,simple:Q9BY67,simple:Q9BY67,CADM1,CADM1,Adhesion-Adhesion,Adhesion by CADM,DC mature|cDC1,0.65
CALCA_RAMP1_complex,simple:P01258,complex:RAMP1_complex,CALCA,,Ligand-Receptor,Signaling by Calcitonin,DC mature|cDC1,0.657
CXCL11_ACKR3,simple:O14625,simple:P25106,CXCL11,ACKR3,Ligand-Receptor,Signaling by Chemokines,DC mature|cDC1,0.632
CD86_CTLA4,simple:P42081,simple:P16410,CD86,CTLA4,Ligand-Receptor,,DC mature|cDC1,0.649
CD52_SIGLEC10,simple:P31358,simple:Q96LC7,CD52,SIGLEC10,Ligand-Receptor,,DC mature|cDC1,0.592
CXCL11_DPP4,simple:O14625,simple:P27487,CXCL11,DPP4,Ligand-Receptor,Signaling by Chemokines,DC mature|cDC1,0.802
ICAM1_integrin_aXb2_complex,simple:P05362,complex:integrin_aXb2_complex,ICAM1,,Ligand-Receptor,Adhesion by ICAM,DC mature|cDC1,0.646
XCL1_XCR1,simple:P47992,simple:P46094,XCL1,XCR1,Ligand-Receptor,Signaling by Lymphotactin,DC mature|cDC1,0.645
WNT5B_WIF1,simple:Q9H1J7,simple:Q9Y5W5,WNT5B,WIF1,Ligand-Ligand,Signaling by WNT inhibition,DC mature|cDC1,0.656
WNT5B_SFRP5,simple:Q9H1J7,simple:Q5T4F7,WNT5B,SFRP5,Ligand-Ligand,Signaling by WNT inhibition,DC mature|cDC1,0.648
COL4A3_ADGRG6,simple:Q01955,simple:Q86SQ4,COL4A3,ADGRG6,Adhesion-Adhesion,Adhesion by Collagen/Integrin,DC mature|cDC1,0.63
CCL22_DPP4,simple:O00626,simple:P27487,CCL22,DPP4,Ligand-Receptor,Signaling by Chemokines,DC mature|cDC1,0.82
FCER2_integrin_aXb2_complex,simple:P06734,complex:integrin_aXb2_complex,FCER2,,Receptor-Receptor,Signaling by FC receptor,DC mature|cDC1,0.55
CCL19_CCR7,simple:Q99731,simple:P32248,CCL19,CCR7,Ligand-Receptor,Signaling by Chemokines,Macrophage alveolar|DC mature,0.655
CCL21_CCR7,simple:O00585,simple:P32248,CCL21,CCR7,Ligand-Receptor,Signaling by Chemokines,Macrophage alveolar|DC mature,0.657
CXCL5_CXCR1,simple:P42830,simple:P25024,CXCL5,CXCR1,Ligand-Receptor,Signaling by Chemokines,Macrophage alveolar|DC mature,0.596
TNFSF13_TNFRSF13B,simple:O75888,simple:O14836,TNFSF13,TNFRSF13B,Ligand-Receptor,Signaling by Tumor necrosis factor,Macrophage alveolar|DC mature,0.578
CXCL5_CXCR2,simple:P42830,simple:P25025,CXCL5,CXCR2,Ligand-Receptor,Signaling by Chemokines,Macrophage alveolar|DC mature,0.593
CD44_TYROBP,simple:P16070,simple:O43914,CD44,TYROBP,Ligand-Receptor,,Macrophage alveolar|DC mature,0.66
TNFSF13_TNFRSF17,simple:O75888,simple:Q02223,TNFSF13,TNFRSF17,Ligand-Receptor,Signaling by Tumor necrosis factor,Macrophage alveolar|DC mature,0.577
CCL20_CCR6,simple:P78556,simple:P51684,CCL20,CCR6,Ligand-Receptor,Signaling by Chemokines,Macrophage alveolar|DC mature,0.717
SEMA3C_NRP2,simple:Q99985,simple:O60462,SEMA3C,NRP2,Ligand-Receptor,Signaling by Semaphorin,Macrophage alveolar|DC mature,0.747
IL4_IL4_receptor,simple:P05112,complex:IL4_receptor,IL4,,Ligand-Receptor,Signaling by Interleukin,Macrophage alveolar|DC mature,0.55
LAIR1_LILRB4,simple:Q6GTX8,simple:Q8NHJ6,LAIR1,LILRB4,Receptor-Receptor,,Macrophage alveolar|DC mature,0.586
CXCL3_CXCR2,simple:P19876,simple:P25025,CXCL3,CXCR2,Ligand-Receptor,Signaling by Chemokines,Macrophage alveolar|DC mature,0.584
APOE_TREM2_receptor,simple:P02649,complex:TREM2_receptor,APOE,,Ligand-Receptor,Signaling by Apolipoprotein,Macrophage alveolar|DC mature,0.594
TNFSF9_TNFRSF9,simple:P41273,simple:Q07011,TNFSF9,TNFRSF9,Ligand-Receptor,Signaling by Tumor necrosis factor,Macrophage alveolar|DC mature,0.623
TSLP_TSLPR,simple:Q969D9,complex:TSLPR,TSLP,,Ligand-Receptor,,Macrophage alveolar|DC mature,0.627
CRLF2_TSLPR,simple:Q9HC73,complex:TSLPR,CRLF2,,Receptor-Receptor,,Macrophage alveolar|DC mature,0.611
atRetinoicAcid_byALDH1A2_RAreceptor_RXRB,complex:atRetinoicAcid_byALDH1A2,complex:RAreceptor_RXRB,,,Ligand-Receptor,Signaling by Retinoic Acid,Macrophage alveolar|DC mature,0.587
ANGPT4_TEK,simple:Q9Y264,simple:Q02763,ANGPT4,TEK,Ligand-Receptor,Signaling by Angiopoietin,Macrophage alveolar|DC mature,0.585
TNF_TNFRSF1B,simple:P01375,simple:P20333,TNF,TNFRSF1B,Ligand-Receptor,Signaling by Tumor necrosis factor,Macrophage alveolar|DC mature,0.622
CD40LG_CD40,simple:P29965,simple:P25942,CD40LG,CD40,Ligand-Receptor,,Macrophage alveolar|DC mature,0.63
RBP4_STRA6,simple:P02753,simple:Q9BX79,RBP4,STRA6,Ligand-Receptor,,Macrophage alveolar|DC mature,0.601
HFE_TFRC,simple:Q30201,simple:P02786,HFE,TFRC,Ligand-Receptor,,Macrophage alveolar|DC mature,0.692
TNFSF10_TNFRSF11B,simple:P50591,simple:O00300,TNFSF10,TNFRSF11B,Ligand-Receptor,Signaling by Tumor necrosis factor,Macrophage alveolar|DC mature,0.637
CCL19_CCR7,simple:Q99731,simple:P32248,CCL19,CCR7,Ligand-Receptor,Signaling by Chemokines,Monocyte classical|DC mature,0.657
CCL21_CCR7,simple:O00585,simple:P32248,CCL21,CCR7,Ligand-Receptor,Signaling by Chemokines,Monocyte classical|DC mature,0.658
CXCL8_CXCR2,simple:P10145,simple:P25025,CXCL8,CXCR2,Ligand-Receptor,Signaling by Chemokines,Monocyte classical|DC mature,0.559
CXCL8_CXCR1,simple:P10145,simple:P25024,CXCL8,CXCR1,Ligand-Receptor,Signaling by Chemokines,Monocyte classical|DC mature,0.562
CXCL8_ACKR1,simple:P10145,simple:Q16570,CXCL8,ACKR1,Ligand-Receptor,Signaling by Chemokines,Monocyte classical|DC mature,0.568
CD44_TYROBP,simple:P16070,simple:O43914,CD44,TYROBP,Ligand-Receptor,,Monocyte classical|DC mature,0.694
CCL20_CCR6,simple:P78556,simple:P51684,CCL20,CCR6,Ligand-Receptor,Signaling by Chemokines,Monocyte classical|DC mature,0.734
SEMA3C_NRP2,simple:Q99985,simple:O60462,SEMA3C,NRP2,Ligand-Receptor,Signaling by Semaphorin,Monocyte classical|DC mature,0.659
VEGFA_NRP2,simple:P15692,simple:O60462,VEGFA,NRP2,Ligand-Receptor,Signaling by Vascular endothelial growth factor,Monocyte classical|DC mature,0.755
IL4_IL4_receptor,simple:P05112,complex:IL4_receptor,IL4,,Ligand-Receptor,Signaling by Interleukin,Monocyte classical|DC mature,0.545
CXCL3_CXCR2,simple:P19876,simple:P25025,CXCL3,CXCR2,Ligand-Receptor,Signaling by Chemokines,Monocyte classical|DC mature,0.587
TNFSF9_TNFRSF9,simple:P41273,simple:Q07011,TNFSF9,TNFRSF9,Ligand-Receptor,Signaling by Tumor necrosis factor,Monocyte classical|DC mature,0.618
CXCL2_CXCR2,simple:P19875,simple:P25025,CXCL2,CXCR2,Ligand-Receptor,Signaling by Chemokines,Monocyte classical|DC mature,0.588
TSLP_TSLPR,simple:Q969D9,complex:TSLPR,TSLP,,Ligand-Receptor,,Monocyte classical|DC mature,0.604
CRLF2_TSLPR,simple:Q9HC73,complex:TSLPR,CRLF2,,Receptor-Receptor,,Monocyte classical|DC mature,0.62
TNF_TNFRSF1B,simple:P01375,simple:P20333,TNF,TNFRSF1B,Ligand-Receptor,Signaling by Tumor necrosis factor,Monocyte classical|DC mature,0.592
CD40LG_CD40,simple:P29965,simple:P25942,CD40LG,CD40,Ligand-Receptor,,Monocyte classical|DC mature,0.629
NLGN2_NRXN2,simple:Q8NFZ4,simple:P58401,NLGN2,NRXN2,Ligand-Receptor,Signaling by Neuroligin,Monocyte classical|DC mature,0.637
HFE_TFRC,simple:Q30201,simple:P02786,HFE,TFRC,Ligand-Receptor,,Monocyte classical|DC mature,0.617
HBEGF_ERBB4,simple:Q99075,simple:Q15303,HBEGF,ERBB4,Ligand-Receptor,Signaling by Epidermal growth factor,Monocyte classical|DC mature,0.607
NRG1_ERBB4,simple:Q02297,simple:Q15303,NRG1,ERBB4,Ligand-Receptor,Signaling by Neuregulin,Monocyte classical|DC mature,0.621
TNFSF10_TNFRSF11B,simple:P50591,simple:O00300,TNFSF10,TNFRSF11B,Ligand-Receptor,Signaling by Tumor necrosis factor,Monocyte classical|DC mature,0.666
EREG_ERBB4,simple:O14944,simple:Q15303,EREG,ERBB4,Ligand-Receptor,Signaling by Epidermal growth factor,Monocyte classical|DC mature,0.621
CCL19_CCR7,simple:Q99731,simple:P32248,CCL19,CCR7,Ligand-Receptor,Signaling by Chemokines,T cell CD8 dividing|DC mature,0.656
XCL2_XCR1,simple:Q9UBD3,simple:P46094,XCL2,XCR1,Ligand-Receptor,Signaling by Lymphotactin,T cell CD8 dividing|DC mature,0.622
CCL21_CCR7,simple:O00585,simple:P32248,CCL21,CCR7,Ligand-Receptor,Signaling by Chemokines,T cell CD8 dividing|DC mature,0.658
CALCB_RAMP1_complex,simple:P10092,complex:RAMP1_complex,CALCB,,Ligand-Receptor,Signaling by Calcitonin,T cell CD8 dividing|DC mature,0.626
LTA_TNFRSF1B,simple:P01374,simple:P20333,LTA,TNFRSF1B,Ligand-Receptor,Signaling by Tumor necrosis factor,T cell CD8 dividing|DC mature,0.6
HLA-C_KIR2DL3,simple:HLAC,simple:P43628,HLA-C,KIR2DL3,Ligand-Receptor,Signaling by HLA,T cell CD8 dividing|DC mature,0.568
CD44_TYROBP,simple:P16070,simple:O43914,CD44,TYROBP,Ligand-Receptor,,T cell CD8 dividing|DC mature,0.618
LRFN5_PTPRF,simple:Q96NI6,simple:P10586,LRFN5,PTPRF,Ligand-Receptor,Signaling by Leucine Rich Repeat And Fibronectin,T cell CD8 dividing|DC mature,0.596
MICB_NKG2D_II_receptor,simple:Q29980,complex:NKG2D_II_receptor,MICB,,Ligand-Receptor,,T cell CD8 dividing|DC mature,0.589
CCL20_CCR6,simple:P78556,simple:P51684,CCL20,CCR6,Ligand-Receptor,Signaling by Chemokines,T cell CD8 dividing|DC mature,0.633
Prostacyclin_byPTGIS_PTGIR,complex:Prostacyclin_byPTGIS,simple:P43119,,PTGIR,Ligand-Receptor,,T cell CD8 dividing|DC mature,0.637
IL4_IL4_receptor,simple:P05112,complex:IL4_receptor,IL4,,Ligand-Receptor,Signaling by Interleukin,T cell CD8 dividing|DC mature,0.542
CD226_NECTIN2,simple:Q15762,simple:Q92692,CD226,NECTIN2,Adhesion-Adhesion,,T cell CD8 dividing|DC mature,0.705
CCL5_ACKR1,simple:P13501,simple:Q16570,CCL5,ACKR1,Ligand-Receptor,Signaling by Chemokines,T cell CD8 dividing|DC mature,0.617
TNFSF9_TNFRSF9,simple:P41273,simple:Q07011,TNFSF9,TNFRSF9,Ligand-Receptor,Signaling by Tumor necrosis factor,T cell CD8 dividing|DC mature,0.707
CXCL13_CXCR5,simple:O43927,simple:P32302,CXCL13,CXCR5,Ligand-Receptor,Signaling by Chemokines,T cell CD8 dividing|DC mature,0.633
TSLP_TSLPR,simple:Q969D9,complex:TSLPR,TSLP,,Ligand-Receptor,,T cell CD8 dividing|DC mature,0.602
CRLF2_TSLPR,simple:Q9HC73,complex:TSLPR,CRLF2,,Receptor-Receptor,,T cell CD8 dividing|DC mature,0.61
IL13_IL13RA2,simple:P35225,simple:Q14627,IL13,IL13RA2,Ligand-Receptor,Signaling by Interleukin,T cell CD8 dividing|DC mature,0.617
IL21_IL21_receptor,simple:Q9HBE4,complex:IL21_receptor,IL21,,Ligand-Receptor,Signaling by Interleukin,T cell CD8 dividing|DC mature,0.59
CD40LG_CD40,simple:P29965,simple:P25942,CD40LG,CD40,Ligand-Receptor,,T cell CD8 dividing|DC mature,0.658
NLGN2_NRXN2,simple:Q8NFZ4,simple:P58401,NLGN2,NRXN2,Ligand-Receptor,Signaling by Neuroligin,T cell CD8 dividing|DC mature,0.635
ENTPD1_ADORA3,simple:P49961,simple:P0DMS8,ENTPD1,ADORA3,Ligand-Receptor,Signaling by Ectonucleoside,T cell CD8 dividing|DC mature,0.585
TNFSF10_TNFRSF11B,simple:P50591,simple:O00300,TNFSF10,TNFRSF11B,Ligand-Receptor,Signaling by Tumor necrosis factor,T cell CD8 dividing|DC mature,0.726
XCL1_XCR1,simple:P47992,simple:P46094,XCL1,XCR1,Ligand-Receptor,Signaling by Lymphotactin,T cell CD8 dividing|DC mature,0.623
CCL19_CCR7,simple:Q99731,simple:P32248,CCL19,CCR7,Ligand-Receptor,Signaling by Chemokines,Tumor Tumor ImmunoSup|DC mature,0.668
CCL21_CCR7,simple:O00585,simple:P32248,CCL21,CCR7,Ligand-Receptor,Signaling by Chemokines,Tumor Tumor ImmunoSup|DC mature,0.669
PGF_NRP2,simple:P49763,simple:O60462,PGF,NRP2,Ligand-Receptor,Signaling by Placenta growth factor,Tumor Tumor ImmunoSup|DC mature,0.655
CCL20_CCR6,simple:P78556,simple:P51684,CCL20,CCR6,Ligand-Receptor,Signaling by Chemokines,Tumor Tumor ImmunoSup|DC mature,0.63
SEMA3C_NRP2,simple:Q99985,simple:O60462,SEMA3C,NRP2,Ligand-Receptor,Signaling by Semaphorin,Tumor Tumor ImmunoSup|DC mature,0.657
VEGFA_NRP2,simple:P15692,simple:O60462,VEGFA,NRP2,Ligand-Receptor,Signaling by Vascular endothelial growth factor,Tumor Tumor ImmunoSup|DC mature,0.683
Prostacyclin_byPTGIS_PTGIR,complex:Prostacyclin_byPTGIS,simple:P43119,,PTGIR,Ligand-Receptor,,Tumor Tumor ImmunoSup|DC mature,0.65
IL4_IL4_receptor,simple:P05112,complex:IL4_receptor,IL4,,Ligand-Receptor,Signaling by Interleukin,Tumor Tumor ImmunoSup|DC mature,0.566
APP_CD74,simple:P05067,simple:P04233,APP,CD74,Ligand-Receptor,Signaling by Amyloid-beta precursor protein,Tumor Tumor ImmunoSup|DC mature,0.661
TNFSF9_TNFRSF9,simple:P41273,simple:Q07011,TNFSF9,TNFRSF9,Ligand-Receptor,Signaling by Tumor necrosis factor,Tumor Tumor ImmunoSup|DC mature,0.641
TSLP_TSLPR,simple:Q969D9,complex:TSLPR,TSLP,,Ligand-Receptor,,Tumor Tumor ImmunoSup|DC mature,0.628
CRLF2_TSLPR,simple:Q9HC73,complex:TSLPR,CRLF2,,Receptor-Receptor,,Tumor Tumor ImmunoSup|DC mature,0.624
IL21_IL21_receptor,simple:Q9HBE4,complex:IL21_receptor,IL21,,Ligand-Receptor,Signaling by Interleukin,Tumor Tumor ImmunoSup|DC mature,0.566
CD40LG_CD40,simple:P29965,simple:P25942,CD40LG,CD40,Ligand-Receptor,,Tumor Tumor ImmunoSup|DC mature,0.649
NLGN2_NRXN2,simple:Q8NFZ4,simple:P58401,NLGN2,NRXN2,Ligand-Receptor,Signaling by Neuroligin,Tumor Tumor ImmunoSup|DC mature,0.663
AVP_OXTR,simple:P01185,simple:P30559,AVP,OXTR,Ligand-Receptor,Signaling by Vasopressin,Tumor Tumor ImmunoSup|DC mature,0.631
TNFSF10_TNFRSF11B,simple:P50591,simple:O00300,TNFSF10,TNFRSF11B,Ligand-Receptor,Signaling by Tumor necrosis factor,Tumor Tumor ImmunoSup|DC mature,0.694
NGF_NGFR,simple:P01138,simple:P08138,NGF,NGFR,Ligand-Receptor,Signaling by Beta-nerve growth factor,Tumor Tumor ImmunoSup|DC mature,0.652
CCL19_CCR7,simple:Q99731,simple:P32248,CCL19,CCR7,Ligand-Receptor,Signaling by Chemokines,cDC1|DC mature,0.669
CCL21_CCR7,simple:O00585,simple:P32248,CCL21,CCR7,Ligand-Receptor,Signaling by Chemokines,cDC1|DC mature,0.661
ULBP1_NKG2D_II_receptor,simple:Q9BZM6,complex:NKG2D_II_receptor,ULBP1,,Ligand-Receptor,Signaling by Killer Cell Lectin Like Receptor K1,cDC1|DC mature,0.593
CDH2_FCER2,simple:P19022,simple:P06734,CDH2,FCER2,Ligand-Receptor,Adhesion by Cadherin,cDC1|DC mature,0.65
LRFN5_PTPRF,simple:Q96NI6,simple:P10586,LRFN5,PTPRF,Ligand-Receptor,Signaling by Leucine Rich Repeat And Fibronectin,cDC1|DC mature,0.596
CCL20_CCR6,simple:P78556,simple:P51684,CCL20,CCR6,Ligand-Receptor,Signaling by Chemokines,cDC1|DC mature,0.598
ProstaglandinE2_byPTGES2_PTGER4,complex:ProstaglandinE2_byPTGES2,simple:P35408,,PTGER4,Ligand-Receptor,Signaling by Prostaglandin,cDC1|DC mature,0.625
TNFSF18_TNFRSF18,simple:Q9UNG2,simple:Q9Y5U5,TNFSF18,TNFRSF18,Ligand-Receptor,Signaling by Tumor necrosis factor,cDC1|DC mature,0.604
CDH2_CDH2,simple:P19022,simple:P19022,CDH2,CDH2,Adhesion-Adhesion,Adhesion by Cadherin,cDC1|DC mature,0.714
IL4_IL4_receptor,simple:P05112,complex:IL4_receptor,IL4,,Ligand-Receptor,Signaling by Interleukin,cDC1|DC mature,0.541
CD226_NECTIN2,simple:Q15762,simple:Q92692,CD226,NECTIN2,Adhesion-Adhesion,,cDC1|DC mature,0.781
TNFSF9_TNFRSF9,simple:P41273,simple:Q07011,TNFSF9,TNFRSF9,Ligand-Receptor,Signaling by Tumor necrosis factor,cDC1|DC mature,0.645
CXCL9_CXCR3,simple:Q07325,simple:P49682,CXCL9,CXCR3,Ligand-Receptor,Signaling by Chemokines,cDC1|DC mature,0.613
TSLP_TSLPR,simple:Q969D9,complex:TSLPR,TSLP,,Ligand-Receptor,,cDC1|DC mature,0.603
CRLF2_TSLPR,simple:Q9HC73,complex:TSLPR,CRLF2,,Receptor-Receptor,,cDC1|DC mature,0.625
IL21_IL21_receptor,simple:Q9HBE4,complex:IL21_receptor,IL21,,Ligand-Receptor,Signaling by Interleukin,cDC1|DC mature,0.56
OXT_OXTR,simple:P01178,simple:P30559,OXT,OXTR,Ligand-Receptor,Signaling by Oxytocin,cDC1|DC mature,0.628
TNF_TNFRSF1B,simple:P01375,simple:P20333,TNF,TNFRSF1B,Ligand-Receptor,Signaling by Tumor necrosis factor,cDC1|DC mature,0.666
CD40LG_CD40,simple:P29965,simple:P25942,CD40LG,CD40,Ligand-Receptor,,cDC1|DC mature,0.631
CXCL9_DPP4,simple:Q07325,simple:P27487,CXCL9,DPP4,Ligand-Receptor,Signaling by Chemokines,cDC1|DC mature,0.654
NLGN2_NRXN2,simple:Q8NFZ4,simple:P58401,NLGN2,NRXN2,Ligand-Receptor,Signaling by Neuroligin,cDC1|DC mature,0.665
CXCL16_CXCR6,simple:Q9H2A7,simple:O00574,CXCL16,CXCR6,Ligand-Receptor,Signaling by Chemokines,cDC1|DC mature,0.598
CADM1_CADM1,simple:Q9BY67,simple:Q9BY67,CADM1,CADM1,Adhesion-Adhesion,Adhesion by CADM,cDC1|DC mature,0.65
CALCA_RAMP1_complex,simple:P01258,complex:RAMP1_complex,CALCA,,Ligand-Receptor,Signaling by Calcitonin,cDC1|DC mature,0.637
CD86_CTLA4,simple:P42081,simple:P16410,CD86,CTLA4,Ligand-Receptor,,cDC1|DC mature,0.615
TNFSF10_TNFRSF11B,simple:P50591,simple:O00300,TNFSF10,TNFRSF11B,Ligand-Receptor,Signaling by Tumor necrosis factor,cDC1|DC mature,0.636
APOB_TREM2_receptor,simple:P04114,complex:TREM2_receptor,APOB,,Ligand-Receptor,Signaling by Apolipoprotein,cDC1|DC mature,0.597
CXCL5_CXCR1,simple:P42830,simple:P25024,CXCL5,CXCR1,Ligand-Receptor,Signaling by Chemokines,Macrophage alveolar|Tumor Tumor ImmunoSup,0.604
PPBP_CXCR1,simple:P02775,simple:P25024,PPBP,CXCR1,Ligand-Receptor,Signaling by Chemokines,Macrophage alveolar|Tumor Tumor ImmunoSup,0.59
PPBP_CXCR2,simple:P02775,simple:P25025,PPBP,CXCR2,Ligand-Receptor,Signaling by Chemokines,Macrophage alveolar|Tumor Tumor ImmunoSup,0.589
CXCL8_CXCR2,simple:P10145,simple:P25025,CXCL8,CXCR2,Ligand-Receptor,Signaling by Chemokines,Macrophage alveolar|Tumor Tumor ImmunoSup,0.532
TNFSF13_TNFRSF13B,simple:O75888,simple:O14836,TNFSF13,TNFRSF13B,Ligand-Receptor,Signaling by Tumor necrosis factor,Macrophage alveolar|Tumor Tumor ImmunoSup,0.588
CXCL8_CXCR1,simple:P10145,simple:P25024,CXCL8,CXCR1,Ligand-Receptor,Signaling by Chemokines,Macrophage alveolar|Tumor Tumor ImmunoSup,0.532
CXCL5_CXCR2,simple:P42830,simple:P25025,CXCL5,CXCR2,Ligand-Receptor,Signaling by Chemokines,Macrophage alveolar|Tumor Tumor ImmunoSup,0.603
TNFSF13_TNFRSF17,simple:O75888,simple:Q02223,TNFSF13,TNFRSF17,Ligand-Receptor,Signaling by Tumor necrosis factor,Macrophage alveolar|Tumor Tumor ImmunoSup,0.588
CCL23_FPR2,simple:P55773,simple:P25090,CCL23,FPR2,Ligand-Receptor,Signaling by Chemokines,Macrophage alveolar|Tumor Tumor ImmunoSup,0.597
CCL23_CCR1,simple:P55773,simple:P32246,CCL23,CCR1,Ligand-Receptor,Signaling by Chemokines,Macrophage alveolar|Tumor Tumor ImmunoSup,0.593
CXCL3_CXCR2,simple:P19876,simple:P25025,CXCL3,CXCR2,Ligand-Receptor,Signaling by Chemokines,Macrophage alveolar|Tumor Tumor ImmunoSup,0.595
APOE_TREM2_receptor,simple:P02649,complex:TREM2_receptor,APOE,,Ligand-Receptor,Signaling by Apolipoprotein,Macrophage alveolar|Tumor Tumor ImmunoSup,0.561
CEACAM8_CEACAM6,simple:P31997,simple:P40199,CEACAM8,CEACAM6,Adhesion-Adhesion,Adhesion by CEAM,Macrophage alveolar|Tumor Tumor ImmunoSup,0.661
atRetinoicAcid_byALDH1A2_RAreceptor_RXRB,complex:atRetinoicAcid_byALDH1A2,complex:RAreceptor_RXRB,,,Ligand-Receptor,Signaling by Retinoic Acid,Macrophage alveolar|Tumor Tumor ImmunoSup,0.598
SCT_SCTR,simple:P09683,simple:P47872,SCT,SCTR,Ligand-Receptor,Signaling by Secretin,Macrophage alveolar|Tumor Tumor ImmunoSup,0.512
FTL_SCARA5,simple:P02792,simple:Q6ZMJ2,FTL,SCARA5,Ligand-Receptor,,Macrophage alveolar|Tumor Tumor ImmunoSup,0.598
ProstaglandinF2a_byAKR1B1_PTGFR,complex:ProstaglandinF2a_byAKR1B1,simple:P43088,,PTGFR,Ligand-Receptor,Signaling by Prostaglandin,Macrophage alveolar|Tumor Tumor ImmunoSup,0.587
FTH1_SCARA5,simple:P02794,simple:Q6ZMJ2,FTH1,SCARA5,Ligand-Receptor,,Macrophage alveolar|Tumor Tumor ImmunoSup,0.584
CXCL5_CXCR1,simple:P42830,simple:P25024,CXCL5,CXCR1,Ligand-Receptor,Signaling by Chemokines,Monocyte classical|Tumor Tumor ImmunoSup,0.524
PPBP_CXCR1,simple:P02775,simple:P25024,PPBP,CXCR1,Ligand-Receptor,Signaling by Chemokines,Monocyte classical|Tumor Tumor ImmunoSup,0.582
PPBP_CXCR2,simple:P02775,simple:P25025,PPBP,CXCR2,Ligand-Receptor,Signaling by Chemokines,Monocyte classical|Tumor Tumor ImmunoSup,0.581
CXCL8_CXCR2,simple:P10145,simple:P25025,CXCL8,CXCR2,Ligand-Receptor,Signaling by Chemokines,Monocyte classical|Tumor Tumor ImmunoSup,0.569
CXCL8_CXCR1,simple:P10145,simple:P25024,CXCL8,CXCR1,Ligand-Receptor,Signaling by Chemokines,Monocyte classical|Tumor Tumor ImmunoSup,0.57
CXCL5_CXCR2,simple:P42830,simple:P25025,CXCL5,CXCR2,Ligand-Receptor,Signaling by Chemokines,Monocyte classical|Tumor Tumor ImmunoSup,0.523
CCL20_CCR6,simple:P78556,simple:P51684,CCL20,CCR6,Ligand-Receptor,Signaling by Chemokines,Monocyte classical|Tumor Tumor ImmunoSup,0.599
CXCL3_CXCR2,simple:P19876,simple:P25025,CXCL3,CXCR2,Ligand-Receptor,Signaling by Chemokines,Monocyte classical|Tumor Tumor ImmunoSup,0.597
CXCL2_CXCR2,simple:P19875,simple:P25025,CXCL2,CXCR2,Ligand-Receptor,Signaling by Chemokines,Monocyte classical|Tumor Tumor ImmunoSup,0.598
CXCL2_DPP4,simple:P19875,simple:P27487,CXCL2,DPP4,Ligand-Receptor,Signaling by Chemokines,Monocyte classical|Tumor Tumor ImmunoSup,0.622
SCT_SCTR,simple:P09683,simple:P47872,SCT,SCTR,Ligand-Receptor,Signaling by Secretin,Monocyte classical|Tumor Tumor ImmunoSup,0.512
NRG1_ERBB3,simple:Q02297,simple:P21860,NRG1,ERBB3,Ligand-Receptor,Signaling by Neuregulin,Monocyte classical|Tumor Tumor ImmunoSup,0.661
HBEGF_ERBB4,simple:Q99075,simple:Q15303,HBEGF,ERBB4,Ligand-Receptor,Signaling by Epidermal growth factor,Monocyte classical|Tumor Tumor ImmunoSup,0.611
NRG1_ERBB4,simple:Q02297,simple:Q15303,NRG1,ERBB4,Ligand-Receptor,Signaling by Neuregulin,Monocyte classical|Tumor Tumor ImmunoSup,0.625
HBEGF_ERBB2,simple:Q99075,simple:P04626,HBEGF,ERBB2,Ligand-Receptor,Signaling by Epidermal growth factor,Monocyte classical|Tumor Tumor ImmunoSup,0.629
IL20_IL20_receptor_Type_I,simple:Q9NYY1,complex:IL20_receptor_Type_I,IL20,,Ligand-Receptor,Signaling by Interleukin,Monocyte classical|Tumor Tumor ImmunoSup,0.503
EREG_ERBB4,simple:O14944,simple:Q15303,EREG,ERBB4,Ligand-Receptor,Signaling by Epidermal growth factor,Monocyte classical|Tumor Tumor ImmunoSup,0.625
XCL2_XCR1,simple:Q9UBD3,simple:P46094,XCL2,XCR1,Ligand-Receptor,Signaling by Lymphotactin,T cell CD8 dividing|Tumor Tumor ImmunoSup,0.621
C10orf99_SUSD2,simple:Q6UWK7,simple:Q9UGT4,C10orf99,SUSD2,Ligand-Receptor,,T cell CD8 dividing|Tumor Tumor ImmunoSup,0.672
LCK_CD8_receptor,simple:P06239,complex:CD8_receptor,LCK,,Receptor-Receptor,,T cell CD8 dividing|Tumor Tumor ImmunoSup,0.608
CCL5_CCR1,simple:P13501,simple:P32246,CCL5,CCR1,Ligand-Receptor,Signaling by Chemokines,T cell CD8 dividing|Tumor Tumor ImmunoSup,0.612
CALCB_RAMP1_complex,simple:P10092,complex:RAMP1_complex,CALCB,,Ligand-Receptor,Signaling by Calcitonin,T cell CD8 dividing|Tumor Tumor ImmunoSup,0.614
CCL3_CCR1,simple:P10147,simple:P32246,CCL3,CCR1,Ligand-Receptor,Signaling by Chemokines,T cell CD8 dividing|Tumor Tumor ImmunoSup,0.613
HLA-C_KIR2DL3,simple:HLAC,simple:P43628,HLA-C,KIR2DL3,Ligand-Receptor,Signaling by HLA,T cell CD8 dividing|Tumor Tumor ImmunoSup,0.577
PTPRC_CD22,simple:P08575,simple:P20273,PTPRC,CD22,Receptor-Receptor,,T cell CD8 dividing|Tumor Tumor ImmunoSup,0.567
CRTAM_CADM1,simple:O95727,simple:Q9BY67,CRTAM,CADM1,Adhesion-Adhesion,,T cell CD8 dividing|Tumor Tumor ImmunoSup,0.658
CD70_CD27,simple:P32970,simple:P26842,CD70,CD27,Ligand-Receptor,,T cell CD8 dividing|Tumor Tumor ImmunoSup,0.622
CCL5_ACKR1,simple:P13501,simple:Q16570,CCL5,ACKR1,Ligand-Receptor,Signaling by Chemokines,T cell CD8 dividing|Tumor Tumor ImmunoSup,0.618
CXCL13_CXCR5,simple:O43927,simple:P32302,CXCL13,CXCR5,Ligand-Receptor,Signaling by Chemokines,T cell CD8 dividing|Tumor Tumor ImmunoSup,0.646
IL13_IL13RA2,simple:P35225,simple:Q14627,IL13,IL13RA2,Ligand-Receptor,Signaling by Interleukin,T cell CD8 dividing|Tumor Tumor ImmunoSup,0.63
SCT_SCTR,simple:P09683,simple:P47872,SCT,SCTR,Ligand-Receptor,Signaling by Secretin,T cell CD8 dividing|Tumor Tumor ImmunoSup,0.512
CD52_SIGLEC10,simple:P31358,simple:Q96LC7,CD52,SIGLEC10,Ligand-Receptor,,T cell CD8 dividing|Tumor Tumor ImmunoSup,0.58
CCL28_CCR10,simple:Q9NRJ3,simple:P46092,CCL28,CCR10,Ligand-Receptor,Signaling by Chemokines,T cell CD8 dividing|Tumor Tumor ImmunoSup,0.609
ENTPD1_ADORA3,simple:P49961,simple:P0DMS8,ENTPD1,ADORA3,Ligand-Receptor,Signaling by Ectonucleoside,T cell CD8 dividing|Tumor Tumor ImmunoSup,0.598
SerotoninDopamin_byDDC_HTR3C,complex:SerotoninDopamin_byDDC,simple:Q8WXA8,,HTR3C,Ligand-Receptor,Signaling by Serotonin/Dopamine,T cell CD8 dividing|Tumor Tumor ImmunoSup,0.529
XCL1_XCR1,simple:P47992,simple:P46094,XCL1,XCR1,Ligand-Receptor,Signaling by Lymphotactin,T cell CD8 dividing|Tumor Tumor ImmunoSup,0.623
DHEAsulfate_bySULT1E1_PPARG,complex:DHEAsulfate_bySULT1E1,simple:P37231,,PPARG,Ligand-Receptor,Signaling by Dehydroepiandrosterone,Tumor Tumor ImmunoSup|Macrophage alveolar,0.606
CCL19_CCRL2,simple:Q99731,simple:O00421,CCL19,CCRL2,Ligand-Receptor,Signaling by Chemokines,Tumor Tumor ImmunoSup|Macrophage alveolar,0.557
CLU_TREM2_receptor,simple:P10909,complex:TREM2_receptor,CLU,,Ligand-Receptor,,Tumor Tumor ImmunoSup|Macrophage alveolar,0.638
APOE_TREM2_receptor,simple:P02649,complex:TREM2_receptor,APOE,,Ligand-Receptor,Signaling by Apolipoprotein,Tumor Tumor ImmunoSup|Macrophage alveolar,0.579
CXCL1_CXCR2,simple:P09341,simple:P25025,CXCL1,CXCR2,Ligand-Receptor,Signaling by Chemokines,Tumor Tumor ImmunoSup|Macrophage alveolar,0.529
ICAM1_integrin_aXb2_complex,simple:P05362,complex:integrin_aXb2_complex,ICAM1,,Ligand-Receptor,Adhesion by ICAM,Tumor Tumor ImmunoSup|Macrophage alveolar,0.566
APOB_TREM2_receptor,simple:P04114,complex:TREM2_receptor,APOB,,Ligand-Receptor,Signaling by Apolipoprotein,Tumor Tumor ImmunoSup|Macrophage alveolar,0.582
CEACAM1_CEACAM8,simple:P13688,simple:P31997,CEACAM1,CEACAM8,Adhesion-Adhesion,Adhesion by CEAM,Tumor Tumor ImmunoSup|Macrophage alveolar,0.615
LTA_TNFRSF1B,simple:P01374,simple:P20333,LTA,TNFRSF1B,Ligand-Receptor,Signaling by Tumor necrosis factor,Tumor Tumor ImmunoSup|Monocyte classical,0.574
CCL19_CCRL2,simple:Q99731,simple:O00421,CCL19,CCRL2,Ligand-Receptor,Signaling by Chemokines,Tumor Tumor ImmunoSup|Monocyte classical,0.589
LipoxinA4_byALOX5_FPR2,complex:LipoxinA4_byALOX5,simple:P25090,,FPR2,Ligand-Receptor,Signaling by Lipoxin/Leukotriene,Tumor Tumor ImmunoSup|Monocyte classical,0.537
SAA1_FPR2,simple:P0DJI8,simple:P25090,SAA1,FPR2,Ligand-Receptor,,Tumor Tumor ImmunoSup|Monocyte classical,0.59
CSF1_CSF1R,simple:P09603,simple:P07333,CSF1,CSF1R,Ligand-Receptor,Signaling by Colony-Stimulating factor,Tumor Tumor ImmunoSup|Monocyte classical,0.596
HLA-G_LILRB1,simple:P17693,simple:Q8NHL6,HLA-G,LILRB1,Ligand-Receptor,Signaling by HLA,Tumor Tumor ImmunoSup|Monocyte classical,0.589
LeukotrieneC4_byLTC4S_CYSLTR2,complex:LeukotrieneC4_byLTC4S,simple:Q9NS75,,CYSLTR2,Ligand-Receptor,Signaling by Lipoxin/Leukotriene,Tumor Tumor ImmunoSup|Monocyte classical,0.541
HLA-G_LILRB2,simple:P17693,simple:Q8N423,HLA-G,LILRB2,Ligand-Receptor,Signaling by HLA,Tumor Tumor ImmunoSup|Monocyte classical,0.599
fibrinogen_integrin_aXb2_complex,complex:fibrinogen,complex:integrin_aXb2_complex,,,Ligand-Receptor,Adhesion by Fibribogen,Tumor Tumor ImmunoSup|Monocyte classical,0.57
ICAM1_integrin_aXb2_complex,simple:P05362,complex:integrin_aXb2_complex,ICAM1,,Ligand-Receptor,Adhesion by ICAM,Tumor Tumor ImmunoSup|Monocyte classical,0.598
CTSG_FPR1,simple:P08311,simple:P21462,CTSG,FPR1,Ligand-Receptor,Signaling by Cathepsin,Tumor Tumor ImmunoSup|Monocyte classical,0.598
FCER2_integrin_aXb2_complex,simple:P06734,complex:integrin_aXb2_complex,FCER2,,Receptor-Receptor,Signaling by FC receptor,Tumor Tumor ImmunoSup|Monocyte classical,0.569
LCK_CD8_receptor,simple:P06239,complex:CD8_receptor,LCK,,Receptor-Receptor,,Tumor Tumor ImmunoSup|T cell CD8 dividing,0.617
ULBP1_NKG2D_II_receptor,simple:Q9BZM6,complex:NKG2D_II_receptor,ULBP1,,Ligand-Receptor,Signaling by Killer Cell Lectin Like Receptor K1,Tumor Tumor ImmunoSup|T cell CD8 dividing,0.598
HLA-E_KLRC1,simple:P13747,simple:P26715,HLA-E,KLRC1,Ligand-Receptor,Signaling by HLA,Tumor Tumor ImmunoSup|T cell CD8 dividing,0.59
MICA_NKG2D_II_receptor,simple:Q29983,complex:NKG2D_II_receptor,MICA,,Ligand-Receptor,,Tumor Tumor ImmunoSup|T cell CD8 dividing,0.601
PF4_CXCR3,simple:P02776,simple:P49682,PF4,CXCR3,Ligand-Receptor,,Tumor Tumor ImmunoSup|T cell CD8 dividing,0.623
HLA-E_KLRK1,simple:P13747,simple:P26718,HLA-E,KLRK1,Ligand-Receptor,Signaling by HLA,Tumor Tumor ImmunoSup|T cell CD8 dividing,0.602
HLA-E_KLRC2,simple:P13747,simple:P26717,HLA-E,KLRC2,Ligand-Receptor,Signaling by HLA,Tumor Tumor ImmunoSup|T cell CD8 dividing,0.602
RAET1L_NKG2D_II_receptor,simple:Q5VY80,complex:NKG2D_II_receptor,RAET1L,,Ligand-Receptor,Signaling by Killer Cell Lectin Like Receptor K1,Tumor Tumor ImmunoSup|T cell CD8 dividing,0.598
IL4_IL4_receptor,simple:P05112,complex:IL4_receptor,IL4,,Ligand-Receptor,Signaling by Interleukin,Tumor Tumor ImmunoSup|T cell CD8 dividing,0.531
FGL1_LAG3,simple:Q08830,simple:P18627,FGL1,LAG3,Ligand-Receptor,Signaling by Fibroblast growth factor,Tumor Tumor ImmunoSup|T cell CD8 dividing,0.651
NECTIN2_TIGIT,simple:Q92692,simple:Q495A1,NECTIN2,TIGIT,Ligand-Receptor,Signaling by Nectin,Tumor Tumor ImmunoSup|T cell CD8 dividing,0.644
TNFSF9_TNFRSF9,simple:P41273,simple:Q07011,TNFSF9,TNFRSF9,Ligand-Receptor,Signaling by Tumor necrosis factor,Tumor Tumor ImmunoSup|T cell CD8 dividing,0.626
CXCL9_CXCR3,simple:Q07325,simple:P49682,CXCL9,CXCR3,Ligand-Receptor,Signaling by Chemokines,Tumor Tumor ImmunoSup|T cell CD8 dividing,0.62
CXCL10_CXCR3,simple:P02778,simple:P49682,CXCL10,CXCR3,Ligand-Receptor,Signaling by Chemokines,Tumor Tumor ImmunoSup|T cell CD8 dividing,0.62
IL21_IL21_receptor,simple:Q9HBE4,complex:IL21_receptor,IL21,,Ligand-Receptor,Signaling by Interleukin,Tumor Tumor ImmunoSup|T cell CD8 dividing,0.589
CEACAM5_CD8A,simple:P06731,simple:P01732,CEACAM5,CD8A,Adhesion-Adhesion,Adhesion by CEAM,Tumor Tumor ImmunoSup|T cell CD8 dividing,0.649
CXCL11_CXCR3,simple:O14625,simple:P49682,CXCL11,CXCR3,Ligand-Receptor,Signaling by Chemokines,Tumor Tumor ImmunoSup|T cell CD8 dividing,0.622
CXCL16_CXCR6,simple:Q9H2A7,simple:O00574,CXCL16,CXCR6,Ligand-Receptor,Signaling by Chemokines,Tumor Tumor ImmunoSup|T cell CD8 dividing,0.639
CD86_CTLA4,simple:P42081,simple:P16410,CD86,CTLA4,Ligand-Receptor,,Tumor Tumor ImmunoSup|T cell CD8 dividing,0.609
FLRT3_ADGRL3,simple:Q9NZU0,simple:Q9HAR2,FLRT3,ADGRL3,Ligand-Receptor,Signaling by Fibronectin,Tumor Tumor ImmunoSup|Tumor Tumor ImmunoSup,0.534
SCT_SCTR,simple:P09683,simple:P47872,SCT,SCTR,Ligand-Receptor,Signaling by Secretin,Tumor Tumor ImmunoSup|Tumor Tumor ImmunoSup,0.519
CXCL1_CXCR1,simple:P09341,simple:P25024,CXCL1,CXCR1,Ligand-Receptor,Signaling by Chemokines,Tumor Tumor ImmunoSup|Tumor Tumor ImmunoSup,0.523
XCL2_XCR1,simple:Q9UBD3,simple:P46094,XCL2,XCR1,Ligand-Receptor,Signaling by Lymphotactin,Tumor Tumor ImmunoSup|cDC1,0.668
Histamine_byHDC_HRH2,complex:Histamine_byHDC,simple:P25021,,HRH2,Ligand-Receptor,Signaling by Histamine,Tumor Tumor ImmunoSup|cDC1,0.616
CRTAM_CADM1,simple:O95727,simple:Q9BY67,CRTAM,CADM1,Adhesion-Adhesion,,Tumor Tumor ImmunoSup|cDC1,0.653
ProstaglandinE2_byPTGES2_PTGER3,complex:ProstaglandinE2_byPTGES2,simple:P43115,,PTGER3,Ligand-Receptor,Signaling by Prostaglandin,Tumor Tumor ImmunoSup|cDC1,0.622
CXCL12_DPP4,simple:P48061,simple:P27487,CXCL12,DPP4,Ligand-Receptor,Signaling by Chemokines,Tumor Tumor ImmunoSup|cDC1,0.639
CCL20_CCR6,simple:P78556,simple:P51684,CCL20,CCR6,Ligand-Receptor,Signaling by Chemokines,Tumor Tumor ImmunoSup|cDC1,0.623
CCL11_DPP4,simple:P51671,simple:P27487,CCL11,DPP4,Ligand-Receptor,Signaling by Chemokines,Tumor Tumor ImmunoSup|cDC1,0.643
FGL1_LAG3,simple:Q08830,simple:P18627,FGL1,LAG3,Ligand-Receptor,Signaling by Fibroblast growth factor,Tumor Tumor ImmunoSup|cDC1,0.548
PVR_CD226,simple:P15151,simple:Q15762,PVR,CD226,Ligand-Receptor,Signaling by Poliovirus receptor,Tumor Tumor ImmunoSup|cDC1,0.655
APP_CD74,simple:P05067,simple:P04233,APP,CD74,Ligand-Receptor,Signaling by Amyloid-beta precursor protein,Tumor Tumor ImmunoSup|cDC1,0.682
CADM3_CADM1,simple:Q8N126,simple:Q9BY67,CADM3,CADM1,Adhesion-Adhesion,Adhesion by CADM,Tumor Tumor ImmunoSup|cDC1,0.66
GAS6_AXL,simple:Q14393,simple:P30530,GAS6,AXL,Ligand-Receptor,Signaling by Growth arrest,Tumor Tumor ImmunoSup|cDC1,0.62
CXCL10_DPP4,simple:P02778,simple:P27487,CXCL10,DPP4,Ligand-Receptor,Signaling by Chemokines,Tumor Tumor ImmunoSup|cDC1,0.641
CXCL2_DPP4,simple:P19875,simple:P27487,CXCL2,DPP4,Ligand-Receptor,Signaling by Chemokines,Tumor Tumor ImmunoSup|cDC1,0.683
CD40LG_CD40,simple:P29965,simple:P25942,CD40LG,CD40,Ligand-Receptor,,Tumor Tumor ImmunoSup|cDC1,0.619
CXCL9_DPP4,simple:Q07325,simple:P27487,CXCL9,DPP4,Ligand-Receptor,Signaling by Chemokines,Tumor Tumor ImmunoSup|cDC1,0.64
CADM1_CADM1,simple:Q9BY67,simple:Q9BY67,CADM1,CADM1,Adhesion-Adhesion,Adhesion by CADM,Tumor Tumor ImmunoSup|cDC1,0.694
COL4A1_ADGRG6,simple:P02462,simple:Q86SQ4,COL4A1,ADGRG6,Adhesion-Adhesion,Adhesion by Collagen/Integrin,Tumor Tumor ImmunoSup|cDC1,0.638
fibrinogen_integrin_aXb2_complex,complex:fibrinogen,complex:integrin_aXb2_complex,,,Ligand-Receptor,Adhesion by Fibribogen,Tumor Tumor ImmunoSup|cDC1,0.562
CD52_SIGLEC10,simple:P31358,simple:Q96LC7,CD52,SIGLEC10,Ligand-Receptor,,Tumor Tumor ImmunoSup|cDC1,0.593
COL4A2_ADGRG6,simple:P08572,simple:Q86SQ4,COL4A2,ADGRG6,Adhesion-Adhesion,Adhesion by Collagen/Integrin,Tumor Tumor ImmunoSup|cDC1,0.639
ProstaglandinE2_byPTGES_PTGER3,complex:ProstaglandinE2_byPTGES,simple:P43115,,PTGER3,Ligand-Receptor,Signaling by Prostaglandin,Tumor Tumor ImmunoSup|cDC1,0.623
CXCL11_DPP4,simple:O14625,simple:P27487,CXCL11,DPP4,Ligand-Receptor,Signaling by Chemokines,Tumor Tumor ImmunoSup|cDC1,0.643
ICAM1_integrin_aXb2_complex,simple:P05362,complex:integrin_aXb2_complex,ICAM1,,Ligand-Receptor,Adhesion by ICAM,Tumor Tumor ImmunoSup|cDC1,0.59
XCL1_XCR1,simple:P47992,simple:P46094,XCL1,XCR1,Ligand-Receptor,Signaling by Lymphotactin,Tumor Tumor ImmunoSup|cDC1,0.671
PRNP_ADGRG6,simple:F7VJQ1,simple:Q86SQ4,PRNP,ADGRG6,Ligand-Receptor,,Tumor Tumor ImmunoSup|cDC1,0.644
COL4A3_ADGRG6,simple:Q01955,simple:Q86SQ4,COL4A3,ADGRG6,Adhesion-Adhesion,Adhesion by Collagen/Integrin,Tumor Tumor ImmunoSup|cDC1,0.656
LAMA2_ADGRG6,simple:P24043,simple:Q86SQ4,LAMA2,ADGRG6,Ligand-Receptor,,Tumor Tumor ImmunoSup|cDC1,0.641
CCL22_DPP4,simple:O00626,simple:P27487,CCL22,DPP4,Ligand-Receptor,Signaling by Chemokines,Tumor Tumor ImmunoSup|cDC1,0.641
FCER2_integrin_aXb2_complex,simple:P06734,complex:integrin_aXb2_complex,FCER2,,Receptor-Receptor,Signaling by FC receptor,Tumor Tumor ImmunoSup|cDC1,0.561
ProstaglandinE2_byPTGES2_PTGER1,complex:ProstaglandinE2_byPTGES2,simple:P34995,,PTGER1,Ligand-Receptor,Signaling by Prostaglandin,cDC1|Tumor Tumor ImmunoSup,0.628
PROC_PROCR,simple:P04070,simple:Q9UNN8,PROC,PROCR,Ligand-Receptor,,cDC1|Tumor Tumor ImmunoSup,0.614
CDH2_FCER2,simple:P19022,simple:P06734,CDH2,FCER2,Ligand-Receptor,Adhesion by Cadherin,cDC1|Tumor Tumor ImmunoSup,0.661
ProstaglandinE2_byPTGES2_PTGER4,complex:ProstaglandinE2_byPTGES2,simple:P35408,,PTGER4,Ligand-Receptor,Signaling by Prostaglandin,cDC1|Tumor Tumor ImmunoSup,0.606
CD226_NECTIN2,simple:Q15762,simple:Q92692,CD226,NECTIN2,Adhesion-Adhesion,,cDC1|Tumor Tumor ImmunoSup,0.668
CXCL9_CXCR3,simple:Q07325,simple:P49682,CXCL9,CXCR3,Ligand-Receptor,Signaling by Chemokines,cDC1|Tumor Tumor ImmunoSup,0.627
HLA-G_LILRB2,simple:P17693,simple:Q8N423,HLA-G,LILRB2,Ligand-Receptor,Signaling by HLA,cDC1|Tumor Tumor ImmunoSup,0.574
TNF_TNFRSF1B,simple:P01375,simple:P20333,TNF,TNFRSF1B,Ligand-Receptor,Signaling by Tumor necrosis factor,cDC1|Tumor Tumor ImmunoSup,0.591
SCT_SCTR,simple:P09683,simple:P47872,SCT,SCTR,Ligand-Receptor,Signaling by Secretin,cDC1|Tumor Tumor ImmunoSup,0.512
CXCL9_DPP4,simple:Q07325,simple:P27487,CXCL9,DPP4,Ligand-Receptor,Signaling by Chemokines,cDC1|Tumor Tumor ImmunoSup,0.658
CXCL16_CXCR6,simple:Q9H2A7,simple:O00574,CXCL16,CXCR6,Ligand-Receptor,Signaling by Chemokines,cDC1|Tumor Tumor ImmunoSup,0.619
CADM1_CADM1,simple:Q9BY67,simple:Q9BY67,CADM1,CADM1,Adhesion-Adhesion,Adhesion by CADM,cDC1|Tumor Tumor ImmunoSup,0.694
CALCA_RAMP1_complex,simple:P01258,complex:RAMP1_complex,CALCA,,Ligand-Receptor,Signaling by Calcitonin,cDC1|Tumor Tumor ImmunoSup,0.625
CD86_CTLA4,simple:P42081,simple:P16410,CD86,CTLA4,Ligand-Receptor,,cDC1|Tumor Tumor ImmunoSup,0.623
ENTPD1_ADORA3,simple:P49961,simple:P0DMS8,ENTPD1,ADORA3,Ligand-Receptor,Signaling by Ectonucleoside,cDC1|Tumor Tumor ImmunoSup,0.596
APOB_TREM2_receptor,simple:P04114,complex:TREM2_receptor,APOB,,Ligand-Receptor,Signaling by Apolipoprotein,cDC1|Tumor Tumor ImmunoSup,0.564
LCK_CD8_receptor,simple:P06239,complex:CD8_receptor,LCK,,Receptor-Receptor,,Macrophage alveolar|T cell CD8 dividing,0.599
CXCL5_CXCR1,simple:P42830,simple:P25024,CXCL5,CXCR1,Ligand-Receptor,Signaling by Chemokines,Macrophage alveolar|T cell CD8 dividing,0.599
ULBP2_NKG2D_II_receptor,simple:Q9BZM5,complex:NKG2D_II_receptor,ULBP2,,Ligand-Receptor,Signaling by Killer Cell Lectin Like Receptor K1,Macrophage alveolar|T cell CD8 dividing,0.603
MICA_NKG2D_II_receptor,simple:Q29983,complex:NKG2D_II_receptor,MICA,,Ligand-Receptor,,Macrophage alveolar|T cell CD8 dividing,0.648
TNFSF13_TNFRSF13B,simple:O75888,simple:O14836,TNFSF13,TNFRSF13B,Ligand-Receptor,Signaling by Tumor necrosis factor,Macrophage alveolar|T cell CD8 dividing,0.578
PVR_TIGIT,simple:P15151,simple:Q495A1,PVR,TIGIT,Ligand-Receptor,Signaling by Poliovirus receptor,Macrophage alveolar|T cell CD8 dividing,0.714
CXCL5_CXCR2,simple:P42830,simple:P25025,CXCL5,CXCR2,Ligand-Receptor,Signaling by Chemokines,Macrophage alveolar|T cell CD8 dividing,0.593
PVR_CD96,simple:P15151,simple:P40200,PVR,CD96,Ligand-Receptor,Signaling by Poliovirus receptor,Macrophage alveolar|T cell CD8 dividing,0.711
PF4_CXCR3,simple:P02776,simple:P49682,PF4,CXCR3,Ligand-Receptor,,Macrophage alveolar|T cell CD8 dividing,0.643
CCL23_FPR2,simple:P55773,simple:P25090,CCL23,FPR2,Ligand-Receptor,Signaling by Chemokines,Macrophage alveolar|T cell CD8 dividing,0.582
MICB_NKG2D_II_receptor,simple:Q29980,complex:NKG2D_II_receptor,MICB,,Ligand-Receptor,,Macrophage alveolar|T cell CD8 dividing,0.644
ProstaglandinE2_byPTGES2_PTGER4,complex:ProstaglandinE2_byPTGES2,simple:P35408,,PTGER4,Ligand-Receptor,Signaling by Prostaglandin,Macrophage alveolar|T cell CD8 dividing,0.595
CCL23_CCR1,simple:P55773,simple:P32246,CCL23,CCR1,Ligand-Receptor,Signaling by Chemokines,Macrophage alveolar|T cell CD8 dividing,0.649
RAET1L_NKG2D_II_receptor,simple:Q5VY80,complex:NKG2D_II_receptor,RAET1L,,Ligand-Receptor,Signaling by Killer Cell Lectin Like Receptor K1,Macrophage alveolar|T cell CD8 dividing,0.596
PECAM1_CD38,simple:P16284,simple:P28907,PECAM1,CD38,Receptor-Receptor,,Macrophage alveolar|T cell CD8 dividing,0.692
IL4_IL4_receptor,simple:P05112,complex:IL4_receptor,IL4,,Ligand-Receptor,Signaling by Interleukin,Macrophage alveolar|T cell CD8 dividing,0.515
CXCL3_CXCR2,simple:P19876,simple:P25025,CXCL3,CXCR2,Ligand-Receptor,Signaling by Chemokines,Macrophage alveolar|T cell CD8 dividing,0.584
FGL1_LAG3,simple:Q08830,simple:P18627,FGL1,LAG3,Ligand-Receptor,Signaling by Fibroblast growth factor,Macrophage alveolar|T cell CD8 dividing,0.666
PVR_CD226,simple:P15151,simple:Q15762,PVR,CD226,Ligand-Receptor,Signaling by Poliovirus receptor,Macrophage alveolar|T cell CD8 dividing,0.661
NECTIN2_TIGIT,simple:Q92692,simple:Q495A1,NECTIN2,TIGIT,Ligand-Receptor,Signaling by Nectin,Macrophage alveolar|T cell CD8 dividing,0.624
TNFSF9_TNFRSF9,simple:P41273,simple:Q07011,TNFSF9,TNFRSF9,Ligand-Receptor,Signaling by Tumor necrosis factor,Macrophage alveolar|T cell CD8 dividing,0.609
CXCL9_CXCR3,simple:Q07325,simple:P49682,CXCL9,CXCR3,Ligand-Receptor,Signaling by Chemokines,Macrophage alveolar|T cell CD8 dividing,0.613
CXCL10_CXCR3,simple:P02778,simple:P49682,CXCL10,CXCR3,Ligand-Receptor,Signaling by Chemokines,Macrophage alveolar|T cell CD8 dividing,0.628
IL21_IL21_receptor,simple:Q9HBE4,complex:IL21_receptor,IL21,,Ligand-Receptor,Signaling by Interleukin,Macrophage alveolar|T cell CD8 dividing,0.578
CEACAM5_CD8A,simple:P06731,simple:P01732,CEACAM5,CD8A,Adhesion-Adhesion,Adhesion by CEAM,Macrophage alveolar|T cell CD8 dividing,0.631
atRetinoicAcid_byALDH1A2_RAreceptor_RXRB,complex:atRetinoicAcid_byALDH1A2,complex:RAreceptor_RXRB,,,Ligand-Receptor,Signaling by Retinoic Acid,Macrophage alveolar|T cell CD8 dividing,0.579
ANGPT4_TEK,simple:Q9Y264,simple:Q02763,ANGPT4,TEK,Ligand-Receptor,Signaling by Angiopoietin,Macrophage alveolar|T cell CD8 dividing,0.587
TNF_TNFRSF1B,simple:P01375,simple:P20333,TNF,TNFRSF1B,Ligand-Receptor,Signaling by Tumor necrosis factor,Macrophage alveolar|T cell CD8 dividing,0.632
CXCL16_CXCR6,simple:Q9H2A7,simple:O00574,CXCL16,CXCR6,Ligand-Receptor,Signaling by Chemokines,Macrophage alveolar|T cell CD8 dividing,0.714
RBP4_STRA6,simple:P02753,simple:Q9BX79,RBP4,STRA6,Ligand-Receptor,,Macrophage alveolar|T cell CD8 dividing,0.595
CD86_CTLA4,simple:P42081,simple:P16410,CD86,CTLA4,Ligand-Receptor,,Macrophage alveolar|T cell CD8 dividing,0.691
LCK_CD8_receptor,simple:P06239,complex:CD8_receptor,LCK,,Receptor-Receptor,,Monocyte classical|T cell CD8 dividing,0.594
CXCL5_CXCR1,simple:P42830,simple:P25024,CXCL5,CXCR1,Ligand-Receptor,Signaling by Chemokines,Monocyte classical|T cell CD8 dividing,0.519
CCL3_CCR1,simple:P10147,simple:P32246,CCL3,CCR1,Ligand-Receptor,Signaling by Chemokines,Monocyte classical|T cell CD8 dividing,0.631
PPBP_CXCR1,simple:P02775,simple:P25024,PPBP,CXCR1,Ligand-Receptor,Signaling by Chemokines,Monocyte classical|T cell CD8 dividing,0.577
ULBP1_NKG2D_II_receptor,simple:Q9BZM6,complex:NKG2D_II_receptor,ULBP1,,Ligand-Receptor,Signaling by Killer Cell Lectin Like Receptor K1,Monocyte classical|T cell CD8 dividing,0.652
HLA-E_KLRC1,simple:P13747,simple:P26715,HLA-E,KLRC1,Ligand-Receptor,Signaling by HLA,Monocyte classical|T cell CD8 dividing,0.597
CXCL8_CXCR2,simple:P10145,simple:P25025,CXCL8,CXCR2,Ligand-Receptor,Signaling by Chemokines,Monocyte classical|T cell CD8 dividing,0.559
PVR_TIGIT,simple:P15151,simple:Q495A1,PVR,TIGIT,Ligand-Receptor,Signaling by Poliovirus receptor,Monocyte classical|T cell CD8 dividing,0.627
CXCL8_CXCR1,simple:P10145,simple:P25024,CXCL8,CXCR1,Ligand-Receptor,Signaling by Chemokines,Monocyte classical|T cell CD8 dividing,0.565
CXCL8_ACKR1,simple:P10145,simple:Q16570,CXCL8,ACKR1,Ligand-Receptor,Signaling by Chemokines,Monocyte classical|T cell CD8 dividing,0.561
PVR_CD96,simple:P15151,simple:P40200,PVR,CD96,Ligand-Receptor,Signaling by Poliovirus receptor,Monocyte classical|T cell CD8 dividing,0.625
NRG1_integrin_a6b4_complex,simple:Q02297,complex:integrin_a6b4_complex,NRG1,,Ligand-Receptor,Signaling by Neuregulin,Monocyte classical|T cell CD8 dividing,0.593
PF4_CXCR3,simple:P02776,simple:P49682,PF4,CXCR3,Ligand-Receptor,,Monocyte classical|T cell CD8 dividing,0.623
CCL7_CCR1,simple:P80098,simple:P32246,CCL7,CCR1,Ligand-Receptor,Signaling by Chemokines,Monocyte classical|T cell CD8 dividing,0.608
HLA-E_KLRK1,simple:P13747,simple:P26718,HLA-E,KLRK1,Ligand-Receptor,Signaling by HLA,Monocyte classical|T cell CD8 dividing,0.61
HLA-E_KLRC2,simple:P13747,simple:P26717,HLA-E,KLRC2,Ligand-Receptor,Signaling by HLA,Monocyte classical|T cell CD8 dividing,0.609
RAET1L_NKG2D_II_receptor,simple:Q5VY80,complex:NKG2D_II_receptor,RAET1L,,Ligand-Receptor,Signaling by Killer Cell Lectin Like Receptor K1,Monocyte classical|T cell CD8 dividing,0.686
PECAM1_CD38,simple:P16284,simple:P28907,PECAM1,CD38,Receptor-Receptor,,Monocyte classical|T cell CD8 dividing,0.655
CD44_SELE,simple:P16070,simple:P16581,CD44,SELE,Ligand-Receptor,,Monocyte classical|T cell CD8 dividing,0.571
CXCL3_CXCR2,simple:P19876,simple:P25025,CXCL3,CXCR2,Ligand-Receptor,Signaling by Chemokines,Monocyte classical|T cell CD8 dividing,0.586
FGL1_LAG3,simple:Q08830,simple:P18627,FGL1,LAG3,Ligand-Receptor,Signaling by Fibroblast growth factor,Monocyte classical|T cell CD8 dividing,0.632
NECTIN2_TIGIT,simple:Q92692,simple:Q495A1,NECTIN2,TIGIT,Ligand-Receptor,Signaling by Nectin,Monocyte classical|T cell CD8 dividing,0.644
TNFSF9_TNFRSF9,simple:P41273,simple:Q07011,TNFSF9,TNFRSF9,Ligand-Receptor,Signaling by Tumor necrosis factor,Monocyte classical|T cell CD8 dividing,0.603
CXCL2_CXCR2,simple:P19875,simple:P25025,CXCL2,CXCR2,Ligand-Receptor,Signaling by Chemokines,Monocyte classical|T cell CD8 dividing,0.588
CXCL9_CXCR3,simple:Q07325,simple:P49682,CXCL9,CXCR3,Ligand-Receptor,Signaling by Chemokines,Monocyte classical|T cell CD8 dividing,0.622
CXCL10_CXCR3,simple:P02778,simple:P49682,CXCL10,CXCR3,Ligand-Receptor,Signaling by Chemokines,Monocyte classical|T cell CD8 dividing,0.679
IL21_IL21_receptor,simple:Q9HBE4,complex:IL21_receptor,IL21,,Ligand-Receptor,Signaling by Interleukin,Monocyte classical|T cell CD8 dividing,0.576
CEACAM5_CD8A,simple:P06731,simple:P01732,CEACAM5,CD8A,Adhesion-Adhesion,Adhesion by CEAM,Monocyte classical|T cell CD8 dividing,0.626
CXCL2_DPP4,simple:P19875,simple:P27487,CXCL2,DPP4,Ligand-Receptor,Signaling by Chemokines,Monocyte classical|T cell CD8 dividing,0.59
TNF_TNFRSF1B,simple:P01375,simple:P20333,TNF,TNFRSF1B,Ligand-Receptor,Signaling by Tumor necrosis factor,Monocyte classical|T cell CD8 dividing,0.602
CXCL11_CXCR3,simple:O14625,simple:P49682,CXCL11,CXCR3,Ligand-Receptor,Signaling by Chemokines,Monocyte classical|T cell CD8 dividing,0.694
CXCL16_CXCR6,simple:Q9H2A7,simple:O00574,CXCL16,CXCR6,Ligand-Receptor,Signaling by Chemokines,Monocyte classical|T cell CD8 dividing,0.692
CD86_CTLA4,simple:P42081,simple:P16410,CD86,CTLA4,Ligand-Receptor,,Monocyte classical|T cell CD8 dividing,0.712
EREG_ERBB4,simple:O14944,simple:Q15303,EREG,ERBB4,Ligand-Receptor,Signaling by Epidermal growth factor,Monocyte classical|T cell CD8 dividing,0.584
XCL2_XCR1,simple:Q9UBD3,simple:P46094,XCL2,XCR1,Ligand-Receptor,Signaling by Lymphotactin,T cell CD8 dividing|Macrophage alveolar,0.615
C10orf99_SUSD2,simple:Q6UWK7,simple:Q9UGT4,C10orf99,SUSD2,Ligand-Receptor,,T cell CD8 dividing|Macrophage alveolar,0.621
LCK_CD8_receptor,simple:P06239,complex:CD8_receptor,LCK,,Receptor-Receptor,,T cell CD8 dividing|Macrophage alveolar,0.598
DHEAsulfate_bySULT1E1_PPARG,complex:DHEAsulfate_bySULT1E1,simple:P37231,,PPARG,Ligand-Receptor,Signaling by Dehydroepiandrosterone,T cell CD8 dividing|Macrophage alveolar,0.602
CCL5_CCR1,simple:P13501,simple:P32246,CCL5,CCR1,Ligand-Receptor,Signaling by Chemokines,T cell CD8 dividing|Macrophage alveolar,0.695
CALCB_RAMP1_complex,simple:P10092,complex:RAMP1_complex,CALCB,,Ligand-Receptor,Signaling by Calcitonin,T cell CD8 dividing|Macrophage alveolar,0.598
CCL3_CCR1,simple:P10147,simple:P32246,CCL3,CCR1,Ligand-Receptor,Signaling by Chemokines,T cell CD8 dividing|Macrophage alveolar,0.696
PTPRC_MRC1,simple:P08575,simple:P22897,PTPRC,MRC1,Receptor-Receptor,,T cell CD8 dividing|Macrophage alveolar,0.672
HLA-C_KIR2DL3,simple:HLAC,simple:P43628,HLA-C,KIR2DL3,Ligand-Receptor,Signaling by HLA,T cell CD8 dividing|Macrophage alveolar,0.568
PTPRC_CD22,simple:P08575,simple:P20273,PTPRC,CD22,Receptor-Receptor,,T cell CD8 dividing|Macrophage alveolar,0.575
MICB_NKG2D_II_receptor,simple:Q29980,complex:NKG2D_II_receptor,MICB,,Ligand-Receptor,,T cell CD8 dividing|Macrophage alveolar,0.604
CCL15_CCR1,simple:Q16663,simple:P32246,CCL15,CCR1,Ligand-Receptor,Signaling by Chemokines,T cell CD8 dividing|Macrophage alveolar,0.56
CSF1_CSF1R,simple:P09603,simple:P07333,CSF1,CSF1R,Ligand-Receptor,Signaling by Colony-Stimulating factor,T cell CD8 dividing|Macrophage alveolar,0.598
CD70_CD27,simple:P32970,simple:P26842,CD70,CD27,Ligand-Receptor,,T cell CD8 dividing|Macrophage alveolar,0.601
CCL5_ACKR1,simple:P13501,simple:Q16570,CCL5,ACKR1,Ligand-Receptor,Signaling by Chemokines,T cell CD8 dividing|Macrophage alveolar,0.612
HLA-G_LILRB1,simple:P17693,simple:Q8NHL6,HLA-G,LILRB1,Ligand-Receptor,Signaling by HLA,T cell CD8 dividing|Macrophage alveolar,0.651
CXCL13_CXCR5,simple:O43927,simple:P32302,CXCL13,CXCR5,Ligand-Receptor,Signaling by Chemokines,T cell CD8 dividing|Macrophage alveolar,0.636
HLA-G_LILRB2,simple:P17693,simple:Q8N423,HLA-G,LILRB2,Ligand-Receptor,Signaling by HLA,T cell CD8 dividing|Macrophage alveolar,0.613
CD320_JAML,simple:Q9NPF0,simple:Q86YT9,CD320,JAML,Ligand-Receptor,,T cell CD8 dividing|Macrophage alveolar,0.638
IL13_IL13RA2,simple:P35225,simple:Q14627,IL13,IL13RA2,Ligand-Receptor,Signaling by Interleukin,T cell CD8 dividing|Macrophage alveolar,0.621
Desmosterol_byDHCR7_NR1H3,complex:Desmosterol_byDHCR7,simple:Q13133,,NR1H3,Ligand-Receptor,Signaling by Cholesterol/Desmosterol,T cell CD8 dividing|Macrophage alveolar,0.64
CD99_PILRA,simple:P14209,simple:Q9UKJ1,CD99,PILRA,Ligand-Receptor,,T cell CD8 dividing|Macrophage alveolar,0.656
ENTPD1_ADORA3,simple:P49961,simple:P0DMS8,ENTPD1,ADORA3,Ligand-Receptor,Signaling by Ectonucleoside,T cell CD8 dividing|Macrophage alveolar,0.604
XCL1_XCR1,simple:P47992,simple:P46094,XCL1,XCR1,Ligand-Receptor,Signaling by Lymphotactin,T cell CD8 dividing|Macrophage alveolar,0.617
CEACAM1_CEACAM8,simple:P13688,simple:P31997,CEACAM1,CEACAM8,Adhesion-Adhesion,Adhesion by CEAM,T cell CD8 dividing|Macrophage alveolar,0.586
XCL2_XCR1,simple:Q9UBD3,simple:P46094,XCL2,XCR1,Ligand-Receptor,Signaling by Lymphotactin,T cell CD8 dividing|Monocyte classical,0.616
LCK_CD8_receptor,simple:P06239,complex:CD8_receptor,LCK,,Receptor-Receptor,,T cell CD8 dividing|Monocyte classical,0.595
CCL5_CCR1,simple:P13501,simple:P32246,CCL5,CCR1,Ligand-Receptor,Signaling by Chemokines,T cell CD8 dividing|Monocyte classical,0.703
CALCB_RAMP1_complex,simple:P10092,complex:RAMP1_complex,CALCB,,Ligand-Receptor,Signaling by Calcitonin,T cell CD8 dividing|Monocyte classical,0.593
CCL3_CCR1,simple:P10147,simple:P32246,CCL3,CCR1,Ligand-Receptor,Signaling by Chemokines,T cell CD8 dividing|Monocyte classical,0.704
LTA_TNFRSF1B,simple:P01374,simple:P20333,LTA,TNFRSF1B,Ligand-Receptor,Signaling by Tumor necrosis factor,T cell CD8 dividing|Monocyte classical,0.631
LTC4_byLTC4S_CYSLTR2,complex:LTC4_byLTC4S,simple:Q9NS75,,CYSLTR2,Ligand-Receptor,Signaling by Lipoxin/Leukotriene,T cell CD8 dividing|Monocyte classical,0.568
PTPRC_MRC1,simple:P08575,simple:P22897,PTPRC,MRC1,Receptor-Receptor,,T cell CD8 dividing|Monocyte classical,0.609
HLA-C_KIR2DL3,simple:HLAC,simple:P43628,HLA-C,KIR2DL3,Ligand-Receptor,Signaling by HLA,T cell CD8 dividing|Monocyte classical,0.567
LipoxinA4_byALOX5_FPR2,complex:LipoxinA4_byALOX5,simple:P25090,,FPR2,Ligand-Receptor,Signaling by Lipoxin/Leukotriene,T cell CD8 dividing|Monocyte classical,0.538
MICB_NKG2D_II_receptor,simple:Q29980,complex:NKG2D_II_receptor,MICB,,Ligand-Receptor,,T cell CD8 dividing|Monocyte classical,0.602
CSF1_CSF1R,simple:P09603,simple:P07333,CSF1,CSF1R,Ligand-Receptor,Signaling by Colony-Stimulating factor,T cell CD8 dividing|Monocyte classical,0.642
CCL5_ACKR1,simple:P13501,simple:Q16570,CCL5,ACKR1,Ligand-Receptor,Signaling by Chemokines,T cell CD8 dividing|Monocyte classical,0.612
HLA-G_LILRB1,simple:P17693,simple:Q8NHL6,HLA-G,LILRB1,Ligand-Receptor,Signaling by HLA,T cell CD8 dividing|Monocyte classical,0.674
LeukotrieneC4_byLTC4S_CYSLTR2,complex:LeukotrieneC4_byLTC4S,simple:Q9NS75,,CYSLTR2,Ligand-Receptor,Signaling by Lipoxin/Leukotriene,T cell CD8 dividing|Monocyte classical,0.543
CXCL13_CXCR5,simple:O43927,simple:P32302,CXCL13,CXCR5,Ligand-Receptor,Signaling by Chemokines,T cell CD8 dividing|Monocyte classical,0.637
TNFSF10_TNFRSF10D,simple:P50591,simple:Q9UBN6,TNFSF10,TNFRSF10D,Ligand-Receptor,Signaling by Tumor necrosis factor,T cell CD8 dividing|Monocyte classical,0.598
HLA-G_LILRB2,simple:P17693,simple:Q8N423,HLA-G,LILRB2,Ligand-Receptor,Signaling by HLA,T cell CD8 dividing|Monocyte classical,0.684
CD320_JAML,simple:Q9NPF0,simple:Q86YT9,CD320,JAML,Ligand-Receptor,,T cell CD8 dividing|Monocyte classical,0.636
IL13_IL13RA2,simple:P35225,simple:Q14627,IL13,IL13RA2,Ligand-Receptor,Signaling by Interleukin,T cell CD8 dividing|Monocyte classical,0.62
TNF_TNFRSF1B,simple:P01375,simple:P20333,TNF,TNFRSF1B,Ligand-Receptor,Signaling by Tumor necrosis factor,T cell CD8 dividing|Monocyte classical,0.594
CD99_PILRA,simple:P14209,simple:Q9UKJ1,CD99,PILRA,Ligand-Receptor,,T cell CD8 dividing|Monocyte classical,0.66
fibrinogen_integrin_aXb2_complex,complex:fibrinogen,complex:integrin_aXb2_complex,,,Ligand-Receptor,Adhesion by Fibribogen,T cell CD8 dividing|Monocyte classical,0.58
CD52_SIGLEC10,simple:P31358,simple:Q96LC7,CD52,SIGLEC10,Ligand-Receptor,,T cell CD8 dividing|Monocyte classical,0.671
ENTPD1_ADORA3,simple:P49961,simple:P0DMS8,ENTPD1,ADORA3,Ligand-Receptor,Signaling by Ectonucleoside,T cell CD8 dividing|Monocyte classical,0.602
XCL1_XCR1,simple:P47992,simple:P46094,XCL1,XCR1,Ligand-Receptor,Signaling by Lymphotactin,T cell CD8 dividing|Monocyte classical,0.618
CTSG_FPR1,simple:P08311,simple:P21462,CTSG,FPR1,Ligand-Receptor,Signaling by Cathepsin,T cell CD8 dividing|Monocyte classical,0.592
XCL2_XCR1,simple:Q9UBD3,simple:P46094,XCL2,XCR1,Ligand-Receptor,Signaling by Lymphotactin,T cell CD8 dividing|T cell CD8 dividing,0.615
C10orf99_SUSD2,simple:Q6UWK7,simple:Q9UGT4,C10orf99,SUSD2,Ligand-Receptor,,T cell CD8 dividing|T cell CD8 dividing,0.616
LCK_CD8_receptor,simple:P06239,complex:CD8_receptor,LCK,,Receptor-Receptor,,T cell CD8 dividing|T cell CD8 dividing,0.756
CCL5_CCR1,simple:P13501,simple:P32246,CCL5,CCR1,Ligand-Receptor,Signaling by Chemokines,T cell CD8 dividing|T cell CD8 dividing,0.668
CALCB_RAMP1_complex,simple:P10092,complex:RAMP1_complex,CALCB,,Ligand-Receptor,Signaling by Calcitonin,T cell CD8 dividing|T cell CD8 dividing,0.589
CCL3_CCR1,simple:P10147,simple:P32246,CCL3,CCR1,Ligand-Receptor,Signaling by Chemokines,T cell CD8 dividing|T cell CD8 dividing,0.669
LTA_TNFRSF1B,simple:P01374,simple:P20333,LTA,TNFRSF1B,Ligand-Receptor,Signaling by Tumor necrosis factor,T cell CD8 dividing|T cell CD8 dividing,0.61
ULBP1_NKG2D_II_receptor,simple:Q9BZM6,complex:NKG2D_II_receptor,ULBP1,,Ligand-Receptor,Signaling by Killer Cell Lectin Like Receptor K1,T cell CD8 dividing|T cell CD8 dividing,0.667
HLA-E_KLRC1,simple:P13747,simple:P26715,HLA-E,KLRC1,Ligand-Receptor,Signaling by HLA,T cell CD8 dividing|T cell CD8 dividing,0.649
MICA_NKG2D_II_receptor,simple:Q29983,complex:NKG2D_II_receptor,MICA,,Ligand-Receptor,,T cell CD8 dividing|T cell CD8 dividing,0.635
PVR_TIGIT,simple:P15151,simple:Q495A1,PVR,TIGIT,Ligand-Receptor,Signaling by Poliovirus receptor,T cell CD8 dividing|T cell CD8 dividing,0.6
PVR_CD96,simple:P15151,simple:P40200,PVR,CD96,Ligand-Receptor,Signaling by Poliovirus receptor,T cell CD8 dividing|T cell CD8 dividing,0.597
HLA-E_CD94:NKG2A,simple:P13747,complex:CD94:NKG2A,HLA-E,,Ligand-Receptor,Signaling by HLA,T cell CD8 dividing|T cell CD8 dividing,0.618
CRTAM_CADM1,simple:O95727,simple:Q9BY67,CRTAM,CADM1,Adhesion-Adhesion,,T cell CD8 dividing|T cell CD8 dividing,0.598
CD200_CD200R1,simple:P41217,simple:Q8TD46,CD200,CD200R1,Ligand-Receptor,,T cell CD8 dividing|T cell CD8 dividing,0.641
PF4_CXCR3,simple:P02776,simple:P49682,PF4,CXCR3,Ligand-Receptor,,T cell CD8 dividing|T cell CD8 dividing,0.599
HLA-E_KLRK1,simple:P13747,simple:P26718,HLA-E,KLRK1,Ligand-Receptor,Signaling by HLA,T cell CD8 dividing|T cell CD8 dividing,0.662
HLA-E_KLRC2,simple:P13747,simple:P26717,HLA-E,KLRC2,Ligand-Receptor,Signaling by HLA,T cell CD8 dividing|T cell CD8 dividing,0.661
MICB_NKG2D_II_receptor,simple:Q29980,complex:NKG2D_II_receptor,MICB,,Ligand-Receptor,,T cell CD8 dividing|T cell CD8 dividing,0.725
TNFSF18_TNFRSF18,simple:Q9UNG2,simple:Q9Y5U5,TNFSF18,TNFRSF18,Ligand-Receptor,Signaling by Tumor necrosis factor,T cell CD8 dividing|T cell CD8 dividing,0.616
CD70_CD27,simple:P32970,simple:P26842,CD70,CD27,Ligand-Receptor,,T cell CD8 dividing|T cell CD8 dividing,0.749
IL4_IL4_receptor,simple:P05112,complex:IL4_receptor,IL4,,Ligand-Receptor,Signaling by Interleukin,T cell CD8 dividing|T cell CD8 dividing,0.507
CCL5_ACKR1,simple:P13501,simple:Q16570,CCL5,ACKR1,Ligand-Receptor,Signaling by Chemokines,T cell CD8 dividing|T cell CD8 dividing,0.61
FGL1_LAG3,simple:Q08830,simple:P18627,FGL1,LAG3,Ligand-Receptor,Signaling by Fibroblast growth factor,T cell CD8 dividing|T cell CD8 dividing,0.638
TNFSF9_TNFRSF9,simple:P41273,simple:Q07011,TNFSF9,TNFRSF9,Ligand-Receptor,Signaling by Tumor necrosis factor,T cell CD8 dividing|T cell CD8 dividing,0.692
CXCL13_CXCR5,simple:O43927,simple:P32302,CXCL13,CXCR5,Ligand-Receptor,Signaling by Chemokines,T cell CD8 dividing|T cell CD8 dividing,0.641
CXCL9_CXCR3,simple:Q07325,simple:P49682,CXCL9,CXCR3,Ligand-Receptor,Signaling by Chemokines,T cell CD8 dividing|T cell CD8 dividing,0.593
CXCL10_CXCR3,simple:P02778,simple:P49682,CXCL10,CXCR3,Ligand-Receptor,Signaling by Chemokines,T cell CD8 dividing|T cell CD8 dividing,0.604
CD320_JAML,simple:Q9NPF0,simple:Q86YT9,CD320,JAML,Ligand-Receptor,,T cell CD8 dividing|T cell CD8 dividing,0.649
IL13_IL13RA2,simple:P35225,simple:Q14627,IL13,IL13RA2,Ligand-Receptor,Signaling by Interleukin,T cell CD8 dividing|T cell CD8 dividing,0.617
IL21_IL21_receptor,simple:Q9HBE4,complex:IL21_receptor,IL21,,Ligand-Receptor,Signaling by Interleukin,T cell CD8 dividing|T cell CD8 dividing,0.613
CEACAM5_CD8A,simple:P06731,simple:P01732,CEACAM5,CD8A,Adhesion-Adhesion,Adhesion by CEAM,T cell CD8 dividing|T cell CD8 dividing,0.622
CXCL11_CXCR3,simple:O14625,simple:P49682,CXCL11,CXCR3,Ligand-Receptor,Signaling by Chemokines,T cell CD8 dividing|T cell CD8 dividing,0.593
CXCL16_CXCR6,simple:Q9H2A7,simple:O00574,CXCL16,CXCR6,Ligand-Receptor,Signaling by Chemokines,T cell CD8 dividing|T cell CD8 dividing,0.578
CD86_CTLA4,simple:P42081,simple:P16410,CD86,CTLA4,Ligand-Receptor,,T cell CD8 dividing|T cell CD8 dividing,0.595
XCL1_XCR1,simple:P47992,simple:P46094,XCL1,XCR1,Ligand-Receptor,Signaling by Lymphotactin,T cell CD8 dividing|T cell CD8 dividing,0.617
XCL2_XCR1,simple:Q9UBD3,simple:P46094,XCL2,XCR1,Ligand-Receptor,Signaling by Lymphotactin,T cell CD8 dividing|cDC1,0.798
C10orf99_SUSD2,simple:Q6UWK7,simple:Q9UGT4,C10orf99,SUSD2,Ligand-Receptor,,T cell CD8 dividing|cDC1,0.618
LCK_CD8_receptor,simple:P06239,complex:CD8_receptor,LCK,,Receptor-Receptor,,T cell CD8 dividing|cDC1,0.593
CALCB_RAMP1_complex,simple:P10092,complex:RAMP1_complex,CALCB,,Ligand-Receptor,Signaling by Calcitonin,T cell CD8 dividing|cDC1,0.632
Histamine_byHDC_HRH2,complex:Histamine_byHDC,simple:P25021,,HRH2,Ligand-Receptor,Signaling by Histamine,T cell CD8 dividing|cDC1,0.613
CRTAM_CADM1,simple:O95727,simple:Q9BY67,CRTAM,CADM1,Adhesion-Adhesion,,T cell CD8 dividing|cDC1,0.785
CD200_CD200R1,simple:P41217,simple:Q8TD46,CD200,CD200R1,Ligand-Receptor,,T cell CD8 dividing|cDC1,0.634
ProstaglandinE2_byPTGES2_PTGER3,complex:ProstaglandinE2_byPTGES2,simple:P43115,,PTGER3,Ligand-Receptor,Signaling by Prostaglandin,T cell CD8 dividing|cDC1,0.585
MICB_NKG2D_II_receptor,simple:Q29980,complex:NKG2D_II_receptor,MICB,,Ligand-Receptor,,T cell CD8 dividing|cDC1,0.597
CCL20_CCR6,simple:P78556,simple:P51684,CCL20,CCR6,Ligand-Receptor,Signaling by Chemokines,T cell CD8 dividing|cDC1,0.625
CDH2_CDH2,simple:P19022,simple:P19022,CDH2,CDH2,Adhesion-Adhesion,Adhesion by Cadherin,T cell CD8 dividing|cDC1,0.636
CCL11_DPP4,simple:P51671,simple:P27487,CCL11,DPP4,Ligand-Receptor,Signaling by Chemokines,T cell CD8 dividing|cDC1,0.631
CCL5_ACKR1,simple:P13501,simple:Q16570,CCL5,ACKR1,Ligand-Receptor,Signaling by Chemokines,T cell CD8 dividing|cDC1,0.612
PVR_CD226,simple:P15151,simple:Q15762,PVR,CD226,Ligand-Receptor,Signaling by Poliovirus receptor,T cell CD8 dividing|cDC1,0.623
CXCL13_CXCR5,simple:O43927,simple:P32302,CXCL13,CXCR5,Ligand-Receptor,Signaling by Chemokines,T cell CD8 dividing|cDC1,0.633
CADM3_CADM1,simple:Q8N126,simple:Q9BY67,CADM3,CADM1,Adhesion-Adhesion,Adhesion by CADM,T cell CD8 dividing|cDC1,0.646
CD320_JAML,simple:Q9NPF0,simple:Q86YT9,CD320,JAML,Ligand-Receptor,,T cell CD8 dividing|cDC1,0.594
IL13_IL13RA2,simple:P35225,simple:Q14627,IL13,IL13RA2,Ligand-Receptor,Signaling by Interleukin,T cell CD8 dividing|cDC1,0.617
CXCL10_DPP4,simple:P02778,simple:P27487,CXCL10,DPP4,Ligand-Receptor,Signaling by Chemokines,T cell CD8 dividing|cDC1,0.624
CD40LG_CD40,simple:P29965,simple:P25942,CD40LG,CD40,Ligand-Receptor,,T cell CD8 dividing|cDC1,0.628
CXCL9_DPP4,simple:Q07325,simple:P27487,CXCL9,DPP4,Ligand-Receptor,Signaling by Chemokines,T cell CD8 dividing|cDC1,0.613
CADM1_CADM1,simple:Q9BY67,simple:Q9BY67,CADM1,CADM1,Adhesion-Adhesion,Adhesion by CADM,T cell CD8 dividing|cDC1,0.634
fibrinogen_integrin_aXb2_complex,complex:fibrinogen,complex:integrin_aXb2_complex,,,Ligand-Receptor,Adhesion by Fibribogen,T cell CD8 dividing|cDC1,0.572
CD52_SIGLEC10,simple:P31358,simple:Q96LC7,CD52,SIGLEC10,Ligand-Receptor,,T cell CD8 dividing|cDC1,0.734
ProstaglandinE2_byPTGES_PTGER3,complex:ProstaglandinE2_byPTGES,simple:P43115,,PTGER3,Ligand-Receptor,Signaling by Prostaglandin,T cell CD8 dividing|cDC1,0.597
CXCL11_DPP4,simple:O14625,simple:P27487,CXCL11,DPP4,Ligand-Receptor,Signaling by Chemokines,T cell CD8 dividing|cDC1,0.614
ENTPD1_ADORA3,simple:P49961,simple:P0DMS8,ENTPD1,ADORA3,Ligand-Receptor,Signaling by Ectonucleoside,T cell CD8 dividing|cDC1,0.66
XCL1_XCR1,simple:P47992,simple:P46094,XCL1,XCR1,Ligand-Receptor,Signaling by Lymphotactin,T cell CD8 dividing|cDC1,0.799
PRNP_ADGRG6,simple:F7VJQ1,simple:Q86SQ4,PRNP,ADGRG6,Ligand-Receptor,,T cell CD8 dividing|cDC1,0.63
COL4A3_ADGRG6,simple:Q01955,simple:Q86SQ4,COL4A3,ADGRG6,Adhesion-Adhesion,Adhesion by Collagen/Integrin,T cell CD8 dividing|cDC1,0.631
CCL22_DPP4,simple:O00626,simple:P27487,CCL22,DPP4,Ligand-Receptor,Signaling by Chemokines,T cell CD8 dividing|cDC1,0.634
ULBP1_NKG2D_II_receptor,simple:Q9BZM6,complex:NKG2D_II_receptor,ULBP1,,Ligand-Receptor,Signaling by Killer Cell Lectin Like Receptor K1,cDC1|T cell CD8 dividing,0.729
MICA_NKG2D_II_receptor,simple:Q29983,complex:NKG2D_II_receptor,MICA,,Ligand-Receptor,,cDC1|T cell CD8 dividing,0.608
PVR_TIGIT,simple:P15151,simple:Q495A1,PVR,TIGIT,Ligand-Receptor,Signaling by Poliovirus receptor,cDC1|T cell CD8 dividing,0.629
PVR_CD96,simple:P15151,simple:P40200,PVR,CD96,Ligand-Receptor,Signaling by Poliovirus receptor,cDC1|T cell CD8 dividing,0.627
ProstaglandinE2_byPTGES2_PTGER3,complex:ProstaglandinE2_byPTGES2,simple:P43115,,PTGER3,Ligand-Receptor,Signaling by Prostaglandin,cDC1|T cell CD8 dividing,0.6
CDH2_FCER2,simple:P19022,simple:P06734,CDH2,FCER2,Ligand-Receptor,Adhesion by Cadherin,cDC1|T cell CD8 dividing,0.651
MICB_NKG2D_II_receptor,simple:Q29980,complex:NKG2D_II_receptor,MICB,,Ligand-Receptor,,cDC1|T cell CD8 dividing,0.661
ProstaglandinE2_byPTGES2_PTGER4,complex:ProstaglandinE2_byPTGES2,simple:P35408,,PTGER4,Ligand-Receptor,Signaling by Prostaglandin,cDC1|T cell CD8 dividing,0.688
TNFSF18_TNFRSF18,simple:Q9UNG2,simple:Q9Y5U5,TNFSF18,TNFRSF18,Ligand-Receptor,Signaling by Tumor necrosis factor,cDC1|T cell CD8 dividing,0.693
CDH2_CDH2,simple:P19022,simple:P19022,CDH2,CDH2,Adhesion-Adhesion,Adhesion by Cadherin,cDC1|T cell CD8 dividing,0.636
FGL1_LAG3,simple:Q08830,simple:P18627,FGL1,LAG3,Ligand-Receptor,Signaling by Fibroblast growth factor,cDC1|T cell CD8 dividing,0.662
NECTIN2_TIGIT,simple:Q92692,simple:Q495A1,NECTIN2,TIGIT,Ligand-Receptor,Signaling by Nectin,cDC1|T cell CD8 dividing,0.629
TNFSF9_TNFRSF9,simple:P41273,simple:Q07011,TNFSF9,TNFRSF9,Ligand-Receptor,Signaling by Tumor necrosis factor,cDC1|T cell CD8 dividing,0.631
CXCL9_CXCR3,simple:Q07325,simple:P49682,CXCL9,CXCR3,Ligand-Receptor,Signaling by Chemokines,cDC1|T cell CD8 dividing,0.759
CXCL10_CXCR3,simple:P02778,simple:P49682,CXCL10,CXCR3,Ligand-Receptor,Signaling by Chemokines,cDC1|T cell CD8 dividing,0.63
IL21_IL21_receptor,simple:Q9HBE4,complex:IL21_receptor,IL21,,Ligand-Receptor,Signaling by Interleukin,cDC1|T cell CD8 dividing,0.583
CEACAM5_CD8A,simple:P06731,simple:P01732,CEACAM5,CD8A,Adhesion-Adhesion,Adhesion by CEAM,cDC1|T cell CD8 dividing,0.653
TNF_TNFRSF1B,simple:P01375,simple:P20333,TNF,TNFRSF1B,Ligand-Receptor,Signaling by Tumor necrosis factor,cDC1|T cell CD8 dividing,0.676
CXCL11_CXCR3,simple:O14625,simple:P49682,CXCL11,CXCR3,Ligand-Receptor,Signaling by Chemokines,cDC1|T cell CD8 dividing,0.598
CXCL9_DPP4,simple:Q07325,simple:P27487,CXCL9,DPP4,Ligand-Receptor,Signaling by Chemokines,cDC1|T cell CD8 dividing,0.626
CXCL16_CXCR6,simple:Q9H2A7,simple:O00574,CXCL16,CXCR6,Ligand-Receptor,Signaling by Chemokines,cDC1|T cell CD8 dividing,0.754
CADM1_CADM1,simple:Q9BY67,simple:Q9BY67,CADM1,CADM1,Adhesion-Adhesion,Adhesion by CADM,cDC1|T cell CD8 dividing,0.634
CALCA_RAMP1_complex,simple:P01258,complex:RAMP1_complex,CALCA,,Ligand-Receptor,Signaling by Calcitonin,cDC1|T cell CD8 dividing,0.6
CD86_CTLA4,simple:P42081,simple:P16410,CD86,CTLA4,Ligand-Receptor,,cDC1|T cell CD8 dividing,0.759
XCL2_XCR1,simple:Q9UBD3,simple:P46094,XCL2,XCR1,Ligand-Receptor,Signaling by Lymphotactin,Macrophage alveolar|cDC1,0.652
CXCL5_CXCR1,simple:P42830,simple:P25024,CXCL5,CXCR1,Ligand-Receptor,Signaling by Chemokines,Macrophage alveolar|cDC1,0.599
TNFSF13_TNFRSF13B,simple:O75888,simple:O14836,TNFSF13,TNFRSF13B,Ligand-Receptor,Signaling by Tumor necrosis factor,Macrophage alveolar|cDC1,0.576
Histamine_byHDC_HRH2,complex:Histamine_byHDC,simple:P25021,,HRH2,Ligand-Receptor,Signaling by Histamine,Macrophage alveolar|cDC1,0.614
CXCL5_CXCR2,simple:P42830,simple:P25025,CXCL5,CXCR2,Ligand-Receptor,Signaling by Chemokines,Macrophage alveolar|cDC1,0.593
CRTAM_CADM1,simple:O95727,simple:Q9BY67,CRTAM,CADM1,Adhesion-Adhesion,,Macrophage alveolar|cDC1,0.722
TNFSF13_TNFRSF17,simple:O75888,simple:Q02223,TNFSF13,TNFRSF17,Ligand-Receptor,Signaling by Tumor necrosis factor,Macrophage alveolar|cDC1,0.578
ProstaglandinE2_byPTGES2_PTGER3,complex:ProstaglandinE2_byPTGES2,simple:P43115,,PTGER3,Ligand-Receptor,Signaling by Prostaglandin,Macrophage alveolar|cDC1,0.656
CCL23_FPR2,simple:P55773,simple:P25090,CCL23,FPR2,Ligand-Receptor,Signaling by Chemokines,Macrophage alveolar|cDC1,0.585
CCL20_CCR6,simple:P78556,simple:P51684,CCL20,CCR6,Ligand-Receptor,Signaling by Chemokines,Macrophage alveolar|cDC1,0.709
PECAM1_CD38,simple:P16284,simple:P28907,PECAM1,CD38,Receptor-Receptor,,Macrophage alveolar|cDC1,0.621
CCL11_DPP4,simple:P51671,simple:P27487,CCL11,DPP4,Ligand-Receptor,Signaling by Chemokines,Macrophage alveolar|cDC1,0.632
LAIR1_LILRB4,simple:Q6GTX8,simple:Q8NHJ6,LAIR1,LILRB4,Receptor-Receptor,,Macrophage alveolar|cDC1,0.579
CXCL3_CXCR2,simple:P19876,simple:P25025,CXCL3,CXCR2,Ligand-Receptor,Signaling by Chemokines,Macrophage alveolar|cDC1,0.584
FGL1_LAG3,simple:Q08830,simple:P18627,FGL1,LAG3,Ligand-Receptor,Signaling by Fibroblast growth factor,Macrophage alveolar|cDC1,0.564
PVR_CD226,simple:P15151,simple:Q15762,PVR,CD226,Ligand-Receptor,Signaling by Poliovirus receptor,Macrophage alveolar|cDC1,0.737
APOE_TREM2_receptor,simple:P02649,complex:TREM2_receptor,APOE,,Ligand-Receptor,Signaling by Apolipoprotein,Macrophage alveolar|cDC1,0.576
CEACAM8_CEACAM6,simple:P31997,simple:P40199,CEACAM8,CEACAM6,Adhesion-Adhesion,Adhesion by CEAM,Macrophage alveolar|cDC1,0.597
ANGPT4_TEK,simple:Q9Y264,simple:Q02763,ANGPT4,TEK,Ligand-Receptor,Signaling by Angiopoietin,Macrophage alveolar|cDC1,0.585
CXCL10_DPP4,simple:P02778,simple:P27487,CXCL10,DPP4,Ligand-Receptor,Signaling by Chemokines,Macrophage alveolar|cDC1,0.648
CXCL2_DPP4,simple:P19875,simple:P27487,CXCL2,DPP4,Ligand-Receptor,Signaling by Chemokines,Macrophage alveolar|cDC1,0.717
CD40LG_CD40,simple:P29965,simple:P25942,CD40LG,CD40,Ligand-Receptor,,Macrophage alveolar|cDC1,0.6
CXCL9_DPP4,simple:Q07325,simple:P27487,CXCL9,DPP4,Ligand-Receptor,Signaling by Chemokines,Macrophage alveolar|cDC1,0.634
RBP4_STRA6,simple:P02753,simple:Q9BX79,RBP4,STRA6,Ligand-Receptor,,Macrophage alveolar|cDC1,0.6
CADM1_CADM1,simple:Q9BY67,simple:Q9BY67,CADM1,CADM1,Adhesion-Adhesion,Adhesion by CADM,Macrophage alveolar|cDC1,0.637
CD52_SIGLEC10,simple:P31358,simple:Q96LC7,CD52,SIGLEC10,Ligand-Receptor,,Macrophage alveolar|cDC1,0.701
CXCL11_DPP4,simple:O14625,simple:P27487,CXCL11,DPP4,Ligand-Receptor,Signaling by Chemokines,Macrophage alveolar|cDC1,0.629
DLK1_NOTCH2,simple:P80370,simple:Q04721,DLK1,NOTCH2,Ligand-Receptor,Signaling by Notch,Macrophage alveolar|cDC1,0.677
XCL1_XCR1,simple:P47992,simple:P46094,XCL1,XCR1,Ligand-Receptor,Signaling by Lymphotactin,Macrophage alveolar|cDC1,0.648
PRNP_ADGRG6,simple:F7VJQ1,simple:Q86SQ4,PRNP,ADGRG6,Ligand-Receptor,,Macrophage alveolar|cDC1,0.697
COL4A3_ADGRG6,simple:Q01955,simple:Q86SQ4,COL4A3,ADGRG6,Adhesion-Adhesion,Adhesion by Collagen/Integrin,Macrophage alveolar|cDC1,0.637
CCL22_DPP4,simple:O00626,simple:P27487,CCL22,DPP4,Ligand-Receptor,Signaling by Chemokines,Macrophage alveolar|cDC1,0.634
FCER2_integrin_aXb2_complex,simple:P06734,complex:integrin_aXb2_complex,FCER2,,Receptor-Receptor,Signaling by FC receptor,Macrophage alveolar|cDC1,0.554
XCL2_XCR1,simple:Q9UBD3,simple:P46094,XCL2,XCR1,Ligand-Receptor,Signaling by Lymphotactin,Monocyte classical|cDC1,0.65
Histamine_byHDC_HRH2,complex:Histamine_byHDC,simple:P25021,,HRH2,Ligand-Receptor,Signaling by Histamine,Monocyte classical|cDC1,0.613
CD44_TYROBP,simple:P16070,simple:O43914,CD44,TYROBP,Ligand-Receptor,,Monocyte classical|cDC1,0.599
CRTAM_CADM1,simple:O95727,simple:Q9BY67,CRTAM,CADM1,Adhesion-Adhesion,,Monocyte classical|cDC1,0.64
ProstaglandinE2_byPTGES2_PTGER3,complex:ProstaglandinE2_byPTGES2,simple:P43115,,PTGER3,Ligand-Receptor,Signaling by Prostaglandin,Monocyte classical|cDC1,0.601
CCL20_CCR6,simple:P78556,simple:P51684,CCL20,CCR6,Ligand-Receptor,Signaling by Chemokines,Monocyte classical|cDC1,0.726
CDH2_CDH2,simple:P19022,simple:P19022,CDH2,CDH2,Adhesion-Adhesion,Adhesion by Cadherin,Monocyte classical|cDC1,0.638
PECAM1_CD38,simple:P16284,simple:P28907,PECAM1,CD38,Receptor-Receptor,,Monocyte classical|cDC1,0.585
CCL11_DPP4,simple:P51671,simple:P27487,CCL11,DPP4,Ligand-Receptor,Signaling by Chemokines,Monocyte classical|cDC1,0.632
CXCL3_CXCR2,simple:P19876,simple:P25025,CXCL3,CXCR2,Ligand-Receptor,Signaling by Chemokines,Monocyte classical|cDC1,0.587
PVR_CD226,simple:P15151,simple:Q15762,PVR,CD226,Ligand-Receptor,Signaling by Poliovirus receptor,Monocyte classical|cDC1,0.651
APP_CD74,simple:P05067,simple:P04233,APP,CD74,Ligand-Receptor,Signaling by Amyloid-beta precursor protein,Monocyte classical|cDC1,0.661
CXCL2_CXCR2,simple:P19875,simple:P25025,CXCL2,CXCR2,Ligand-Receptor,Signaling by Chemokines,Monocyte classical|cDC1,0.588
CXCL10_CXCR3,simple:P02778,simple:P49682,CXCL10,CXCR3,Ligand-Receptor,Signaling by Chemokines,Monocyte classical|cDC1,0.624
CADM3_CADM1,simple:Q8N126,simple:Q9BY67,CADM3,CADM1,Adhesion-Adhesion,Adhesion by CADM,Monocyte classical|cDC1,0.644
CXCL10_DPP4,simple:P02778,simple:P27487,CXCL10,DPP4,Ligand-Receptor,Signaling by Chemokines,Monocyte classical|cDC1,0.699
CXCL2_DPP4,simple:P19875,simple:P27487,CXCL2,DPP4,Ligand-Receptor,Signaling by Chemokines,Monocyte classical|cDC1,0.744
CXCL11_CXCR3,simple:O14625,simple:P49682,CXCL11,CXCR3,Ligand-Receptor,Signaling by Chemokines,Monocyte classical|cDC1,0.64
CD40LG_CD40,simple:P29965,simple:P25942,CD40LG,CD40,Ligand-Receptor,,Monocyte classical|cDC1,0.599
CXCL9_DPP4,simple:Q07325,simple:P27487,CXCL9,DPP4,Ligand-Receptor,Signaling by Chemokines,Monocyte classical|cDC1,0.643
NRG1_ERBB3,simple:Q02297,simple:P21860,NRG1,ERBB3,Ligand-Receptor,Signaling by Neuregulin,Monocyte classical|cDC1,0.612
CADM1_CADM1,simple:Q9BY67,simple:Q9BY67,CADM1,CADM1,Adhesion-Adhesion,Adhesion by CADM,Monocyte classical|cDC1,0.635
HBEGF_ERBB4,simple:Q99075,simple:Q15303,HBEGF,ERBB4,Ligand-Receptor,Signaling by Epidermal growth factor,Monocyte classical|cDC1,0.605
CD52_SIGLEC10,simple:P31358,simple:Q96LC7,CD52,SIGLEC10,Ligand-Receptor,,Monocyte classical|cDC1,0.636
ProstaglandinE2_byPTGES_PTGER3,complex:ProstaglandinE2_byPTGES,simple:P43115,,PTGER3,Ligand-Receptor,Signaling by Prostaglandin,Monocyte classical|cDC1,0.62
CXCL11_DPP4,simple:O14625,simple:P27487,CXCL11,DPP4,Ligand-Receptor,Signaling by Chemokines,Monocyte classical|cDC1,0.715
ICAM1_integrin_aXb2_complex,simple:P05362,complex:integrin_aXb2_complex,ICAM1,,Ligand-Receptor,Adhesion by ICAM,Monocyte classical|cDC1,0.637
DLK1_NOTCH2,simple:P80370,simple:Q04721,DLK1,NOTCH2,Ligand-Receptor,Signaling by Notch,Monocyte classical|cDC1,0.61
NRG1_ERBB4,simple:Q02297,simple:Q15303,NRG1,ERBB4,Ligand-Receptor,Signaling by Neuregulin,Monocyte classical|cDC1,0.619
XCL1_XCR1,simple:P47992,simple:P46094,XCL1,XCR1,Ligand-Receptor,Signaling by Lymphotactin,Monocyte classical|cDC1,0.646
PRNP_ADGRG6,simple:F7VJQ1,simple:Q86SQ4,PRNP,ADGRG6,Ligand-Receptor,,Monocyte classical|cDC1,0.689
COL4A3_ADGRG6,simple:Q01955,simple:Q86SQ4,COL4A3,ADGRG6,Adhesion-Adhesion,Adhesion by Collagen/Integrin,Monocyte classical|cDC1,0.634
EREG_ERBB4,simple:O14944,simple:Q15303,EREG,ERBB4,Ligand-Receptor,Signaling by Epidermal growth factor,Monocyte classical|cDC1,0.619
LAMA2_ADGRG6,simple:P24043,simple:Q86SQ4,LAMA2,ADGRG6,Ligand-Receptor,,Monocyte classical|cDC1,0.63
CCL22_DPP4,simple:O00626,simple:P27487,CCL22,DPP4,Ligand-Receptor,Signaling by Chemokines,Monocyte classical|cDC1,0.637
FCER2_integrin_aXb2_complex,simple:P06734,complex:integrin_aXb2_complex,FCER2,,Receptor-Receptor,Signaling by FC receptor,Monocyte classical|cDC1,0.564
DHEAsulfate_bySULT1E1_PPARG,complex:DHEAsulfate_bySULT1E1,simple:P37231,,PPARG,Ligand-Receptor,Signaling by Dehydroepiandrosterone,cDC1|Macrophage alveolar,0.584
ULBP1_NKG2D_II_receptor,simple:Q9BZM6,complex:NKG2D_II_receptor,ULBP1,,Ligand-Receptor,Signaling by Killer Cell Lectin Like Receptor K1,cDC1|Macrophage alveolar,0.608
CCL19_CCRL2,simple:Q99731,simple:O00421,CCL19,CCRL2,Ligand-Receptor,Signaling by Chemokines,cDC1|Macrophage alveolar,0.558
PTPRC_MRC1,simple:P08575,simple:P22897,PTPRC,MRC1,Receptor-Receptor,,cDC1|Macrophage alveolar,0.605
PROC_PROCR,simple:P04070,simple:Q9UNN8,PROC,PROCR,Ligand-Receptor,,cDC1|Macrophage alveolar,0.693
ProstaglandinE2_byPTGES2_PTGER3,complex:ProstaglandinE2_byPTGES2,simple:P43115,,PTGER3,Ligand-Receptor,Signaling by Prostaglandin,cDC1|Macrophage alveolar,0.691
CDH2_FCER2,simple:P19022,simple:P06734,CDH2,FCER2,Ligand-Receptor,Adhesion by Cadherin,cDC1|Macrophage alveolar,0.654
ProstaglandinE2_byPTGES2_PTGER4,complex:ProstaglandinE2_byPTGES2,simple:P35408,,PTGER4,Ligand-Receptor,Signaling by Prostaglandin,cDC1|Macrophage alveolar,0.68
TNFSF18_TNFRSF18,simple:Q9UNG2,simple:Q9Y5U5,TNFSF18,TNFRSF18,Ligand-Receptor,Signaling by Tumor necrosis factor,cDC1|Macrophage alveolar,0.586
CD226_NECTIN2,simple:Q15762,simple:Q92692,CD226,NECTIN2,Adhesion-Adhesion,,cDC1|Macrophage alveolar,0.648
HLA-G_LILRB1,simple:P17693,simple:Q8NHL6,HLA-G,LILRB1,Ligand-Receptor,Signaling by HLA,cDC1|Macrophage alveolar,0.651
APOE_TREM2_receptor,simple:P02649,complex:TREM2_receptor,APOE,,Ligand-Receptor,Signaling by Apolipoprotein,cDC1|Macrophage alveolar,0.578
CXCL9_CXCR3,simple:Q07325,simple:P49682,CXCL9,CXCR3,Ligand-Receptor,Signaling by Chemokines,cDC1|Macrophage alveolar,0.588
HLA-G_LILRB2,simple:P17693,simple:Q8N423,HLA-G,LILRB2,Ligand-Receptor,Signaling by HLA,cDC1|Macrophage alveolar,0.613
GAS6_AXL,simple:Q14393,simple:P30530,GAS6,AXL,Ligand-Receptor,Signaling by Growth arrest,cDC1|Macrophage alveolar,0.616
TNF_TNFRSF1B,simple:P01375,simple:P20333,TNF,TNFRSF1B,Ligand-Receptor,Signaling by Tumor necrosis factor,cDC1|Macrophage alveolar,0.593
CXCL9_DPP4,simple:Q07325,simple:P27487,CXCL9,DPP4,Ligand-Receptor,Signaling by Chemokines,cDC1|Macrophage alveolar,0.617
CXCL16_CXCR6,simple:Q9H2A7,simple:O00574,CXCL16,CXCR6,Ligand-Receptor,Signaling by Chemokines,cDC1|Macrophage alveolar,0.602
CADM1_CADM1,simple:Q9BY67,simple:Q9BY67,CADM1,CADM1,Adhesion-Adhesion,Adhesion by CADM,cDC1|Macrophage alveolar,0.637
CALCA_RAMP1_complex,simple:P01258,complex:RAMP1_complex,CALCA,,Ligand-Receptor,Signaling by Calcitonin,cDC1|Macrophage alveolar,0.609
CD86_CTLA4,simple:P42081,simple:P16410,CD86,CTLA4,Ligand-Receptor,,cDC1|Macrophage alveolar,0.617
ICAM1_integrin_aXb2_complex,simple:P05362,complex:integrin_aXb2_complex,ICAM1,,Ligand-Receptor,Adhesion by ICAM,cDC1|Macrophage alveolar,0.609
ENTPD1_ADORA3,simple:P49961,simple:P0DMS8,ENTPD1,ADORA3,Ligand-Receptor,Signaling by Ectonucleoside,cDC1|Macrophage alveolar,0.602
APOB_TREM2_receptor,simple:P04114,complex:TREM2_receptor,APOB,,Ligand-Receptor,Signaling by Apolipoprotein,cDC1|Macrophage alveolar,0.678
CEACAM1_CEACAM8,simple:P13688,simple:P31997,CEACAM1,CEACAM8,Adhesion-Adhesion,Adhesion by CEAM,cDC1|Macrophage alveolar,0.584
CTSG_FPR1,simple:P08311,simple:P21462,CTSG,FPR1,Ligand-Receptor,Signaling by Cathepsin,cDC1|Macrophage alveolar,0.542
ULBP1_NKG2D_II_receptor,simple:Q9BZM6,complex:NKG2D_II_receptor,ULBP1,,Ligand-Receptor,Signaling by Killer Cell Lectin Like Receptor K1,cDC1|Monocyte classical,0.606
LTC4_byLTC4S_CYSLTR2,complex:LTC4_byLTC4S,simple:Q9NS75,,CYSLTR2,Ligand-Receptor,Signaling by Lipoxin/Leukotriene,cDC1|Monocyte classical,0.579
CCL19_CCRL2,simple:Q99731,simple:O00421,CCL19,CCRL2,Ligand-Receptor,Signaling by Chemokines,cDC1|Monocyte classical,0.591
LipoxinA4_byALOX5_FPR2,complex:LipoxinA4_byALOX5,simple:P25090,,FPR2,Ligand-Receptor,Signaling by Lipoxin/Leukotriene,cDC1|Monocyte classical,0.512
CDH2_FCER2,simple:P19022,simple:P06734,CDH2,FCER2,Ligand-Receptor,Adhesion by Cadherin,cDC1|Monocyte classical,0.665
SAA1_FPR2,simple:P0DJI8,simple:P25090,SAA1,FPR2,Ligand-Receptor,,cDC1|Monocyte classical,0.584
ProstaglandinE2_byPTGES2_PTGER4,complex:ProstaglandinE2_byPTGES2,simple:P35408,,PTGER4,Ligand-Receptor,Signaling by Prostaglandin,cDC1|Monocyte classical,0.612
TNFSF18_TNFRSF18,simple:Q9UNG2,simple:Q9Y5U5,TNFSF18,TNFRSF18,Ligand-Receptor,Signaling by Tumor necrosis factor,cDC1|Monocyte classical,0.585
CDH2_CDH2,simple:P19022,simple:P19022,CDH2,CDH2,Adhesion-Adhesion,Adhesion by Cadherin,cDC1|Monocyte classical,0.638
CD226_NECTIN2,simple:Q15762,simple:Q92692,CD226,NECTIN2,Adhesion-Adhesion,,cDC1|Monocyte classical,0.668
HLA-G_LILRB1,simple:P17693,simple:Q8NHL6,HLA-G,LILRB1,Ligand-Receptor,Signaling by HLA,cDC1|Monocyte classical,0.675
CXCL9_CXCR3,simple:Q07325,simple:P49682,CXCL9,CXCR3,Ligand-Receptor,Signaling by Chemokines,cDC1|Monocyte classical,0.59
HLA-G_LILRB2,simple:P17693,simple:Q8N423,HLA-G,LILRB2,Ligand-Receptor,Signaling by HLA,cDC1|Monocyte classical,0.684
TNF_TNFRSF1B,simple:P01375,simple:P20333,TNF,TNFRSF1B,Ligand-Receptor,Signaling by Tumor necrosis factor,cDC1|Monocyte classical,0.697
CXCL9_DPP4,simple:Q07325,simple:P27487,CXCL9,DPP4,Ligand-Receptor,Signaling by Chemokines,cDC1|Monocyte classical,0.615
CXCL16_CXCR6,simple:Q9H2A7,simple:O00574,CXCL16,CXCR6,Ligand-Receptor,Signaling by Chemokines,cDC1|Monocyte classical,0.601
CADM1_CADM1,simple:Q9BY67,simple:Q9BY67,CADM1,CADM1,Adhesion-Adhesion,Adhesion by CADM,cDC1|Monocyte classical,0.635
CALCA_RAMP1_complex,simple:P01258,complex:RAMP1_complex,CALCA,,Ligand-Receptor,Signaling by Calcitonin,cDC1|Monocyte classical,0.604
CD86_CTLA4,simple:P42081,simple:P16410,CD86,CTLA4,Ligand-Receptor,,cDC1|Monocyte classical,0.614
CD52_SIGLEC10,simple:P31358,simple:Q96LC7,CD52,SIGLEC10,Ligand-Receptor,,cDC1|Monocyte classical,0.615
ICAM1_integrin_aXb2_complex,simple:P05362,complex:integrin_aXb2_complex,ICAM1,,Ligand-Receptor,Adhesion by ICAM,cDC1|Monocyte classical,0.642
ENTPD1_ADORA3,simple:P49961,simple:P0DMS8,ENTPD1,ADORA3,Ligand-Receptor,Signaling by Ectonucleoside,cDC1|Monocyte classical,0.599
APOB_TREM2_receptor,simple:P04114,complex:TREM2_receptor,APOB,,Ligand-Receptor,Signaling by Apolipoprotein,cDC1|Monocyte classical,0.605
CTSG_FPR1,simple:P08311,simple:P21462,CTSG,FPR1,Ligand-Receptor,Signaling by Cathepsin,cDC1|Monocyte classical,0.592
FCER2_integrin_aXb2_complex,simple:P06734,complex:integrin_aXb2_complex,FCER2,,Receptor-Receptor,Signaling by FC receptor,cDC1|Monocyte classical,0.56
XCL2_XCR1,simple:Q9UBD3,simple:P46094,XCL2,XCR1,Ligand-Receptor,Signaling by Lymphotactin,cDC1|cDC1,0.646
ProstaglandinE2_byPTGES2_PTGER1,complex:ProstaglandinE2_byPTGES2,simple:P34995,,PTGER1,Ligand-Receptor,Signaling by Prostaglandin,cDC1|cDC1,0.613
TNFSF13B_TNFRSF13C,simple:Q9Y275,simple:Q96RJ3,TNFSF13B,TNFRSF13C,Ligand-Receptor,Signaling by Tumor necrosis factor,cDC1|cDC1,0.567
ULBP1_NKG2D_II_receptor,simple:Q9BZM6,complex:NKG2D_II_receptor,ULBP1,,Ligand-Receptor,Signaling by Killer Cell Lectin Like Receptor K1,cDC1|cDC1,0.601
Histamine_byHDC_HRH2,complex:Histamine_byHDC,simple:P25021,,HRH2,Ligand-Receptor,Signaling by Histamine,cDC1|cDC1,0.612
CRTAM_CADM1,simple:O95727,simple:Q9BY67,CRTAM,CADM1,Adhesion-Adhesion,,cDC1|cDC1,0.672
CD200_CD200R1,simple:P41217,simple:Q8TD46,CD200,CD200R1,Ligand-Receptor,,cDC1|cDC1,0.602
ProstaglandinE2_byPTGES2_PTGER3,complex:ProstaglandinE2_byPTGES2,simple:P43115,,PTGER3,Ligand-Receptor,Signaling by Prostaglandin,cDC1|cDC1,0.749
CXCL12_DPP4,simple:P48061,simple:P27487,CXCL12,DPP4,Ligand-Receptor,Signaling by Chemokines,cDC1|cDC1,0.621
CDH2_FCER2,simple:P19022,simple:P06734,CDH2,FCER2,Ligand-Receptor,Adhesion by Cadherin,cDC1|cDC1,0.652
CCL20_CCR6,simple:P78556,simple:P51684,CCL20,CCR6,Ligand-Receptor,Signaling by Chemokines,cDC1|cDC1,0.59
ProstaglandinE2_byPTGES2_PTGER4,complex:ProstaglandinE2_byPTGES2,simple:P35408,,PTGER4,Ligand-Receptor,Signaling by Prostaglandin,cDC1|cDC1,0.683
CDH2_CDH2,simple:P19022,simple:P19022,CDH2,CDH2,Adhesion-Adhesion,Adhesion by Cadherin,cDC1|cDC1,0.824
CCL11_DPP4,simple:P51671,simple:P27487,CCL11,DPP4,Ligand-Receptor,Signaling by Chemokines,cDC1|cDC1,0.631
CD226_NECTIN2,simple:Q15762,simple:Q92692,CD226,NECTIN2,Adhesion-Adhesion,,cDC1|cDC1,0.653
FGL1_LAG3,simple:Q08830,simple:P18627,FGL1,LAG3,Ligand-Receptor,Signaling by Fibroblast growth factor,cDC1|cDC1,0.559
PVR_CD226,simple:P15151,simple:Q15762,PVR,CD226,Ligand-Receptor,Signaling by Poliovirus receptor,cDC1|cDC1,0.653
APP_CD74,simple:P05067,simple:P04233,APP,CD74,Ligand-Receptor,Signaling by Amyloid-beta precursor protein,cDC1|cDC1,0.653
CXCL9_CXCR3,simple:Q07325,simple:P49682,CXCL9,CXCR3,Ligand-Receptor,Signaling by Chemokines,cDC1|cDC1,0.705
CADM3_CADM1,simple:Q8N126,simple:Q9BY67,CADM3,CADM1,Adhesion-Adhesion,Adhesion by CADM,cDC1|cDC1,0.661
CXCL10_DPP4,simple:P02778,simple:P27487,CXCL10,DPP4,Ligand-Receptor,Signaling by Chemokines,cDC1|cDC1,0.651
CXCL2_DPP4,simple:P19875,simple:P27487,CXCL2,DPP4,Ligand-Receptor,Signaling by Chemokines,cDC1|cDC1,0.607
CD40LG_CD40,simple:P29965,simple:P25942,CD40LG,CD40,Ligand-Receptor,,cDC1|cDC1,0.601
CXCL9_DPP4,simple:Q07325,simple:P27487,CXCL9,DPP4,Ligand-Receptor,Signaling by Chemokines,cDC1|cDC1,0.78
CXCL16_CXCR6,simple:Q9H2A7,simple:O00574,CXCL16,CXCR6,Ligand-Receptor,Signaling by Chemokines,cDC1|cDC1,0.599
CADM1_CADM1,simple:Q9BY67,simple:Q9BY67,CADM1,CADM1,Adhesion-Adhesion,Adhesion by CADM,cDC1|cDC1,0.821
CALCA_RAMP1_complex,simple:P01258,complex:RAMP1_complex,CALCA,,Ligand-Receptor,Signaling by Calcitonin,cDC1|cDC1,0.644
CD86_CTLA4,simple:P42081,simple:P16410,CD86,CTLA4,Ligand-Receptor,,cDC1|cDC1,0.631
CD52_SIGLEC10,simple:P31358,simple:Q96LC7,CD52,SIGLEC10,Ligand-Receptor,,cDC1|cDC1,0.678
ProstaglandinE2_byPTGES_PTGER3,complex:ProstaglandinE2_byPTGES,simple:P43115,,PTGER3,Ligand-Receptor,Signaling by Prostaglandin,cDC1|cDC1,0.597
CXCL11_DPP4,simple:O14625,simple:P27487,CXCL11,DPP4,Ligand-Receptor,Signaling by Chemokines,cDC1|cDC1,0.618
ICAM1_integrin_aXb2_complex,simple:P05362,complex:integrin_aXb2_complex,ICAM1,,Ligand-Receptor,Adhesion by ICAM,cDC1|cDC1,0.633
ENTPD1_ADORA3,simple:P49961,simple:P0DMS8,ENTPD1,ADORA3,Ligand-Receptor,Signaling by Ectonucleoside,cDC1|cDC1,0.658
Dehydroepiandrosterone_bySTS_NR1I2,complex:Dehydroepiandrosterone_bySTS,simple:O75469,,NR1I2,Ligand-Receptor,Signaling by Dehydroepiandrosterone,cDC1|cDC1,0.556
XCL1_XCR1,simple:P47992,simple:P46094,XCL1,XCR1,Ligand-Receptor,Signaling by Lymphotactin,cDC1|cDC1,0.652
APOB_TREM2_receptor,simple:P04114,complex:TREM2_receptor,APOB,,Ligand-Receptor,Signaling by Apolipoprotein,cDC1|cDC1,0.58
CDH7_CDH7,simple:Q9ULB5,simple:Q9ULB5,CDH7,CDH7,Adhesion-Adhesion,Adhesion by Cadherin,cDC1|cDC1,0.659
PRNP_ADGRG6,simple:F7VJQ1,simple:Q86SQ4,PRNP,ADGRG6,Ligand-Receptor,,cDC1|cDC1,0.591
COL4A3_ADGRG6,simple:Q01955,simple:Q86SQ4,COL4A3,ADGRG6,Adhesion-Adhesion,Adhesion by Collagen/Integrin,cDC1|cDC1,0.63
CCL22_DPP4,simple:O00626,simple:P27487,CCL22,DPP4,Ligand-Receptor,Signaling by Chemokines,cDC1|cDC1,0.658
FCER2_integrin_aXb2_complex,simple:P06734,complex:integrin_aXb2_complex,FCER2,,Receptor-Receptor,Signaling by FC receptor,cDC1|cDC1,0.551
CXCL5_CXCR1,simple:P42830,simple:P25024,CXCL5,CXCR1,Ligand-Receptor,Signaling by Chemokines,Macrophage alveolar|Monocyte classical,0.6
CCL3_CCR1,simple:P10147,simple:P32246,CCL3,CCR1,Ligand-Receptor,Signaling by Chemokines,Macrophage alveolar|Monocyte classical,0.6
TNFSF13_TNFRSF13B,simple:O75888,simple:O14836,TNFSF13,TNFRSF13B,Ligand-Receptor,Signaling by Tumor necrosis factor,Macrophage alveolar|Monocyte classical,0.58
CXCL5_CXCR2,simple:P42830,simple:P25025,CXCL5,CXCR2,Ligand-Receptor,Signaling by Chemokines,Macrophage alveolar|Monocyte classical,0.601
CD44_TYROBP,simple:P16070,simple:O43914,CD44,TYROBP,Ligand-Receptor,,Macrophage alveolar|Monocyte classical,0.629
LipoxinA4_byALOX5_FPR2,complex:LipoxinA4_byALOX5,simple:P25090,,FPR2,Ligand-Receptor,Signaling by Lipoxin/Leukotriene,Macrophage alveolar|Monocyte classical,0.564
TNFSF13_TNFRSF17,simple:O75888,simple:Q02223,TNFSF13,TNFRSF17,Ligand-Receptor,Signaling by Tumor necrosis factor,Macrophage alveolar|Monocyte classical,0.578
CCL8_CCR1,simple:P80075,simple:P32246,CCL8,CCR1,Ligand-Receptor,Signaling by Chemokines,Macrophage alveolar|Monocyte classical,0.589
CCL23_FPR2,simple:P55773,simple:P25090,CCL23,FPR2,Ligand-Receptor,Signaling by Chemokines,Macrophage alveolar|Monocyte classical,0.679
CCL15_CCR1,simple:Q16663,simple:P32246,CCL15,CCR1,Ligand-Receptor,Signaling by Chemokines,Macrophage alveolar|Monocyte classical,0.614
CCL23_CCR1,simple:P55773,simple:P32246,CCL23,CCR1,Ligand-Receptor,Signaling by Chemokines,Macrophage alveolar|Monocyte classical,0.684
CSF1_CSF1R,simple:P09603,simple:P07333,CSF1,CSF1R,Ligand-Receptor,Signaling by Colony-Stimulating factor,Macrophage alveolar|Monocyte classical,0.617
LAIR1_LILRB4,simple:Q6GTX8,simple:Q8NHJ6,LAIR1,LILRB4,Receptor-Receptor,,Macrophage alveolar|Monocyte classical,0.673
CXCL3_CXCR2,simple:P19876,simple:P25025,CXCL3,CXCR2,Ligand-Receptor,Signaling by Chemokines,Macrophage alveolar|Monocyte classical,0.592
APOE_TREM2_receptor,simple:P02649,complex:TREM2_receptor,APOE,,Ligand-Receptor,Signaling by Apolipoprotein,Macrophage alveolar|Monocyte classical,0.601
LeukotrieneC4_byLTC4S_CYSLTR2,complex:LeukotrieneC4_byLTC4S,simple:Q9NS75,,CYSLTR2,Ligand-Receptor,Signaling by Lipoxin/Leukotriene,Macrophage alveolar|Monocyte classical,0.568
ANGPT4_TEK,simple:Q9Y264,simple:Q02763,ANGPT4,TEK,Ligand-Receptor,Signaling by Angiopoietin,Macrophage alveolar|Monocyte classical,0.589
TNF_TNFRSF1B,simple:P01375,simple:P20333,TNF,TNFRSF1B,Ligand-Receptor,Signaling by Tumor necrosis factor,Macrophage alveolar|Monocyte classical,0.653
RBP4_STRA6,simple:P02753,simple:Q9BX79,RBP4,STRA6,Ligand-Receptor,,Macrophage alveolar|Monocyte classical,0.607
HFE_TFRC,simple:Q30201,simple:P02786,HFE,TFRC,Ligand-Receptor,,Macrophage alveolar|Monocyte classical,0.66
CD52_SIGLEC10,simple:P31358,simple:Q96LC7,CD52,SIGLEC10,Ligand-Receptor,,Macrophage alveolar|Monocyte classical,0.638
ANXA1_FPR1,simple:P04083,simple:P21462,ANXA1,FPR1,Ligand-Receptor,Signaling by Annexin,Macrophage alveolar|Monocyte classical,0.649
ANXA1_FPR2,simple:P04083,simple:P25090,ANXA1,FPR2,Ligand-Receptor,Signaling by Annexin,Macrophage alveolar|Monocyte classical,0.627
DLK1_NOTCH2,simple:P80370,simple:Q04721,DLK1,NOTCH2,Ligand-Receptor,Signaling by Notch,Macrophage alveolar|Monocyte classical,0.644
PLAU_PLAUR,simple:P00749,simple:Q03405,PLAU,PLAUR,Ligand-Receptor,Signaling by Plasminogen Activator,Macrophage alveolar|Monocyte classical,0.629
ANXA1_FPR3,simple:P04083,simple:P25089,ANXA1,FPR3,Ligand-Receptor,Signaling by Annexin,Macrophage alveolar|Monocyte classical,0.622
THBS1_CD36,simple:P07996,simple:P16671,THBS1,CD36,Ligand-Receptor,Signaling by Thrombospondin precursor,Macrophage alveolar|Monocyte classical,0.678
CTSG_FPR1,simple:P08311,simple:P21462,CTSG,FPR1,Ligand-Receptor,Signaling by Cathepsin,Macrophage alveolar|Monocyte classical,0.596
FCER2_integrin_aXb2_complex,simple:P06734,complex:integrin_aXb2_complex,FCER2,,Receptor-Receptor,Signaling by FC receptor,Macrophage alveolar|Monocyte classical,0.562
DHEAsulfate_bySULT1E1_PPARG,complex:DHEAsulfate_bySULT1E1,simple:P37231,,PPARG,Ligand-Receptor,Signaling by Dehydroepiandrosterone,Monocyte classical|Macrophage alveolar,0.583
CCL3_CCR1,simple:P10147,simple:P32246,CCL3,CCR1,Ligand-Receptor,Signaling by Chemokines,Monocyte classical|Macrophage alveolar,0.658
PPBP_CXCR2,simple:P02775,simple:P25025,PPBP,CXCR2,Ligand-Receptor,Signaling by Chemokines,Monocyte classical|Macrophage alveolar,0.587
CXCL8_CXCR2,simple:P10145,simple:P25025,CXCL8,CXCR2,Ligand-Receptor,Signaling by Chemokines,Monocyte classical|Macrophage alveolar,0.575
PTPRC_MRC1,simple:P08575,simple:P22897,PTPRC,MRC1,Receptor-Receptor,,Monocyte classical|Macrophage alveolar,0.614
CXCL8_CXCR1,simple:P10145,simple:P25024,CXCL8,CXCR1,Ligand-Receptor,Signaling by Chemokines,Monocyte classical|Macrophage alveolar,0.564
CXCL5_CXCR2,simple:P42830,simple:P25025,CXCL5,CXCR2,Ligand-Receptor,Signaling by Chemokines,Monocyte classical|Macrophage alveolar,0.529
CD44_TYROBP,simple:P16070,simple:O43914,CD44,TYROBP,Ligand-Receptor,,Monocyte classical|Macrophage alveolar,0.66
LipoxinA4_byALOX5_FPR2,complex:LipoxinA4_byALOX5,simple:P25090,,FPR2,Ligand-Receptor,Signaling by Lipoxin/Leukotriene,Monocyte classical|Macrophage alveolar,0.535
CCL7_CCR1,simple:P80098,simple:P32246,CCL7,CCR1,Ligand-Receptor,Signaling by Chemokines,Monocyte classical|Macrophage alveolar,0.635
CCL15_CCR1,simple:Q16663,simple:P32246,CCL15,CCR1,Ligand-Receptor,Signaling by Chemokines,Monocyte classical|Macrophage alveolar,0.594
VEGFA_NRP2,simple:P15692,simple:O60462,VEGFA,NRP2,Ligand-Receptor,Signaling by Vascular endothelial growth factor,Monocyte classical|Macrophage alveolar,0.634
LAIR1_LILRB4,simple:Q6GTX8,simple:Q8NHJ6,LAIR1,LILRB4,Receptor-Receptor,,Monocyte classical|Macrophage alveolar,0.594
CXCL3_CXCR2,simple:P19876,simple:P25025,CXCL3,CXCR2,Ligand-Receptor,Signaling by Chemokines,Monocyte classical|Macrophage alveolar,0.603
APOE_TREM2_receptor,simple:P02649,complex:TREM2_receptor,APOE,,Ligand-Receptor,Signaling by Apolipoprotein,Monocyte classical|Macrophage alveolar,0.59
LeukotrieneC4_byLTC4S_CYSLTR2,complex:LeukotrieneC4_byLTC4S,simple:Q9NS75,,CYSLTR2,Ligand-Receptor,Signaling by Lipoxin/Leukotriene,Monocyte classical|Macrophage alveolar,0.557
CXCL2_CXCR2,simple:P19875,simple:P25025,CXCL2,CXCR2,Ligand-Receptor,Signaling by Chemokines,Monocyte classical|Macrophage alveolar,0.604
HFE_TFRC,simple:Q30201,simple:P02786,HFE,TFRC,Ligand-Receptor,,Monocyte classical|Macrophage alveolar,0.616
CXCL11_ACKR3,simple:O14625,simple:P25106,CXCL11,ACKR3,Ligand-Receptor,Signaling by Chemokines,Monocyte classical|Macrophage alveolar,0.671
ANXA1_FPR2,simple:P04083,simple:P25090,ANXA1,FPR2,Ligand-Receptor,Signaling by Annexin,Monocyte classical|Macrophage alveolar,0.583
ICAM1_integrin_aXb2_complex,simple:P05362,complex:integrin_aXb2_complex,ICAM1,,Ligand-Receptor,Adhesion by ICAM,Monocyte classical|Macrophage alveolar,0.613
ANXA1_FPR3,simple:P04083,simple:P25089,ANXA1,FPR3,Ligand-Receptor,Signaling by Annexin,Monocyte classical|Macrophage alveolar,0.608
THBS1_CD36,simple:P07996,simple:P16671,THBS1,CD36,Ligand-Receptor,Signaling by Thrombospondin precursor,Monocyte classical|Macrophage alveolar,0.674
APOB_TREM2_receptor,simple:P04114,complex:TREM2_receptor,APOB,,Ligand-Receptor,Signaling by Apolipoprotein,Monocyte classical|Macrophage alveolar,0.567
CEACAM1_CEACAM8,simple:P13688,simple:P31997,CEACAM1,CEACAM8,Adhesion-Adhesion,Adhesion by CEAM,Monocyte classical|Macrophage alveolar,0.588
EREG_ERBB4,simple:O14944,simple:Q15303,EREG,ERBB4,Ligand-Receptor,Signaling by Epidermal growth factor,Monocyte classical|Macrophage alveolar,0.6
CTSG_FPR1,simple:P08311,simple:P21462,CTSG,FPR1,Ligand-Receptor,Signaling by Cathepsin,Monocyte classical|Macrophage alveolar,0.543
CCL3_CCR1,simple:P10147,simple:P32246,CCL3,CCR1,Ligand-Receptor,Signaling by Chemokines,Monocyte classical|Monocyte classical,0.665
CXCL8_CXCR2,simple:P10145,simple:P25025,CXCL8,CXCR2,Ligand-Receptor,Signaling by Chemokines,Monocyte classical|Monocyte classical,0.566
LTC4_byLTC4S_CYSLTR2,complex:LTC4_byLTC4S,simple:Q9NS75,,CYSLTR2,Ligand-Receptor,Signaling by Lipoxin/Leukotriene,Monocyte classical|Monocyte classical,0.575
CCL19_CCRL2,simple:Q99731,simple:O00421,CCL19,CCRL2,Ligand-Receptor,Signaling by Chemokines,Monocyte classical|Monocyte classical,0.578
CXCL8_CXCR1,simple:P10145,simple:P25024,CXCL8,CXCR1,Ligand-Receptor,Signaling by Chemokines,Monocyte classical|Monocyte classical,0.566
CXCL8_ACKR1,simple:P10145,simple:Q16570,CXCL8,ACKR1,Ligand-Receptor,Signaling by Chemokines,Monocyte classical|Monocyte classical,0.562
CD44_TYROBP,simple:P16070,simple:O43914,CD44,TYROBP,Ligand-Receptor,,Monocyte classical|Monocyte classical,0.663
LipoxinA4_byALOX5_FPR2,complex:LipoxinA4_byALOX5,simple:P25090,,FPR2,Ligand-Receptor,Signaling by Lipoxin/Leukotriene,Monocyte classical|Monocyte classical,0.57
NRG1_integrin_a6b4_complex,simple:Q02297,complex:integrin_a6b4_complex,NRG1,,Ligand-Receptor,Signaling by Neuregulin,Monocyte classical|Monocyte classical,0.597
CCL8_CCR1,simple:P80075,simple:P32246,CCL8,CCR1,Ligand-Receptor,Signaling by Chemokines,Monocyte classical|Monocyte classical,0.593
CCL7_CCR1,simple:P80098,simple:P32246,CCL7,CCR1,Ligand-Receptor,Signaling by Chemokines,Monocyte classical|Monocyte classical,0.642
CCL20_CCR6,simple:P78556,simple:P51684,CCL20,CCR6,Ligand-Receptor,Signaling by Chemokines,Monocyte classical|Monocyte classical,0.578
CSF3_CSF3R,simple:P09919,simple:Q99062,CSF3,CSF3R,Ligand-Receptor,Signaling by Colony-Stimulating factor,Monocyte classical|Monocyte classical,0.554
CCL15_CCR1,simple:Q16663,simple:P32246,CCL15,CCR1,Ligand-Receptor,Signaling by Chemokines,Monocyte classical|Monocyte classical,0.601
RAET1L_NKG2D_II_receptor,simple:Q5VY80,complex:NKG2D_II_receptor,RAET1L,,Ligand-Receptor,Signaling by Killer Cell Lectin Like Receptor K1,Monocyte classical|Monocyte classical,0.563
LAIR1_LILRB4,simple:Q6GTX8,simple:Q8NHJ6,LAIR1,LILRB4,Receptor-Receptor,,Monocyte classical|Monocyte classical,0.651
CD44_SELE,simple:P16070,simple:P16581,CD44,SELE,Ligand-Receptor,,Monocyte classical|Monocyte classical,0.572
CXCL3_CXCR2,simple:P19876,simple:P25025,CXCL3,CXCR2,Ligand-Receptor,Signaling by Chemokines,Monocyte classical|Monocyte classical,0.594
LeukotrieneC4_byLTC4S_CYSLTR2,complex:LeukotrieneC4_byLTC4S,simple:Q9NS75,,CYSLTR2,Ligand-Receptor,Signaling by Lipoxin/Leukotriene,Monocyte classical|Monocyte classical,0.575
CXCL2_CXCR2,simple:P19875,simple:P25025,CXCL2,CXCR2,Ligand-Receptor,Signaling by Chemokines,Monocyte classical|Monocyte classical,0.595
HLA-G_LILRB2,simple:P17693,simple:Q8N423,HLA-G,LILRB2,Ligand-Receptor,Signaling by HLA,Monocyte classical|Monocyte classical,0.573
TNF_TNFRSF1B,simple:P01375,simple:P20333,TNF,TNFRSF1B,Ligand-Receptor,Signaling by Tumor necrosis factor,Monocyte classical|Monocyte classical,0.623
NRG1_ERBB3,simple:Q02297,simple:P21860,NRG1,ERBB3,Ligand-Receptor,Signaling by Neuregulin,Monocyte classical|Monocyte classical,0.61
HBEGF_ERBB4,simple:Q99075,simple:Q15303,HBEGF,ERBB4,Ligand-Receptor,Signaling by Epidermal growth factor,Monocyte classical|Monocyte classical,0.587
CD86_CTLA4,simple:P42081,simple:P16410,CD86,CTLA4,Ligand-Receptor,,Monocyte classical|Monocyte classical,0.567
ANXA1_FPR1,simple:P04083,simple:P21462,ANXA1,FPR1,Ligand-Receptor,Signaling by Annexin,Monocyte classical|Monocyte classical,0.639
ANXA1_FPR2,simple:P04083,simple:P25090,ANXA1,FPR2,Ligand-Receptor,Signaling by Annexin,Monocyte classical|Monocyte classical,0.618
ICAM1_integrin_aXb2_complex,simple:P05362,complex:integrin_aXb2_complex,ICAM1,,Ligand-Receptor,Adhesion by ICAM,Monocyte classical|Monocyte classical,0.645
HBEGF_ERBB2,simple:Q99075,simple:P04626,HBEGF,ERBB2,Ligand-Receptor,Signaling by Epidermal growth factor,Monocyte classical|Monocyte classical,0.59
VEGFA_FLT1,simple:P15692,simple:P17948,VEGFA,FLT1,Ligand-Receptor,Signaling by Vascular endothelial growth factor,Monocyte classical|Monocyte classical,0.612
THBS1_CD36,simple:P07996,simple:P16671,THBS1,CD36,Ligand-Receptor,Signaling by Thrombospondin precursor,Monocyte classical|Monocyte classical,0.7
THBS2_CD36,simple:P35442,simple:P16671,THBS2,CD36,Ligand-Receptor,Signaling by Thrombospondin precursor,Monocyte classical|Monocyte classical,0.584
EREG_ERBB4,simple:O14944,simple:Q15303,EREG,ERBB4,Ligand-Receptor,Signaling by Epidermal growth factor,Monocyte classical|Monocyte classical,0.601
CTSG_FPR1,simple:P08311,simple:P21462,CTSG,FPR1,Ligand-Receptor,Signaling by Cathepsin,Monocyte classical|Monocyte classical,0.593
FCER2_integrin_aXb2_complex,simple:P06734,complex:integrin_aXb2_complex,FCER2,,Receptor-Receptor,Signaling by FC receptor,Monocyte classical|Monocyte classical,0.573
DHEAsulfate_bySULT1E1_PPARG,complex:DHEAsulfate_bySULT1E1,simple:P37231,,PPARG,Ligand-Receptor,Signaling by Dehydroepiandrosterone,Macrophage alveolar|Macrophage alveolar,0.583
CXCL5_CXCR1,simple:P42830,simple:P25024,CXCL5,CXCR1,Ligand-Receptor,Signaling by Chemokines,Macrophage alveolar|Macrophage alveolar,0.598
TNFSF13_TNFRSF13B,simple:O75888,simple:O14836,TNFSF13,TNFRSF13B,Ligand-Receptor,Signaling by Tumor necrosis factor,Macrophage alveolar|Macrophage alveolar,0.581
PTPRC_MRC1,simple:P08575,simple:P22897,PTPRC,MRC1,Receptor-Receptor,,Macrophage alveolar|Macrophage alveolar,0.591
CXCL8_CXCR1,simple:P10145,simple:P25024,CXCL8,CXCR1,Ligand-Receptor,Signaling by Chemokines,Macrophage alveolar|Macrophage alveolar,0.526
CXCL5_CXCR2,simple:P42830,simple:P25025,CXCL5,CXCR2,Ligand-Receptor,Signaling by Chemokines,Macrophage alveolar|Macrophage alveolar,0.609
LipoxinA4_byALOX5_FPR2,complex:LipoxinA4_byALOX5,simple:P25090,,FPR2,Ligand-Receptor,Signaling by Lipoxin/Leukotriene,Macrophage alveolar|Macrophage alveolar,0.528
TNFSF13_TNFRSF17,simple:O75888,simple:Q02223,TNFSF13,TNFRSF17,Ligand-Receptor,Signaling by Tumor necrosis factor,Macrophage alveolar|Macrophage alveolar,0.58
ProstaglandinE2_byPTGES2_PTGER3,complex:ProstaglandinE2_byPTGES2,simple:P43115,,PTGER3,Ligand-Receptor,Signaling by Prostaglandin,Macrophage alveolar|Macrophage alveolar,0.598
CCL23_FPR2,simple:P55773,simple:P25090,CCL23,FPR2,Ligand-Receptor,Signaling by Chemokines,Macrophage alveolar|Macrophage alveolar,0.644
ProstaglandinE2_byPTGES2_PTGER4,complex:ProstaglandinE2_byPTGES2,simple:P35408,,PTGER4,Ligand-Receptor,Signaling by Prostaglandin,Macrophage alveolar|Macrophage alveolar,0.587
CCL15_CCR1,simple:Q16663,simple:P32246,CCL15,CCR1,Ligand-Receptor,Signaling by Chemokines,Macrophage alveolar|Macrophage alveolar,0.606
CCL23_CCR1,simple:P55773,simple:P32246,CCL23,CCR1,Ligand-Receptor,Signaling by Chemokines,Macrophage alveolar|Macrophage alveolar,0.676
LAIR1_LILRB4,simple:Q6GTX8,simple:Q8NHJ6,LAIR1,LILRB4,Receptor-Receptor,,Macrophage alveolar|Macrophage alveolar,0.616
CXCL3_CXCR2,simple:P19876,simple:P25025,CXCL3,CXCR2,Ligand-Receptor,Signaling by Chemokines,Macrophage alveolar|Macrophage alveolar,0.601
APOE_TREM2_receptor,simple:P02649,complex:TREM2_receptor,APOE,,Ligand-Receptor,Signaling by Apolipoprotein,Macrophage alveolar|Macrophage alveolar,0.675
CEACAM8_CEACAM6,simple:P31997,simple:P40199,CEACAM8,CEACAM6,Adhesion-Adhesion,Adhesion by CEAM,Macrophage alveolar|Macrophage alveolar,0.601
RBP4_STRA6,simple:P02753,simple:Q9BX79,RBP4,STRA6,Ligand-Receptor,,Macrophage alveolar|Macrophage alveolar,0.598
HFE_TFRC,simple:Q30201,simple:P02786,HFE,TFRC,Ligand-Receptor,,Macrophage alveolar|Macrophage alveolar,0.691
CD99_PILRA,simple:P14209,simple:Q9UKJ1,CD99,PILRA,Ligand-Receptor,,Macrophage alveolar|Macrophage alveolar,0.566
ANXA1_FPR1,simple:P04083,simple:P21462,ANXA1,FPR1,Ligand-Receptor,Signaling by Annexin,Macrophage alveolar|Macrophage alveolar,0.599
ANXA1_FPR2,simple:P04083,simple:P25090,ANXA1,FPR2,Ligand-Receptor,Signaling by Annexin,Macrophage alveolar|Macrophage alveolar,0.592
ANXA1_FPR3,simple:P04083,simple:P25089,ANXA1,FPR3,Ligand-Receptor,Signaling by Annexin,Macrophage alveolar|Macrophage alveolar,0.617
THBS1_CD36,simple:P07996,simple:P16671,THBS1,CD36,Ligand-Receptor,Signaling by Thrombospondin precursor,Macrophage alveolar|Macrophage alveolar,0.653
APOB_TREM2_receptor,simple:P04114,complex:TREM2_receptor,APOB,,Ligand-Receptor,Signaling by Apolipoprotein,Macrophage alveolar|Macrophage alveolar,0.639
CEACAM1_CEACAM8,simple:P13688,simple:P31997,CEACAM1,CEACAM8,Adhesion-Adhesion,Adhesion by CEAM,Macrophage alveolar|Macrophage alveolar,0.594
CTSG_FPR1,simple:P08311,simple:P21462,CTSG,FPR1,Ligand-Receptor,Signaling by Cathepsin,Macrophage alveolar|Macrophage alveolar,0.546
